customer_id,customer_name,gender,age,occupation,income_segment,city,province,customer_type
1001,PT Lestari Mandiri,N/A,0,Corporate,High,Bogor,West Java,Corporate
1002,Reza Wijaya,Male,41,Professional,Middle,Jakarta Pusat,DKI Jakarta,Individual
1003,Putra Permana,Male,31,Manager,Middle,Metro,Lampung,Individual
1004,Rina Lestari,Female,57,Civil Servant,Middle,Cilegon,Banten,Individual
1005,Citra Maulana,Female,48,Engineer,Middle,Pontianak,West Kalimantan,Individual
1006,Ratna Wijaya,Female,50,Manager,Middle,Cilegon,Banten,Individual
1007,Ratna Saputra,Female,37,Teacher,Upper-Middle,Semarang,Central Java,Individual
1008,Indah Gunawan,Female,31,Teacher,Middle,Cilegon,Banten,Individual
1009,Dewi Rahmawati,Female,51,Professional,Low,Yogyakarta,Yogyakarta,Individual
1010,Sari Halim,Female,47,Teacher,Upper-Middle,Banjarbaru,South Kalimantan,Individual
1011,Ratna Rahmawati,Female,24,Doctor,Upper-Middle,Sleman,Yogyakarta,Individual
1012,Dewi Maulana,Female,62,Entrepreneur,Upper-Middle,Bogor,West Java,Individual
1013,PT Hidayat Mandiri,N/A,0,Corporate,High,Singkawang,West Kalimantan,Corporate
1014,Lestari Gunawan,Female,33,Doctor,Middle,Magelang,Central Java,Individual
1015,Dimas Lestari,Male,62,Engineer,Middle,Jakarta Timur,DKI Jakarta,Individual
1016,Budi Lestari,Male,44,Engineer,High,Magelang,Central Java,Individual
1017,Rina Kurniawan,Female,52,Engineer,Low,Sidoarjo,East Java,Individual
1018,PT Pratama Group,N/A,0,Corporate,High,Singkawang,West Kalimantan,Corporate
1019,Aldi Halim,Male,53,Doctor,Upper-Middle,Parepare,South Sulawesi,Individual
1020,Wati Maulana,Female,30,Lawyer,Upper-Middle,Parepare,South Sulawesi,Individual
1021,PT Anggraini Sentosa,N/A,0,Corporate,High,Bandung,West Java,Corporate
1022,Putri Saputra,Female,30,Civil Servant,Upper-Middle,Bitung,North Sulawesi,Individual
1023,Citra Nugroho,Female,43,Doctor,Upper-Middle,Jakarta Pusat,DKI Jakarta,Individual
1024,Ratna Maulana,Female,57,Consultant,Middle,Samarinda,East Kalimantan,Individual
1025,Wati Setiawan,Female,38,Doctor,Upper-Middle,Pontianak,West Kalimantan,Individual
1026,Intan Halim,Female,36,Manager,Upper-Middle,Bukittinggi,West Sumatra,Individual
1027,Andi Nugroho,Male,53,Manager,Low,Tangerang,Banten,Individual
1028,Lestari Setiawan,Female,31,Engineer,High,Bukittinggi,West Sumatra,Individual
1029,PT Saputra Sentosa,N/A,0,Corporate,High,Solo,Central Java,Corporate
1030,Fitri Anggraini,Female,44,Professional,Low,Jakarta Timur,DKI Jakarta,Individual
1031,Andi Maulana,Male,43,Professional,Middle,Tangerang,Banten,Individual
1032,Fajar Saputra,Male,36,Engineer,Middle,Tangerang,Banten,Individual
1033,Eko Rahmawati,Male,38,Entrepreneur,Upper-Middle,Jakarta Pusat,DKI Jakarta,Individual
1034,Fajar Hidayat,Male,23,Consultant,Middle,Sleman,Yogyakarta,Individual
1035,Yusuf Lestari,Male,45,Retail Owner,Middle,Tangerang,Banten,Individual
1036,PT Lestari Logistik,N/A,0,Corporate,High,Banjarbaru,South Kalimantan,Corporate
1037,PT Gunawan Logistik,N/A,0,Corporate,High,Solo,Central Java,Corporate
1038,Dewi Anggraini,Female,27,Retail Owner,Middle,Bogor,West Java,Individual
1039,Indah Halim,Female,55,Professional,Middle,Semarang,Central Java,Individual
1040,Hendra Lestari,Male,36,Professional,Middle,Singkawang,West Kalimantan,Individual
1041,Wati Nugroho,Female,45,Professional,High,Padang,West Sumatra,Individual
1042,Hendra Santoso,Male,45,Consultant,Upper-Middle,Cilegon,Banten,Individual
1043,Hendra Hidayat,Male,49,Teacher,Upper-Middle,Lubuklinggau,South Sumatra,Individual
1044,Eko Gunawan,Male,52,Professional,Middle,Serang,Banten,Individual
1045,Dani Kurniawan,Male,57,Retail Owner,High,Banjarmasin,South Kalimantan,Individual
1046,Siti Wijaya,Female,39,Entrepreneur,Upper-Middle,Sidoarjo,East Java,Individual
1047,Fajar Gunawan,Male,47,Consultant,Low,Medan,North Sumatra,Individual
1048,Ayu Hidayat,Female,32,Entrepreneur,Middle,Bandar Lampung,Lampung,Individual
1049,Putra Santoso,Male,39,Manager,Middle,Serang,Banten,Individual
1050,Agus Kurniawan,Male,29,Entrepreneur,Middle,Bukittinggi,West Sumatra,Individual
1051,Andi Saputra,Male,41,Teacher,High,Singkawang,West Kalimantan,Individual
1052,Nadia Kurniawan,Female,33,Consultant,Middle,Cimahi,West Java,Individual
1053,Dewi Kurniawan,Female,24,Retail Owner,Middle,Jakarta Barat,DKI Jakarta,Individual
1054,Nadia Gunawan,Female,48,Retail Owner,Middle,Malang,East Java,Individual
1055,Dewi Kurniawan,Female,28,Manager,Middle,Tangerang,Banten,Individual
1056,Rina Hidayat,Female,32,Teacher,Low,Bandar Lampung,Lampung,Individual
1057,Dimas Santoso,Male,31,Civil Servant,Middle,Bandung,West Java,Individual
1058,Ayu Maulana,Female,58,Retail Owner,Upper-Middle,Cilegon,Banten,Individual
1059,Putri Lestari,Female,26,Teacher,Middle,Palembang,South Sumatra,Individual
1060,Ayu Lestari,Female,24,Retail Owner,Low,Balikpapan,East Kalimantan,Individual
1061,Ayu Halim,Female,57,Retail Owner,High,Binjai,North Sumatra,Individual
1062,Lestari Lestari,Female,54,Professional,Middle,Jakarta Barat,DKI Jakarta,Individual
1063,Andi Saputra,Male,50,Teacher,High,Tangerang,Banten,Individual
1064,Indah Kurniawan,Female,43,Professional,Upper-Middle,Sleman,Yogyakarta,Individual
1065,Maya Nugroho,Female,60,Civil Servant,High,Cilegon,Banten,Individual
1066,Wati Setiawan,Female,47,Consultant,Middle,Binjai,North Sumatra,Individual
1067,Ratna Wijaya,Female,55,Entrepreneur,Low,Metro,Lampung,Individual
1068,Dimas Hidayat,Male,53,Engineer,Middle,Denpasar,Bali,Individual
1069,Bayu Maulana,Male,56,Retail Owner,Upper-Middle,Parepare,South Sulawesi,Individual
1070,Putri Wijaya,Female,33,Entrepreneur,Upper-Middle,Samarinda,East Kalimantan,Individual
1071,Yusuf Halim,Male,40,Engineer,Upper-Middle,Balikpapan,East Kalimantan,Individual
1072,Intan Permana,Female,34,Engineer,Middle,Mataram,West Nusa Tenggara,Individual
1073,Putri Permana,Female,34,Lawyer,Upper-Middle,Surabaya,East Java,Individual
1074,Reza Permana,Male,55,Lawyer,Upper-Middle,Bogor,West Java,Individual
1075,Wahyu Kurniawan,Male,27,Entrepreneur,High,Solo,Central Java,Individual
1076,Fitri Hidayat,Female,37,Teacher,Middle,Bandung,West Java,Individual
1077,Citra Wijaya,Female,30,Lawyer,Low,Manado,North Sulawesi,Individual
1078,Aldi Santoso,Male,23,Professional,Middle,Banjarbaru,South Kalimantan,Individual
1079,Rizki Santoso,Male,25,Professional,Middle,Metro,Lampung,Individual
1080,Lestari Rahmawati,Female,23,Engineer,Upper-Middle,Yogyakarta,Yogyakarta,Individual
1081,Rina Halim,Female,48,Professional,Middle,Metro,Lampung,Individual
1082,Hendra Permana,Male,52,Entrepreneur,Low,Sidoarjo,East Java,Individual
1083,Agus Saputra,Male,62,Entrepreneur,Low,Malang,East Java,Individual
1084,Ratna Gunawan,Female,33,Civil Servant,Upper-Middle,Padang,West Sumatra,Individual
1085,PT Nugroho Jaya,N/A,0,Corporate,High,Pontianak,West Kalimantan,Corporate
1086,PT Anggraini Sentosa,N/A,0,Corporate,High,Jakarta Barat,DKI Jakarta,Corporate
1087,Maya Pratama,Female,34,Engineer,Middle,Parepare,South Sulawesi,Individual
1088,Indah Anggraini,Female,47,Civil Servant,Upper-Middle,Bitung,North Sulawesi,Individual
1089,Sari Anggraini,Female,55,Manager,Middle,Semarang,Central Java,Individual
1090,Bayu Nugroho,Male,42,Lawyer,Low,Sidoarjo,East Java,Individual
1091,Putri Setiawan,Female,50,Engineer,Middle,Gresik,East Java,Individual
1092,Budi Gunawan,Male,62,Entrepreneur,Middle,Yogyakarta,Yogyakarta,Individual
1093,Siti Wijaya,Female,26,Retail Owner,Middle,Lubuklinggau,South Sumatra,Individual
1094,PT Hidayat Mandiri,N/A,0,Corporate,High,Solo,Central Java,Corporate
1095,Bayu Hidayat,Male,47,Civil Servant,Middle,Jakarta Selatan,DKI Jakarta,Individual
1096,Intan Rahmawati,Female,29,Retail Owner,Middle,Semarang,Central Java,Individual
1097,Rina Santoso,Female,30,Professional,Upper-Middle,Sleman,Yogyakarta,Individual
1098,Wati Hidayat,Female,26,Civil Servant,Middle,Malang,East Java,Individual
1099,Budi Saputra,Male,30,Lawyer,Middle,Sidoarjo,East Java,Individual
1100,Fajar Anggraini,Male,27,Consultant,Low,Sleman,Yogyakarta,Individual
1101,Ratna Halim,Female,26,Lawyer,Middle,Jakarta Timur,DKI Jakarta,Individual
1102,Putri Anggraini,Female,57,Consultant,Upper-Middle,Depok,West Java,Individual
1103,Wahyu Santoso,Male,55,Teacher,Middle,Malang,East Java,Individual
1104,Ratna Santoso,Female,38,Engineer,Middle,Mataram,West Nusa Tenggara,Individual
1105,Bayu Gunawan,Male,32,Retail Owner,Upper-Middle,Cimahi,West Java,Individual
1106,Wahyu Permana,Male,23,Doctor,Low,Jayapura,Papua,Individual
1107,Lestari Gunawan,Female,23,Lawyer,Middle,Lubuklinggau,South Sumatra,Individual
1108,Maya Lestari,Female,26,Lawyer,Upper-Middle,Solo,Central Java,Individual
1109,Agus Permana,Male,42,Teacher,Upper-Middle,Manado,North Sulawesi,Individual
1110,Agus Saputra,Male,51,Entrepreneur,Middle,Bandung,West Java,Individual
1111,Ratna Halim,Female,48,Retail Owner,Middle,Parepare,South Sulawesi,Individual
1112,Dani Wijaya,Male,53,Entrepreneur,High,Gresik,East Java,Individual
1113,Fitri Lestari,Female,37,Lawyer,Middle,Jakarta Barat,DKI Jakarta,Individual
1114,Maya Rahmawati,Female,22,Manager,Upper-Middle,Sidoarjo,East Java,Individual
1115,Siti Halim,Female,57,Consultant,Middle,Jakarta Timur,DKI Jakarta,Individual
1116,Ratna Halim,Female,61,Teacher,Low,Mataram,West Nusa Tenggara,Individual
1117,Citra Wijaya,Female,34,Entrepreneur,Upper-Middle,Jakarta Selatan,DKI Jakarta,Individual
1118,Citra Lestari,Female,55,Teacher,Middle,Bandar Lampung,Lampung,Individual
1119,Putri Kurniawan,Female,61,Retail Owner,Upper-Middle,Gresik,East Java,Individual
1120,Agus Hidayat,Male,29,Retail Owner,High,Yogyakarta,Yogyakarta,Individual
1121,Reza Pratama,Male,59,Civil Servant,Middle,Sleman,Yogyakarta,Individual
1122,Andi Halim,Male,29,Manager,Middle,Semarang,Central Java,Individual
1123,Fitri Maulana,Female,61,Consultant,High,Makassar,South Sulawesi,Individual
1124,Wati Lestari,Female,55,Consultant,Middle,Mataram,West Nusa Tenggara,Individual
1125,Lestari Lestari,Female,34,Engineer,High,Malang,East Java,Individual
1126,Reza Setiawan,Male,53,Engineer,Middle,Sleman,Yogyakarta,Individual
1127,Intan Kurniawan,Female,44,Engineer,High,Pontianak,West Kalimantan,Individual
1128,Agus Anggraini,Male,50,Consultant,Upper-Middle,Pekanbaru,Riau,Individual
1129,Putri Santoso,Female,61,Doctor,Upper-Middle,Jakarta Utara,DKI Jakarta,Individual
1130,Budi Kurniawan,Male,43,Consultant,Upper-Middle,Bandung,West Java,Individual
1131,Hendra Gunawan,Male,52,Engineer,Middle,Sidoarjo,East Java,Individual
1132,Putra Halim,Male,36,Manager,Middle,Medan,North Sumatra,Individual
1133,Aldi Anggraini,Male,24,Engineer,High,Semarang,Central Java,Individual
1134,Rizki Halim,Male,60,Consultant,Low,Mataram,West Nusa Tenggara,Individual
1135,Wahyu Rahmawati,Male,51,Lawyer,Middle,Pontianak,West Kalimantan,Individual
1136,Andi Setiawan,Male,43,Retail Owner,Upper-Middle,Bekasi,West Java,Individual
1137,Ratna Kurniawan,Female,54,Civil Servant,Middle,Jakarta Pusat,DKI Jakarta,Individual
1138,Andi Nugroho,Male,46,Retail Owner,Middle,Lubuklinggau,South Sumatra,Individual
1139,Rizki Gunawan,Male,45,Engineer,Upper-Middle,Jakarta Timur,DKI Jakarta,Individual
1140,Nadia Santoso,Female,62,Doctor,High,Tangerang,Banten,Individual
1141,Putri Lestari,Female,60,Doctor,Middle,Padang,West Sumatra,Individual
1142,Bayu Lestari,Male,55,Entrepreneur,Upper-Middle,Tangerang,Banten,Individual
1143,Fajar Rahmawati,Male,31,Doctor,Middle,Pontianak,West Kalimantan,Individual
1144,Dewi Anggraini,Female,54,Manager,Middle,Cimahi,West Java,Individual
1145,Bayu Lestari,Male,41,Retail Owner,Upper-Middle,Jakarta Pusat,DKI Jakarta,Individual
1146,PT Rahmawati Logistik,N/A,0,Corporate,High,Yogyakarta,Yogyakarta,Corporate
1147,Aldi Lestari,Male,24,Teacher,Middle,Depok,West Java,Individual
1148,Ayu Permana,Female,46,Teacher,Middle,Bandar Lampung,Lampung,Individual
1149,Fitri Wijaya,Female,36,Consultant,Upper-Middle,Lubuklinggau,South Sumatra,Individual
1150,Ratna Saputra,Female,37,Entrepreneur,Middle,Bandung,West Java,Individual
1151,Lestari Maulana,Female,23,Lawyer,Middle,Tangerang,Banten,Individual
1152,Dimas Setiawan,Male,24,Civil Servant,Middle,Bandung,West Java,Individual
1153,Rina Permana,Female,58,Doctor,Middle,Sleman,Yogyakarta,Individual
1154,Putra Rahmawati,Male,36,Civil Servant,Middle,Cilegon,Banten,Individual
1155,Fitri Lestari,Female,25,Consultant,High,Jayapura,Papua,Individual
1156,Indah Wijaya,Female,41,Doctor,Middle,Padang,West Sumatra,Individual
1157,Dani Lestari,Male,25,Manager,Middle,Jayapura,Papua,Individual
1158,Agus Gunawan,Male,27,Entrepreneur,High,Balikpapan,East Kalimantan,Individual
1159,Wahyu Santoso,Male,34,Lawyer,Upper-Middle,Yogyakarta,Yogyakarta,Individual
1160,Maya Anggraini,Female,22,Lawyer,Middle,Yogyakarta,Yogyakarta,Individual
1161,Hendra Anggraini,Male,37,Consultant,Middle,Singkawang,West Kalimantan,Individual
1162,Maya Hidayat,Female,54,Teacher,High,Sleman,Yogyakarta,Individual
1163,Sari Kurniawan,Female,24,Engineer,Middle,Bandung,West Java,Individual
1164,Maya Wijaya,Female,34,Consultant,Middle,Depok,West Java,Individual
1165,Maya Maulana,Female,53,Civil Servant,High,Bukittinggi,West Sumatra,Individual
1166,Putri Wijaya,Female,56,Professional,Middle,Makassar,South Sulawesi,Individual
1167,Dani Pratama,Male,48,Civil Servant,Middle,Pematangsiantar,North Sumatra,Individual
1168,PT Halim Group,N/A,0,Corporate,High,Surabaya,East Java,Corporate
1169,Siti Pratama,Female,56,Engineer,Middle,Cilegon,Banten,Individual
1170,Siti Rahmawati,Female,49,Consultant,Upper-Middle,Makassar,South Sulawesi,Individual
1171,Fajar Rahmawati,Male,38,Teacher,Upper-Middle,Semarang,Central Java,Individual
1172,Lestari Saputra,Female,36,Professional,Middle,Balikpapan,East Kalimantan,Individual
1173,Fitri Lestari,Female,25,Manager,Upper-Middle,Binjai,North Sumatra,Individual
1174,Lestari Permana,Female,28,Retail Owner,High,Makassar,South Sulawesi,Individual
1175,Aldi Santoso,Male,39,Teacher,High,Jakarta Pusat,DKI Jakarta,Individual
1176,PT Anggraini Logistik,N/A,0,Corporate,High,Depok,West Java,Corporate
1177,Fajar Permana,Male,46,Civil Servant,Upper-Middle,Magelang,Central Java,Individual
1178,Bayu Setiawan,Male,44,Retail Owner,Low,Jakarta Barat,DKI Jakarta,Individual
1179,Citra Hidayat,Female,23,Doctor,Upper-Middle,Singkawang,West Kalimantan,Individual
1180,Indah Wijaya,Female,59,Doctor,Upper-Middle,Serang,Banten,Individual
1181,Rizki Wijaya,Male,46,Teacher,Upper-Middle,Bukittinggi,West Sumatra,Individual
1182,Rizki Lestari,Male,45,Manager,Upper-Middle,Jakarta Pusat,DKI Jakarta,Individual
1183,Dewi Pratama,Female,27,Manager,Middle,Serang,Banten,Individual
1184,PT Anggraini Jaya,N/A,0,Corporate,High,Jakarta Utara,DKI Jakarta,Corporate
1185,Putra Kurniawan,Male,32,Professional,Middle,Semarang,Central Java,Individual
1186,Indah Nugroho,Female,52,Retail Owner,Upper-Middle,Depok,West Java,Individual
1187,Dewi Wijaya,Female,41,Teacher,Low,Serang,Banten,Individual
1188,Ratna Permana,Female,60,Lawyer,Middle,Yogyakarta,Yogyakarta,Individual
1189,Sari Nugroho,Female,62,Manager,Middle,Bogor,West Java,Individual
1190,Sari Santoso,Female,58,Lawyer,Middle,Denpasar,Bali,Individual
1191,Yusuf Maulana,Male,40,Lawyer,Upper-Middle,Magelang,Central Java,Individual
1192,Rina Nugroho,Female,31,Retail Owner,Upper-Middle,Samarinda,East Kalimantan,Individual
1193,Fitri Rahmawati,Female,48,Professional,Middle,Pontianak,West Kalimantan,Individual
1194,Putri Gunawan,Female,61,Teacher,Low,Jayapura,Papua,Individual
1195,Dewi Pratama,Female,28,Retail Owner,Middle,Cilegon,Banten,Individual
1196,Yusuf Hidayat,Male,47,Teacher,Middle,Bandar Lampung,Lampung,Individual
1197,Dewi Nugroho,Female,48,Teacher,High,Yogyakarta,Yogyakarta,Individual
1198,Citra Saputra,Female,55,Lawyer,Middle,Magelang,Central Java,Individual
1199,Siti Maulana,Female,29,Doctor,Low,Jakarta Pusat,DKI Jakarta,Individual
1200,Agus Rahmawati,Male,49,Civil Servant,High,Magelang,Central Java,Individual
1201,Indah Pratama,Female,61,Entrepreneur,High,Solo,Central Java,Individual
1202,Rizki Maulana,Male,26,Teacher,Upper-Middle,Banjarmasin,South Kalimantan,Individual
1203,Dewi Nugroho,Female,53,Retail Owner,Middle,Metro,Lampung,Individual
1204,Agus Hidayat,Male,51,Retail Owner,Upper-Middle,Banjarbaru,South Kalimantan,Individual
1205,Agus Santoso,Male,37,Consultant,Middle,Yogyakarta,Yogyakarta,Individual
1206,Fajar Kurniawan,Male,49,Lawyer,Middle,Pekanbaru,Riau,Individual
1207,Agus Permana,Male,50,Civil Servant,Upper-Middle,Parepare,South Sulawesi,Individual
1208,Fitri Rahmawati,Female,53,Lawyer,Middle,Sleman,Yogyakarta,Individual
1209,Dani Maulana,Male,36,Civil Servant,Middle,Serang,Banten,Individual
1210,Fitri Rahmawati,Female,29,Consultant,Upper-Middle,Serang,Banten,Individual
1211,Dani Setiawan,Male,50,Engineer,Middle,Denpasar,Bali,Individual
1212,Yusuf Nugroho,Male,44,Doctor,Upper-Middle,Jakarta Pusat,DKI Jakarta,Individual
1213,Ratna Setiawan,Female,61,Doctor,Upper-Middle,Bekasi,West Java,Individual
1214,Fitri Nugroho,Female,60,Engineer,Middle,Sleman,Yogyakarta,Individual
1215,Eko Maulana,Male,48,Civil Servant,High,Jayapura,Papua,Individual
1216,Ratna Saputra,Female,47,Manager,Middle,Gresik,East Java,Individual
1217,Hendra Rahmawati,Male,39,Teacher,Upper-Middle,Bitung,North Sulawesi,Individual
1218,Reza Lestari,Male,62,Manager,Upper-Middle,Jakarta Utara,DKI Jakarta,Individual
1219,Ratna Saputra,Female,53,Retail Owner,Middle,Pontianak,West Kalimantan,Individual
1220,Intan Gunawan,Female,25,Professional,Low,Padang,West Sumatra,Individual
1221,Yusuf Lestari,Male,22,Engineer,High,Yogyakarta,Yogyakarta,Individual
1222,Dewi Gunawan,Female,45,Entrepreneur,Middle,Yogyakarta,Yogyakarta,Individual
1223,Nadia Setiawan,Female,36,Doctor,Middle,Jakarta Selatan,DKI Jakarta,Individual
1224,Fajar Saputra,Male,55,Professional,Upper-Middle,Sleman,Yogyakarta,Individual
1225,Nadia Wijaya,Female,52,Professional,Low,Yogyakarta,Yogyakarta,Individual
1226,Putri Kurniawan,Female,30,Retail Owner,Upper-Middle,Pematangsiantar,North Sumatra,Individual
1227,PT Setiawan Jaya,N/A,0,Corporate,High,Bukittinggi,West Sumatra,Corporate
1228,Aldi Kurniawan,Male,61,Civil Servant,Upper-Middle,Balikpapan,East Kalimantan,Individual
1229,Sari Kurniawan,Female,42,Doctor,Upper-Middle,Yogyakarta,Yogyakarta,Individual
1230,Citra Setiawan,Female,23,Consultant,Upper-Middle,Palembang,South Sumatra,Individual
1231,Reza Kurniawan,Male,40,Manager,Upper-Middle,Samarinda,East Kalimantan,Individual
1232,Wati Halim,Female,26,Civil Servant,Middle,Mataram,West Nusa Tenggara,Individual
1233,Sari Rahmawati,Female,33,Retail Owner,Upper-Middle,Denpasar,Bali,Individual
1234,PT Maulana Mandiri,N/A,0,Corporate,High,Jakarta Selatan,DKI Jakarta,Corporate
1235,Indah Setiawan,Female,47,Engineer,Low,Tangerang,Banten,Individual
1236,Bayu Anggraini,Male,35,Retail Owner,High,Gresik,East Java,Individual
1237,Rizki Setiawan,Male,49,Professional,Upper-Middle,Balikpapan,East Kalimantan,Individual
1238,Yusuf Halim,Male,60,Entrepreneur,Low,Pekanbaru,Riau,Individual
1239,Eko Lestari,Male,44,Civil Servant,Middle,Banjarbaru,South Kalimantan,Individual
1240,Nadia Anggraini,Female,29,Consultant,Upper-Middle,Solo,Central Java,Individual
1241,PT Lestari Mandiri,N/A,0,Corporate,High,Bandar Lampung,Lampung,Corporate
1242,Yusuf Permana,Male,58,Professional,Middle,Jakarta Utara,DKI Jakarta,Individual
1243,Andi Permana,Male,22,Civil Servant,Middle,Semarang,Central Java,Individual
1244,Bayu Maulana,Male,48,Engineer,Middle,Sleman,Yogyakarta,Individual
1245,Dewi Rahmawati,Female,25,Professional,Middle,Samarinda,East Kalimantan,Individual
1246,Citra Permana,Female,41,Doctor,Middle,Jakarta Barat,DKI Jakarta,Individual
1247,Nadia Halim,Female,37,Consultant,Middle,Semarang,Central Java,Individual
1248,Eko Pratama,Male,48,Teacher,Low,Yogyakarta,Yogyakarta,Individual
1249,PT Saputra Group,N/A,0,Corporate,High,Palembang,South Sumatra,Corporate
1250,Ayu Pratama,Female,31,Manager,Upper-Middle,Cimahi,West Java,Individual
1251,Ayu Setiawan,Female,27,Professional,Upper-Middle,Sleman,Yogyakarta,Individual
1252,Hendra Gunawan,Male,30,Teacher,Middle,Gresik,East Java,Individual
1253,Rina Santoso,Female,34,Professional,Middle,Balikpapan,East Kalimantan,Individual
1254,Sari Kurniawan,Female,29,Engineer,Middle,Badung,Bali,Individual
1255,Budi Wijaya,Male,41,Teacher,Upper-Middle,Medan,North Sumatra,Individual
1256,Agus Kurniawan,Male,54,Manager,Low,Bandung,West Java,Individual
1257,Budi Lestari,Male,28,Doctor,Upper-Middle,Jakarta Selatan,DKI Jakarta,Individual
1258,Sari Gunawan,Female,62,Professional,High,Serang,Banten,Individual
1259,PT Maulana Jaya,N/A,0,Corporate,High,Sleman,Yogyakarta,Corporate
1260,Dewi Pratama,Female,51,Lawyer,Low,Bitung,North Sulawesi,Individual
1261,PT Saputra Jaya,N/A,0,Corporate,High,Dumai,Riau,Corporate
1262,Intan Wijaya,Female,24,Manager,Upper-Middle,Lubuklinggau,South Sumatra,Individual
1263,Siti Santoso,Female,39,Consultant,Middle,Yogyakarta,Yogyakarta,Individual
1264,Citra Setiawan,Female,44,Manager,Middle,Singkawang,West Kalimantan,Individual
1265,Agus Halim,Male,36,Lawyer,Low,Pontianak,West Kalimantan,Individual
1266,Eko Santoso,Male,37,Doctor,Upper-Middle,Yogyakarta,Yogyakarta,Individual
1267,Sari Anggraini,Female,33,Retail Owner,Middle,Sleman,Yogyakarta,Individual
1268,PT Halim Jaya,N/A,0,Corporate,High,Bandar Lampung,Lampung,Corporate
1269,Fitri Nugroho,Female,33,Doctor,Middle,Cimahi,West Java,Individual
1270,PT Maulana Jaya,N/A,0,Corporate,High,Malang,East Java,Corporate
1271,Aldi Maulana,Male,42,Professional,Low,Yogyakarta,Yogyakarta,Individual
1272,Dewi Hidayat,Female,47,Civil Servant,Upper-Middle,Malang,East Java,Individual
1273,Citra Gunawan,Female,53,Retail Owner,Upper-Middle,Cilegon,Banten,Individual
1274,Putra Halim,Male,33,Civil Servant,Middle,Palembang,South Sumatra,Individual
1275,Ratna Maulana,Female,58,Retail Owner,Low,Bandar Lampung,Lampung,Individual
1276,Putri Hidayat,Female,26,Teacher,Middle,Denpasar,Bali,Individual
1277,Rina Saputra,Female,26,Entrepreneur,Middle,Banjarmasin,South Kalimantan,Individual
1278,Putri Anggraini,Female,48,Professional,Middle,Serang,Banten,Individual
1279,Eko Lestari,Male,26,Engineer,Upper-Middle,Jakarta Barat,DKI Jakarta,Individual
1280,Agus Wijaya,Male,46,Retail Owner,Middle,Jakarta Barat,DKI Jakarta,Individual
1281,Nadia Pratama,Female,49,Entrepreneur,High,Semarang,Central Java,Individual
1282,Dimas Kurniawan,Male,57,Engineer,Upper-Middle,Lubuklinggau,South Sumatra,Individual
1283,Hendra Halim,Male,57,Manager,Upper-Middle,Surabaya,East Java,Individual
1284,Rina Santoso,Female,23,Professional,Middle,Binjai,North Sumatra,Individual
1285,Ayu Lestari,Female,38,Manager,Low,Bogor,West Java,Individual
1286,Siti Nugroho,Female,50,Civil Servant,Middle,Surabaya,East Java,Individual
1287,Budi Gunawan,Male,44,Consultant,Upper-Middle,Tangerang,Banten,Individual
1288,PT Rahmawati Mandiri,N/A,0,Corporate,High,Serang,Banten,Corporate
1289,Yusuf Nugroho,Male,27,Professional,Middle,Balikpapan,East Kalimantan,Individual
1290,Putri Wijaya,Female,35,Manager,Upper-Middle,Semarang,Central Java,Individual
1291,Wahyu Halim,Male,38,Manager,Middle,Medan,North Sumatra,Individual
1292,Ratna Nugroho,Female,55,Manager,Middle,Manado,North Sulawesi,Individual
1293,Aldi Santoso,Male,58,Manager,Upper-Middle,Banjarbaru,South Kalimantan,Individual
1294,Lestari Halim,Female,52,Retail Owner,Low,Cimahi,West Java,Individual
1295,Siti Kurniawan,Female,43,Teacher,Upper-Middle,Solo,Central Java,Individual
1296,PT Nugroho Mandiri,N/A,0,Corporate,High,Singkawang,West Kalimantan,Corporate
1297,Wahyu Saputra,Male,30,Manager,Middle,Lubuklinggau,South Sumatra,Individual
1298,Dimas Lestari,Male,35,Teacher,High,Magelang,Central Java,Individual
1299,Budi Nugroho,Male,54,Civil Servant,Middle,Banjarmasin,South Kalimantan,Individual
1300,Wahyu Pratama,Male,37,Engineer,Low,Malang,East Java,Individual
1301,Fitri Kurniawan,Female,62,Lawyer,High,Dumai,Riau,Individual
1302,Wahyu Lestari,Male,59,Engineer,Middle,Surabaya,East Java,Individual
1303,PT Permana Jaya,N/A,0,Corporate,High,Tangerang,Banten,Corporate
1304,Rizki Gunawan,Male,48,Civil Servant,Middle,Parepare,South Sulawesi,Individual
1305,Dimas Nugroho,Male,60,Manager,Upper-Middle,Sleman,Yogyakarta,Individual
1306,Ayu Nugroho,Female,35,Retail Owner,Middle,Metro,Lampung,Individual
1307,Fitri Gunawan,Female,60,Professional,Upper-Middle,Jakarta Timur,DKI Jakarta,Individual
1308,Wati Hidayat,Female,39,Civil Servant,Middle,Palembang,South Sumatra,Individual
1309,Aldi Pratama,Male,60,Lawyer,Middle,Bandung,West Java,Individual
1310,Intan Kurniawan,Female,47,Teacher,Middle,Yogyakarta,Yogyakarta,Individual
1311,Putra Rahmawati,Male,62,Civil Servant,Upper-Middle,Bitung,North Sulawesi,Individual
1312,Rizki Santoso,Male,52,Teacher,Middle,Tangerang,Banten,Individual
1313,Agus Saputra,Male,41,Retail Owner,Middle,Bitung,North Sulawesi,Individual
1314,Yusuf Pratama,Male,62,Doctor,Upper-Middle,Badung,Bali,Individual
1315,Fitri Nugroho,Female,48,Teacher,Low,Balikpapan,East Kalimantan,Individual
1316,Putri Hidayat,Female,33,Teacher,Upper-Middle,Yogyakarta,Yogyakarta,Individual
1317,Yusuf Nugroho,Male,35,Professional,Upper-Middle,Depok,West Java,Individual
1318,Wati Kurniawan,Female,47,Consultant,Middle,Jakarta Selatan,DKI Jakarta,Individual
1319,Siti Anggraini,Female,42,Doctor,Upper-Middle,Jakarta Selatan,DKI Jakarta,Individual
1320,Maya Wijaya,Female,28,Entrepreneur,Middle,Bandung,West Java,Individual
1321,Ayu Setiawan,Female,55,Teacher,Upper-Middle,Yogyakarta,Yogyakarta,Individual
1322,Sari Maulana,Female,34,Doctor,Middle,Manado,North Sulawesi,Individual
1323,Dimas Setiawan,Male,23,Manager,Upper-Middle,Surabaya,East Java,Individual
1324,Citra Rahmawati,Female,61,Entrepreneur,Low,Jayapura,Papua,Individual
1325,PT Santoso Group,N/A,0,Corporate,High,Solo,Central Java,Corporate
1326,Dimas Setiawan,Male,62,Engineer,Low,Jakarta Utara,DKI Jakarta,Individual
1327,Hendra Permana,Male,28,Professional,Middle,Palembang,South Sumatra,Individual
1328,Dani Nugroho,Male,55,Civil Servant,High,Solo,Central Java,Individual
1329,PT Hidayat Jaya,N/A,0,Corporate,High,Depok,West Java,Corporate
1330,PT Gunawan Mandiri,N/A,0,Corporate,High,Pematangsiantar,North Sumatra,Corporate
1331,Dani Rahmawati,Male,26,Lawyer,Upper-Middle,Malang,East Java,Individual
1332,Maya Lestari,Female,25,Teacher,Low,Jakarta Barat,DKI Jakarta,Individual
1333,Indah Setiawan,Female,29,Civil Servant,Low,Medan,North Sumatra,Individual
1334,Agus Hidayat,Male,50,Teacher,High,Yogyakarta,Yogyakarta,Individual
1335,Budi Kurniawan,Male,47,Lawyer,High,Magelang,Central Java,Individual
1336,Budi Wijaya,Male,25,Retail Owner,High,Samarinda,East Kalimantan,Individual
1337,Putri Halim,Female,46,Lawyer,Upper-Middle,Dumai,Riau,Individual
1338,Ayu Pratama,Female,26,Teacher,Middle,Yogyakarta,Yogyakarta,Individual
1339,Hendra Gunawan,Male,37,Consultant,Middle,Padang,West Sumatra,Individual
1340,Andi Gunawan,Male,32,Professional,Middle,Semarang,Central Java,Individual
1341,Rina Hidayat,Female,39,Manager,Low,Sleman,Yogyakarta,Individual
1342,Yusuf Lestari,Male,58,Professional,Middle,Singkawang,West Kalimantan,Individual
1343,Budi Kurniawan,Male,48,Retail Owner,Low,Jakarta Utara,DKI Jakarta,Individual
1344,Putra Gunawan,Male,51,Lawyer,High,Jakarta Pusat,DKI Jakarta,Individual
1345,Nadia Gunawan,Female,45,Entrepreneur,Upper-Middle,Yogyakarta,Yogyakarta,Individual
1346,Fitri Rahmawati,Female,45,Civil Servant,Upper-Middle,Depok,West Java,Individual
1347,Dewi Nugroho,Female,61,Lawyer,Middle,Semarang,Central Java,Individual
1348,Reza Hidayat,Male,28,Lawyer,Upper-Middle,Yogyakarta,Yogyakarta,Individual
1349,Yusuf Pratama,Male,55,Lawyer,Upper-Middle,Magelang,Central Java,Individual
1350,Reza Halim,Male,33,Retail Owner,Upper-Middle,Magelang,Central Java,Individual
1351,Fitri Anggraini,Female,46,Manager,Middle,Dumai,Riau,Individual
1352,Ayu Maulana,Female,30,Consultant,Middle,Metro,Lampung,Individual
1353,Dimas Saputra,Male,61,Consultant,Upper-Middle,Pekanbaru,Riau,Individual
1354,Nadia Santoso,Female,44,Consultant,Middle,Sleman,Yogyakarta,Individual
1355,Citra Pratama,Female,55,Doctor,Low,Jakarta Selatan,DKI Jakarta,Individual
1356,Rizki Gunawan,Male,38,Consultant,Middle,Malang,East Java,Individual
1357,PT Setiawan Group,N/A,0,Corporate,High,Balikpapan,East Kalimantan,Corporate
1358,Nadia Gunawan,Female,25,Consultant,High,Sleman,Yogyakarta,Individual
1359,PT Permana Jaya,N/A,0,Corporate,High,Dumai,Riau,Corporate
1360,Citra Halim,Female,56,Engineer,Upper-Middle,Yogyakarta,Yogyakarta,Individual
1361,Eko Wijaya,Male,54,Civil Servant,Low,Sidoarjo,East Java,Individual
1362,Siti Hidayat,Female,51,Retail Owner,Upper-Middle,Bogor,West Java,Individual
1363,PT Maulana Group,N/A,0,Corporate,High,Bitung,North Sulawesi,Corporate
1364,Dani Setiawan,Male,42,Consultant,Middle,Jayapura,Papua,Individual
1365,Dewi Hidayat,Female,36,Engineer,High,Lubuklinggau,South Sumatra,Individual
1366,Fitri Permana,Female,22,Retail Owner,Low,Cimahi,West Java,Individual
1367,Putra Anggraini,Male,42,Engineer,Middle,Samarinda,East Kalimantan,Individual
1368,Siti Anggraini,Female,55,Lawyer,Upper-Middle,Serang,Banten,Individual
1369,PT Rahmawati Logistik,N/A,0,Corporate,High,Parepare,South Sulawesi,Corporate
1370,Dani Rahmawati,Male,56,Manager,Low,Yogyakarta,Yogyakarta,Individual
1371,Bayu Permana,Male,49,Lawyer,Upper-Middle,Makassar,South Sulawesi,Individual
1372,Budi Santoso,Male,25,Doctor,Middle,Jakarta Utara,DKI Jakarta,Individual
1373,Indah Lestari,Female,62,Professional,Middle,Magelang,Central Java,Individual
1374,Dani Setiawan,Male,59,Engineer,Low,Pontianak,West Kalimantan,Individual
1375,Lestari Santoso,Female,40,Entrepreneur,Upper-Middle,Magelang,Central Java,Individual
1376,Eko Setiawan,Male,47,Engineer,Upper-Middle,Pontianak,West Kalimantan,Individual
1377,Siti Rahmawati,Female,57,Manager,Middle,Cilegon,Banten,Individual
1378,Rizki Saputra,Male,44,Civil Servant,Middle,Makassar,South Sulawesi,Individual
1379,Rina Santoso,Female,33,Lawyer,Upper-Middle,Jakarta Utara,DKI Jakarta,Individual
1380,Rizki Gunawan,Male,26,Teacher,Middle,Serang,Banten,Individual
1381,Budi Nugroho,Male,61,Teacher,Low,Solo,Central Java,Individual
1382,Nadia Halim,Female,31,Civil Servant,Middle,Gresik,East Java,Individual
1383,PT Nugroho Sentosa,N/A,0,Corporate,High,Depok,West Java,Corporate
1384,Intan Lestari,Female,51,Civil Servant,Middle,Pontianak,West Kalimantan,Individual
1385,Wahyu Nugroho,Male,30,Professional,High,Yogyakarta,Yogyakarta,Individual
1386,Wahyu Halim,Male,59,Engineer,Middle,Jakarta Utara,DKI Jakarta,Individual
1387,Wati Maulana,Female,31,Engineer,Middle,Cilegon,Banten,Individual
1388,Hendra Hidayat,Male,54,Civil Servant,Low,Cilegon,Banten,Individual
1389,Yusuf Wijaya,Male,33,Teacher,Middle,Depok,West Java,Individual
1390,PT Nugroho Sentosa,N/A,0,Corporate,High,Balikpapan,East Kalimantan,Corporate
1391,Bayu Anggraini,Male,45,Teacher,Middle,Makassar,South Sulawesi,Individual
1392,Ratna Setiawan,Female,38,Manager,Upper-Middle,Magelang,Central Java,Individual
1393,Bayu Nugroho,Male,46,Teacher,High,Solo,Central Java,Individual
1394,Intan Halim,Female,22,Professional,Middle,Bekasi,West Java,Individual
1395,Rina Wijaya,Female,33,Doctor,Middle,Pematangsiantar,North Sumatra,Individual
1396,Nadia Santoso,Female,52,Manager,Upper-Middle,Tangerang,Banten,Individual
1397,PT Wijaya Jaya,N/A,0,Corporate,High,Cilegon,Banten,Corporate
1398,Aldi Halim,Male,31,Manager,Low,Cimahi,West Java,Individual
1399,Aldi Setiawan,Male,40,Lawyer,High,Serang,Banten,Individual
1400,Lestari Wijaya,Female,59,Civil Servant,Upper-Middle,Sleman,Yogyakarta,Individual
1401,Intan Lestari,Female,60,Professional,Upper-Middle,Semarang,Central Java,Individual
1402,PT Kurniawan Jaya,N/A,0,Corporate,High,Cilegon,Banten,Corporate
1403,Yusuf Anggraini,Male,61,Lawyer,Upper-Middle,Makassar,South Sulawesi,Individual
1404,Aldi Maulana,Male,49,Manager,Middle,Jakarta Utara,DKI Jakarta,Individual
1405,Citra Maulana,Female,46,Manager,Middle,Banjarmasin,South Kalimantan,Individual
1406,Citra Saputra,Female,27,Doctor,Middle,Bitung,North Sulawesi,Individual
1407,PT Rahmawati Logistik,N/A,0,Corporate,High,Pematangsiantar,North Sumatra,Corporate
1408,Wati Saputra,Female,42,Retail Owner,Middle,Magelang,Central Java,Individual
1409,Lestari Hidayat,Female,61,Consultant,Middle,Dumai,Riau,Individual
1410,Putri Hidayat,Female,57,Manager,Middle,Sidoarjo,East Java,Individual
1411,Reza Saputra,Male,50,Consultant,Upper-Middle,Denpasar,Bali,Individual
1412,Citra Rahmawati,Female,61,Entrepreneur,Upper-Middle,Dumai,Riau,Individual
1413,Yusuf Anggraini,Male,60,Professional,Middle,Bogor,West Java,Individual
1414,Intan Kurniawan,Female,61,Civil Servant,Upper-Middle,Tangerang,Banten,Individual
1415,Siti Saputra,Female,55,Consultant,Middle,Cilegon,Banten,Individual
1416,Putra Pratama,Male,45,Engineer,Middle,Bandung,West Java,Individual
1417,Wati Kurniawan,Female,47,Professional,Upper-Middle,Yogyakarta,Yogyakarta,Individual
1418,Sari Permana,Female,39,Retail Owner,Middle,Mataram,West Nusa Tenggara,Individual
1419,PT Rahmawati Logistik,N/A,0,Corporate,High,Tangerang,Banten,Corporate
1420,Dewi Maulana,Female,54,Manager,High,Bitung,North Sulawesi,Individual
1421,Dani Hidayat,Male,51,Professional,Upper-Middle,Parepare,South Sulawesi,Individual
1422,Wati Maulana,Female,36,Teacher,Upper-Middle,Gresik,East Java,Individual
1423,Reza Permana,Male,38,Professional,Middle,Sleman,Yogyakarta,Individual
1424,Yusuf Hidayat,Male,44,Lawyer,Middle,Bekasi,West Java,Individual
1425,Reza Saputra,Male,38,Teacher,Middle,Cimahi,West Java,Individual
1426,Budi Anggraini,Male,27,Consultant,Upper-Middle,Bandar Lampung,Lampung,Individual
1427,Sari Halim,Female,42,Lawyer,Middle,Jayapura,Papua,Individual
1428,Indah Saputra,Female,58,Consultant,Middle,Solo,Central Java,Individual
1429,PT Lestari Logistik,N/A,0,Corporate,High,Yogyakarta,Yogyakarta,Corporate
1430,Sari Setiawan,Female,22,Teacher,Low,Tangerang,Banten,Individual
1431,Putri Rahmawati,Female,38,Teacher,Middle,Serang,Banten,Individual
1432,Rina Kurniawan,Female,45,Retail Owner,Middle,Semarang,Central Java,Individual
1433,Wahyu Santoso,Male,39,Civil Servant,Upper-Middle,Semarang,Central Java,Individual
1434,Yusuf Maulana,Male,22,Lawyer,Middle,Sleman,Yogyakarta,Individual
1435,Hendra Santoso,Male,32,Lawyer,Low,Pontianak,West Kalimantan,Individual
1436,Sari Hidayat,Female,57,Manager,Middle,Pontianak,West Kalimantan,Individual
1437,Fajar Halim,Male,56,Consultant,Middle,Singkawang,West Kalimantan,Individual
1438,Intan Santoso,Female,46,Teacher,Upper-Middle,Bekasi,West Java,Individual
1439,Ratna Anggraini,Female,26,Engineer,Low,Sidoarjo,East Java,Individual
1440,Maya Anggraini,Female,50,Civil Servant,Upper-Middle,Bitung,North Sulawesi,Individual
1441,Eko Setiawan,Male,37,Doctor,Upper-Middle,Jayapura,Papua,Individual
1442,Budi Santoso,Male,52,Professional,Middle,Magelang,Central Java,Individual
1443,Budi Gunawan,Male,46,Civil Servant,Middle,Gresik,East Java,Individual
1444,Andi Pratama,Male,44,Consultant,Upper-Middle,Solo,Central Java,Individual
1445,Putri Setiawan,Female,56,Consultant,Middle,Sleman,Yogyakarta,Individual
1446,Intan Hidayat,Female,52,Teacher,Middle,Singkawang,West Kalimantan,Individual
1447,Rizki Pratama,Male,22,Engineer,Middle,Dumai,Riau,Individual
1448,Reza Anggraini,Male,53,Engineer,High,Jakarta Timur,DKI Jakarta,Individual
1449,Bayu Hidayat,Male,34,Civil Servant,Middle,Semarang,Central Java,Individual
1450,Ratna Kurniawan,Female,36,Retail Owner,Middle,Cimahi,West Java,Individual
1451,Maya Gunawan,Female,56,Civil Servant,Upper-Middle,Jakarta Pusat,DKI Jakarta,Individual
1452,Lestari Lestari,Female,39,Civil Servant,Upper-Middle,Surabaya,East Java,Individual
1453,PT Nugroho Sentosa,N/A,0,Corporate,High,Bandung,West Java,Corporate
1454,Nadia Pratama,Female,36,Manager,Low,Bogor,West Java,Individual
1455,Sari Lestari,Female,24,Engineer,Middle,Balikpapan,East Kalimantan,Individual
1456,Bayu Lestari,Male,33,Professional,Middle,Pontianak,West Kalimantan,Individual
1457,Hendra Maulana,Male,50,Professional,Middle,Badung,Bali,Individual
1458,Yusuf Kurniawan,Male,41,Consultant,High,Yogyakarta,Yogyakarta,Individual
1459,Ayu Gunawan,Female,41,Doctor,Middle,Makassar,South Sulawesi,Individual
1460,Siti Wijaya,Female,39,Entrepreneur,Upper-Middle,Bandung,West Java,Individual
1461,Nadia Halim,Female,31,Professional,Middle,Depok,West Java,Individual
1462,Intan Maulana,Female,62,Professional,Low,Cimahi,West Java,Individual
1463,Agus Rahmawati,Male,44,Manager,Upper-Middle,Bandung,West Java,Individual
1464,Rizki Anggraini,Male,24,Doctor,Middle,Gresik,East Java,Individual
1465,Sari Setiawan,Female,51,Professional,Middle,Banjarmasin,South Kalimantan,Individual
1466,Maya Permana,Female,38,Civil Servant,Middle,Sleman,Yogyakarta,Individual
1467,Citra Halim,Female,37,Doctor,Middle,Serang,Banten,Individual
1468,Citra Rahmawati,Female,31,Professional,Upper-Middle,Sleman,Yogyakarta,Individual
1469,Andi Permana,Male,30,Doctor,Middle,Jakarta Timur,DKI Jakarta,Individual
1470,Wati Lestari,Female,55,Doctor,Upper-Middle,Jakarta Barat,DKI Jakarta,Individual
1471,Andi Anggraini,Male,35,Entrepreneur,Upper-Middle,Parepare,South Sulawesi,Individual
1472,Ratna Hidayat,Female,25,Engineer,Upper-Middle,Jakarta Selatan,DKI Jakarta,Individual
1473,PT Santoso Jaya,N/A,0,Corporate,High,Tangerang,Banten,Corporate
1474,Dimas Rahmawati,Male,37,Professional,Upper-Middle,Jayapura,Papua,Individual
1475,Wati Lestari,Female,49,Manager,High,Cimahi,West Java,Individual
1476,Bayu Halim,Male,50,Manager,High,Bitung,North Sulawesi,Individual
1477,Ratna Setiawan,Female,42,Consultant,Upper-Middle,Depok,West Java,Individual
1478,Sari Lestari,Female,50,Retail Owner,High,Jakarta Barat,DKI Jakarta,Individual
1479,PT Nugroho Jaya,N/A,0,Corporate,High,Surabaya,East Java,Corporate
1480,Siti Maulana,Female,39,Civil Servant,High,Cilegon,Banten,Individual
1481,Sari Wijaya,Female,30,Engineer,Middle,Makassar,South Sulawesi,Individual
1482,Fajar Kurniawan,Male,58,Civil Servant,High,Lubuklinggau,South Sumatra,Individual
1483,Fajar Gunawan,Male,41,Entrepreneur,Low,Pontianak,West Kalimantan,Individual
1484,Sari Anggraini,Female,49,Manager,Middle,Makassar,South Sulawesi,Individual
1485,PT Hidayat Group,N/A,0,Corporate,High,Malang,East Java,Corporate
1486,Andi Gunawan,Male,47,Doctor,High,Bandar Lampung,Lampung,Individual
1487,Putri Wijaya,Female,43,Manager,Low,Jakarta Utara,DKI Jakarta,Individual
1488,Fitri Kurniawan,Female,30,Manager,Upper-Middle,Depok,West Java,Individual
1489,Bayu Halim,Male,55,Retail Owner,Middle,Solo,Central Java,Individual
1490,Indah Hidayat,Female,44,Engineer,Middle,Yogyakarta,Yogyakarta,Individual
1491,Lestari Permana,Female,50,Teacher,Upper-Middle,Bekasi,West Java,Individual
1492,Budi Setiawan,Male,25,Entrepreneur,Middle,Dumai,Riau,Individual
1493,Rizki Lestari,Male,52,Doctor,Low,Tangerang,Banten,Individual
1494,Fitri Lestari,Female,61,Manager,Upper-Middle,Yogyakarta,Yogyakarta,Individual
1495,Rizki Wijaya,Male,25,Entrepreneur,Middle,Banjarbaru,South Kalimantan,Individual
1496,Budi Kurniawan,Male,39,Entrepreneur,Upper-Middle,Manado,North Sulawesi,Individual
1497,Rina Kurniawan,Female,54,Retail Owner,High,Gresik,East Java,Individual
1498,Dimas Rahmawati,Male,51,Consultant,Middle,Medan,North Sumatra,Individual
1499,Indah Setiawan,Female,32,Doctor,Low,Lubuklinggau,South Sumatra,Individual
1500,Citra Pratama,Female,62,Engineer,Middle,Jakarta Utara,DKI Jakarta,Individual
1501,Intan Kurniawan,Female,30,Manager,Low,Yogyakarta,Yogyakarta,Individual
1502,Hendra Nugroho,Male,60,Retail Owner,Middle,Bekasi,West Java,Individual
1503,Wahyu Wijaya,Male,41,Civil Servant,Upper-Middle,Parepare,South Sulawesi,Individual
1504,Agus Santoso,Male,57,Civil Servant,Middle,Dumai,Riau,Individual
1505,Intan Kurniawan,Female,48,Doctor,Middle,Palembang,South Sumatra,Individual
1506,Andi Maulana,Male,61,Retail Owner,Upper-Middle,Bandar Lampung,Lampung,Individual
1507,Agus Santoso,Male,52,Civil Servant,Middle,Singkawang,West Kalimantan,Individual
1508,Ayu Wijaya,Female,32,Manager,Middle,Jakarta Barat,DKI Jakarta,Individual
1509,Dani Saputra,Male,26,Teacher,Middle,Mataram,West Nusa Tenggara,Individual
1510,Hendra Kurniawan,Male,24,Manager,Upper-Middle,Banjarbaru,South Kalimantan,Individual
1511,Bayu Santoso,Male,50,Entrepreneur,Middle,Parepare,South Sulawesi,Individual
1512,Dimas Nugroho,Male,50,Civil Servant,Middle,Gresik,East Java,Individual
1513,Reza Rahmawati,Male,31,Consultant,Middle,Pematangsiantar,North Sumatra,Individual
1514,Hendra Kurniawan,Male,42,Doctor,Middle,Cilegon,Banten,Individual
1515,Rizki Hidayat,Male,32,Teacher,Upper-Middle,Jakarta Timur,DKI Jakarta,Individual
1516,Nadia Maulana,Female,54,Entrepreneur,Upper-Middle,Serang,Banten,Individual
1517,Lestari Permana,Female,31,Manager,Middle,Yogyakarta,Yogyakarta,Individual
1518,Maya Gunawan,Female,33,Retail Owner,Low,Bandung,West Java,Individual
1519,Yusuf Lestari,Male,53,Doctor,Middle,Semarang,Central Java,Individual
1520,Ayu Kurniawan,Female,50,Retail Owner,Low,Dumai,Riau,Individual
1521,Andi Wijaya,Male,31,Retail Owner,Low,Bandung,West Java,Individual
1522,Sari Anggraini,Female,27,Engineer,Low,Bekasi,West Java,Individual
1523,Yusuf Setiawan,Male,59,Teacher,Middle,Sidoarjo,East Java,Individual
1524,Dani Kurniawan,Male,57,Teacher,Low,Jakarta Barat,DKI Jakarta,Individual
1525,Reza Saputra,Male,61,Lawyer,Low,Yogyakarta,Yogyakarta,Individual
1526,Indah Halim,Female,42,Civil Servant,Middle,Serang,Banten,Individual
1527,Fitri Setiawan,Female,62,Engineer,Middle,Banjarmasin,South Kalimantan,Individual
1528,Budi Pratama,Male,51,Manager,Upper-Middle,Cimahi,West Java,Individual
1529,Sari Rahmawati,Female,62,Professional,Middle,Lubuklinggau,South Sumatra,Individual
1530,Citra Pratama,Female,29,Civil Servant,Upper-Middle,Yogyakarta,Yogyakarta,Individual
1531,Intan Gunawan,Female,52,Lawyer,High,Banjarmasin,South Kalimantan,Individual
1532,Intan Permana,Female,56,Entrepreneur,High,Magelang,Central Java,Individual
1533,Lestari Setiawan,Female,42,Teacher,Middle,Cilegon,Banten,Individual
1534,Dewi Wijaya,Female,39,Consultant,Upper-Middle,Magelang,Central Java,Individual
1535,Putri Halim,Female,29,Engineer,Upper-Middle,Palembang,South Sumatra,Individual
1536,Intan Saputra,Female,45,Civil Servant,Middle,Badung,Bali,Individual
1537,Dani Saputra,Male,27,Civil Servant,Middle,Magelang,Central Java,Individual
1538,Nadia Permana,Female,55,Civil Servant,Middle,Jakarta Utara,DKI Jakarta,Individual
1539,Yusuf Kurniawan,Male,55,Professional,Low,Jakarta Utara,DKI Jakarta,Individual
1540,Budi Rahmawati,Male,41,Doctor,Low,Dumai,Riau,Individual
1541,Fitri Hidayat,Female,50,Professional,Upper-Middle,Bogor,West Java,Individual
1542,PT Saputra Group,N/A,0,Corporate,High,Bandar Lampung,Lampung,Corporate
1543,Maya Wijaya,Female,40,Consultant,Upper-Middle,Sidoarjo,East Java,Individual
1544,Andi Lestari,Male,25,Civil Servant,Low,Solo,Central Java,Individual
1545,Lestari Hidayat,Female,41,Lawyer,Middle,Yogyakarta,Yogyakarta,Individual
1546,Wahyu Maulana,Male,51,Lawyer,Low,Sleman,Yogyakarta,Individual
1547,Eko Permana,Male,61,Teacher,Middle,Bogor,West Java,Individual
1548,Budi Lestari,Male,29,Teacher,Middle,Bogor,West Java,Individual
1549,Bayu Santoso,Male,47,Engineer,Upper-Middle,Pontianak,West Kalimantan,Individual
1550,Lestari Kurniawan,Female,37,Professional,Upper-Middle,Solo,Central Java,Individual
1551,Citra Kurniawan,Female,58,Professional,Upper-Middle,Bekasi,West Java,Individual
1552,Dewi Halim,Female,60,Engineer,Middle,Semarang,Central Java,Individual
1553,Fajar Santoso,Male,60,Entrepreneur,Upper-Middle,Magelang,Central Java,Individual
1554,Aldi Halim,Male,62,Consultant,Upper-Middle,Dumai,Riau,Individual
1555,Rina Saputra,Female,42,Manager,Middle,Banjarbaru,South Kalimantan,Individual
1556,Dewi Halim,Female,22,Entrepreneur,Upper-Middle,Bogor,West Java,Individual
1557,Andi Setiawan,Male,57,Doctor,Upper-Middle,Surabaya,East Java,Individual
1558,Wati Hidayat,Female,46,Lawyer,Middle,Bekasi,West Java,Individual
1559,Ratna Anggraini,Female,45,Civil Servant,Upper-Middle,Yogyakarta,Yogyakarta,Individual
1560,PT Gunawan Mandiri,N/A,0,Corporate,High,Dumai,Riau,Corporate
1561,Budi Wijaya,Male,48,Lawyer,Upper-Middle,Manado,North Sulawesi,Individual
1562,Indah Hidayat,Female,36,Doctor,Middle,Metro,Lampung,Individual
1563,Indah Anggraini,Female,56,Lawyer,Upper-Middle,Jakarta Utara,DKI Jakarta,Individual
1564,Fajar Lestari,Male,27,Consultant,Middle,Lubuklinggau,South Sumatra,Individual
1565,PT Lestari Logistik,N/A,0,Corporate,High,Makassar,South Sulawesi,Corporate
1566,Lestari Pratama,Female,43,Lawyer,Middle,Magelang,Central Java,Individual
1567,Indah Hidayat,Female,40,Engineer,Middle,Cilegon,Banten,Individual
1568,Siti Gunawan,Female,52,Retail Owner,Upper-Middle,Sleman,Yogyakarta,Individual
1569,PT Santoso Sentosa,N/A,0,Corporate,High,Cimahi,West Java,Corporate
1570,Maya Permana,Female,38,Civil Servant,Low,Cimahi,West Java,Individual
1571,Citra Wijaya,Female,38,Entrepreneur,Upper-Middle,Cimahi,West Java,Individual
1572,Eko Halim,Male,31,Doctor,Upper-Middle,Bukittinggi,West Sumatra,Individual
1573,Dimas Halim,Male,44,Civil Servant,Low,Jakarta Selatan,DKI Jakarta,Individual
1574,Maya Lestari,Female,56,Engineer,Middle,Bukittinggi,West Sumatra,Individual
1575,Siti Nugroho,Female,50,Entrepreneur,Middle,Cilegon,Banten,Individual
1576,Ratna Kurniawan,Female,61,Engineer,High,Singkawang,West Kalimantan,Individual
1577,Wati Halim,Female,47,Consultant,Middle,Pekanbaru,Riau,Individual
1578,Agus Rahmawati,Male,22,Professional,Upper-Middle,Samarinda,East Kalimantan,Individual
1579,Sari Saputra,Female,40,Entrepreneur,Middle,Tangerang,Banten,Individual
1580,Fajar Gunawan,Male,29,Manager,Upper-Middle,Tangerang,Banten,Individual
1581,Aldi Santoso,Male,33,Engineer,Middle,Jakarta Timur,DKI Jakarta,Individual
1582,Maya Wijaya,Female,26,Entrepreneur,Middle,Solo,Central Java,Individual
1583,Putri Lestari,Female,26,Lawyer,Middle,Manado,North Sulawesi,Individual
1584,Rina Halim,Female,28,Professional,High,Medan,North Sumatra,Individual
1585,PT Anggraini Mandiri,N/A,0,Corporate,High,Padang,West Sumatra,Corporate
1586,Aldi Pratama,Male,46,Consultant,Middle,Padang,West Sumatra,Individual
1587,Ayu Kurniawan,Female,47,Entrepreneur,Upper-Middle,Balikpapan,East Kalimantan,Individual
1588,Dewi Halim,Female,56,Manager,High,Sleman,Yogyakarta,Individual
1589,PT Hidayat Group,N/A,0,Corporate,High,Jayapura,Papua,Corporate
1590,Dewi Permana,Female,51,Consultant,Upper-Middle,Bekasi,West Java,Individual
1591,PT Setiawan Mandiri,N/A,0,Corporate,High,Bogor,West Java,Corporate
1592,Ayu Santoso,Female,62,Entrepreneur,Middle,Jakarta Pusat,DKI Jakarta,Individual
1593,Yusuf Kurniawan,Male,26,Entrepreneur,Upper-Middle,Bukittinggi,West Sumatra,Individual
1594,PT Kurniawan Logistik,N/A,0,Corporate,High,Yogyakarta,Yogyakarta,Corporate
1595,Wati Permana,Female,56,Civil Servant,Middle,Jakarta Selatan,DKI Jakarta,Individual
1596,Yusuf Anggraini,Male,61,Civil Servant,Low,Pekanbaru,Riau,Individual
1597,Ratna Maulana,Female,28,Professional,Middle,Tangerang,Banten,Individual
1598,Budi Maulana,Male,34,Teacher,Middle,Banjarbaru,South Kalimantan,Individual
1599,Agus Permana,Male,35,Professional,Upper-Middle,Surabaya,East Java,Individual
1600,Putri Setiawan,Female,45,Civil Servant,Middle,Tangerang,Banten,Individual
1601,Citra Wijaya,Female,23,Professional,High,Jakarta Pusat,DKI Jakarta,Individual
1602,Indah Setiawan,Female,52,Consultant,Upper-Middle,Sleman,Yogyakarta,Individual
1603,Eko Halim,Male,24,Engineer,Upper-Middle,Bandar Lampung,Lampung,Individual
1604,Bayu Saputra,Male,34,Teacher,Low,Jakarta Utara,DKI Jakarta,Individual
1605,Yusuf Maulana,Male,62,Civil Servant,Upper-Middle,Bandung,West Java,Individual
1606,Ayu Wijaya,Female,32,Engineer,Upper-Middle,Sleman,Yogyakarta,Individual
1607,Sari Halim,Female,51,Civil Servant,Low,Bandar Lampung,Lampung,Individual
1608,Fitri Santoso,Female,26,Manager,High,Metro,Lampung,Individual
1609,Rina Maulana,Female,29,Doctor,Middle,Sleman,Yogyakarta,Individual
1610,Budi Lestari,Male,59,Retail Owner,Middle,Makassar,South Sulawesi,Individual
1611,Sari Wijaya,Female,51,Teacher,Upper-Middle,Palembang,South Sumatra,Individual
1612,Rizki Wijaya,Male,29,Doctor,Upper-Middle,Bogor,West Java,Individual
1613,Dani Maulana,Male,62,Manager,High,Makassar,South Sulawesi,Individual
1614,Ratna Saputra,Female,59,Doctor,Middle,Jakarta Timur,DKI Jakarta,Individual
1615,Lestari Saputra,Female,59,Entrepreneur,High,Parepare,South Sulawesi,Individual
1616,PT Kurniawan Group,N/A,0,Corporate,High,Tangerang,Banten,Corporate
1617,Yusuf Lestari,Male,37,Civil Servant,Low,Padang,West Sumatra,Individual
1618,Putra Santoso,Male,23,Retail Owner,Middle,Sleman,Yogyakarta,Individual
1619,Yusuf Lestari,Male,30,Entrepreneur,High,Gresik,East Java,Individual
1620,Hendra Anggraini,Male,43,Professional,Middle,Malang,East Java,Individual
1621,Nadia Anggraini,Female,25,Professional,Middle,Manado,North Sulawesi,Individual
1622,Lestari Pratama,Female,45,Doctor,Middle,Pematangsiantar,North Sumatra,Individual
1623,Rina Rahmawati,Female,29,Doctor,Upper-Middle,Bandar Lampung,Lampung,Individual
1624,Fitri Gunawan,Female,49,Lawyer,Middle,Gresik,East Java,Individual
1625,Yusuf Setiawan,Male,56,Retail Owner,Upper-Middle,Gresik,East Java,Individual
1626,Dimas Anggraini,Male,51,Professional,Low,Bogor,West Java,Individual
1627,Dewi Setiawan,Female,31,Manager,Middle,Parepare,South Sulawesi,Individual
1628,Yusuf Hidayat,Male,48,Professional,Middle,Palembang,South Sumatra,Individual
1629,PT Kurniawan Group,N/A,0,Corporate,High,Banjarbaru,South Kalimantan,Corporate
1630,Ayu Halim,Female,55,Engineer,Upper-Middle,Malang,East Java,Individual
1631,Rina Lestari,Female,45,Teacher,High,Balikpapan,East Kalimantan,Individual
1632,Fajar Anggraini,Male,32,Civil Servant,Upper-Middle,Bekasi,West Java,Individual
1633,Agus Halim,Male,30,Entrepreneur,Middle,Cimahi,West Java,Individual
1634,Putri Hidayat,Female,50,Entrepreneur,Middle,Surabaya,East Java,Individual
1635,Citra Wijaya,Female,51,Engineer,High,Sleman,Yogyakarta,Individual
1636,Citra Halim,Female,31,Professional,Upper-Middle,Bukittinggi,West Sumatra,Individual
1637,Eko Gunawan,Male,57,Lawyer,Low,Tangerang,Banten,Individual
1638,Siti Halim,Female,34,Entrepreneur,Upper-Middle,Malang,East Java,Individual
1639,Wati Gunawan,Female,27,Retail Owner,High,Solo,Central Java,Individual
1640,Aldi Gunawan,Male,45,Manager,Middle,Bukittinggi,West Sumatra,Individual
1641,Sari Hidayat,Female,41,Lawyer,High,Makassar,South Sulawesi,Individual
1642,Citra Lestari,Female,40,Civil Servant,Middle,Bukittinggi,West Sumatra,Individual
1643,Eko Saputra,Male,41,Retail Owner,Middle,Manado,North Sulawesi,Individual
1644,Andi Kurniawan,Male,62,Retail Owner,High,Serang,Banten,Individual
1645,Dimas Wijaya,Male,46,Lawyer,Middle,Sidoarjo,East Java,Individual
1646,Rina Pratama,Female,22,Professional,Middle,Sleman,Yogyakarta,Individual
1647,Indah Wijaya,Female,53,Engineer,High,Medan,North Sumatra,Individual
1648,Fajar Setiawan,Male,45,Professional,Upper-Middle,Gresik,East Java,Individual
1649,Wahyu Nugroho,Male,32,Civil Servant,Upper-Middle,Magelang,Central Java,Individual
1650,Rizki Hidayat,Male,48,Engineer,Upper-Middle,Badung,Bali,Individual
1651,Bayu Saputra,Male,62,Teacher,Middle,Cimahi,West Java,Individual
1652,Maya Gunawan,Female,45,Civil Servant,Low,Bandung,West Java,Individual
1653,Citra Lestari,Female,48,Civil Servant,Middle,Makassar,South Sulawesi,Individual
1654,Dani Anggraini,Male,57,Manager,Upper-Middle,Banjarmasin,South Kalimantan,Individual
1655,Budi Permana,Male,30,Civil Servant,High,Sidoarjo,East Java,Individual
1656,Putri Setiawan,Female,41,Civil Servant,Low,Balikpapan,East Kalimantan,Individual
1657,Putri Saputra,Female,30,Entrepreneur,High,Jakarta Selatan,DKI Jakarta,Individual
1658,Siti Saputra,Female,28,Lawyer,Low,Bandar Lampung,Lampung,Individual
1659,Siti Santoso,Female,41,Doctor,Upper-Middle,Pematangsiantar,North Sumatra,Individual
1660,Eko Gunawan,Male,44,Retail Owner,Low,Sleman,Yogyakarta,Individual
1661,Wahyu Rahmawati,Male,61,Entrepreneur,Middle,Jakarta Utara,DKI Jakarta,Individual
1662,Rizki Wijaya,Male,56,Teacher,Low,Dumai,Riau,Individual
1663,Yusuf Gunawan,Male,28,Doctor,Middle,Solo,Central Java,Individual
1664,Dewi Maulana,Female,42,Teacher,Middle,Depok,West Java,Individual
1665,Budi Hidayat,Male,53,Engineer,Low,Cilegon,Banten,Individual
1666,Rina Rahmawati,Female,48,Lawyer,Middle,Balikpapan,East Kalimantan,Individual
1667,Putri Pratama,Female,53,Professional,Upper-Middle,Cilegon,Banten,Individual
1668,Indah Setiawan,Female,59,Teacher,High,Pekanbaru,Riau,Individual
1669,Rina Halim,Female,47,Engineer,Middle,Banjarbaru,South Kalimantan,Individual
1670,Citra Maulana,Female,47,Consultant,Middle,Bukittinggi,West Sumatra,Individual
1671,Dewi Santoso,Female,38,Professional,Middle,Bandung,West Java,Individual
1672,Yusuf Gunawan,Male,23,Civil Servant,High,Sleman,Yogyakarta,Individual
1673,Dani Santoso,Male,55,Lawyer,Upper-Middle,Samarinda,East Kalimantan,Individual
1674,Fitri Hidayat,Female,56,Professional,Middle,Badung,Bali,Individual
1675,Ratna Kurniawan,Female,50,Engineer,Middle,Cilegon,Banten,Individual
1676,Yusuf Kurniawan,Male,30,Lawyer,Middle,Jakarta Utara,DKI Jakarta,Individual
1677,Ayu Rahmawati,Female,32,Manager,Middle,Magelang,Central Java,Individual
1678,Citra Nugroho,Female,42,Teacher,Low,Bogor,West Java,Individual
1679,Dani Anggraini,Male,62,Manager,Middle,Sidoarjo,East Java,Individual
1680,Dimas Saputra,Male,41,Professional,Upper-Middle,Parepare,South Sulawesi,Individual
1681,Bayu Hidayat,Male,24,Entrepreneur,Middle,Bitung,North Sulawesi,Individual
1682,Agus Kurniawan,Male,58,Doctor,Middle,Semarang,Central Java,Individual
1683,Putri Halim,Female,41,Professional,Middle,Magelang,Central Java,Individual
1684,Rizki Nugroho,Male,25,Professional,Middle,Cimahi,West Java,Individual
1685,Fajar Hidayat,Male,39,Doctor,Low,Singkawang,West Kalimantan,Individual
1686,Putra Permana,Male,41,Doctor,Middle,Sleman,Yogyakarta,Individual
1687,Lestari Rahmawati,Female,51,Civil Servant,Upper-Middle,Jakarta Utara,DKI Jakarta,Individual
1688,Putra Permana,Male,51,Retail Owner,Middle,Metro,Lampung,Individual
1689,Bayu Saputra,Male,45,Manager,Middle,Sleman,Yogyakarta,Individual
1690,Putra Saputra,Male,48,Retail Owner,Middle,Bogor,West Java,Individual
1691,Budi Wijaya,Male,34,Lawyer,Low,Singkawang,West Kalimantan,Individual
1692,Indah Gunawan,Female,24,Engineer,Middle,Jakarta Barat,DKI Jakarta,Individual
1693,Putra Permana,Male,24,Professional,High,Jakarta Selatan,DKI Jakarta,Individual
1694,Ratna Santoso,Female,48,Civil Servant,High,Binjai,North Sumatra,Individual
1695,Bayu Gunawan,Male,59,Professional,High,Bitung,North Sulawesi,Individual
1696,Dani Maulana,Male,42,Doctor,Middle,Magelang,Central Java,Individual
1697,Eko Santoso,Male,33,Retail Owner,Middle,Solo,Central Java,Individual
1698,PT Hidayat Group,N/A,0,Corporate,High,Yogyakarta,Yogyakarta,Corporate
1699,Rizki Anggraini,Male,31,Retail Owner,Middle,Palembang,South Sumatra,Individual
1700,PT Anggraini Jaya,N/A,0,Corporate,High,Pematangsiantar,North Sumatra,Corporate
1701,Maya Gunawan,Female,45,Lawyer,High,Bandar Lampung,Lampung,Individual
1702,Intan Anggraini,Female,38,Doctor,Middle,Parepare,South Sulawesi,Individual
1703,Aldi Lestari,Male,62,Entrepreneur,Middle,Banjarbaru,South Kalimantan,Individual
1704,Wahyu Maulana,Male,53,Professional,Middle,Gresik,East Java,Individual
1705,Fitri Santoso,Female,44,Lawyer,Middle,Metro,Lampung,Individual
1706,Putra Gunawan,Male,33,Manager,Upper-Middle,Balikpapan,East Kalimantan,Individual
1707,Sari Halim,Female,27,Retail Owner,Low,Yogyakarta,Yogyakarta,Individual
1708,Ayu Lestari,Female,30,Doctor,Middle,Lubuklinggau,South Sumatra,Individual
1709,Putri Kurniawan,Female,46,Entrepreneur,High,Makassar,South Sulawesi,Individual
1710,Aldi Santoso,Male,51,Manager,Middle,Pekanbaru,Riau,Individual
1711,Putri Santoso,Female,45,Manager,Middle,Jakarta Utara,DKI Jakarta,Individual
1712,Ratna Gunawan,Female,53,Engineer,Low,Dumai,Riau,Individual
1713,Putri Kurniawan,Female,35,Manager,Upper-Middle,Mataram,West Nusa Tenggara,Individual
1714,Andi Nugroho,Male,38,Retail Owner,Middle,Bogor,West Java,Individual
1715,Dewi Pratama,Female,52,Doctor,Middle,Sleman,Yogyakarta,Individual
1716,Nadia Halim,Female,38,Doctor,Low,Jakarta Barat,DKI Jakarta,Individual
1717,Lestari Gunawan,Female,60,Consultant,Upper-Middle,Samarinda,East Kalimantan,Individual
1718,Indah Gunawan,Female,45,Engineer,Middle,Makassar,South Sulawesi,Individual
1719,Intan Hidayat,Female,51,Civil Servant,Middle,Serang,Banten,Individual
1720,Siti Wijaya,Female,53,Manager,High,Banjarbaru,South Kalimantan,Individual
1721,Lestari Permana,Female,38,Lawyer,Middle,Bogor,West Java,Individual
1722,Bayu Permana,Male,62,Doctor,Upper-Middle,Bandung,West Java,Individual
1723,Maya Wijaya,Female,51,Lawyer,Middle,Mataram,West Nusa Tenggara,Individual
1724,Ayu Lestari,Female,29,Professional,Upper-Middle,Parepare,South Sulawesi,Individual
1725,Putri Permana,Female,32,Retail Owner,Upper-Middle,Banjarmasin,South Kalimantan,Individual
1726,Bayu Maulana,Male,58,Professional,Middle,Parepare,South Sulawesi,Individual
1727,Rizki Gunawan,Male,29,Civil Servant,Middle,Jakarta Barat,DKI Jakarta,Individual
1728,PT Lestari Sentosa,N/A,0,Corporate,High,Sleman,Yogyakarta,Corporate
1729,Agus Pratama,Male,61,Doctor,High,Yogyakarta,Yogyakarta,Individual
1730,Sari Maulana,Female,25,Professional,Upper-Middle,Serang,Banten,Individual
1731,Dimas Maulana,Male,47,Manager,Low,Samarinda,East Kalimantan,Individual
1732,Budi Nugroho,Male,53,Teacher,Upper-Middle,Palembang,South Sumatra,Individual
1733,Fitri Saputra,Female,53,Professional,Middle,Gresik,East Java,Individual
1734,Lestari Wijaya,Female,49,Lawyer,Upper-Middle,Serang,Banten,Individual
1735,Aldi Lestari,Male,55,Manager,Upper-Middle,Gresik,East Java,Individual
1736,PT Wijaya Sentosa,N/A,0,Corporate,High,Pontianak,West Kalimantan,Corporate
1737,Maya Halim,Female,25,Manager,Middle,Parepare,South Sulawesi,Individual
1738,Sari Nugroho,Female,59,Civil Servant,Low,Jakarta Timur,DKI Jakarta,Individual
1739,Siti Santoso,Female,48,Lawyer,High,Cilegon,Banten,Individual
1740,Lestari Maulana,Female,38,Civil Servant,Middle,Makassar,South Sulawesi,Individual
1741,PT Kurniawan Group,N/A,0,Corporate,High,Mataram,West Nusa Tenggara,Corporate
1742,PT Gunawan Mandiri,N/A,0,Corporate,High,Jakarta Pusat,DKI Jakarta,Corporate
1743,Ratna Gunawan,Female,60,Manager,Upper-Middle,Serang,Banten,Individual
1744,Eko Wijaya,Male,22,Entrepreneur,Middle,Banjarmasin,South Kalimantan,Individual
1745,Putra Saputra,Male,49,Professional,Upper-Middle,Banjarmasin,South Kalimantan,Individual
1746,Putri Lestari,Female,49,Lawyer,Low,Depok,West Java,Individual
1747,Lestari Saputra,Female,34,Teacher,Middle,Pontianak,West Kalimantan,Individual
1748,PT Permana Mandiri,N/A,0,Corporate,High,Bukittinggi,West Sumatra,Corporate
1749,Siti Lestari,Female,47,Lawyer,Middle,Cilegon,Banten,Individual
1750,Bayu Pratama,Male,49,Lawyer,Upper-Middle,Gresik,East Java,Individual
1751,Ayu Setiawan,Female,49,Teacher,Low,Depok,West Java,Individual
1752,Fajar Anggraini,Male,43,Civil Servant,High,Banjarbaru,South Kalimantan,Individual
1753,Indah Permana,Female,45,Engineer,Upper-Middle,Balikpapan,East Kalimantan,Individual
1754,Putra Lestari,Male,30,Manager,Middle,Semarang,Central Java,Individual
1755,Maya Saputra,Female,35,Teacher,Middle,Mataram,West Nusa Tenggara,Individual
1756,Wahyu Permana,Male,54,Retail Owner,Low,Semarang,Central Java,Individual
1757,Yusuf Nugroho,Male,43,Civil Servant,Upper-Middle,Banjarbaru,South Kalimantan,Individual
1758,Reza Pratama,Male,50,Retail Owner,Upper-Middle,Denpasar,Bali,Individual
1759,Wahyu Rahmawati,Male,24,Teacher,Middle,Jakarta Pusat,DKI Jakarta,Individual
1760,Nadia Lestari,Female,54,Teacher,Middle,Parepare,South Sulawesi,Individual
1761,Wahyu Saputra,Male,50,Lawyer,High,Balikpapan,East Kalimantan,Individual
1762,Budi Nugroho,Male,45,Civil Servant,Upper-Middle,Yogyakarta,Yogyakarta,Individual
1763,Citra Saputra,Female,30,Consultant,Upper-Middle,Solo,Central Java,Individual
1764,Siti Lestari,Female,31,Professional,Upper-Middle,Bandar Lampung,Lampung,Individual
1765,Citra Wijaya,Female,49,Consultant,Low,Pekanbaru,Riau,Individual
1766,Indah Anggraini,Female,57,Entrepreneur,High,Lubuklinggau,South Sumatra,Individual
1767,Reza Kurniawan,Male,50,Manager,Upper-Middle,Bitung,North Sulawesi,Individual
1768,Dewi Pratama,Female,56,Doctor,Middle,Dumai,Riau,Individual
1769,Fitri Hidayat,Female,62,Engineer,Middle,Cilegon,Banten,Individual
1770,Nadia Kurniawan,Female,54,Consultant,Low,Sidoarjo,East Java,Individual
1771,Dani Gunawan,Male,29,Teacher,Middle,Jakarta Timur,DKI Jakarta,Individual
1772,Agus Nugroho,Male,40,Manager,Upper-Middle,Banjarmasin,South Kalimantan,Individual
1773,Budi Hidayat,Male,55,Professional,Upper-Middle,Singkawang,West Kalimantan,Individual
1774,Ratna Kurniawan,Female,27,Doctor,Low,Depok,West Java,Individual
1775,Wati Rahmawati,Female,47,Retail Owner,Upper-Middle,Solo,Central Java,Individual
1776,Ayu Setiawan,Female,53,Consultant,Upper-Middle,Bekasi,West Java,Individual
1777,Putri Setiawan,Female,54,Lawyer,Upper-Middle,Depok,West Java,Individual
1778,PT Anggraini Logistik,N/A,0,Corporate,High,Serang,Banten,Corporate
1779,Dewi Santoso,Female,45,Teacher,Upper-Middle,Bandung,West Java,Individual
1780,Maya Nugroho,Female,53,Entrepreneur,Low,Serang,Banten,Individual
1781,Intan Nugroho,Female,35,Consultant,Middle,Medan,North Sumatra,Individual
1782,Hendra Lestari,Male,58,Lawyer,Middle,Gresik,East Java,Individual
1783,Dani Wijaya,Male,54,Civil Servant,Upper-Middle,Banjarbaru,South Kalimantan,Individual
1784,Dewi Maulana,Female,61,Teacher,Upper-Middle,Depok,West Java,Individual
1785,Nadia Nugroho,Female,27,Consultant,Upper-Middle,Metro,Lampung,Individual
1786,Dimas Halim,Male,56,Doctor,Upper-Middle,Cilegon,Banten,Individual
1787,Budi Gunawan,Male,56,Retail Owner,Middle,Bekasi,West Java,Individual
1788,Indah Halim,Female,24,Civil Servant,Middle,Bitung,North Sulawesi,Individual
1789,Indah Nugroho,Female,27,Civil Servant,Low,Bogor,West Java,Individual
1790,Eko Nugroho,Male,48,Entrepreneur,Upper-Middle,Malang,East Java,Individual
1791,Indah Santoso,Female,42,Professional,Middle,Bitung,North Sulawesi,Individual
1792,PT Saputra Mandiri,N/A,0,Corporate,High,Cilegon,Banten,Corporate
1793,Dewi Nugroho,Female,25,Entrepreneur,Middle,Jakarta Timur,DKI Jakarta,Individual
1794,Aldi Anggraini,Male,23,Doctor,Middle,Jayapura,Papua,Individual
1795,Rizki Halim,Male,48,Civil Servant,Middle,Banjarmasin,South Kalimantan,Individual
1796,Dani Saputra,Male,56,Entrepreneur,High,Jayapura,Papua,Individual
1797,PT Gunawan Jaya,N/A,0,Corporate,High,Serang,Banten,Corporate
1798,PT Halim Sentosa,N/A,0,Corporate,High,Bitung,North Sulawesi,Corporate
1799,Sari Permana,Female,62,Civil Servant,Middle,Pontianak,West Kalimantan,Individual
1800,Rizki Santoso,Male,47,Manager,Upper-Middle,Banjarbaru,South Kalimantan,Individual
1801,Intan Gunawan,Female,43,Engineer,Upper-Middle,Jayapura,Papua,Individual
1802,Sari Saputra,Female,51,Entrepreneur,High,Yogyakarta,Yogyakarta,Individual
1803,Aldi Pratama,Male,33,Consultant,Middle,Bitung,North Sulawesi,Individual
1804,Bayu Pratama,Male,50,Teacher,Upper-Middle,Magelang,Central Java,Individual
1805,Budi Lestari,Male,45,Engineer,High,Bandung,West Java,Individual
1806,Rina Santoso,Female,61,Lawyer,Upper-Middle,Balikpapan,East Kalimantan,Individual
1807,Rizki Lestari,Male,60,Professional,Middle,Sleman,Yogyakarta,Individual
1808,Putri Rahmawati,Female,34,Professional,Upper-Middle,Yogyakarta,Yogyakarta,Individual
1809,Eko Nugroho,Male,58,Entrepreneur,Upper-Middle,Manado,North Sulawesi,Individual
1810,Wati Rahmawati,Female,51,Teacher,Low,Yogyakarta,Yogyakarta,Individual
1811,Maya Santoso,Female,55,Entrepreneur,Middle,Jakarta Pusat,DKI Jakarta,Individual
1812,Fitri Lestari,Female,42,Entrepreneur,Low,Jakarta Utara,DKI Jakarta,Individual
1813,Reza Kurniawan,Male,26,Professional,High,Sidoarjo,East Java,Individual
1814,Andi Lestari,Male,49,Engineer,Upper-Middle,Sleman,Yogyakarta,Individual
1815,Rina Hidayat,Female,25,Retail Owner,Upper-Middle,Bandung,West Java,Individual
1816,Putra Lestari,Male,59,Teacher,Middle,Badung,Bali,Individual
1817,Dani Wijaya,Male,25,Professional,High,Gresik,East Java,Individual
1818,Bayu Pratama,Male,40,Doctor,Upper-Middle,Serang,Banten,Individual
1819,Yusuf Kurniawan,Male,51,Entrepreneur,Upper-Middle,Parepare,South Sulawesi,Individual
1820,Lestari Saputra,Female,28,Doctor,Low,Jakarta Utara,DKI Jakarta,Individual
1821,Putra Rahmawati,Male,38,Civil Servant,Middle,Serang,Banten,Individual
1822,Andi Wijaya,Male,41,Engineer,Upper-Middle,Sleman,Yogyakarta,Individual
1823,Eko Lestari,Male,41,Retail Owner,Upper-Middle,Jakarta Utara,DKI Jakarta,Individual
1824,Andi Saputra,Male,54,Teacher,Upper-Middle,Jakarta Timur,DKI Jakarta,Individual
1825,Putra Anggraini,Male,34,Lawyer,Upper-Middle,Sleman,Yogyakarta,Individual
1826,Ratna Halim,Female,58,Civil Servant,High,Bukittinggi,West Sumatra,Individual
1827,Yusuf Saputra,Male,22,Doctor,Upper-Middle,Padang,West Sumatra,Individual
1828,Citra Setiawan,Female,46,Entrepreneur,Middle,Jakarta Barat,DKI Jakarta,Individual
1829,PT Nugroho Mandiri,N/A,0,Corporate,High,Jakarta Pusat,DKI Jakarta,Corporate
1830,Siti Pratama,Female,34,Teacher,Middle,Malang,East Java,Individual
1831,Eko Saputra,Male,23,Civil Servant,Middle,Jakarta Selatan,DKI Jakarta,Individual
1832,Agus Anggraini,Male,35,Consultant,Middle,Malang,East Java,Individual
1833,Intan Setiawan,Female,26,Doctor,Low,Makassar,South Sulawesi,Individual
1834,Sari Halim,Female,49,Retail Owner,High,Jakarta Utara,DKI Jakarta,Individual
1835,Citra Wijaya,Female,42,Consultant,Middle,Palembang,South Sumatra,Individual
1836,Rina Setiawan,Female,27,Civil Servant,Upper-Middle,Banjarmasin,South Kalimantan,Individual
1837,Ayu Rahmawati,Female,51,Lawyer,Middle,Metro,Lampung,Individual
1838,Wati Anggraini,Female,59,Doctor,Upper-Middle,Depok,West Java,Individual
1839,Indah Anggraini,Female,46,Consultant,Upper-Middle,Bitung,North Sulawesi,Individual
1840,Rizki Lestari,Male,55,Retail Owner,Middle,Magelang,Central Java,Individual
1841,Ayu Kurniawan,Female,48,Entrepreneur,Middle,Gresik,East Java,Individual
1842,Rizki Gunawan,Male,26,Consultant,Middle,Cilegon,Banten,Individual
1843,Intan Saputra,Female,28,Teacher,Low,Tangerang,Banten,Individual
1844,Maya Nugroho,Female,39,Entrepreneur,Middle,Dumai,Riau,Individual
1845,Ratna Hidayat,Female,47,Lawyer,High,Banjarmasin,South Kalimantan,Individual
1846,Wahyu Kurniawan,Male,36,Consultant,Middle,Padang,West Sumatra,Individual
1847,Nadia Permana,Female,51,Manager,Middle,Depok,West Java,Individual
1848,Ratna Rahmawati,Female,23,Entrepreneur,Middle,Bogor,West Java,Individual
1849,Sari Saputra,Female,48,Teacher,Middle,Metro,Lampung,Individual
1850,Aldi Wijaya,Male,31,Manager,High,Jayapura,Papua,Individual
1851,Dewi Rahmawati,Female,46,Engineer,Middle,Serang,Banten,Individual
1852,Putra Rahmawati,Male,33,Civil Servant,Low,Padang,West Sumatra,Individual
1853,Maya Saputra,Female,36,Teacher,Middle,Semarang,Central Java,Individual
1854,Agus Permana,Male,48,Lawyer,Middle,Badung,Bali,Individual
1855,Intan Permana,Female,35,Lawyer,Middle,Magelang,Central Java,Individual
1856,Lestari Saputra,Female,54,Civil Servant,Upper-Middle,Bandung,West Java,Individual
1857,Lestari Maulana,Female,37,Lawyer,Middle,Bitung,North Sulawesi,Individual
1858,Rizki Gunawan,Male,51,Retail Owner,Middle,Singkawang,West Kalimantan,Individual
1859,Hendra Saputra,Male,33,Civil Servant,High,Bukittinggi,West Sumatra,Individual
1860,Hendra Setiawan,Male,24,Professional,Middle,Bitung,North Sulawesi,Individual
1861,Aldi Lestari,Male,48,Professional,High,Surabaya,East Java,Individual
1862,Indah Lestari,Female,32,Professional,Middle,Semarang,Central Java,Individual
1863,Indah Hidayat,Female,47,Professional,Upper-Middle,Jakarta Barat,DKI Jakarta,Individual
1864,Agus Gunawan,Male,51,Doctor,Middle,Cilegon,Banten,Individual
1865,Putri Lestari,Female,39,Professional,Upper-Middle,Jakarta Utara,DKI Jakarta,Individual
1866,Bayu Setiawan,Male,47,Engineer,Middle,Pematangsiantar,North Sumatra,Individual
1867,Putri Saputra,Female,24,Entrepreneur,High,Magelang,Central Java,Individual
1868,Hendra Setiawan,Male,41,Doctor,Middle,Jakarta Timur,DKI Jakarta,Individual
1869,Intan Saputra,Female,34,Doctor,Low,Jakarta Barat,DKI Jakarta,Individual
1870,Dimas Anggraini,Male,28,Entrepreneur,Upper-Middle,Balikpapan,East Kalimantan,Individual
1871,Wahyu Hidayat,Male,42,Manager,Middle,Cimahi,West Java,Individual
1872,Dimas Saputra,Male,28,Teacher,Middle,Magelang,Central Java,Individual
1873,PT Gunawan Sentosa,N/A,0,Corporate,High,Bandung,West Java,Corporate
1874,Siti Santoso,Female,35,Consultant,Middle,Pontianak,West Kalimantan,Individual
1875,Rizki Santoso,Male,60,Teacher,Middle,Padang,West Sumatra,Individual
1876,Ratna Gunawan,Female,52,Manager,Low,Serang,Banten,Individual
1877,Bayu Halim,Male,22,Doctor,Middle,Binjai,North Sumatra,Individual
1878,Fajar Santoso,Male,25,Manager,Middle,Bekasi,West Java,Individual
1879,Dimas Anggraini,Male,60,Engineer,High,Malang,East Java,Individual
1880,Bayu Maulana,Male,48,Teacher,Upper-Middle,Jakarta Pusat,DKI Jakarta,Individual
1881,Bayu Pratama,Male,37,Consultant,Upper-Middle,Dumai,Riau,Individual
1882,Wati Pratama,Female,26,Civil Servant,Upper-Middle,Bandung,West Java,Individual
1883,Budi Wijaya,Male,59,Consultant,Middle,Balikpapan,East Kalimantan,Individual
1884,PT Setiawan Jaya,N/A,0,Corporate,High,Palembang,South Sumatra,Corporate
1885,Fajar Saputra,Male,41,Engineer,Middle,Yogyakarta,Yogyakarta,Individual
1886,Dewi Hidayat,Female,47,Retail Owner,Middle,Magelang,Central Java,Individual
1887,Wahyu Maulana,Male,52,Retail Owner,Low,Jakarta Barat,DKI Jakarta,Individual
1888,Rizki Kurniawan,Male,51,Lawyer,Middle,Cilegon,Banten,Individual
1889,PT Wijaya Jaya,N/A,0,Corporate,High,Semarang,Central Java,Corporate
1890,PT Kurniawan Mandiri,N/A,0,Corporate,High,Bitung,North Sulawesi,Corporate
1891,Indah Lestari,Female,41,Professional,Upper-Middle,Semarang,Central Java,Individual
1892,Dimas Maulana,Male,49,Consultant,High,Banjarbaru,South Kalimantan,Individual
1893,Nadia Pratama,Female,46,Entrepreneur,High,Dumai,Riau,Individual
1894,Wati Setiawan,Female,23,Civil Servant,Upper-Middle,Lubuklinggau,South Sumatra,Individual
1895,Andi Santoso,Male,27,Consultant,Upper-Middle,Manado,North Sulawesi,Individual
1896,Putri Permana,Female,49,Manager,Middle,Cilegon,Banten,Individual
1897,Citra Anggraini,Female,27,Engineer,Low,Malang,East Java,Individual
1898,Nadia Nugroho,Female,22,Professional,High,Balikpapan,East Kalimantan,Individual
1899,Fitri Kurniawan,Female,40,Civil Servant,Upper-Middle,Malang,East Java,Individual
1900,Bayu Santoso,Male,50,Civil Servant,Middle,Bandung,West Java,Individual
1901,Rizki Anggraini,Male,48,Professional,Middle,Makassar,South Sulawesi,Individual
1902,Dewi Nugroho,Female,26,Professional,Middle,Solo,Central Java,Individual
1903,PT Maulana Logistik,N/A,0,Corporate,High,Jakarta Utara,DKI Jakarta,Corporate
1904,Hendra Halim,Male,55,Teacher,High,Singkawang,West Kalimantan,Individual
1905,Sari Gunawan,Female,43,Manager,High,Singkawang,West Kalimantan,Individual
1906,Ratna Hidayat,Female,28,Entrepreneur,Low,Manado,North Sulawesi,Individual
1907,Nadia Maulana,Female,37,Doctor,Middle,Bukittinggi,West Sumatra,Individual
1908,PT Gunawan Sentosa,N/A,0,Corporate,High,Palembang,South Sumatra,Corporate
1909,Wati Lestari,Female,36,Teacher,Upper-Middle,Tangerang,Banten,Individual
1910,Wati Permana,Female,28,Consultant,Upper-Middle,Bekasi,West Java,Individual
1911,Eko Lestari,Male,27,Civil Servant,Middle,Metro,Lampung,Individual
1912,Yusuf Gunawan,Male,56,Professional,Middle,Yogyakarta,Yogyakarta,Individual
1913,Eko Anggraini,Male,42,Lawyer,High,Samarinda,East Kalimantan,Individual
1914,Putra Wijaya,Male,56,Doctor,Upper-Middle,Sleman,Yogyakarta,Individual
1915,Putra Hidayat,Male,46,Doctor,High,Bukittinggi,West Sumatra,Individual
1916,Rizki Santoso,Male,29,Retail Owner,Low,Pekanbaru,Riau,Individual
1917,Indah Halim,Female,22,Manager,Middle,Depok,West Java,Individual
1918,Citra Gunawan,Female,30,Manager,Middle,Pekanbaru,Riau,Individual
1919,PT Permana Sentosa,N/A,0,Corporate,High,Pontianak,West Kalimantan,Corporate
1920,Wati Lestari,Female,31,Retail Owner,Upper-Middle,Yogyakarta,Yogyakarta,Individual
1921,Rizki Permana,Male,58,Manager,Middle,Singkawang,West Kalimantan,Individual
1922,PT Permana Jaya,N/A,0,Corporate,High,Balikpapan,East Kalimantan,Corporate
1923,Aldi Permana,Male,33,Entrepreneur,Upper-Middle,Palembang,South Sumatra,Individual
1924,Indah Gunawan,Female,52,Consultant,High,Padang,West Sumatra,Individual
1925,Nadia Anggraini,Female,34,Teacher,Upper-Middle,Jakarta Pusat,DKI Jakarta,Individual
1926,Wahyu Anggraini,Male,41,Lawyer,Middle,Depok,West Java,Individual
1927,Dimas Saputra,Male,34,Civil Servant,Upper-Middle,Yogyakarta,Yogyakarta,Individual
1928,Wati Permana,Female,32,Entrepreneur,High,Semarang,Central Java,Individual
1929,Lestari Kurniawan,Female,31,Doctor,Upper-Middle,Jakarta Selatan,DKI Jakarta,Individual
1930,Nadia Halim,Female,33,Lawyer,Upper-Middle,Yogyakarta,Yogyakarta,Individual
1931,Maya Gunawan,Female,50,Lawyer,Middle,Jakarta Selatan,DKI Jakarta,Individual
1932,Andi Halim,Male,58,Retail Owner,High,Yogyakarta,Yogyakarta,Individual
1933,Wati Setiawan,Female,49,Consultant,Middle,Surabaya,East Java,Individual
1934,Hendra Rahmawati,Male,56,Retail Owner,Upper-Middle,Jakarta Utara,DKI Jakarta,Individual
1935,Dani Maulana,Male,35,Entrepreneur,High,Makassar,South Sulawesi,Individual
1936,Dewi Pratama,Female,30,Engineer,Upper-Middle,Pematangsiantar,North Sumatra,Individual
1937,Budi Santoso,Male,54,Entrepreneur,Middle,Badung,Bali,Individual
1938,Bayu Anggraini,Male,40,Teacher,Upper-Middle,Serang,Banten,Individual
1939,Lestari Rahmawati,Female,54,Entrepreneur,Middle,Jakarta Pusat,DKI Jakarta,Individual
1940,Ratna Permana,Female,35,Engineer,High,Dumai,Riau,Individual
1941,Dewi Rahmawati,Female,38,Lawyer,Middle,Dumai,Riau,Individual
1942,Wati Kurniawan,Female,31,Doctor,Middle,Sleman,Yogyakarta,Individual
1943,Hendra Permana,Male,31,Retail Owner,Middle,Pontianak,West Kalimantan,Individual
1944,Dewi Rahmawati,Female,29,Teacher,Upper-Middle,Surabaya,East Java,Individual
1945,Putri Permana,Female,36,Professional,Middle,Depok,West Java,Individual
1946,Eko Rahmawati,Male,41,Retail Owner,Upper-Middle,Samarinda,East Kalimantan,Individual
1947,Lestari Santoso,Female,25,Teacher,Middle,Mataram,West Nusa Tenggara,Individual
1948,Ayu Halim,Female,30,Civil Servant,Middle,Pekanbaru,Riau,Individual
1949,Siti Anggraini,Female,62,Lawyer,High,Dumai,Riau,Individual
1950,Citra Lestari,Female,54,Engineer,Middle,Jayapura,Papua,Individual
1951,Rizki Kurniawan,Male,42,Doctor,Upper-Middle,Pematangsiantar,North Sumatra,Individual
1952,Fajar Pratama,Male,27,Manager,Upper-Middle,Semarang,Central Java,Individual
1953,Yusuf Lestari,Male,54,Manager,Upper-Middle,Bandar Lampung,Lampung,Individual
1954,PT Setiawan Mandiri,N/A,0,Corporate,High,Yogyakarta,Yogyakarta,Corporate
1955,Rina Setiawan,Female,55,Consultant,Upper-Middle,Semarang,Central Java,Individual
1956,Budi Hidayat,Male,30,Manager,Middle,Mataram,West Nusa Tenggara,Individual
1957,Agus Anggraini,Male,37,Engineer,Upper-Middle,Samarinda,East Kalimantan,Individual
1958,Rina Pratama,Female,62,Lawyer,Middle,Surabaya,East Java,Individual
1959,Siti Hidayat,Female,22,Entrepreneur,Upper-Middle,Surabaya,East Java,Individual
1960,Hendra Hidayat,Male,22,Consultant,Low,Jakarta Utara,DKI Jakarta,Individual
1961,Dewi Anggraini,Female,53,Lawyer,Low,Pontianak,West Kalimantan,Individual
1962,Sari Kurniawan,Female,33,Lawyer,Middle,Magelang,Central Java,Individual
1963,Nadia Kurniawan,Female,22,Doctor,Middle,Makassar,South Sulawesi,Individual
1964,Hendra Kurniawan,Male,43,Engineer,High,Depok,West Java,Individual
1965,Fitri Lestari,Female,30,Civil Servant,Middle,Singkawang,West Kalimantan,Individual
1966,Dani Pratama,Male,30,Entrepreneur,Middle,Yogyakarta,Yogyakarta,Individual
1967,Indah Halim,Female,22,Manager,Middle,Semarang,Central Java,Individual
1968,Reza Rahmawati,Male,33,Manager,Middle,Pontianak,West Kalimantan,Individual
1969,Reza Setiawan,Male,54,Civil Servant,Upper-Middle,Cilegon,Banten,Individual
1970,Hendra Pratama,Male,39,Retail Owner,High,Manado,North Sulawesi,Individual
1971,Hendra Kurniawan,Male,55,Teacher,Middle,Pekanbaru,Riau,Individual
1972,Bayu Kurniawan,Male,25,Manager,Middle,Sidoarjo,East Java,Individual
1973,Eko Pratama,Male,22,Lawyer,Low,Dumai,Riau,Individual
1974,Hendra Wijaya,Male,38,Professional,High,Surabaya,East Java,Individual
1975,Agus Hidayat,Male,45,Doctor,Upper-Middle,Serang,Banten,Individual
1976,Fajar Kurniawan,Male,27,Entrepreneur,High,Yogyakarta,Yogyakarta,Individual
1977,Dimas Setiawan,Male,50,Teacher,High,Cilegon,Banten,Individual
1978,Citra Saputra,Female,56,Consultant,Upper-Middle,Depok,West Java,Individual
1979,Intan Hidayat,Female,50,Lawyer,Upper-Middle,Semarang,Central Java,Individual
1980,Eko Halim,Male,39,Entrepreneur,Upper-Middle,Jakarta Utara,DKI Jakarta,Individual
1981,Reza Permana,Male,47,Civil Servant,Middle,Tangerang,Banten,Individual
1982,Fitri Maulana,Female,46,Civil Servant,Middle,Bandung,West Java,Individual
1983,Aldi Anggraini,Male,54,Engineer,Middle,Metro,Lampung,Individual
1984,Nadia Nugroho,Female,57,Engineer,Low,Tangerang,Banten,Individual
1985,PT Nugroho Logistik,N/A,0,Corporate,High,Malang,East Java,Corporate
1986,Wahyu Saputra,Male,56,Teacher,Low,Metro,Lampung,Individual
1987,Nadia Wijaya,Female,48,Teacher,High,Jakarta Selatan,DKI Jakarta,Individual
1988,Putri Nugroho,Female,23,Manager,Middle,Jayapura,Papua,Individual
1989,Ratna Gunawan,Female,62,Teacher,Upper-Middle,Semarang,Central Java,Individual
1990,Putri Lestari,Female,36,Professional,Upper-Middle,Depok,West Java,Individual
1991,Putri Permana,Female,33,Engineer,Middle,Yogyakarta,Yogyakarta,Individual
1992,PT Gunawan Group,N/A,0,Corporate,High,Depok,West Java,Corporate
1993,Budi Kurniawan,Male,37,Consultant,Middle,Padang,West Sumatra,Individual
1994,Fajar Santoso,Male,46,Civil Servant,Middle,Jakarta Selatan,DKI Jakarta,Individual
1995,Rizki Wijaya,Male,62,Consultant,Upper-Middle,Balikpapan,East Kalimantan,Individual
1996,Ratna Setiawan,Female,27,Civil Servant,Middle,Serang,Banten,Individual
1997,Putri Saputra,Female,25,Entrepreneur,Middle,Tangerang,Banten,Individual
1998,Bayu Nugroho,Male,28,Doctor,Middle,Balikpapan,East Kalimantan,Individual
1999,PT Gunawan Sentosa,N/A,0,Corporate,High,Bogor,West Java,Corporate
2000,Wati Anggraini,Female,29,Engineer,Middle,Denpasar,Bali,Individual
2001,Dewi Hidayat,Female,27,Consultant,High,Dumai,Riau,Individual
2002,Putra Kurniawan,Male,31,Teacher,High,Metro,Lampung,Individual
2003,Intan Lestari,Female,45,Entrepreneur,High,Banjarmasin,South Kalimantan,Individual
2004,Dani Gunawan,Male,31,Professional,Middle,Sleman,Yogyakarta,Individual
2005,Nadia Nugroho,Female,31,Teacher,Low,Badung,Bali,Individual
2006,Ayu Setiawan,Female,48,Manager,Upper-Middle,Pekanbaru,Riau,Individual
2007,Fitri Rahmawati,Female,53,Retail Owner,Middle,Pontianak,West Kalimantan,Individual
2008,Reza Santoso,Male,37,Consultant,Middle,Jakarta Barat,DKI Jakarta,Individual
2009,Aldi Santoso,Male,25,Lawyer,High,Bogor,West Java,Individual
2010,Rina Saputra,Female,36,Manager,Low,Yogyakarta,Yogyakarta,Individual
2011,Sari Pratama,Female,28,Entrepreneur,Upper-Middle,Tangerang,Banten,Individual
2012,Budi Saputra,Male,26,Civil Servant,Low,Pontianak,West Kalimantan,Individual
2013,Reza Rahmawati,Male,41,Engineer,Middle,Padang,West Sumatra,Individual
2014,Aldi Gunawan,Male,24,Manager,Upper-Middle,Bandung,West Java,Individual
2015,Fitri Setiawan,Female,38,Manager,High,Yogyakarta,Yogyakarta,Individual
2016,Dewi Rahmawati,Female,46,Retail Owner,High,Depok,West Java,Individual
2017,PT Permana Mandiri,N/A,0,Corporate,High,Yogyakarta,Yogyakarta,Corporate
2018,Ratna Kurniawan,Female,32,Engineer,Low,Semarang,Central Java,Individual
2019,Agus Halim,Male,43,Professional,Low,Tangerang,Banten,Individual
2020,Dani Anggraini,Male,41,Engineer,Middle,Jakarta Pusat,DKI Jakarta,Individual
2021,Fajar Maulana,Male,52,Teacher,Low,Surabaya,East Java,Individual
2022,Fitri Saputra,Female,42,Teacher,Upper-Middle,Pekanbaru,Riau,Individual
2023,Bayu Maulana,Male,31,Engineer,Low,Pontianak,West Kalimantan,Individual
2024,Dewi Anggraini,Female,62,Civil Servant,Low,Pekanbaru,Riau,Individual
2025,Ayu Maulana,Female,30,Manager,Middle,Semarang,Central Java,Individual
2026,Eko Halim,Male,62,Engineer,High,Jakarta Pusat,DKI Jakarta,Individual
2027,Yusuf Santoso,Male,51,Engineer,Middle,Makassar,South Sulawesi,Individual
2028,Dewi Santoso,Female,33,Lawyer,Upper-Middle,Solo,Central Java,Individual
2029,Budi Halim,Male,53,Retail Owner,Low,Singkawang,West Kalimantan,Individual
2030,Yusuf Hidayat,Male,54,Manager,Upper-Middle,Mataram,West Nusa Tenggara,Individual
2031,Intan Anggraini,Female,24,Civil Servant,Upper-Middle,Pekanbaru,Riau,Individual
2032,Indah Wijaya,Female,58,Professional,Middle,Solo,Central Java,Individual
2033,Wati Rahmawati,Female,51,Manager,Low,Jakarta Timur,DKI Jakarta,Individual
2034,Dewi Hidayat,Female,43,Professional,High,Sleman,Yogyakarta,Individual
2035,Bayu Wijaya,Male,52,Retail Owner,Middle,Tangerang,Banten,Individual
2036,Aldi Maulana,Male,45,Doctor,Upper-Middle,Denpasar,Bali,Individual
2037,Maya Nugroho,Female,62,Professional,Middle,Gresik,East Java,Individual
2038,Ratna Kurniawan,Female,55,Professional,Middle,Makassar,South Sulawesi,Individual
2039,Sari Maulana,Female,41,Lawyer,Middle,Solo,Central Java,Individual
2040,Reza Kurniawan,Male,44,Retail Owner,High,Jakarta Utara,DKI Jakarta,Individual
2041,Agus Gunawan,Male,42,Teacher,Low,Parepare,South Sulawesi,Individual
2042,Maya Rahmawati,Female,22,Retail Owner,High,Badung,Bali,Individual
2043,Reza Saputra,Male,48,Doctor,Upper-Middle,Banjarbaru,South Kalimantan,Individual
2044,Putra Halim,Male,22,Consultant,Middle,Sidoarjo,East Java,Individual
2045,Reza Lestari,Male,51,Consultant,Middle,Serang,Banten,Individual
2046,Dewi Anggraini,Female,33,Civil Servant,Middle,Cilegon,Banten,Individual
2047,Maya Permana,Female,49,Professional,Upper-Middle,Medan,North Sumatra,Individual
2048,Fajar Anggraini,Male,48,Lawyer,Low,Bandar Lampung,Lampung,Individual
2049,Putra Nugroho,Male,48,Professional,Middle,Banjarbaru,South Kalimantan,Individual
2050,Dewi Hidayat,Female,51,Entrepreneur,Middle,Banjarbaru,South Kalimantan,Individual
2051,Bayu Nugroho,Male,39,Doctor,High,Magelang,Central Java,Individual
2052,PT Pratama Jaya,N/A,0,Corporate,High,Makassar,South Sulawesi,Corporate
2053,Sari Wijaya,Female,58,Retail Owner,High,Semarang,Central Java,Individual
2054,Dani Anggraini,Male,58,Manager,Middle,Manado,North Sulawesi,Individual
2055,Hendra Saputra,Male,28,Manager,Upper-Middle,Jakarta Utara,DKI Jakarta,Individual
2056,Ratna Rahmawati,Female,32,Manager,High,Jakarta Selatan,DKI Jakarta,Individual
2057,PT Halim Group,N/A,0,Corporate,High,Balikpapan,East Kalimantan,Corporate
2058,Fajar Kurniawan,Male,23,Teacher,Upper-Middle,Magelang,Central Java,Individual
2059,Rizki Saputra,Male,56,Entrepreneur,Upper-Middle,Bukittinggi,West Sumatra,Individual
2060,Putra Pratama,Male,62,Retail Owner,High,Parepare,South Sulawesi,Individual
2061,Rizki Nugroho,Male,33,Manager,Low,Malang,East Java,Individual
2062,Hendra Santoso,Male,53,Manager,High,Sleman,Yogyakarta,Individual
2063,Citra Wijaya,Female,33,Teacher,Middle,Makassar,South Sulawesi,Individual
2064,Lestari Halim,Female,56,Doctor,Low,Surabaya,East Java,Individual
2065,Bayu Rahmawati,Male,31,Teacher,Middle,Bandung,West Java,Individual
2066,Reza Setiawan,Male,30,Consultant,Middle,Jakarta Barat,DKI Jakarta,Individual
2067,Nadia Maulana,Female,53,Civil Servant,Middle,Badung,Bali,Individual
2068,Indah Santoso,Female,59,Lawyer,Upper-Middle,Bekasi,West Java,Individual
2069,Indah Halim,Female,39,Manager,Upper-Middle,Metro,Lampung,Individual
2070,Sari Anggraini,Female,62,Engineer,Upper-Middle,Jakarta Utara,DKI Jakarta,Individual
2071,Lestari Permana,Female,55,Manager,Middle,Bogor,West Java,Individual
2072,Rina Santoso,Female,35,Entrepreneur,Upper-Middle,Surabaya,East Java,Individual
2073,Reza Hidayat,Male,35,Manager,Middle,Balikpapan,East Kalimantan,Individual
2074,Bayu Saputra,Male,28,Manager,Middle,Pematangsiantar,North Sumatra,Individual
2075,Sari Permana,Female,42,Entrepreneur,Middle,Solo,Central Java,Individual
2076,Dewi Santoso,Female,50,Retail Owner,Middle,Semarang,Central Java,Individual
2077,PT Anggraini Mandiri,N/A,0,Corporate,High,Tangerang,Banten,Corporate
2078,Siti Anggraini,Female,56,Professional,High,Yogyakarta,Yogyakarta,Individual
2079,Nadia Nugroho,Female,39,Teacher,Middle,Jakarta Utara,DKI Jakarta,Individual
2080,Hendra Nugroho,Male,51,Retail Owner,Middle,Binjai,North Sumatra,Individual
2081,Andi Permana,Male,22,Doctor,Middle,Jayapura,Papua,Individual
2082,Reza Anggraini,Male,45,Engineer,Upper-Middle,Jakarta Selatan,DKI Jakarta,Individual
2083,Budi Pratama,Male,41,Engineer,Low,Serang,Banten,Individual
2084,Fajar Lestari,Male,29,Professional,Middle,Bitung,North Sulawesi,Individual
2085,Fajar Lestari,Male,53,Doctor,High,Sleman,Yogyakarta,Individual
2086,Nadia Santoso,Female,44,Professional,Middle,Makassar,South Sulawesi,Individual
2087,Dimas Pratama,Male,35,Teacher,Middle,Semarang,Central Java,Individual
2088,Citra Nugroho,Female,51,Doctor,Upper-Middle,Balikpapan,East Kalimantan,Individual
2089,Ayu Permana,Female,61,Engineer,Middle,Balikpapan,East Kalimantan,Individual
2090,Ratna Halim,Female,28,Entrepreneur,Middle,Makassar,South Sulawesi,Individual
2091,Rizki Pratama,Male,52,Consultant,Upper-Middle,Surabaya,East Java,Individual
2092,Rina Wijaya,Female,47,Engineer,Middle,Jakarta Timur,DKI Jakarta,Individual
2093,Putra Kurniawan,Male,49,Engineer,Middle,Cimahi,West Java,Individual
2094,Fitri Kurniawan,Female,28,Professional,Upper-Middle,Medan,North Sumatra,Individual
2095,PT Santoso Group,N/A,0,Corporate,High,Malang,East Java,Corporate
2096,Aldi Halim,Male,47,Lawyer,Middle,Sleman,Yogyakarta,Individual
2097,Agus Gunawan,Male,40,Civil Servant,Upper-Middle,Jakarta Selatan,DKI Jakarta,Individual
2098,Nadia Nugroho,Female,37,Teacher,Middle,Pekanbaru,Riau,Individual
2099,Andi Gunawan,Male,52,Civil Servant,Middle,Surabaya,East Java,Individual
2100,Fajar Hidayat,Male,52,Professional,Upper-Middle,Depok,West Java,Individual
2101,PT Permana Jaya,N/A,0,Corporate,High,Sleman,Yogyakarta,Corporate
2102,Dani Wijaya,Male,28,Lawyer,Low,Singkawang,West Kalimantan,Individual
2103,Wati Lestari,Female,38,Teacher,Middle,Sidoarjo,East Java,Individual
2104,Dewi Nugroho,Female,55,Civil Servant,Upper-Middle,Semarang,Central Java,Individual
2105,Dimas Halim,Male,49,Professional,Middle,Dumai,Riau,Individual
2106,Intan Rahmawati,Female,33,Retail Owner,Middle,Lubuklinggau,South Sumatra,Individual
2107,Maya Saputra,Female,24,Manager,Upper-Middle,Bandar Lampung,Lampung,Individual
2108,Maya Santoso,Female,22,Consultant,Middle,Padang,West Sumatra,Individual
2109,Rizki Lestari,Male,40,Doctor,Low,Semarang,Central Java,Individual
2110,Andi Lestari,Male,41,Engineer,Low,Jakarta Selatan,DKI Jakarta,Individual
2111,Citra Permana,Female,54,Engineer,Upper-Middle,Balikpapan,East Kalimantan,Individual
2112,Hendra Halim,Male,27,Manager,Middle,Malang,East Java,Individual
2113,Aldi Nugroho,Male,41,Teacher,Upper-Middle,Magelang,Central Java,Individual
2114,Putra Maulana,Male,34,Engineer,Middle,Bogor,West Java,Individual
2115,Fitri Wijaya,Female,46,Consultant,Upper-Middle,Balikpapan,East Kalimantan,Individual
2116,Fitri Anggraini,Female,44,Lawyer,Middle,Solo,Central Java,Individual
2117,PT Maulana Jaya,N/A,0,Corporate,High,Semarang,Central Java,Corporate
2118,Citra Saputra,Female,59,Engineer,Middle,Cilegon,Banten,Individual
2119,PT Gunawan Logistik,N/A,0,Corporate,High,Samarinda,East Kalimantan,Corporate
2120,Ratna Pratama,Female,27,Teacher,Low,Banjarmasin,South Kalimantan,Individual
2121,Lestari Lestari,Female,43,Consultant,Upper-Middle,Cilegon,Banten,Individual
2122,Reza Saputra,Male,55,Doctor,Middle,Padang,West Sumatra,Individual
2123,Rizki Gunawan,Male,41,Professional,Upper-Middle,Manado,North Sulawesi,Individual
2124,PT Santoso Jaya,N/A,0,Corporate,High,Jakarta Utara,DKI Jakarta,Corporate
2125,Siti Permana,Female,54,Manager,Middle,Jakarta Barat,DKI Jakarta,Individual
2126,Wahyu Saputra,Male,56,Manager,Middle,Padang,West Sumatra,Individual
2127,Eko Wijaya,Male,37,Lawyer,Middle,Bandar Lampung,Lampung,Individual
2128,Wati Santoso,Female,59,Professional,Middle,Bukittinggi,West Sumatra,Individual
2129,Putri Pratama,Female,40,Engineer,Middle,Jakarta Utara,DKI Jakarta,Individual
2130,PT Pratama Sentosa,N/A,0,Corporate,High,Metro,Lampung,Corporate
2131,Intan Setiawan,Female,51,Teacher,Middle,Mataram,West Nusa Tenggara,Individual
2132,Fitri Santoso,Female,33,Lawyer,Upper-Middle,Sleman,Yogyakarta,Individual
2133,Rizki Maulana,Male,41,Manager,High,Sleman,Yogyakarta,Individual
2134,Fajar Setiawan,Male,54,Retail Owner,Upper-Middle,Bogor,West Java,Individual
2135,Lestari Halim,Female,47,Doctor,Low,Yogyakarta,Yogyakarta,Individual
2136,Yusuf Anggraini,Male,52,Professional,Middle,Yogyakarta,Yogyakarta,Individual
2137,Reza Anggraini,Male,46,Retail Owner,Upper-Middle,Jakarta Selatan,DKI Jakarta,Individual
2138,Wahyu Setiawan,Male,26,Civil Servant,Middle,Yogyakarta,Yogyakarta,Individual
2139,Indah Wijaya,Female,62,Lawyer,Upper-Middle,Gresik,East Java,Individual
2140,Dimas Setiawan,Male,32,Retail Owner,Middle,Bandung,West Java,Individual
2141,PT Pratama Jaya,N/A,0,Corporate,High,Denpasar,Bali,Corporate
2142,Citra Kurniawan,Female,58,Lawyer,Middle,Cimahi,West Java,Individual
2143,Fajar Permana,Male,52,Professional,Middle,Tangerang,Banten,Individual
2144,Ratna Santoso,Female,58,Professional,Low,Pontianak,West Kalimantan,Individual
2145,Fajar Rahmawati,Male,43,Manager,Low,Singkawang,West Kalimantan,Individual
2146,Wahyu Permana,Male,32,Consultant,High,Tangerang,Banten,Individual
2147,Indah Halim,Female,25,Entrepreneur,Middle,Bitung,North Sulawesi,Individual
2148,PT Anggraini Logistik,N/A,0,Corporate,High,Bogor,West Java,Corporate
2149,Intan Maulana,Female,25,Entrepreneur,Middle,Cilegon,Banten,Individual
2150,Hendra Halim,Male,61,Engineer,High,Manado,North Sulawesi,Individual
2151,Andi Lestari,Male,54,Doctor,Middle,Solo,Central Java,Individual
2152,PT Halim Mandiri,N/A,0,Corporate,High,Cimahi,West Java,Corporate
2153,Bayu Lestari,Male,25,Manager,Middle,Depok,West Java,Individual
2154,Yusuf Santoso,Male,61,Manager,High,Bogor,West Java,Individual
2155,Dimas Santoso,Male,59,Entrepreneur,Low,Cilegon,Banten,Individual
2156,Wahyu Setiawan,Male,37,Civil Servant,Upper-Middle,Depok,West Java,Individual
2157,Sari Halim,Female,37,Professional,High,Solo,Central Java,Individual
2158,Rizki Rahmawati,Male,35,Lawyer,Middle,Palembang,South Sumatra,Individual
2159,Citra Rahmawati,Female,40,Consultant,Upper-Middle,Sidoarjo,East Java,Individual
2160,Agus Anggraini,Male,48,Doctor,Upper-Middle,Palembang,South Sumatra,Individual
2161,Rizki Setiawan,Male,57,Doctor,Middle,Bandung,West Java,Individual
2162,Dewi Pratama,Female,53,Engineer,Upper-Middle,Serang,Banten,Individual
2163,Andi Nugroho,Male,61,Lawyer,Middle,Solo,Central Java,Individual
2164,PT Rahmawati Logistik,N/A,0,Corporate,High,Depok,West Java,Corporate
2165,Bayu Maulana,Male,44,Retail Owner,High,Bitung,North Sulawesi,Individual
2166,Agus Setiawan,Male,61,Professional,Middle,Yogyakarta,Yogyakarta,Individual
2167,Ratna Rahmawati,Female,51,Civil Servant,Middle,Metro,Lampung,Individual
2168,Nadia Anggraini,Female,37,Professional,Middle,Sleman,Yogyakarta,Individual
2169,Sari Halim,Female,47,Retail Owner,Low,Sidoarjo,East Java,Individual
2170,PT Permana Sentosa,N/A,0,Corporate,High,Sleman,Yogyakarta,Corporate
2171,Ayu Pratama,Female,50,Consultant,Low,Gresik,East Java,Individual
2172,Fajar Santoso,Male,39,Civil Servant,High,Jakarta Timur,DKI Jakarta,Individual
2173,Maya Permana,Female,53,Doctor,Middle,Pekanbaru,Riau,Individual
2174,Eko Gunawan,Male,54,Doctor,Upper-Middle,Jakarta Utara,DKI Jakarta,Individual
2175,PT Pratama Sentosa,N/A,0,Corporate,High,Lubuklinggau,South Sumatra,Corporate
2176,Fajar Saputra,Male,44,Professional,Low,Jakarta Utara,DKI Jakarta,Individual
2177,Lestari Hidayat,Female,48,Entrepreneur,Low,Malang,East Java,Individual
2178,Sari Kurniawan,Female,45,Civil Servant,Middle,Jayapura,Papua,Individual
2179,Intan Wijaya,Female,59,Doctor,Low,Lubuklinggau,South Sumatra,Individual
2180,Putra Setiawan,Male,31,Doctor,Middle,Denpasar,Bali,Individual
2181,Fitri Setiawan,Female,29,Lawyer,Upper-Middle,Jakarta Utara,DKI Jakarta,Individual
2182,Sari Nugroho,Female,34,Doctor,Upper-Middle,Bogor,West Java,Individual
2183,Rina Lestari,Female,42,Manager,Upper-Middle,Depok,West Java,Individual
2184,Fitri Rahmawati,Female,26,Lawyer,High,Bandar Lampung,Lampung,Individual
2185,Fajar Permana,Male,30,Retail Owner,High,Magelang,Central Java,Individual
2186,Citra Nugroho,Female,43,Civil Servant,Middle,Magelang,Central Java,Individual
2187,Aldi Wijaya,Male,51,Professional,Low,Gresik,East Java,Individual
2188,Wahyu Kurniawan,Male,23,Manager,Upper-Middle,Badung,Bali,Individual
2189,Nadia Rahmawati,Female,37,Entrepreneur,Upper-Middle,Surabaya,East Java,Individual
2190,PT Gunawan Mandiri,N/A,0,Corporate,High,Bitung,North Sulawesi,Corporate
2191,Maya Maulana,Female,52,Civil Servant,Upper-Middle,Bandar Lampung,Lampung,Individual
2192,Wati Gunawan,Female,51,Retail Owner,Middle,Cilegon,Banten,Individual
2193,Dimas Nugroho,Male,53,Consultant,Middle,Cilegon,Banten,Individual
2194,Maya Hidayat,Female,46,Doctor,Middle,Bandung,West Java,Individual
2195,Lestari Anggraini,Female,61,Engineer,Middle,Bandung,West Java,Individual
2196,Rina Anggraini,Female,32,Engineer,Middle,Makassar,South Sulawesi,Individual
2197,Bayu Permana,Male,54,Consultant,Upper-Middle,Jakarta Utara,DKI Jakarta,Individual
2198,Yusuf Permana,Male,23,Lawyer,Middle,Serang,Banten,Individual
2199,Maya Anggraini,Female,29,Manager,Upper-Middle,Parepare,South Sulawesi,Individual
2200,Wahyu Wijaya,Male,39,Doctor,Upper-Middle,Surabaya,East Java,Individual
2201,Putri Rahmawati,Female,43,Teacher,Middle,Bandar Lampung,Lampung,Individual
2202,Hendra Santoso,Male,55,Entrepreneur,Middle,Banjarmasin,South Kalimantan,Individual
2203,Ratna Saputra,Female,34,Engineer,Middle,Depok,West Java,Individual
2204,Bayu Permana,Male,35,Doctor,Low,Cilegon,Banten,Individual
2205,Hendra Setiawan,Male,38,Lawyer,Upper-Middle,Dumai,Riau,Individual
2206,Aldi Nugroho,Male,36,Retail Owner,High,Bukittinggi,West Sumatra,Individual
2207,Maya Santoso,Female,36,Lawyer,Low,Bitung,North Sulawesi,Individual
2208,Dewi Wijaya,Female,51,Civil Servant,High,Lubuklinggau,South Sumatra,Individual
2209,Ratna Maulana,Female,53,Engineer,Upper-Middle,Binjai,North Sumatra,Individual
2210,Siti Rahmawati,Female,42,Manager,Middle,Solo,Central Java,Individual
2211,Rizki Lestari,Male,36,Manager,Middle,Singkawang,West Kalimantan,Individual
2212,Bayu Saputra,Male,62,Civil Servant,Low,Jayapura,Papua,Individual
2213,Reza Pratama,Male,46,Entrepreneur,Low,Palembang,South Sumatra,Individual
2214,Fitri Saputra,Female,32,Engineer,Upper-Middle,Yogyakarta,Yogyakarta,Individual
2215,Sari Kurniawan,Female,35,Entrepreneur,Middle,Jakarta Selatan,DKI Jakarta,Individual
2216,Bayu Kurniawan,Male,53,Doctor,Low,Jakarta Pusat,DKI Jakarta,Individual
2217,PT Wijaya Sentosa,N/A,0,Corporate,High,Bukittinggi,West Sumatra,Corporate
2218,Budi Rahmawati,Male,48,Professional,Low,Bandar Lampung,Lampung,Individual
2219,Rina Permana,Female,60,Engineer,Upper-Middle,Pontianak,West Kalimantan,Individual
2220,Budi Nugroho,Male,58,Manager,Middle,Jakarta Pusat,DKI Jakarta,Individual
2221,Maya Anggraini,Female,56,Manager,Middle,Magelang,Central Java,Individual
2222,Yusuf Saputra,Male,58,Teacher,High,Depok,West Java,Individual
2223,Putra Nugroho,Male,43,Consultant,Middle,Medan,North Sumatra,Individual
2224,Lestari Saputra,Female,27,Entrepreneur,Middle,Padang,West Sumatra,Individual
2225,Indah Nugroho,Female,43,Entrepreneur,Upper-Middle,Sleman,Yogyakarta,Individual
2226,Dani Rahmawati,Male,53,Teacher,Middle,Yogyakarta,Yogyakarta,Individual
2227,Fitri Rahmawati,Female,27,Civil Servant,High,Jakarta Timur,DKI Jakarta,Individual
2228,Bayu Setiawan,Male,29,Manager,Middle,Jakarta Selatan,DKI Jakarta,Individual
2229,Putri Setiawan,Female,57,Engineer,Middle,Jakarta Timur,DKI Jakarta,Individual
2230,Fitri Hidayat,Female,61,Engineer,High,Bekasi,West Java,Individual
2231,Dani Halim,Male,45,Teacher,Middle,Semarang,Central Java,Individual
2232,Eko Rahmawati,Male,52,Professional,Low,Depok,West Java,Individual
2233,Rizki Setiawan,Male,34,Professional,Middle,Solo,Central Java,Individual
2234,PT Hidayat Group,N/A,0,Corporate,High,Bandung,West Java,Corporate
2235,Wati Pratama,Female,34,Teacher,Middle,Singkawang,West Kalimantan,Individual
2236,Intan Nugroho,Female,57,Civil Servant,Middle,Pematangsiantar,North Sumatra,Individual
2237,Rizki Wijaya,Male,38,Manager,Middle,Cilegon,Banten,Individual
2238,Citra Setiawan,Female,61,Doctor,Upper-Middle,Bandung,West Java,Individual
2239,Aldi Maulana,Male,61,Professional,Middle,Jakarta Barat,DKI Jakarta,Individual
2240,Eko Rahmawati,Male,50,Doctor,Middle,Surabaya,East Java,Individual
2241,Citra Kurniawan,Female,52,Retail Owner,Middle,Pontianak,West Kalimantan,Individual
2242,Putra Permana,Male,39,Lawyer,Upper-Middle,Banjarbaru,South Kalimantan,Individual
2243,Wati Santoso,Female,57,Teacher,High,Pekanbaru,Riau,Individual
2244,Nadia Kurniawan,Female,35,Teacher,Upper-Middle,Parepare,South Sulawesi,Individual
2245,Dimas Lestari,Male,45,Professional,Middle,Sidoarjo,East Java,Individual
2246,Fitri Anggraini,Female,22,Manager,Upper-Middle,Gresik,East Java,Individual
2247,PT Gunawan Logistik,N/A,0,Corporate,High,Lubuklinggau,South Sumatra,Corporate
2248,Wahyu Setiawan,Male,52,Lawyer,High,Padang,West Sumatra,Individual
2249,Andi Hidayat,Male,23,Professional,Upper-Middle,Pekanbaru,Riau,Individual
2250,Andi Lestari,Male,62,Doctor,Upper-Middle,Serang,Banten,Individual
2251,Agus Permana,Male,42,Teacher,High,Cilegon,Banten,Individual
2252,Indah Permana,Female,25,Engineer,Low,Banjarmasin,South Kalimantan,Individual
2253,Siti Nugroho,Female,60,Engineer,Middle,Bandung,West Java,Individual
2254,Dewi Hidayat,Female,51,Professional,Middle,Metro,Lampung,Individual
2255,Eko Setiawan,Male,27,Entrepreneur,Middle,Jakarta Pusat,DKI Jakarta,Individual
2256,Ayu Santoso,Female,37,Engineer,Middle,Pekanbaru,Riau,Individual
2257,PT Wijaya Group,N/A,0,Corporate,High,Dumai,Riau,Corporate
2258,Wahyu Saputra,Male,39,Lawyer,High,Sidoarjo,East Java,Individual
2259,Sari Halim,Female,45,Entrepreneur,Middle,Padang,West Sumatra,Individual
2260,Putri Rahmawati,Female,58,Doctor,Middle,Lubuklinggau,South Sumatra,Individual
2261,Dewi Rahmawati,Female,35,Consultant,Middle,Jakarta Selatan,DKI Jakarta,Individual
2262,Yusuf Wijaya,Male,51,Retail Owner,Upper-Middle,Magelang,Central Java,Individual
2263,Nadia Santoso,Female,62,Lawyer,Middle,Parepare,South Sulawesi,Individual
2264,Eko Anggraini,Male,44,Lawyer,Middle,Bandung,West Java,Individual
2265,Lestari Halim,Female,49,Teacher,Upper-Middle,Bogor,West Java,Individual
2266,Wati Kurniawan,Female,41,Manager,Low,Makassar,South Sulawesi,Individual
2267,Lestari Kurniawan,Female,59,Retail Owner,Low,Malang,East Java,Individual
2268,Putra Hidayat,Male,25,Lawyer,High,Bogor,West Java,Individual
2269,Siti Gunawan,Female,31,Civil Servant,Middle,Surabaya,East Java,Individual
2270,Hendra Santoso,Male,37,Lawyer,Middle,Surabaya,East Java,Individual
2271,Yusuf Rahmawati,Male,47,Doctor,Upper-Middle,Bitung,North Sulawesi,Individual
2272,Hendra Wijaya,Male,42,Manager,Upper-Middle,Sidoarjo,East Java,Individual
2273,Agus Lestari,Male,59,Teacher,Low,Makassar,South Sulawesi,Individual
2274,Fajar Halim,Male,47,Doctor,High,Dumai,Riau,Individual
2275,PT Kurniawan Jaya,N/A,0,Corporate,High,Jakarta Barat,DKI Jakarta,Corporate
2276,Maya Kurniawan,Female,52,Civil Servant,Low,Mataram,West Nusa Tenggara,Individual
2277,Yusuf Maulana,Male,27,Civil Servant,Middle,Padang,West Sumatra,Individual
2278,Wati Lestari,Female,22,Entrepreneur,Middle,Mataram,West Nusa Tenggara,Individual
2279,Nadia Gunawan,Female,29,Lawyer,Upper-Middle,Singkawang,West Kalimantan,Individual
2280,Dewi Maulana,Female,33,Professional,High,Magelang,Central Java,Individual
2281,Intan Setiawan,Female,59,Lawyer,Middle,Cilegon,Banten,Individual
2282,Maya Pratama,Female,29,Teacher,Upper-Middle,Jakarta Utara,DKI Jakarta,Individual
2283,Wati Nugroho,Female,23,Entrepreneur,Middle,Gresik,East Java,Individual
2284,Wati Pratama,Female,60,Doctor,Low,Metro,Lampung,Individual
2285,Eko Setiawan,Male,31,Lawyer,Upper-Middle,Sidoarjo,East Java,Individual
2286,Aldi Permana,Male,55,Entrepreneur,Middle,Sidoarjo,East Java,Individual
2287,Hendra Rahmawati,Male,27,Manager,Middle,Lubuklinggau,South Sumatra,Individual
2288,PT Permana Mandiri,N/A,0,Corporate,High,Mataram,West Nusa Tenggara,Corporate
2289,Fajar Nugroho,Male,41,Teacher,Upper-Middle,Bandung,West Java,Individual
2290,Dani Anggraini,Male,49,Consultant,Middle,Dumai,Riau,Individual
2291,Intan Wijaya,Female,40,Civil Servant,Middle,Jakarta Timur,DKI Jakarta,Individual
2292,Lestari Maulana,Female,62,Doctor,Middle,Jakarta Barat,DKI Jakarta,Individual
2293,PT Halim Mandiri,N/A,0,Corporate,High,Sleman,Yogyakarta,Corporate
2294,Fitri Kurniawan,Female,52,Teacher,High,Sidoarjo,East Java,Individual
2295,Yusuf Permana,Male,53,Manager,Middle,Bukittinggi,West Sumatra,Individual
2296,PT Rahmawati Sentosa,N/A,0,Corporate,High,Samarinda,East Kalimantan,Corporate
2297,Maya Nugroho,Female,42,Retail Owner,Middle,Cimahi,West Java,Individual
2298,Lestari Kurniawan,Female,48,Doctor,High,Gresik,East Java,Individual
2299,Hendra Halim,Male,29,Engineer,Low,Jakarta Utara,DKI Jakarta,Individual
2300,Dani Maulana,Male,47,Retail Owner,Middle,Depok,West Java,Individual
2301,Wati Santoso,Female,62,Manager,Upper-Middle,Cilegon,Banten,Individual
2302,Ayu Maulana,Female,51,Manager,Middle,Makassar,South Sulawesi,Individual
2303,Citra Lestari,Female,33,Manager,Upper-Middle,Cilegon,Banten,Individual
2304,Rina Gunawan,Female,23,Professional,Upper-Middle,Cilegon,Banten,Individual
2305,Siti Hidayat,Female,61,Professional,Middle,Magelang,Central Java,Individual
2306,Reza Halim,Male,46,Teacher,Middle,Parepare,South Sulawesi,Individual
2307,Eko Lestari,Male,34,Retail Owner,Middle,Jakarta Pusat,DKI Jakarta,Individual
2308,Putra Halim,Male,50,Retail Owner,High,Pontianak,West Kalimantan,Individual
2309,Dimas Lestari,Male,26,Consultant,Low,Sleman,Yogyakarta,Individual
2310,Dewi Maulana,Female,48,Lawyer,High,Makassar,South Sulawesi,Individual
2311,Rizki Maulana,Male,47,Manager,Upper-Middle,Binjai,North Sumatra,Individual
2312,Indah Maulana,Female,29,Civil Servant,Low,Banjarmasin,South Kalimantan,Individual
2313,Putri Anggraini,Female,37,Professional,Upper-Middle,Jakarta Barat,DKI Jakarta,Individual
2314,Citra Saputra,Female,38,Engineer,Middle,Lubuklinggau,South Sumatra,Individual
2315,Dani Wijaya,Male,31,Engineer,Middle,Sidoarjo,East Java,Individual
2316,Fajar Gunawan,Male,41,Civil Servant,Middle,Malang,East Java,Individual
2317,Ratna Kurniawan,Female,38,Engineer,Upper-Middle,Cimahi,West Java,Individual
2318,Rizki Hidayat,Male,54,Retail Owner,Upper-Middle,Mataram,West Nusa Tenggara,Individual
2319,Wati Wijaya,Female,59,Lawyer,Upper-Middle,Gresik,East Java,Individual
2320,Putri Lestari,Female,46,Engineer,Low,Mataram,West Nusa Tenggara,Individual
2321,Rizki Halim,Male,29,Entrepreneur,Upper-Middle,Magelang,Central Java,Individual
2322,Reza Saputra,Male,45,Consultant,Upper-Middle,Jakarta Barat,DKI Jakarta,Individual
2323,PT Rahmawati Logistik,N/A,0,Corporate,High,Cilegon,Banten,Corporate
2324,Yusuf Halim,Male,55,Doctor,Middle,Yogyakarta,Yogyakarta,Individual
2325,Putri Pratama,Female,60,Professional,Middle,Yogyakarta,Yogyakarta,Individual
2326,Bayu Nugroho,Male,25,Lawyer,Middle,Serang,Banten,Individual
2327,Agus Maulana,Male,62,Lawyer,Low,Semarang,Central Java,Individual
2328,Fajar Lestari,Male,41,Doctor,Middle,Jakarta Timur,DKI Jakarta,Individual
2329,Siti Nugroho,Female,48,Consultant,Upper-Middle,Bogor,West Java,Individual
2330,Wati Nugroho,Female,38,Lawyer,Upper-Middle,Sidoarjo,East Java,Individual
2331,Yusuf Pratama,Male,42,Civil Servant,High,Semarang,Central Java,Individual
2332,PT Anggraini Mandiri,N/A,0,Corporate,High,Surabaya,East Java,Corporate
2333,Dimas Maulana,Male,28,Teacher,Upper-Middle,Serang,Banten,Individual
2334,Dewi Gunawan,Female,41,Teacher,High,Yogyakarta,Yogyakarta,Individual
2335,Citra Wijaya,Female,32,Retail Owner,Upper-Middle,Serang,Banten,Individual
2336,Rina Anggraini,Female,38,Civil Servant,Middle,Singkawang,West Kalimantan,Individual
2337,Ratna Setiawan,Female,42,Entrepreneur,Middle,Solo,Central Java,Individual
2338,Siti Kurniawan,Female,44,Entrepreneur,Upper-Middle,Solo,Central Java,Individual
2339,Dimas Gunawan,Male,38,Manager,Middle,Gresik,East Java,Individual
2340,Dani Saputra,Male,61,Doctor,Middle,Balikpapan,East Kalimantan,Individual
2341,Nadia Halim,Female,52,Lawyer,High,Jayapura,Papua,Individual
2342,Siti Santoso,Female,25,Engineer,Upper-Middle,Gresik,East Java,Individual
2343,Aldi Setiawan,Male,26,Civil Servant,Middle,Pontianak,West Kalimantan,Individual
2344,Bayu Santoso,Male,50,Consultant,Middle,Sleman,Yogyakarta,Individual
2345,Nadia Pratama,Female,30,Teacher,Upper-Middle,Sleman,Yogyakarta,Individual
2346,Nadia Anggraini,Female,35,Teacher,Middle,Solo,Central Java,Individual
2347,Maya Halim,Female,23,Lawyer,Middle,Bukittinggi,West Sumatra,Individual
2348,Aldi Rahmawati,Male,45,Teacher,Low,Jakarta Utara,DKI Jakarta,Individual
2349,Maya Halim,Female,43,Consultant,Upper-Middle,Bandar Lampung,Lampung,Individual
2350,Dani Rahmawati,Male,27,Professional,Upper-Middle,Yogyakarta,Yogyakarta,Individual
2351,Ratna Nugroho,Female,51,Professional,Middle,Parepare,South Sulawesi,Individual
2352,Ayu Rahmawati,Female,49,Retail Owner,High,Surabaya,East Java,Individual
2353,Andi Saputra,Male,42,Teacher,Middle,Cimahi,West Java,Individual
2354,Dani Permana,Male,58,Civil Servant,High,Makassar,South Sulawesi,Individual
2355,Budi Pratama,Male,56,Professional,Upper-Middle,Samarinda,East Kalimantan,Individual
2356,Intan Saputra,Female,35,Doctor,Middle,Malang,East Java,Individual
2357,Eko Anggraini,Male,50,Doctor,Middle,Badung,Bali,Individual
2358,Ayu Kurniawan,Female,34,Civil Servant,Middle,Jakarta Selatan,DKI Jakarta,Individual
2359,Eko Maulana,Male,35,Teacher,Middle,Serang,Banten,Individual
2360,Budi Maulana,Male,54,Entrepreneur,Middle,Jakarta Timur,DKI Jakarta,Individual
2361,PT Hidayat Sentosa,N/A,0,Corporate,High,Pontianak,West Kalimantan,Corporate
2362,Hendra Permana,Male,41,Entrepreneur,Middle,Bukittinggi,West Sumatra,Individual
2363,Nadia Gunawan,Female,42,Civil Servant,Low,Balikpapan,East Kalimantan,Individual
2364,Reza Lestari,Male,24,Teacher,Low,Banjarbaru,South Kalimantan,Individual
2365,Hendra Wijaya,Male,33,Teacher,High,Jayapura,Papua,Individual
2366,Dani Wijaya,Male,23,Engineer,Middle,Sleman,Yogyakarta,Individual
2367,Dani Pratama,Male,43,Manager,Low,Yogyakarta,Yogyakarta,Individual
2368,PT Rahmawati Jaya,N/A,0,Corporate,High,Cilegon,Banten,Corporate
2369,Agus Anggraini,Male,36,Lawyer,Low,Badung,Bali,Individual
2370,Putri Permana,Female,60,Engineer,Upper-Middle,Solo,Central Java,Individual
2371,Lestari Gunawan,Female,28,Civil Servant,Middle,Bandar Lampung,Lampung,Individual
2372,Dani Wijaya,Male,36,Retail Owner,Upper-Middle,Bukittinggi,West Sumatra,Individual
2373,Rizki Wijaya,Male,41,Civil Servant,Middle,Jayapura,Papua,Individual
2374,Wati Wijaya,Female,59,Entrepreneur,Upper-Middle,Banjarbaru,South Kalimantan,Individual
2375,Andi Wijaya,Male,62,Teacher,Low,Samarinda,East Kalimantan,Individual
2376,PT Gunawan Group,N/A,0,Corporate,High,Malang,East Java,Corporate
2377,Yusuf Halim,Male,38,Teacher,Middle,Sidoarjo,East Java,Individual
2378,Rizki Hidayat,Male,53,Consultant,Upper-Middle,Jakarta Barat,DKI Jakarta,Individual
2379,Indah Gunawan,Female,23,Professional,High,Depok,West Java,Individual
2380,Putri Permana,Female,44,Civil Servant,Middle,Jakarta Utara,DKI Jakarta,Individual
2381,Eko Permana,Male,36,Consultant,Upper-Middle,Sleman,Yogyakarta,Individual
2382,Fajar Permana,Male,55,Consultant,Middle,Pontianak,West Kalimantan,Individual
2383,Budi Gunawan,Male,32,Consultant,Upper-Middle,Balikpapan,East Kalimantan,Individual
2384,Ratna Saputra,Female,39,Manager,Low,Mataram,West Nusa Tenggara,Individual
2385,Intan Lestari,Female,51,Professional,Middle,Palembang,South Sumatra,Individual
2386,Rina Anggraini,Female,61,Civil Servant,Upper-Middle,Semarang,Central Java,Individual
2387,Dani Maulana,Male,37,Retail Owner,Middle,Solo,Central Java,Individual
2388,Dewi Saputra,Female,39,Doctor,Middle,Yogyakarta,Yogyakarta,Individual
2389,Citra Hidayat,Female,22,Retail Owner,Upper-Middle,Tangerang,Banten,Individual
2390,Maya Permana,Female,29,Teacher,Middle,Pekanbaru,Riau,Individual
2391,Hendra Permana,Male,38,Lawyer,Low,Tangerang,Banten,Individual
2392,Bayu Santoso,Male,27,Doctor,High,Metro,Lampung,Individual
2393,Ratna Setiawan,Female,49,Engineer,Middle,Lubuklinggau,South Sumatra,Individual
2394,Indah Gunawan,Female,38,Doctor,High,Jakarta Timur,DKI Jakarta,Individual
2395,Fajar Kurniawan,Male,39,Consultant,Low,Banjarbaru,South Kalimantan,Individual
2396,Lestari Rahmawati,Female,46,Retail Owner,Low,Yogyakarta,Yogyakarta,Individual
2397,Agus Halim,Male,60,Teacher,Middle,Yogyakarta,Yogyakarta,Individual
2398,Ratna Lestari,Female,58,Manager,Upper-Middle,Magelang,Central Java,Individual
2399,Dimas Halim,Male,33,Manager,Low,Badung,Bali,Individual
2400,Ratna Anggraini,Female,38,Engineer,Middle,Palembang,South Sumatra,Individual
2401,Agus Lestari,Male,62,Manager,Middle,Samarinda,East Kalimantan,Individual
2402,Wahyu Lestari,Male,27,Engineer,Middle,Dumai,Riau,Individual
2403,Putra Kurniawan,Male,42,Engineer,Upper-Middle,Padang,West Sumatra,Individual
2404,Sari Hidayat,Female,50,Entrepreneur,High,Dumai,Riau,Individual
2405,Intan Rahmawati,Female,57,Retail Owner,Middle,Depok,West Java,Individual
2406,Budi Santoso,Male,60,Teacher,High,Palembang,South Sumatra,Individual
2407,Putri Anggraini,Female,46,Teacher,Low,Mataram,West Nusa Tenggara,Individual
2408,Ratna Pratama,Female,37,Lawyer,Middle,Palembang,South Sumatra,Individual
2409,Dimas Anggraini,Male,36,Engineer,Middle,Balikpapan,East Kalimantan,Individual
2410,Wahyu Halim,Male,52,Doctor,Upper-Middle,Cilegon,Banten,Individual
2411,Wati Halim,Female,46,Manager,Upper-Middle,Lubuklinggau,South Sumatra,Individual
2412,Agus Rahmawati,Male,44,Consultant,Low,Palembang,South Sumatra,Individual
2413,Aldi Maulana,Male,54,Doctor,Upper-Middle,Jakarta Utara,DKI Jakarta,Individual
2414,Yusuf Nugroho,Male,58,Retail Owner,Upper-Middle,Solo,Central Java,Individual
2415,Andi Rahmawati,Male,50,Civil Servant,Middle,Gresik,East Java,Individual
2416,PT Halim Sentosa,N/A,0,Corporate,High,Sleman,Yogyakarta,Corporate
2417,Reza Halim,Male,53,Doctor,Middle,Samarinda,East Kalimantan,Individual
2418,Fitri Setiawan,Female,41,Civil Servant,Middle,Serang,Banten,Individual
2419,Ratna Pratama,Female,61,Professional,Low,Bandar Lampung,Lampung,Individual
2420,Nadia Wijaya,Female,34,Entrepreneur,Middle,Pekanbaru,Riau,Individual
2421,Nadia Santoso,Female,43,Manager,Low,Jayapura,Papua,Individual
2422,Putri Permana,Female,43,Engineer,Middle,Depok,West Java,Individual
2423,Rizki Kurniawan,Male,34,Teacher,Middle,Jayapura,Papua,Individual
2424,Bayu Nugroho,Male,23,Teacher,High,Tangerang,Banten,Individual
2425,Bayu Pratama,Male,22,Teacher,Middle,Cilegon,Banten,Individual
2426,Dimas Gunawan,Male,61,Civil Servant,Middle,Surabaya,East Java,Individual
2427,Aldi Lestari,Male,33,Retail Owner,Middle,Pontianak,West Kalimantan,Individual
2428,PT Anggraini Sentosa,N/A,0,Corporate,High,Jakarta Barat,DKI Jakarta,Corporate
2429,Fajar Rahmawati,Male,32,Retail Owner,High,Tangerang,Banten,Individual
2430,Intan Gunawan,Female,57,Teacher,Upper-Middle,Balikpapan,East Kalimantan,Individual
2431,Dimas Permana,Male,53,Lawyer,Middle,Surabaya,East Java,Individual
2432,Wahyu Rahmawati,Male,27,Retail Owner,Upper-Middle,Cilegon,Banten,Individual
2433,Citra Rahmawati,Female,34,Manager,Middle,Bogor,West Java,Individual
2434,Dewi Lestari,Female,23,Manager,Middle,Magelang,Central Java,Individual
2435,Citra Gunawan,Female,25,Retail Owner,Middle,Jakarta Barat,DKI Jakarta,Individual
2436,Putra Hidayat,Male,25,Doctor,Middle,Gresik,East Java,Individual
2437,Wahyu Permana,Male,49,Teacher,Upper-Middle,Cimahi,West Java,Individual
2438,Aldi Saputra,Male,28,Professional,Middle,Bogor,West Java,Individual
2439,Rina Halim,Female,62,Professional,Upper-Middle,Semarang,Central Java,Individual
2440,Aldi Saputra,Male,43,Manager,High,Badung,Bali,Individual
2441,PT Gunawan Sentosa,N/A,0,Corporate,High,Cimahi,West Java,Corporate
2442,Wati Halim,Female,62,Manager,Middle,Jayapura,Papua,Individual
2443,Ratna Kurniawan,Female,46,Retail Owner,Middle,Bitung,North Sulawesi,Individual
2444,PT Maulana Mandiri,N/A,0,Corporate,High,Pematangsiantar,North Sumatra,Corporate
2445,Budi Gunawan,Male,29,Civil Servant,Low,Manado,North Sulawesi,Individual
2446,Reza Nugroho,Male,47,Professional,Middle,Serang,Banten,Individual
2447,Ratna Anggraini,Female,34,Civil Servant,High,Semarang,Central Java,Individual
2448,Yusuf Lestari,Male,28,Professional,Low,Semarang,Central Java,Individual
2449,Dimas Kurniawan,Male,61,Consultant,Middle,Padang,West Sumatra,Individual
2450,Dani Saputra,Male,42,Engineer,Low,Bogor,West Java,Individual
2451,Ayu Saputra,Female,25,Doctor,Middle,Surabaya,East Java,Individual
2452,Agus Gunawan,Male,50,Consultant,Low,Cimahi,West Java,Individual
2453,Eko Rahmawati,Male,42,Retail Owner,Low,Padang,West Sumatra,Individual
2454,Sari Pratama,Female,31,Entrepreneur,High,Binjai,North Sumatra,Individual
2455,Citra Halim,Female,29,Entrepreneur,Upper-Middle,Balikpapan,East Kalimantan,Individual
2456,Intan Halim,Female,46,Lawyer,Middle,Padang,West Sumatra,Individual
2457,Wati Lestari,Female,52,Doctor,High,Serang,Banten,Individual
2458,Hendra Nugroho,Male,32,Entrepreneur,Middle,Malang,East Java,Individual
2459,Hendra Wijaya,Male,62,Lawyer,Middle,Mataram,West Nusa Tenggara,Individual
2460,Indah Lestari,Female,45,Doctor,Middle,Pekanbaru,Riau,Individual
2461,Fajar Saputra,Male,61,Engineer,Middle,Solo,Central Java,Individual
2462,Yusuf Santoso,Male,56,Entrepreneur,Upper-Middle,Serang,Banten,Individual
2463,Fitri Anggraini,Female,32,Lawyer,Upper-Middle,Manado,North Sulawesi,Individual
2464,PT Wijaya Sentosa,N/A,0,Corporate,High,Cilegon,Banten,Corporate
2465,Putra Kurniawan,Male,58,Lawyer,Upper-Middle,Solo,Central Java,Individual
2466,Dani Anggraini,Male,53,Professional,Middle,Makassar,South Sulawesi,Individual
2467,Aldi Permana,Male,25,Civil Servant,Middle,Malang,East Java,Individual
2468,Ratna Santoso,Female,45,Teacher,Upper-Middle,Solo,Central Java,Individual
2469,Maya Santoso,Female,57,Professional,Middle,Parepare,South Sulawesi,Individual
2470,Putri Rahmawati,Female,57,Professional,Upper-Middle,Palembang,South Sumatra,Individual
2471,Aldi Lestari,Male,28,Manager,Upper-Middle,Solo,Central Java,Individual
2472,Fajar Setiawan,Male,45,Entrepreneur,High,Depok,West Java,Individual
2473,Intan Hidayat,Female,27,Engineer,High,Cimahi,West Java,Individual
2474,Budi Anggraini,Male,34,Teacher,High,Yogyakarta,Yogyakarta,Individual
2475,Siti Halim,Female,59,Consultant,Middle,Malang,East Java,Individual
2476,Yusuf Hidayat,Male,32,Lawyer,Low,Sidoarjo,East Java,Individual
2477,Siti Nugroho,Female,51,Retail Owner,Upper-Middle,Jakarta Pusat,DKI Jakarta,Individual
2478,PT Saputra Mandiri,N/A,0,Corporate,High,Gresik,East Java,Corporate
2479,Reza Gunawan,Male,39,Manager,Upper-Middle,Serang,Banten,Individual
2480,Agus Setiawan,Male,38,Lawyer,Middle,Surabaya,East Java,Individual
2481,Dani Gunawan,Male,42,Professional,Upper-Middle,Makassar,South Sulawesi,Individual
2482,Agus Santoso,Male,31,Entrepreneur,Upper-Middle,Jakarta Selatan,DKI Jakarta,Individual
2483,Ratna Anggraini,Female,61,Teacher,Low,Magelang,Central Java,Individual
2484,Fajar Santoso,Male,25,Civil Servant,Upper-Middle,Yogyakarta,Yogyakarta,Individual
2485,Andi Kurniawan,Male,36,Consultant,Middle,Bukittinggi,West Sumatra,Individual
2486,Reza Lestari,Male,60,Lawyer,Upper-Middle,Yogyakarta,Yogyakarta,Individual
2487,Budi Wijaya,Male,34,Professional,Middle,Makassar,South Sulawesi,Individual
2488,Citra Saputra,Female,32,Consultant,Middle,Singkawang,West Kalimantan,Individual
2489,Hendra Nugroho,Male,44,Engineer,Upper-Middle,Sleman,Yogyakarta,Individual
2490,Andi Santoso,Male,53,Professional,Middle,Metro,Lampung,Individual
2491,Siti Setiawan,Female,27,Retail Owner,Middle,Pontianak,West Kalimantan,Individual
2492,Ayu Hidayat,Female,52,Consultant,Middle,Solo,Central Java,Individual
2493,Dimas Halim,Male,32,Teacher,Low,Solo,Central Java,Individual
2494,Ayu Permana,Female,51,Entrepreneur,Middle,Solo,Central Java,Individual
2495,Indah Permana,Female,62,Civil Servant,Middle,Magelang,Central Java,Individual
2496,Dimas Santoso,Male,23,Entrepreneur,Middle,Malang,East Java,Individual
2497,Rizki Permana,Male,57,Lawyer,Middle,Cilegon,Banten,Individual
2498,Yusuf Gunawan,Male,25,Retail Owner,Middle,Gresik,East Java,Individual
2499,Bayu Lestari,Male,35,Teacher,Middle,Malang,East Java,Individual
2500,Lestari Santoso,Female,60,Civil Servant,Middle,Sleman,Yogyakarta,Individual
2501,Dewi Pratama,Female,50,Teacher,Middle,Malang,East Java,Individual
2502,Citra Nugroho,Female,57,Civil Servant,Middle,Banjarmasin,South Kalimantan,Individual
2503,Reza Halim,Male,61,Entrepreneur,Middle,Singkawang,West Kalimantan,Individual
2504,Hendra Maulana,Male,31,Retail Owner,Upper-Middle,Solo,Central Java,Individual
2505,Dewi Lestari,Female,46,Teacher,Upper-Middle,Pontianak,West Kalimantan,Individual
2506,Yusuf Saputra,Male,36,Consultant,Upper-Middle,Serang,Banten,Individual
2507,Sari Lestari,Female,42,Retail Owner,Upper-Middle,Yogyakarta,Yogyakarta,Individual
2508,Nadia Pratama,Female,34,Manager,Middle,Depok,West Java,Individual
2509,Rizki Nugroho,Male,35,Professional,Middle,Sleman,Yogyakarta,Individual
2510,Yusuf Gunawan,Male,46,Engineer,Middle,Surabaya,East Java,Individual
2511,Reza Halim,Male,51,Professional,Middle,Surabaya,East Java,Individual
2512,PT Wijaya Sentosa,N/A,0,Corporate,High,Solo,Central Java,Corporate
2513,Fitri Pratama,Female,62,Retail Owner,Middle,Bogor,West Java,Individual
2514,Putra Nugroho,Male,42,Civil Servant,Middle,Tangerang,Banten,Individual
2515,Eko Wijaya,Male,28,Teacher,Middle,Denpasar,Bali,Individual
2516,Dewi Kurniawan,Female,43,Consultant,Upper-Middle,Tangerang,Banten,Individual
2517,Nadia Wijaya,Female,57,Professional,Upper-Middle,Pontianak,West Kalimantan,Individual
2518,Rina Saputra,Female,25,Lawyer,Upper-Middle,Jakarta Pusat,DKI Jakarta,Individual
2519,PT Permana Jaya,N/A,0,Corporate,High,Bekasi,West Java,Corporate
2520,Indah Maulana,Female,62,Entrepreneur,Upper-Middle,Gresik,East Java,Individual
2521,Fitri Santoso,Female,24,Lawyer,Middle,Cimahi,West Java,Individual
2522,PT Rahmawati Jaya,N/A,0,Corporate,High,Metro,Lampung,Corporate
2523,Bayu Pratama,Male,62,Consultant,Upper-Middle,Serang,Banten,Individual
2524,Dani Halim,Male,38,Professional,Middle,Gresik,East Java,Individual
2525,Siti Lestari,Female,60,Civil Servant,High,Padang,West Sumatra,Individual
2526,Citra Santoso,Female,35,Doctor,Middle,Sleman,Yogyakarta,Individual
2527,Sari Lestari,Female,25,Consultant,Upper-Middle,Malang,East Java,Individual
2528,PT Saputra Mandiri,N/A,0,Corporate,High,Bogor,West Java,Corporate
2529,Nadia Hidayat,Female,51,Lawyer,High,Dumai,Riau,Individual
2530,Citra Gunawan,Female,37,Retail Owner,Low,Jakarta Selatan,DKI Jakarta,Individual
2531,PT Nugroho Mandiri,N/A,0,Corporate,High,Surabaya,East Java,Corporate
2532,Budi Pratama,Male,45,Teacher,Middle,Magelang,Central Java,Individual
2533,PT Maulana Logistik,N/A,0,Corporate,High,Jakarta Barat,DKI Jakarta,Corporate
2534,Putri Nugroho,Female,51,Entrepreneur,High,Makassar,South Sulawesi,Individual
2535,Putri Pratama,Female,29,Consultant,Low,Cilegon,Banten,Individual
2536,Reza Halim,Male,52,Manager,Low,Pekanbaru,Riau,Individual
2537,Andi Lestari,Male,49,Entrepreneur,Upper-Middle,Jakarta Utara,DKI Jakarta,Individual
2538,Nadia Nugroho,Female,52,Doctor,Middle,Sleman,Yogyakarta,Individual
2539,Citra Pratama,Female,24,Doctor,High,Singkawang,West Kalimantan,Individual
2540,Rizki Hidayat,Male,27,Civil Servant,Upper-Middle,Magelang,Central Java,Individual
2541,Nadia Rahmawati,Female,56,Civil Servant,Middle,Lubuklinggau,South Sumatra,Individual
2542,Ayu Hidayat,Female,40,Teacher,Middle,Bukittinggi,West Sumatra,Individual
2543,Fajar Nugroho,Male,30,Consultant,Middle,Solo,Central Java,Individual
2544,Aldi Pratama,Male,43,Retail Owner,Middle,Banjarmasin,South Kalimantan,Individual
2545,Wahyu Maulana,Male,58,Professional,Middle,Samarinda,East Kalimantan,Individual
2546,Bayu Rahmawati,Male,24,Doctor,Middle,Malang,East Java,Individual
2547,Ayu Santoso,Female,42,Consultant,Upper-Middle,Banjarbaru,South Kalimantan,Individual
2548,Rina Halim,Female,44,Lawyer,Upper-Middle,Medan,North Sumatra,Individual
2549,Reza Pratama,Male,54,Doctor,Upper-Middle,Jakarta Barat,DKI Jakarta,Individual
2550,Ratna Saputra,Female,56,Entrepreneur,Upper-Middle,Denpasar,Bali,Individual
2551,PT Santoso Sentosa,N/A,0,Corporate,High,Bandung,West Java,Corporate
2552,Hendra Hidayat,Male,47,Teacher,Low,Gresik,East Java,Individual
2553,Lestari Halim,Female,52,Entrepreneur,Upper-Middle,Sleman,Yogyakarta,Individual
2554,Siti Nugroho,Female,52,Manager,Upper-Middle,Tangerang,Banten,Individual
2555,Wati Lestari,Female,23,Engineer,Middle,Badung,Bali,Individual
2556,Dimas Setiawan,Male,62,Doctor,High,Sleman,Yogyakarta,Individual
2557,Siti Hidayat,Female,41,Retail Owner,Middle,Padang,West Sumatra,Individual
2558,Putra Wijaya,Male,59,Professional,Upper-Middle,Banjarbaru,South Kalimantan,Individual
2559,Maya Setiawan,Female,58,Retail Owner,Middle,Parepare,South Sulawesi,Individual
2560,Putri Anggraini,Female,50,Manager,Middle,Sidoarjo,East Java,Individual
2561,Wahyu Santoso,Male,34,Civil Servant,Middle,Magelang,Central Java,Individual
2562,Rizki Wijaya,Male,36,Lawyer,Middle,Padang,West Sumatra,Individual
2563,Budi Wijaya,Male,30,Lawyer,Middle,Jayapura,Papua,Individual
2564,Siti Setiawan,Female,55,Manager,High,Tangerang,Banten,Individual
2565,Indah Rahmawati,Female,49,Lawyer,Low,Sleman,Yogyakarta,Individual
2566,Aldi Anggraini,Male,30,Doctor,Middle,Tangerang,Banten,Individual
2567,Fitri Nugroho,Female,52,Professional,Low,Samarinda,East Kalimantan,Individual
2568,Dimas Wijaya,Male,41,Entrepreneur,Middle,Binjai,North Sumatra,Individual
2569,Budi Rahmawati,Male,39,Doctor,Upper-Middle,Bogor,West Java,Individual
2570,Dimas Gunawan,Male,52,Consultant,Middle,Depok,West Java,Individual
2571,Eko Gunawan,Male,30,Consultant,Upper-Middle,Jakarta Timur,DKI Jakarta,Individual
2572,Fajar Wijaya,Male,37,Doctor,Upper-Middle,Sleman,Yogyakarta,Individual
2573,Siti Maulana,Female,49,Doctor,Low,Semarang,Central Java,Individual
2574,Indah Lestari,Female,60,Retail Owner,Upper-Middle,Depok,West Java,Individual
2575,Wati Permana,Female,62,Professional,Middle,Gresik,East Java,Individual
2576,Hendra Santoso,Male,57,Teacher,Low,Makassar,South Sulawesi,Individual
2577,Ayu Gunawan,Female,43,Lawyer,Middle,Sidoarjo,East Java,Individual
2578,Citra Permana,Female,59,Teacher,Upper-Middle,Parepare,South Sulawesi,Individual
2579,Sari Rahmawati,Female,55,Engineer,Upper-Middle,Sleman,Yogyakarta,Individual
2580,Agus Anggraini,Male,42,Doctor,High,Sidoarjo,East Java,Individual
2581,Maya Nugroho,Female,60,Engineer,Middle,Bandar Lampung,Lampung,Individual
2582,Nadia Rahmawati,Female,57,Professional,Middle,Banjarmasin,South Kalimantan,Individual
2583,Wati Saputra,Female,35,Lawyer,Upper-Middle,Palembang,South Sumatra,Individual
2584,Ayu Setiawan,Female,39,Engineer,High,Malang,East Java,Individual
2585,Dewi Kurniawan,Female,57,Lawyer,High,Bogor,West Java,Individual
2586,Fitri Halim,Female,48,Lawyer,Middle,Magelang,Central Java,Individual
2587,Indah Kurniawan,Female,42,Entrepreneur,Low,Surabaya,East Java,Individual
2588,Dewi Rahmawati,Female,56,Doctor,Middle,Banjarbaru,South Kalimantan,Individual
2589,PT Santoso Sentosa,N/A,0,Corporate,High,Medan,North Sumatra,Corporate
2590,Maya Kurniawan,Female,37,Consultant,Middle,Metro,Lampung,Individual
2591,Eko Pratama,Male,57,Doctor,Upper-Middle,Samarinda,East Kalimantan,Individual
2592,Eko Santoso,Male,58,Professional,Upper-Middle,Mataram,West Nusa Tenggara,Individual
2593,Rina Saputra,Female,51,Professional,Upper-Middle,Parepare,South Sulawesi,Individual
2594,PT Lestari Jaya,N/A,0,Corporate,High,Bukittinggi,West Sumatra,Corporate
2595,Hendra Setiawan,Male,50,Entrepreneur,Middle,Bukittinggi,West Sumatra,Individual
2596,Rina Anggraini,Female,53,Entrepreneur,Middle,Bitung,North Sulawesi,Individual
2597,Ratna Lestari,Female,60,Manager,Middle,Jakarta Utara,DKI Jakarta,Individual
2598,Rina Saputra,Female,42,Doctor,Middle,Sleman,Yogyakarta,Individual
2599,Siti Gunawan,Female,58,Manager,Middle,Padang,West Sumatra,Individual
2600,Indah Pratama,Female,53,Manager,Middle,Semarang,Central Java,Individual
2601,Rizki Hidayat,Male,38,Consultant,Middle,Cilegon,Banten,Individual
2602,Wahyu Pratama,Male,46,Professional,Middle,Balikpapan,East Kalimantan,Individual
2603,Rizki Santoso,Male,55,Manager,High,Malang,East Java,Individual
2604,Dimas Kurniawan,Male,41,Entrepreneur,Middle,Jakarta Utara,DKI Jakarta,Individual
2605,Rizki Rahmawati,Male,52,Doctor,High,Makassar,South Sulawesi,Individual
2606,Budi Maulana,Male,28,Lawyer,Middle,Banjarmasin,South Kalimantan,Individual
2607,Nadia Wijaya,Female,31,Civil Servant,Middle,Jakarta Barat,DKI Jakarta,Individual
2608,Bayu Rahmawati,Male,25,Civil Servant,Middle,Semarang,Central Java,Individual
2609,Lestari Maulana,Female,39,Doctor,Middle,Yogyakarta,Yogyakarta,Individual
2610,Budi Kurniawan,Male,30,Manager,Low,Magelang,Central Java,Individual
2611,Intan Rahmawati,Female,51,Engineer,High,Mataram,West Nusa Tenggara,Individual
2612,Putri Rahmawati,Female,53,Teacher,Middle,Jakarta Utara,DKI Jakarta,Individual
2613,Fajar Anggraini,Male,48,Lawyer,Middle,Jakarta Barat,DKI Jakarta,Individual
2614,Dimas Kurniawan,Male,62,Civil Servant,Upper-Middle,Cilegon,Banten,Individual
2615,Indah Saputra,Female,31,Lawyer,Low,Solo,Central Java,Individual
2616,Sari Anggraini,Female,35,Civil Servant,Middle,Jakarta Pusat,DKI Jakarta,Individual
2617,Rizki Hidayat,Male,25,Retail Owner,Middle,Manado,North Sulawesi,Individual
2618,Siti Anggraini,Female,52,Entrepreneur,Low,Malang,East Java,Individual
2619,Reza Setiawan,Male,57,Teacher,Middle,Cimahi,West Java,Individual
2620,PT Hidayat Group,N/A,0,Corporate,High,Serang,Banten,Corporate
2621,Siti Maulana,Female,55,Consultant,Upper-Middle,Bitung,North Sulawesi,Individual
2622,PT Wijaya Mandiri,N/A,0,Corporate,High,Banjarmasin,South Kalimantan,Corporate
2623,Nadia Setiawan,Female,62,Retail Owner,Middle,Bandung,West Java,Individual
2624,Rina Pratama,Female,24,Retail Owner,Middle,Badung,Bali,Individual
2625,Hendra Rahmawati,Male,58,Civil Servant,Middle,Makassar,South Sulawesi,Individual
2626,Nadia Lestari,Female,26,Professional,Middle,Parepare,South Sulawesi,Individual
2627,PT Permana Mandiri,N/A,0,Corporate,High,Sidoarjo,East Java,Corporate
2628,Lestari Rahmawati,Female,57,Consultant,High,Singkawang,West Kalimantan,Individual
2629,Citra Halim,Female,37,Teacher,Middle,Solo,Central Java,Individual
2630,Ayu Setiawan,Female,47,Civil Servant,Low,Surabaya,East Java,Individual
2631,Aldi Saputra,Male,51,Manager,High,Bitung,North Sulawesi,Individual
2632,Maya Santoso,Female,37,Teacher,Middle,Yogyakarta,Yogyakarta,Individual
2633,Hendra Kurniawan,Male,49,Teacher,Middle,Jakarta Barat,DKI Jakarta,Individual
2634,Yusuf Anggraini,Male,53,Manager,High,Depok,West Java,Individual
2635,Rina Halim,Female,32,Professional,Middle,Serang,Banten,Individual
2636,Dani Setiawan,Male,22,Entrepreneur,Middle,Jakarta Pusat,DKI Jakarta,Individual
2637,PT Permana Sentosa,N/A,0,Corporate,High,Bogor,West Java,Corporate
2638,Wati Halim,Female,27,Entrepreneur,Low,Manado,North Sulawesi,Individual
2639,Andi Halim,Male,22,Lawyer,Upper-Middle,Depok,West Java,Individual
2640,Lestari Permana,Female,55,Lawyer,Low,Pekanbaru,Riau,Individual
2641,Putri Gunawan,Female,54,Manager,Low,Palembang,South Sumatra,Individual
2642,Reza Lestari,Male,50,Manager,Middle,Gresik,East Java,Individual
2643,Dani Permana,Male,41,Civil Servant,Upper-Middle,Semarang,Central Java,Individual
2644,PT Santoso Mandiri,N/A,0,Corporate,High,Jakarta Pusat,DKI Jakarta,Corporate
2645,Rizki Maulana,Male,43,Manager,Upper-Middle,Sleman,Yogyakarta,Individual
2646,Intan Setiawan,Female,35,Manager,High,Palembang,South Sumatra,Individual
2647,Andi Pratama,Male,38,Teacher,Middle,Singkawang,West Kalimantan,Individual
2648,Nadia Setiawan,Female,49,Entrepreneur,Upper-Middle,Jayapura,Papua,Individual
2649,Rizki Kurniawan,Male,27,Civil Servant,Middle,Denpasar,Bali,Individual
2650,Maya Anggraini,Female,34,Teacher,Upper-Middle,Jakarta Barat,DKI Jakarta,Individual
2651,Sari Pratama,Female,28,Doctor,Middle,Banjarmasin,South Kalimantan,Individual
2652,Fitri Kurniawan,Female,55,Manager,High,Bandar Lampung,Lampung,Individual
2653,Yusuf Setiawan,Male,59,Engineer,Middle,Semarang,Central Java,Individual
2654,Lestari Gunawan,Female,26,Teacher,Middle,Manado,North Sulawesi,Individual
2655,Yusuf Nugroho,Male,41,Manager,High,Samarinda,East Kalimantan,Individual
2656,Andi Saputra,Male,50,Engineer,Middle,Jakarta Selatan,DKI Jakarta,Individual
2657,Siti Rahmawati,Female,62,Lawyer,Upper-Middle,Banjarmasin,South Kalimantan,Individual
2658,Bayu Gunawan,Male,57,Consultant,Middle,Depok,West Java,Individual
2659,Bayu Gunawan,Male,34,Lawyer,Low,Malang,East Java,Individual
2660,PT Wijaya Sentosa,N/A,0,Corporate,High,Sleman,Yogyakarta,Corporate
2661,Putri Anggraini,Female,49,Engineer,Middle,Jakarta Barat,DKI Jakarta,Individual
2662,Budi Wijaya,Male,29,Engineer,Upper-Middle,Bandung,West Java,Individual
2663,Dani Lestari,Male,43,Consultant,Middle,Banjarbaru,South Kalimantan,Individual
2664,Citra Santoso,Female,44,Consultant,Upper-Middle,Semarang,Central Java,Individual
2665,Aldi Anggraini,Male,61,Civil Servant,Upper-Middle,Balikpapan,East Kalimantan,Individual
2666,Bayu Permana,Male,56,Entrepreneur,Middle,Jayapura,Papua,Individual
2667,Citra Maulana,Female,49,Civil Servant,Low,Semarang,Central Java,Individual
2668,Citra Halim,Female,26,Manager,High,Bukittinggi,West Sumatra,Individual
2669,Rina Anggraini,Female,24,Entrepreneur,Low,Serang,Banten,Individual
2670,Wati Hidayat,Female,48,Professional,Upper-Middle,Gresik,East Java,Individual
2671,Fajar Rahmawati,Male,57,Consultant,Upper-Middle,Solo,Central Java,Individual
2672,Dewi Halim,Female,24,Consultant,Upper-Middle,Dumai,Riau,Individual
2673,Siti Permana,Female,28,Manager,Low,Bogor,West Java,Individual
2674,Sari Permana,Female,48,Lawyer,High,Mataram,West Nusa Tenggara,Individual
2675,Indah Pratama,Female,23,Civil Servant,High,Yogyakarta,Yogyakarta,Individual
2676,Agus Santoso,Male,28,Civil Servant,High,Pontianak,West Kalimantan,Individual
2677,Dimas Pratama,Male,39,Consultant,Middle,Banjarmasin,South Kalimantan,Individual
2678,Intan Rahmawati,Female,41,Manager,Low,Jakarta Barat,DKI Jakarta,Individual
2679,Maya Setiawan,Female,25,Professional,Middle,Tangerang,Banten,Individual
2680,Yusuf Maulana,Male,45,Consultant,Middle,Cimahi,West Java,Individual
2681,Budi Hidayat,Male,32,Lawyer,Middle,Makassar,South Sulawesi,Individual
2682,Eko Setiawan,Male,54,Retail Owner,Middle,Sleman,Yogyakarta,Individual
2683,Yusuf Rahmawati,Male,37,Doctor,Low,Sleman,Yogyakarta,Individual
2684,Sari Wijaya,Female,47,Engineer,High,Serang,Banten,Individual
2685,Reza Kurniawan,Male,38,Retail Owner,Upper-Middle,Jakarta Timur,DKI Jakarta,Individual
2686,Nadia Wijaya,Female,58,Doctor,Middle,Pematangsiantar,North Sumatra,Individual
2687,Dimas Saputra,Male,24,Engineer,Upper-Middle,Pekanbaru,Riau,Individual
2688,Putra Saputra,Male,29,Doctor,Upper-Middle,Jakarta Barat,DKI Jakarta,Individual
2689,Reza Gunawan,Male,29,Consultant,Upper-Middle,Solo,Central Java,Individual
2690,Wati Saputra,Female,62,Lawyer,Middle,Bekasi,West Java,Individual
2691,Indah Pratama,Female,38,Lawyer,Low,Jakarta Selatan,DKI Jakarta,Individual
2692,Hendra Santoso,Male,40,Lawyer,Middle,Semarang,Central Java,Individual
2693,Fajar Lestari,Male,44,Lawyer,Middle,Bogor,West Java,Individual
2694,Putri Lestari,Female,36,Manager,Middle,Depok,West Java,Individual
2695,Budi Nugroho,Male,45,Manager,Middle,Lubuklinggau,South Sumatra,Individual
2696,PT Anggraini Sentosa,N/A,0,Corporate,High,Jakarta Pusat,DKI Jakarta,Corporate
2697,Dani Gunawan,Male,57,Lawyer,Upper-Middle,Tangerang,Banten,Individual
2698,Eko Pratama,Male,42,Entrepreneur,Upper-Middle,Singkawang,West Kalimantan,Individual
2699,Budi Setiawan,Male,41,Retail Owner,Upper-Middle,Sleman,Yogyakarta,Individual
2700,Wati Permana,Female,60,Retail Owner,Middle,Solo,Central Java,Individual
2701,Agus Pratama,Male,43,Lawyer,Middle,Metro,Lampung,Individual
2702,Reza Santoso,Male,28,Doctor,Middle,Semarang,Central Java,Individual
2703,Budi Gunawan,Male,57,Doctor,Middle,Yogyakarta,Yogyakarta,Individual
2704,Rizki Pratama,Male,59,Doctor,Middle,Jayapura,Papua,Individual
2705,Fajar Santoso,Male,27,Entrepreneur,Upper-Middle,Banjarmasin,South Kalimantan,Individual
2706,Fitri Wijaya,Female,22,Teacher,High,Depok,West Java,Individual
2707,Aldi Halim,Male,39,Consultant,Low,Lubuklinggau,South Sumatra,Individual
2708,Reza Santoso,Male,62,Civil Servant,Upper-Middle,Pekanbaru,Riau,Individual
2709,Reza Wijaya,Male,34,Entrepreneur,Upper-Middle,Gresik,East Java,Individual
2710,Fajar Wijaya,Male,24,Engineer,Low,Parepare,South Sulawesi,Individual
2711,Putri Setiawan,Female,26,Civil Servant,Upper-Middle,Semarang,Central Java,Individual
2712,Putra Permana,Male,48,Civil Servant,Low,Balikpapan,East Kalimantan,Individual
2713,Rina Setiawan,Female,32,Consultant,Middle,Cilegon,Banten,Individual
2714,Intan Lestari,Female,32,Lawyer,Upper-Middle,Yogyakarta,Yogyakarta,Individual
2715,Maya Hidayat,Female,38,Manager,Upper-Middle,Makassar,South Sulawesi,Individual
2716,Intan Santoso,Female,59,Consultant,Low,Medan,North Sumatra,Individual
2717,Bayu Lestari,Male,47,Entrepreneur,High,Yogyakarta,Yogyakarta,Individual
2718,Dani Wijaya,Male,37,Professional,High,Cilegon,Banten,Individual
2719,Agus Rahmawati,Male,56,Civil Servant,Low,Tangerang,Banten,Individual
2720,PT Maulana Jaya,N/A,0,Corporate,High,Bekasi,West Java,Corporate
2721,Bayu Wijaya,Male,61,Teacher,Middle,Yogyakarta,Yogyakarta,Individual
2722,Ratna Hidayat,Female,23,Entrepreneur,Low,Jakarta Selatan,DKI Jakarta,Individual
2723,Dani Setiawan,Male,62,Professional,Upper-Middle,Depok,West Java,Individual
2724,Siti Maulana,Female,62,Teacher,Upper-Middle,Dumai,Riau,Individual
2725,Dani Anggraini,Male,54,Professional,Upper-Middle,Palembang,South Sumatra,Individual
2726,Fajar Gunawan,Male,58,Civil Servant,Middle,Tangerang,Banten,Individual
2727,Fitri Halim,Female,24,Lawyer,Middle,Serang,Banten,Individual
2728,PT Anggraini Jaya,N/A,0,Corporate,High,Jakarta Barat,DKI Jakarta,Corporate
2729,Dewi Hidayat,Female,55,Professional,Middle,Magelang,Central Java,Individual
2730,Dani Nugroho,Male,54,Teacher,Middle,Yogyakarta,Yogyakarta,Individual
2731,Dani Halim,Male,46,Entrepreneur,Upper-Middle,Jakarta Timur,DKI Jakarta,Individual
2732,Hendra Halim,Male,61,Consultant,Middle,Pematangsiantar,North Sumatra,Individual
2733,Andi Nugroho,Male,25,Consultant,High,Manado,North Sulawesi,Individual
2734,Rizki Gunawan,Male,38,Lawyer,High,Metro,Lampung,Individual
2735,Bayu Saputra,Male,46,Manager,Upper-Middle,Yogyakarta,Yogyakarta,Individual
2736,Putra Santoso,Male,31,Consultant,Upper-Middle,Palembang,South Sumatra,Individual
2737,Indah Nugroho,Female,32,Consultant,Low,Parepare,South Sulawesi,Individual
2738,Rizki Maulana,Male,38,Manager,Low,Bitung,North Sulawesi,Individual
2739,Citra Nugroho,Female,24,Teacher,Middle,Banjarbaru,South Kalimantan,Individual
2740,Rizki Saputra,Male,23,Engineer,Upper-Middle,Gresik,East Java,Individual
2741,Dani Saputra,Male,28,Civil Servant,Middle,Cilegon,Banten,Individual
2742,Sari Setiawan,Female,30,Entrepreneur,Middle,Samarinda,East Kalimantan,Individual
2743,Wahyu Nugroho,Male,37,Consultant,Middle,Malang,East Java,Individual
2744,Intan Setiawan,Female,29,Professional,Middle,Bandung,West Java,Individual
2745,Fitri Lestari,Female,29,Retail Owner,Middle,Pekanbaru,Riau,Individual
2746,Yusuf Saputra,Male,30,Manager,Middle,Bandung,West Java,Individual
2747,Budi Anggraini,Male,61,Professional,Upper-Middle,Gresik,East Java,Individual
2748,Citra Rahmawati,Female,55,Entrepreneur,High,Bekasi,West Java,Individual
2749,Fajar Santoso,Male,43,Consultant,Upper-Middle,Cimahi,West Java,Individual
2750,Reza Kurniawan,Male,43,Retail Owner,Middle,Lubuklinggau,South Sumatra,Individual
2751,Intan Pratama,Female,61,Civil Servant,Upper-Middle,Serang,Banten,Individual
2752,Rizki Halim,Male,26,Consultant,Upper-Middle,Manado,North Sulawesi,Individual
2753,Hendra Rahmawati,Male,52,Doctor,Middle,Depok,West Java,Individual
2754,Dimas Halim,Male,60,Teacher,Middle,Solo,Central Java,Individual
2755,Budi Nugroho,Male,24,Consultant,Upper-Middle,Pontianak,West Kalimantan,Individual
2756,Wahyu Hidayat,Male,62,Manager,Low,Samarinda,East Kalimantan,Individual
2757,Bayu Setiawan,Male,28,Doctor,Low,Jakarta Selatan,DKI Jakarta,Individual
2758,Bayu Anggraini,Male,35,Entrepreneur,Middle,Tangerang,Banten,Individual
2759,Dewi Hidayat,Female,35,Teacher,Low,Bogor,West Java,Individual
2760,Fitri Rahmawati,Female,33,Manager,Middle,Sleman,Yogyakarta,Individual
2761,Fajar Saputra,Male,55,Doctor,Upper-Middle,Jakarta Selatan,DKI Jakarta,Individual
2762,Dani Rahmawati,Male,50,Consultant,Upper-Middle,Depok,West Java,Individual
2763,Hendra Pratama,Male,35,Entrepreneur,Middle,Yogyakarta,Yogyakarta,Individual
2764,Ayu Setiawan,Female,23,Engineer,Upper-Middle,Surabaya,East Java,Individual
2765,Aldi Pratama,Male,50,Retail Owner,High,Depok,West Java,Individual
2766,Citra Halim,Female,58,Professional,Upper-Middle,Bitung,North Sulawesi,Individual
2767,Putri Rahmawati,Female,45,Civil Servant,Upper-Middle,Bandar Lampung,Lampung,Individual
2768,Rizki Pratama,Male,54,Doctor,High,Bekasi,West Java,Individual
2769,Rizki Maulana,Male,31,Entrepreneur,Upper-Middle,Cilegon,Banten,Individual
2770,Bayu Lestari,Male,31,Lawyer,Middle,Semarang,Central Java,Individual
2771,Rizki Rahmawati,Male,36,Doctor,Middle,Sleman,Yogyakarta,Individual
2772,Putra Anggraini,Male,57,Teacher,Upper-Middle,Pontianak,West Kalimantan,Individual
2773,Eko Anggraini,Male,58,Manager,Upper-Middle,Tangerang,Banten,Individual
2774,Fitri Gunawan,Female,31,Retail Owner,Middle,Serang,Banten,Individual
2775,Wati Santoso,Female,35,Civil Servant,Low,Semarang,Central Java,Individual
2776,Lestari Hidayat,Female,29,Consultant,Middle,Gresik,East Java,Individual
2777,Ratna Rahmawati,Female,39,Lawyer,Upper-Middle,Jakarta Pusat,DKI Jakarta,Individual
2778,Andi Gunawan,Male,54,Entrepreneur,Middle,Semarang,Central Java,Individual
2779,Fitri Saputra,Female,26,Entrepreneur,Low,Serang,Banten,Individual
2780,PT Halim Sentosa,N/A,0,Corporate,High,Tangerang,Banten,Corporate
2781,Wahyu Setiawan,Male,42,Doctor,Low,Cimahi,West Java,Individual
2782,Wati Kurniawan,Female,62,Engineer,Middle,Dumai,Riau,Individual
2783,PT Nugroho Mandiri,N/A,0,Corporate,High,Magelang,Central Java,Corporate
2784,Intan Wijaya,Female,47,Civil Servant,Upper-Middle,Cimahi,West Java,Individual
2785,Reza Permana,Male,53,Civil Servant,Upper-Middle,Pontianak,West Kalimantan,Individual
2786,Dani Maulana,Male,38,Doctor,Low,Manado,North Sulawesi,Individual
2787,Rina Santoso,Female,30,Doctor,High,Yogyakarta,Yogyakarta,Individual
2788,Dewi Lestari,Female,56,Professional,High,Bekasi,West Java,Individual
2789,PT Saputra Mandiri,N/A,0,Corporate,High,Semarang,Central Java,Corporate
2790,Putri Lestari,Female,53,Doctor,Middle,Mataram,West Nusa Tenggara,Individual
2791,Aldi Gunawan,Male,56,Retail Owner,Middle,Jakarta Pusat,DKI Jakarta,Individual
2792,Wahyu Kurniawan,Male,40,Engineer,Middle,Badung,Bali,Individual
2793,Dimas Lestari,Male,35,Consultant,Upper-Middle,Singkawang,West Kalimantan,Individual
2794,Aldi Lestari,Male,53,Entrepreneur,Upper-Middle,Bandung,West Java,Individual
2795,Aldi Lestari,Male,59,Engineer,Middle,Yogyakarta,Yogyakarta,Individual
2796,Putri Halim,Female,56,Doctor,Middle,Banjarbaru,South Kalimantan,Individual
2797,Wahyu Permana,Male,56,Consultant,Middle,Tangerang,Banten,Individual
2798,Indah Pratama,Female,43,Retail Owner,Middle,Binjai,North Sumatra,Individual
2799,Indah Gunawan,Female,29,Doctor,Middle,Bukittinggi,West Sumatra,Individual
2800,Wahyu Maulana,Male,22,Professional,Middle,Tangerang,Banten,Individual
2801,Eko Saputra,Male,62,Teacher,Middle,Binjai,North Sumatra,Individual
2802,PT Gunawan Sentosa,N/A,0,Corporate,High,Semarang,Central Java,Corporate
2803,Reza Santoso,Male,55,Teacher,Upper-Middle,Makassar,South Sulawesi,Individual
2804,Citra Halim,Female,24,Doctor,Middle,Sleman,Yogyakarta,Individual
2805,Citra Rahmawati,Female,23,Entrepreneur,High,Jakarta Barat,DKI Jakarta,Individual
2806,Putra Permana,Male,56,Civil Servant,Middle,Lubuklinggau,South Sumatra,Individual
2807,Ratna Setiawan,Female,61,Teacher,Middle,Binjai,North Sumatra,Individual
2808,Citra Maulana,Female,24,Doctor,Upper-Middle,Malang,East Java,Individual
2809,Ayu Kurniawan,Female,52,Entrepreneur,Middle,Banjarmasin,South Kalimantan,Individual
2810,Maya Kurniawan,Female,26,Lawyer,High,Sleman,Yogyakarta,Individual
2811,Indah Rahmawati,Female,31,Lawyer,Upper-Middle,Magelang,Central Java,Individual
2812,Wahyu Permana,Male,30,Entrepreneur,Middle,Magelang,Central Java,Individual
2813,Wati Rahmawati,Female,22,Teacher,Middle,Yogyakarta,Yogyakarta,Individual
2814,PT Maulana Mandiri,N/A,0,Corporate,High,Jakarta Barat,DKI Jakarta,Corporate
2815,Wati Lestari,Female,58,Consultant,Low,Dumai,Riau,Individual
2816,Ratna Hidayat,Female,39,Retail Owner,Middle,Bitung,North Sulawesi,Individual
2817,Agus Permana,Male,61,Manager,Middle,Dumai,Riau,Individual
2818,Wahyu Saputra,Male,56,Manager,High,Parepare,South Sulawesi,Individual
2819,Putra Gunawan,Male,42,Civil Servant,Middle,Banjarbaru,South Kalimantan,Individual
2820,Indah Wijaya,Female,58,Teacher,Middle,Denpasar,Bali,Individual
2821,Dewi Saputra,Female,54,Entrepreneur,Low,Lubuklinggau,South Sumatra,Individual
2822,Fitri Nugroho,Female,46,Teacher,High,Jakarta Utara,DKI Jakarta,Individual
2823,Ratna Nugroho,Female,36,Consultant,Low,Tangerang,Banten,Individual
2824,Aldi Permana,Male,29,Doctor,High,Bandung,West Java,Individual
2825,Lestari Saputra,Female,39,Manager,Upper-Middle,Malang,East Java,Individual
2826,Maya Lestari,Female,28,Civil Servant,Middle,Jakarta Pusat,DKI Jakarta,Individual
2827,Wahyu Kurniawan,Male,52,Manager,Upper-Middle,Denpasar,Bali,Individual
2828,Siti Pratama,Female,61,Engineer,Middle,Banjarmasin,South Kalimantan,Individual
2829,Andi Maulana,Male,44,Retail Owner,Middle,Tangerang,Banten,Individual
2830,Fajar Setiawan,Male,30,Doctor,Upper-Middle,Malang,East Java,Individual
2831,Indah Wijaya,Female,30,Entrepreneur,High,Solo,Central Java,Individual
2832,Citra Maulana,Female,50,Lawyer,Middle,Bekasi,West Java,Individual
2833,Nadia Anggraini,Female,39,Teacher,Middle,Serang,Banten,Individual
2834,Citra Setiawan,Female,61,Professional,Middle,Surabaya,East Java,Individual
2835,Sari Pratama,Female,30,Civil Servant,High,Jakarta Selatan,DKI Jakarta,Individual
2836,Wati Saputra,Female,59,Professional,Upper-Middle,Bekasi,West Java,Individual
2837,Dewi Saputra,Female,22,Manager,Middle,Tangerang,Banten,Individual
2838,Putra Santoso,Male,40,Manager,Middle,Banjarbaru,South Kalimantan,Individual
2839,Putri Lestari,Female,36,Manager,Middle,Bitung,North Sulawesi,Individual
2840,Eko Hidayat,Male,54,Doctor,High,Lubuklinggau,South Sumatra,Individual
2841,Bayu Saputra,Male,33,Doctor,Upper-Middle,Balikpapan,East Kalimantan,Individual
2842,Dimas Halim,Male,31,Entrepreneur,High,Palembang,South Sumatra,Individual
2843,Aldi Santoso,Male,55,Consultant,Middle,Bekasi,West Java,Individual
2844,Bayu Wijaya,Male,52,Civil Servant,Middle,Padang,West Sumatra,Individual
2845,Ayu Hidayat,Female,38,Lawyer,Upper-Middle,Sleman,Yogyakarta,Individual
2846,Wahyu Halim,Male,24,Manager,Middle,Metro,Lampung,Individual
2847,Reza Santoso,Male,47,Lawyer,Low,Manado,North Sulawesi,Individual
2848,Wati Saputra,Female,34,Entrepreneur,Middle,Pekanbaru,Riau,Individual
2849,Eko Halim,Male,58,Professional,High,Semarang,Central Java,Individual
2850,Wati Permana,Female,59,Civil Servant,Low,Cilegon,Banten,Individual
2851,Agus Gunawan,Male,45,Doctor,Upper-Middle,Cilegon,Banten,Individual
2852,Maya Kurniawan,Female,29,Civil Servant,Middle,Padang,West Sumatra,Individual
2853,Rina Pratama,Female,58,Civil Servant,Middle,Manado,North Sulawesi,Individual
2854,Siti Wijaya,Female,58,Doctor,Middle,Jakarta Barat,DKI Jakarta,Individual
2855,Citra Rahmawati,Female,53,Civil Servant,Upper-Middle,Sleman,Yogyakarta,Individual
2856,Eko Wijaya,Male,23,Teacher,Upper-Middle,Medan,North Sumatra,Individual
2857,Bayu Saputra,Male,33,Retail Owner,Low,Serang,Banten,Individual
2858,Fitri Rahmawati,Female,54,Teacher,Upper-Middle,Yogyakarta,Yogyakarta,Individual
2859,Putri Saputra,Female,62,Entrepreneur,Middle,Makassar,South Sulawesi,Individual
2860,Rina Anggraini,Female,46,Professional,Upper-Middle,Banjarbaru,South Kalimantan,Individual
2861,Ratna Permana,Female,32,Civil Servant,High,Makassar,South Sulawesi,Individual
2862,Dani Anggraini,Male,59,Doctor,Upper-Middle,Binjai,North Sumatra,Individual
2863,Andi Halim,Male,34,Doctor,High,Semarang,Central Java,Individual
2864,Dewi Halim,Female,29,Professional,Middle,Bekasi,West Java,Individual
2865,Wahyu Gunawan,Male,51,Professional,Middle,Pekanbaru,Riau,Individual
2866,Budi Santoso,Male,46,Professional,Middle,Bandung,West Java,Individual
2867,Yusuf Wijaya,Male,43,Doctor,Upper-Middle,Manado,North Sulawesi,Individual
2868,Andi Nugroho,Male,58,Entrepreneur,Middle,Cimahi,West Java,Individual
2869,Wati Anggraini,Female,41,Professional,Upper-Middle,Malang,East Java,Individual
2870,Dani Rahmawati,Male,47,Retail Owner,Upper-Middle,Surabaya,East Java,Individual
2871,Eko Halim,Male,40,Teacher,Middle,Tangerang,Banten,Individual
2872,Nadia Kurniawan,Female,26,Retail Owner,Upper-Middle,Medan,North Sumatra,Individual
2873,Dani Setiawan,Male,59,Lawyer,Middle,Jakarta Pusat,DKI Jakarta,Individual
2874,Rina Kurniawan,Female,44,Civil Servant,Middle,Solo,Central Java,Individual
2875,Rizki Santoso,Male,31,Professional,Low,Badung,Bali,Individual
2876,Yusuf Saputra,Male,57,Entrepreneur,Middle,Cilegon,Banten,Individual
2877,Hendra Kurniawan,Male,59,Consultant,Low,Bogor,West Java,Individual
2878,Agus Hidayat,Male,38,Doctor,High,Yogyakarta,Yogyakarta,Individual
2879,Siti Saputra,Female,25,Retail Owner,Middle,Bukittinggi,West Sumatra,Individual
2880,Sari Kurniawan,Female,41,Teacher,Upper-Middle,Cilegon,Banten,Individual
2881,Ratna Wijaya,Female,37,Lawyer,Middle,Samarinda,East Kalimantan,Individual
2882,Andi Rahmawati,Male,25,Entrepreneur,Upper-Middle,Banjarmasin,South Kalimantan,Individual
2883,Fitri Saputra,Female,28,Civil Servant,Middle,Jakarta Timur,DKI Jakarta,Individual
2884,Bayu Pratama,Male,55,Professional,Low,Lubuklinggau,South Sumatra,Individual
2885,Wahyu Setiawan,Male,28,Doctor,High,Padang,West Sumatra,Individual
2886,Ayu Santoso,Female,37,Entrepreneur,Low,Palembang,South Sumatra,Individual
2887,Sari Rahmawati,Female,39,Professional,Middle,Semarang,Central Java,Individual
2888,Andi Halim,Male,49,Teacher,Middle,Cilegon,Banten,Individual
2889,Lestari Nugroho,Female,53,Doctor,Low,Jakarta Barat,DKI Jakarta,Individual
2890,Fajar Kurniawan,Male,32,Manager,Upper-Middle,Bitung,North Sulawesi,Individual
2891,Ratna Wijaya,Female,27,Lawyer,Middle,Bekasi,West Java,Individual
2892,PT Kurniawan Mandiri,N/A,0,Corporate,High,Gresik,East Java,Corporate
2893,Wati Halim,Female,23,Retail Owner,Upper-Middle,Samarinda,East Kalimantan,Individual
2894,Dewi Anggraini,Female,38,Consultant,Low,Palembang,South Sumatra,Individual
2895,Wahyu Setiawan,Male,58,Retail Owner,Upper-Middle,Banjarbaru,South Kalimantan,Individual
2896,PT Hidayat Jaya,N/A,0,Corporate,High,Yogyakarta,Yogyakarta,Corporate
2897,PT Maulana Group,N/A,0,Corporate,High,Bandar Lampung,Lampung,Corporate
2898,Intan Anggraini,Female,47,Doctor,Upper-Middle,Magelang,Central Java,Individual
2899,Yusuf Halim,Male,50,Professional,Upper-Middle,Singkawang,West Kalimantan,Individual
2900,Dewi Wijaya,Female,35,Retail Owner,Middle,Mataram,West Nusa Tenggara,Individual
2901,Wahyu Wijaya,Male,42,Retail Owner,Middle,Sleman,Yogyakarta,Individual
2902,Fajar Lestari,Male,22,Manager,Low,Pontianak,West Kalimantan,Individual
2903,Andi Saputra,Male,51,Professional,Low,Tangerang,Banten,Individual
2904,Wahyu Wijaya,Male,23,Consultant,Upper-Middle,Palembang,South Sumatra,Individual
2905,Dimas Hidayat,Male,61,Civil Servant,Upper-Middle,Serang,Banten,Individual
2906,Yusuf Pratama,Male,56,Professional,Middle,Surabaya,East Java,Individual
2907,Intan Nugroho,Female,41,Teacher,Middle,Jakarta Timur,DKI Jakarta,Individual
2908,Fajar Lestari,Male,54,Entrepreneur,Middle,Makassar,South Sulawesi,Individual
2909,Hendra Lestari,Male,42,Manager,Middle,Bekasi,West Java,Individual
2910,Lestari Kurniawan,Female,27,Retail Owner,Upper-Middle,Dumai,Riau,Individual
2911,Fajar Gunawan,Male,49,Manager,Middle,Magelang,Central Java,Individual
2912,Wati Gunawan,Female,25,Engineer,Middle,Bandung,West Java,Individual
2913,Dani Halim,Male,49,Doctor,Low,Magelang,Central Java,Individual
2914,Wati Anggraini,Female,57,Professional,Middle,Solo,Central Java,Individual
2915,Lestari Maulana,Female,47,Engineer,Middle,Metro,Lampung,Individual
2916,Indah Rahmawati,Female,37,Engineer,Upper-Middle,Manado,North Sulawesi,Individual
2917,Putri Santoso,Female,50,Civil Servant,Low,Jakarta Timur,DKI Jakarta,Individual
2918,Lestari Maulana,Female,37,Civil Servant,Upper-Middle,Cilegon,Banten,Individual
2919,PT Rahmawati Mandiri,N/A,0,Corporate,High,Badung,Bali,Corporate
2920,Fajar Pratama,Male,49,Consultant,Middle,Semarang,Central Java,Individual
2921,Hendra Pratama,Male,61,Professional,Upper-Middle,Jakarta Pusat,DKI Jakarta,Individual
2922,Agus Gunawan,Male,60,Professional,Upper-Middle,Depok,West Java,Individual
2923,Nadia Kurniawan,Female,22,Teacher,Middle,Badung,Bali,Individual
2924,Hendra Hidayat,Male,23,Lawyer,High,Sidoarjo,East Java,Individual
2925,Fajar Santoso,Male,49,Engineer,Middle,Bogor,West Java,Individual
2926,PT Lestari Mandiri,N/A,0,Corporate,High,Semarang,Central Java,Corporate
2927,Dani Rahmawati,Male,30,Entrepreneur,Upper-Middle,Cilegon,Banten,Individual
2928,Wahyu Kurniawan,Male,51,Lawyer,Upper-Middle,Surabaya,East Java,Individual
2929,Dani Saputra,Male,42,Consultant,Upper-Middle,Bitung,North Sulawesi,Individual
2930,Reza Halim,Male,47,Retail Owner,Upper-Middle,Gresik,East Java,Individual
2931,Agus Hidayat,Male,59,Professional,Middle,Yogyakarta,Yogyakarta,Individual
2932,Reza Halim,Male,33,Doctor,Low,Bukittinggi,West Sumatra,Individual
2933,Intan Setiawan,Female,24,Entrepreneur,Middle,Jakarta Timur,DKI Jakarta,Individual
2934,Rina Kurniawan,Female,42,Professional,Middle,Jayapura,Papua,Individual
2935,Sari Hidayat,Female,60,Retail Owner,Low,Jakarta Selatan,DKI Jakarta,Individual
2936,Citra Wijaya,Female,41,Engineer,Middle,Bandung,West Java,Individual
2937,Wati Permana,Female,39,Manager,Upper-Middle,Metro,Lampung,Individual
2938,Agus Maulana,Male,49,Manager,Middle,Sidoarjo,East Java,Individual
2939,Citra Lestari,Female,43,Teacher,Middle,Solo,Central Java,Individual
2940,Dani Rahmawati,Male,60,Manager,Low,Sidoarjo,East Java,Individual
2941,Wahyu Gunawan,Male,33,Professional,Upper-Middle,Surabaya,East Java,Individual
2942,Lestari Halim,Female,44,Civil Servant,Middle,Sleman,Yogyakarta,Individual
2943,Eko Wijaya,Male,40,Lawyer,Middle,Singkawang,West Kalimantan,Individual
2944,Maya Kurniawan,Female,30,Professional,Upper-Middle,Padang,West Sumatra,Individual
2945,PT Hidayat Group,N/A,0,Corporate,High,Jakarta Selatan,DKI Jakarta,Corporate
2946,Fitri Maulana,Female,55,Professional,Upper-Middle,Denpasar,Bali,Individual
2947,Ayu Setiawan,Female,53,Retail Owner,High,Jakarta Pusat,DKI Jakarta,Individual
2948,Ayu Anggraini,Female,22,Engineer,High,Depok,West Java,Individual
2949,Dewi Wijaya,Female,29,Doctor,High,Serang,Banten,Individual
2950,Sari Saputra,Female,49,Entrepreneur,Middle,Magelang,Central Java,Individual
2951,Ratna Gunawan,Female,32,Engineer,Middle,Tangerang,Banten,Individual
2952,Bayu Hidayat,Male,38,Entrepreneur,Middle,Palembang,South Sumatra,Individual
2953,Maya Nugroho,Female,45,Doctor,Middle,Yogyakarta,Yogyakarta,Individual
2954,Budi Wijaya,Male,34,Consultant,Middle,Bukittinggi,West Sumatra,Individual
2955,Wati Halim,Female,27,Doctor,Middle,Manado,North Sulawesi,Individual
2956,Yusuf Wijaya,Male,23,Civil Servant,Middle,Banjarbaru,South Kalimantan,Individual
2957,Sari Setiawan,Female,22,Manager,Upper-Middle,Jakarta Utara,DKI Jakarta,Individual
2958,Rizki Hidayat,Male,62,Consultant,Middle,Bogor,West Java,Individual
2959,Rizki Halim,Male,36,Entrepreneur,Middle,Surabaya,East Java,Individual
2960,Bayu Santoso,Male,47,Manager,Middle,Tangerang,Banten,Individual
2961,Rizki Nugroho,Male,38,Manager,High,Mataram,West Nusa Tenggara,Individual
2962,PT Setiawan Logistik,N/A,0,Corporate,High,Serang,Banten,Corporate
2963,Yusuf Setiawan,Male,57,Retail Owner,Low,Palembang,South Sumatra,Individual
2964,Fitri Rahmawati,Female,38,Retail Owner,High,Metro,Lampung,Individual
2965,Aldi Anggraini,Male,60,Retail Owner,Low,Mataram,West Nusa Tenggara,Individual
2966,Dewi Nugroho,Female,50,Professional,Upper-Middle,Bandung,West Java,Individual
2967,Nadia Nugroho,Female,33,Civil Servant,Middle,Parepare,South Sulawesi,Individual
2968,Fajar Maulana,Male,28,Entrepreneur,Middle,Sleman,Yogyakarta,Individual
2969,Aldi Halim,Male,35,Retail Owner,High,Tangerang,Banten,Individual
2970,Eko Wijaya,Male,29,Civil Servant,Low,Bekasi,West Java,Individual
2971,Budi Setiawan,Male,55,Entrepreneur,Middle,Jakarta Selatan,DKI Jakarta,Individual
2972,Nadia Kurniawan,Female,29,Teacher,Low,Malang,East Java,Individual
2973,Rizki Pratama,Male,37,Professional,High,Malang,East Java,Individual
2974,Dani Lestari,Male,39,Doctor,Middle,Bandar Lampung,Lampung,Individual
2975,Ratna Halim,Female,42,Doctor,Upper-Middle,Balikpapan,East Kalimantan,Individual
2976,Yusuf Permana,Male,47,Retail Owner,High,Sidoarjo,East Java,Individual
2977,Agus Pratama,Male,24,Manager,Middle,Jayapura,Papua,Individual
2978,Andi Anggraini,Male,47,Doctor,High,Jakarta Selatan,DKI Jakarta,Individual
2979,Dani Lestari,Male,56,Retail Owner,Middle,Serang,Banten,Individual
2980,Agus Maulana,Male,57,Engineer,Upper-Middle,Tangerang,Banten,Individual
2981,Fitri Setiawan,Female,58,Lawyer,Middle,Magelang,Central Java,Individual
2982,Bayu Kurniawan,Male,57,Consultant,Middle,Parepare,South Sulawesi,Individual
2983,Citra Halim,Female,26,Civil Servant,Middle,Serang,Banten,Individual
2984,Fajar Lestari,Male,46,Professional,Low,Bandung,West Java,Individual
2985,Ayu Permana,Female,62,Entrepreneur,Middle,Depok,West Java,Individual
2986,Bayu Permana,Male,22,Civil Servant,Upper-Middle,Jayapura,Papua,Individual
2987,Sari Hidayat,Female,54,Lawyer,Middle,Mataram,West Nusa Tenggara,Individual
2988,Putra Setiawan,Male,30,Professional,Middle,Bandung,West Java,Individual
2989,Rizki Santoso,Male,60,Engineer,Upper-Middle,Depok,West Java,Individual
2990,Fajar Lestari,Male,43,Teacher,Middle,Jakarta Barat,DKI Jakarta,Individual
2991,Budi Permana,Male,57,Teacher,Middle,Semarang,Central Java,Individual
2992,Andi Permana,Male,58,Entrepreneur,Middle,Singkawang,West Kalimantan,Individual
2993,Reza Pratama,Male,26,Manager,Upper-Middle,Sleman,Yogyakarta,Individual
2994,Yusuf Wijaya,Male,35,Consultant,Upper-Middle,Semarang,Central Java,Individual
2995,Intan Setiawan,Female,39,Consultant,Low,Cilegon,Banten,Individual
2996,Nadia Lestari,Female,37,Consultant,Low,Badung,Bali,Individual
2997,Siti Lestari,Female,26,Entrepreneur,Low,Cilegon,Banten,Individual
2998,Siti Halim,Female,33,Teacher,Upper-Middle,Makassar,South Sulawesi,Individual
2999,Reza Anggraini,Male,24,Retail Owner,Upper-Middle,Semarang,Central Java,Individual
3000,Andi Lestari,Male,26,Entrepreneur,Upper-Middle,Yogyakarta,Yogyakarta,Individual
3001,Intan Setiawan,Female,27,Engineer,High,Sidoarjo,East Java,Individual
3002,Dani Halim,Male,55,Manager,Middle,Tangerang,Banten,Individual
3003,Maya Lestari,Female,29,Lawyer,Middle,Bandar Lampung,Lampung,Individual
3004,Citra Rahmawati,Female,27,Engineer,Middle,Balikpapan,East Kalimantan,Individual
3005,Agus Maulana,Male,57,Professional,Upper-Middle,Yogyakarta,Yogyakarta,Individual
3006,Rina Anggraini,Female,45,Civil Servant,Middle,Bogor,West Java,Individual
3007,Hendra Permana,Male,39,Lawyer,High,Sleman,Yogyakarta,Individual
3008,Reza Nugroho,Male,41,Civil Servant,High,Serang,Banten,Individual
3009,Hendra Anggraini,Male,62,Entrepreneur,High,Cimahi,West Java,Individual
3010,Yusuf Permana,Male,50,Lawyer,High,Bukittinggi,West Sumatra,Individual
3011,Dewi Hidayat,Female,47,Retail Owner,Middle,Yogyakarta,Yogyakarta,Individual
3012,PT Pratama Mandiri,N/A,0,Corporate,High,Manado,North Sulawesi,Corporate
3013,Nadia Pratama,Female,60,Lawyer,Low,Jakarta Selatan,DKI Jakarta,Individual
3014,Dewi Halim,Female,23,Manager,Middle,Banjarbaru,South Kalimantan,Individual
3015,PT Kurniawan Group,N/A,0,Corporate,High,Pekanbaru,Riau,Corporate
3016,Agus Permana,Male,39,Professional,Upper-Middle,Bandung,West Java,Individual
3017,Yusuf Anggraini,Male,42,Entrepreneur,Upper-Middle,Manado,North Sulawesi,Individual
3018,Citra Maulana,Female,25,Teacher,Low,Bekasi,West Java,Individual
3019,Ayu Gunawan,Female,61,Professional,Middle,Jakarta Timur,DKI Jakarta,Individual
3020,Wahyu Wijaya,Male,51,Entrepreneur,Upper-Middle,Sidoarjo,East Java,Individual
3021,Andi Pratama,Male,47,Entrepreneur,Middle,Dumai,Riau,Individual
3022,Andi Nugroho,Male,44,Entrepreneur,Middle,Depok,West Java,Individual
3023,Dewi Santoso,Female,56,Teacher,Middle,Medan,North Sumatra,Individual
3024,Bayu Hidayat,Male,44,Civil Servant,Upper-Middle,Sidoarjo,East Java,Individual
3025,PT Kurniawan Mandiri,N/A,0,Corporate,High,Jakarta Selatan,DKI Jakarta,Corporate
3026,Putra Pratama,Male,47,Professional,Upper-Middle,Jayapura,Papua,Individual
3027,Ayu Nugroho,Female,24,Civil Servant,Upper-Middle,Bitung,North Sulawesi,Individual
3028,Putra Saputra,Male,58,Doctor,Upper-Middle,Sleman,Yogyakarta,Individual
3029,PT Maulana Jaya,N/A,0,Corporate,High,Solo,Central Java,Corporate
3030,Dimas Wijaya,Male,62,Manager,Middle,Semarang,Central Java,Individual
3031,Aldi Kurniawan,Male,33,Retail Owner,Middle,Malang,East Java,Individual
3032,PT Maulana Jaya,N/A,0,Corporate,High,Cilegon,Banten,Corporate
3033,Rizki Hidayat,Male,28,Entrepreneur,Low,Pematangsiantar,North Sumatra,Individual
3034,Ratna Gunawan,Female,24,Manager,Middle,Cilegon,Banten,Individual
3035,Andi Wijaya,Male,29,Retail Owner,Low,Bekasi,West Java,Individual
3036,Intan Gunawan,Female,43,Retail Owner,High,Bitung,North Sulawesi,Individual
3037,Sari Permana,Female,58,Retail Owner,Upper-Middle,Cilegon,Banten,Individual
3038,Putri Kurniawan,Female,24,Entrepreneur,Middle,Pontianak,West Kalimantan,Individual
3039,Yusuf Hidayat,Male,44,Entrepreneur,Middle,Solo,Central Java,Individual
3040,Andi Anggraini,Male,50,Consultant,Low,Balikpapan,East Kalimantan,Individual
3041,PT Santoso Group,N/A,0,Corporate,High,Yogyakarta,Yogyakarta,Corporate
3042,Budi Hidayat,Male,55,Entrepreneur,Upper-Middle,Magelang,Central Java,Individual
3043,Hendra Santoso,Male,29,Consultant,Middle,Sidoarjo,East Java,Individual
3044,Lestari Setiawan,Female,51,Manager,Upper-Middle,Yogyakarta,Yogyakarta,Individual
3045,Reza Pratama,Male,43,Professional,High,Yogyakarta,Yogyakarta,Individual
3046,Lestari Wijaya,Female,54,Engineer,High,Cimahi,West Java,Individual
3047,Ratna Pratama,Female,28,Civil Servant,High,Sleman,Yogyakarta,Individual
3048,PT Nugroho Group,N/A,0,Corporate,High,Cimahi,West Java,Corporate
3049,Eko Gunawan,Male,31,Engineer,Low,Gresik,East Java,Individual
3050,Aldi Setiawan,Male,55,Entrepreneur,Upper-Middle,Malang,East Java,Individual
3051,Eko Pratama,Male,62,Doctor,Middle,Yogyakarta,Yogyakarta,Individual
3052,Reza Lestari,Male,53,Teacher,Middle,Makassar,South Sulawesi,Individual
3053,Aldi Maulana,Male,30,Engineer,Middle,Jakarta Timur,DKI Jakarta,Individual
3054,Putra Permana,Male,25,Lawyer,Middle,Samarinda,East Kalimantan,Individual
3055,Intan Halim,Female,28,Civil Servant,Upper-Middle,Jakarta Selatan,DKI Jakarta,Individual
3056,Hendra Gunawan,Male,26,Civil Servant,Middle,Tangerang,Banten,Individual
3057,Budi Maulana,Male,23,Professional,Middle,Banjarbaru,South Kalimantan,Individual
3058,Putri Wijaya,Female,58,Lawyer,Low,Parepare,South Sulawesi,Individual
3059,PT Anggraini Sentosa,N/A,0,Corporate,High,Magelang,Central Java,Corporate
3060,Ratna Anggraini,Female,47,Doctor,Middle,Binjai,North Sumatra,Individual
3061,Budi Halim,Male,54,Retail Owner,Upper-Middle,Jakarta Barat,DKI Jakarta,Individual
3062,Maya Gunawan,Female,24,Retail Owner,Middle,Bogor,West Java,Individual
3063,Fajar Kurniawan,Male,44,Lawyer,Low,Padang,West Sumatra,Individual
3064,Hendra Wijaya,Male,49,Engineer,High,Malang,East Java,Individual
3065,Wati Wijaya,Female,43,Civil Servant,High,Sidoarjo,East Java,Individual
3066,Bayu Setiawan,Male,53,Retail Owner,High,Yogyakarta,Yogyakarta,Individual
3067,Putra Saputra,Male,41,Engineer,High,Metro,Lampung,Individual
3068,Citra Saputra,Female,30,Civil Servant,Upper-Middle,Mataram,West Nusa Tenggara,Individual
3069,Agus Rahmawati,Male,37,Doctor,Middle,Bandung,West Java,Individual
3070,PT Kurniawan Logistik,N/A,0,Corporate,High,Lubuklinggau,South Sumatra,Corporate
3071,Sari Permana,Female,51,Lawyer,Upper-Middle,Sleman,Yogyakarta,Individual
3072,Indah Halim,Female,39,Doctor,Upper-Middle,Jayapura,Papua,Individual
3073,Hendra Hidayat,Male,58,Retail Owner,Middle,Singkawang,West Kalimantan,Individual
3074,Citra Santoso,Female,49,Teacher,Middle,Jakarta Pusat,DKI Jakarta,Individual
3075,Bayu Setiawan,Male,22,Teacher,Upper-Middle,Manado,North Sulawesi,Individual
3076,Lestari Wijaya,Female,42,Engineer,Upper-Middle,Solo,Central Java,Individual
3077,Budi Permana,Male,37,Doctor,Low,Manado,North Sulawesi,Individual
3078,Rizki Wijaya,Male,46,Consultant,Middle,Samarinda,East Kalimantan,Individual
3079,Dani Anggraini,Male,32,Engineer,High,Singkawang,West Kalimantan,Individual
3080,Yusuf Halim,Male,48,Entrepreneur,Middle,Balikpapan,East Kalimantan,Individual
3081,PT Rahmawati Sentosa,N/A,0,Corporate,High,Binjai,North Sumatra,Corporate
3082,Aldi Santoso,Male,27,Engineer,Middle,Jakarta Utara,DKI Jakarta,Individual
3083,Agus Permana,Male,39,Engineer,Upper-Middle,Serang,Banten,Individual
3084,Siti Santoso,Female,53,Consultant,Middle,Jayapura,Papua,Individual
3085,Intan Setiawan,Female,31,Retail Owner,Middle,Semarang,Central Java,Individual
3086,Indah Saputra,Female,34,Teacher,Middle,Jakarta Selatan,DKI Jakarta,Individual
3087,Intan Rahmawati,Female,26,Entrepreneur,Low,Manado,North Sulawesi,Individual
3088,PT Setiawan Jaya,N/A,0,Corporate,High,Yogyakarta,Yogyakarta,Corporate
3089,PT Permana Jaya,N/A,0,Corporate,High,Magelang,Central Java,Corporate
3090,Fajar Nugroho,Male,36,Manager,High,Medan,North Sumatra,Individual
3091,Yusuf Wijaya,Male,24,Teacher,Middle,Serang,Banten,Individual
3092,Putri Anggraini,Female,23,Doctor,Upper-Middle,Sleman,Yogyakarta,Individual
3093,Lestari Hidayat,Female,35,Doctor,High,Depok,West Java,Individual
3094,Aldi Rahmawati,Male,60,Doctor,Upper-Middle,Gresik,East Java,Individual
3095,Eko Saputra,Male,49,Manager,Middle,Jakarta Timur,DKI Jakarta,Individual
3096,Bayu Lestari,Male,24,Consultant,Middle,Semarang,Central Java,Individual
3097,Hendra Pratama,Male,28,Teacher,Low,Semarang,Central Java,Individual
3098,Aldi Rahmawati,Male,57,Manager,Upper-Middle,Jakarta Timur,DKI Jakarta,Individual
3099,Fitri Permana,Female,38,Engineer,Upper-Middle,Gresik,East Java,Individual
3100,Dimas Setiawan,Male,31,Professional,Middle,Yogyakarta,Yogyakarta,Individual
3101,Maya Wijaya,Female,44,Civil Servant,Middle,Bandar Lampung,Lampung,Individual
3102,Indah Pratama,Female,46,Teacher,Middle,Manado,North Sulawesi,Individual
3103,Rina Permana,Female,62,Professional,Upper-Middle,Bandung,West Java,Individual
3104,Indah Gunawan,Female,53,Teacher,Middle,Samarinda,East Kalimantan,Individual
3105,Citra Santoso,Female,57,Doctor,Middle,Yogyakarta,Yogyakarta,Individual
3106,Hendra Gunawan,Male,25,Retail Owner,Middle,Semarang,Central Java,Individual
3107,Wati Hidayat,Female,46,Teacher,Low,Padang,West Sumatra,Individual
3108,Dani Wijaya,Male,62,Engineer,Upper-Middle,Magelang,Central Java,Individual
3109,PT Hidayat Mandiri,N/A,0,Corporate,High,Sleman,Yogyakarta,Corporate
3110,Fajar Setiawan,Male,46,Consultant,Upper-Middle,Gresik,East Java,Individual
3111,Andi Lestari,Male,22,Civil Servant,Upper-Middle,Depok,West Java,Individual
3112,Fajar Permana,Male,53,Engineer,Low,Medan,North Sumatra,Individual
3113,PT Anggraini Group,N/A,0,Corporate,High,Depok,West Java,Corporate
3114,Indah Pratama,Female,58,Manager,High,Jakarta Pusat,DKI Jakarta,Individual
3115,Rina Santoso,Female,60,Manager,High,Magelang,Central Java,Individual
3116,Yusuf Hidayat,Male,58,Consultant,High,Magelang,Central Java,Individual
3117,Wahyu Gunawan,Male,35,Professional,High,Palembang,South Sumatra,Individual
3118,Sari Nugroho,Female,34,Civil Servant,Low,Sleman,Yogyakarta,Individual
3119,Andi Wijaya,Male,29,Lawyer,Upper-Middle,Jakarta Barat,DKI Jakarta,Individual
3120,Maya Halim,Female,62,Entrepreneur,Middle,Manado,North Sulawesi,Individual
3121,PT Kurniawan Sentosa,N/A,0,Corporate,High,Serang,Banten,Corporate
3122,Ayu Kurniawan,Female,41,Manager,Upper-Middle,Surabaya,East Java,Individual
3123,Intan Hidayat,Female,49,Entrepreneur,Upper-Middle,Surabaya,East Java,Individual
3124,Sari Setiawan,Female,36,Engineer,Middle,Sleman,Yogyakarta,Individual
3125,Yusuf Lestari,Male,27,Retail Owner,Low,Palembang,South Sumatra,Individual
3126,Agus Saputra,Male,25,Civil Servant,Upper-Middle,Yogyakarta,Yogyakarta,Individual
3127,Eko Rahmawati,Male,32,Doctor,Middle,Bukittinggi,West Sumatra,Individual
3128,Lestari Nugroho,Female,55,Retail Owner,Upper-Middle,Serang,Banten,Individual
3129,Indah Gunawan,Female,49,Doctor,Middle,Mataram,West Nusa Tenggara,Individual
3130,Citra Santoso,Female,41,Doctor,Upper-Middle,Cilegon,Banten,Individual
3131,Wahyu Setiawan,Male,38,Engineer,Middle,Cimahi,West Java,Individual
3132,Siti Rahmawati,Female,57,Consultant,Middle,Serang,Banten,Individual
3133,Nadia Anggraini,Female,35,Professional,High,Metro,Lampung,Individual
3134,Andi Anggraini,Male,58,Lawyer,Middle,Bandung,West Java,Individual
3135,Sari Nugroho,Female,55,Teacher,Middle,Sleman,Yogyakarta,Individual
3136,Wahyu Maulana,Male,30,Retail Owner,Low,Sidoarjo,East Java,Individual
3137,Indah Anggraini,Female,26,Entrepreneur,Middle,Bandar Lampung,Lampung,Individual
3138,Dewi Wijaya,Female,29,Teacher,Middle,Bitung,North Sulawesi,Individual
3139,Rina Hidayat,Female,59,Consultant,Middle,Padang,West Sumatra,Individual
3140,Aldi Halim,Male,61,Consultant,Middle,Sleman,Yogyakarta,Individual
3141,Nadia Hidayat,Female,47,Consultant,Middle,Cimahi,West Java,Individual
3142,Rizki Anggraini,Male,33,Entrepreneur,Middle,Yogyakarta,Yogyakarta,Individual
3143,Rizki Lestari,Male,40,Entrepreneur,Middle,Yogyakarta,Yogyakarta,Individual
3144,Nadia Halim,Female,48,Entrepreneur,Middle,Padang,West Sumatra,Individual
3145,Nadia Setiawan,Female,31,Civil Servant,Middle,Tangerang,Banten,Individual
3146,Putra Gunawan,Male,53,Doctor,Middle,Solo,Central Java,Individual
3147,Rina Permana,Female,42,Civil Servant,Low,Surabaya,East Java,Individual
3148,Indah Kurniawan,Female,43,Doctor,Middle,Pekanbaru,Riau,Individual
3149,Fajar Maulana,Male,36,Retail Owner,Low,Gresik,East Java,Individual
3150,Dimas Anggraini,Male,22,Lawyer,Middle,Gresik,East Java,Individual
3151,Putra Anggraini,Male,49,Manager,Upper-Middle,Jakarta Timur,DKI Jakarta,Individual
3152,Lestari Halim,Female,44,Civil Servant,Upper-Middle,Yogyakarta,Yogyakarta,Individual
3153,Rina Pratama,Female,27,Consultant,High,Cimahi,West Java,Individual
3154,Putri Saputra,Female,23,Civil Servant,Middle,Pekanbaru,Riau,Individual
3155,Dewi Maulana,Female,59,Lawyer,Upper-Middle,Balikpapan,East Kalimantan,Individual
3156,Putra Maulana,Male,30,Manager,Middle,Parepare,South Sulawesi,Individual
3157,Wati Anggraini,Female,56,Lawyer,Middle,Samarinda,East Kalimantan,Individual
3158,Indah Santoso,Female,61,Entrepreneur,Upper-Middle,Dumai,Riau,Individual
3159,Bayu Permana,Male,50,Consultant,Middle,Dumai,Riau,Individual
3160,Eko Wijaya,Male,42,Manager,Upper-Middle,Banjarbaru,South Kalimantan,Individual
3161,Nadia Nugroho,Female,54,Doctor,Upper-Middle,Depok,West Java,Individual
3162,Lestari Maulana,Female,26,Entrepreneur,Upper-Middle,Jakarta Selatan,DKI Jakarta,Individual
3163,Fitri Pratama,Female,37,Retail Owner,Upper-Middle,Jayapura,Papua,Individual
3164,PT Permana Logistik,N/A,0,Corporate,High,Parepare,South Sulawesi,Corporate
3165,Maya Setiawan,Female,24,Professional,Upper-Middle,Parepare,South Sulawesi,Individual
3166,Nadia Hidayat,Female,33,Professional,Upper-Middle,Binjai,North Sumatra,Individual
3167,Aldi Lestari,Male,46,Civil Servant,Upper-Middle,Serang,Banten,Individual
3168,Ratna Nugroho,Female,31,Teacher,Middle,Magelang,Central Java,Individual
3169,Lestari Anggraini,Female,46,Consultant,Upper-Middle,Bandung,West Java,Individual
3170,Rizki Nugroho,Male,41,Consultant,Middle,Parepare,South Sulawesi,Individual
3171,Fitri Halim,Female,59,Civil Servant,High,Semarang,Central Java,Individual
3172,PT Maulana Group,N/A,0,Corporate,High,Sleman,Yogyakarta,Corporate
3173,Fajar Maulana,Male,42,Retail Owner,Middle,Bukittinggi,West Sumatra,Individual
3174,Hendra Kurniawan,Male,62,Teacher,Upper-Middle,Cilegon,Banten,Individual
3175,Putri Lestari,Female,53,Retail Owner,Middle,Samarinda,East Kalimantan,Individual
3176,Dewi Anggraini,Female,47,Entrepreneur,Middle,Tangerang,Banten,Individual
3177,Eko Halim,Male,40,Entrepreneur,Low,Semarang,Central Java,Individual
3178,Sari Maulana,Female,59,Civil Servant,Middle,Magelang,Central Java,Individual
3179,Wahyu Halim,Male,40,Manager,Upper-Middle,Badung,Bali,Individual
3180,PT Gunawan Group,N/A,0,Corporate,High,Bandar Lampung,Lampung,Corporate
3181,Dimas Setiawan,Male,28,Engineer,Middle,Jakarta Selatan,DKI Jakarta,Individual
3182,Reza Permana,Male,32,Professional,Low,Pekanbaru,Riau,Individual
3183,Dani Santoso,Male,45,Consultant,Upper-Middle,Jakarta Barat,DKI Jakarta,Individual
3184,Fitri Kurniawan,Female,56,Retail Owner,Middle,Jakarta Selatan,DKI Jakarta,Individual
3185,Maya Rahmawati,Female,56,Entrepreneur,Low,Malang,East Java,Individual
3186,PT Anggraini Mandiri,N/A,0,Corporate,High,Cilegon,Banten,Corporate
3187,Rina Permana,Female,42,Engineer,Middle,Singkawang,West Kalimantan,Individual
3188,Nadia Nugroho,Female,29,Civil Servant,Upper-Middle,Dumai,Riau,Individual
3189,Reza Anggraini,Male,49,Entrepreneur,Upper-Middle,Bekasi,West Java,Individual
3190,Andi Nugroho,Male,32,Lawyer,Upper-Middle,Jakarta Barat,DKI Jakarta,Individual
3191,Budi Lestari,Male,61,Retail Owner,Middle,Singkawang,West Kalimantan,Individual
3192,Putra Wijaya,Male,54,Entrepreneur,Upper-Middle,Tangerang,Banten,Individual
3193,Indah Kurniawan,Female,23,Entrepreneur,Upper-Middle,Medan,North Sumatra,Individual
3194,Reza Wijaya,Male,56,Entrepreneur,Middle,Bandung,West Java,Individual
3195,Agus Maulana,Male,33,Teacher,Middle,Makassar,South Sulawesi,Individual
3196,Aldi Kurniawan,Male,61,Entrepreneur,Middle,Banjarmasin,South Kalimantan,Individual
3197,Putri Permana,Female,51,Consultant,Upper-Middle,Makassar,South Sulawesi,Individual
3198,Aldi Permana,Male,54,Lawyer,Upper-Middle,Bekasi,West Java,Individual
3199,Bayu Hidayat,Male,62,Civil Servant,Low,Metro,Lampung,Individual
3200,Dimas Kurniawan,Male,57,Doctor,Middle,Balikpapan,East Kalimantan,Individual
3201,Dimas Anggraini,Male,36,Teacher,Upper-Middle,Yogyakarta,Yogyakarta,Individual
3202,Nadia Halim,Female,26,Manager,Middle,Yogyakarta,Yogyakarta,Individual
3203,Ayu Kurniawan,Female,28,Retail Owner,Upper-Middle,Sleman,Yogyakarta,Individual
3204,Wahyu Gunawan,Male,39,Retail Owner,Middle,Depok,West Java,Individual
3205,Dewi Lestari,Female,54,Retail Owner,Upper-Middle,Serang,Banten,Individual
3206,Bayu Setiawan,Male,41,Civil Servant,Middle,Yogyakarta,Yogyakarta,Individual
3207,Sari Setiawan,Female,47,Retail Owner,Middle,Banjarbaru,South Kalimantan,Individual
3208,Agus Lestari,Male,35,Teacher,Middle,Tangerang,Banten,Individual
3209,Wati Kurniawan,Female,62,Civil Servant,Upper-Middle,Banjarbaru,South Kalimantan,Individual
3210,Yusuf Nugroho,Male,62,Retail Owner,Middle,Singkawang,West Kalimantan,Individual
3211,Dewi Maulana,Female,50,Entrepreneur,Upper-Middle,Jakarta Utara,DKI Jakarta,Individual
3212,Maya Gunawan,Female,53,Engineer,Middle,Cilegon,Banten,Individual
3213,Bayu Saputra,Male,60,Lawyer,Upper-Middle,Samarinda,East Kalimantan,Individual
3214,Fitri Gunawan,Female,43,Manager,Middle,Bandar Lampung,Lampung,Individual
3215,Rizki Nugroho,Male,42,Entrepreneur,Low,Metro,Lampung,Individual
3216,Budi Permana,Male,24,Manager,Middle,Semarang,Central Java,Individual
3217,Andi Permana,Male,56,Consultant,Middle,Sidoarjo,East Java,Individual
3218,Andi Rahmawati,Male,56,Teacher,Upper-Middle,Yogyakarta,Yogyakarta,Individual
3219,Fajar Halim,Male,52,Manager,Middle,Samarinda,East Kalimantan,Individual
3220,Andi Wijaya,Male,50,Doctor,Upper-Middle,Makassar,South Sulawesi,Individual
3221,PT Kurniawan Logistik,N/A,0,Corporate,High,Magelang,Central Java,Corporate
3222,Wati Saputra,Female,23,Professional,High,Mataram,West Nusa Tenggara,Individual
3223,Wahyu Lestari,Male,56,Lawyer,Upper-Middle,Bitung,North Sulawesi,Individual
3224,Intan Setiawan,Female,23,Entrepreneur,Upper-Middle,Depok,West Java,Individual
3225,PT Hidayat Logistik,N/A,0,Corporate,High,Dumai,Riau,Corporate
3226,PT Nugroho Jaya,N/A,0,Corporate,High,Sidoarjo,East Java,Corporate
3227,Hendra Lestari,Male,39,Teacher,Upper-Middle,Jayapura,Papua,Individual
3228,Hendra Wijaya,Male,30,Civil Servant,Low,Bitung,North Sulawesi,Individual
3229,Citra Wijaya,Female,33,Teacher,High,Tangerang,Banten,Individual
3230,Ayu Maulana,Female,23,Consultant,Middle,Solo,Central Java,Individual
3231,Sari Halim,Female,36,Consultant,Upper-Middle,Jakarta Pusat,DKI Jakarta,Individual
3232,Yusuf Permana,Male,27,Doctor,High,Sleman,Yogyakarta,Individual
3233,Andi Setiawan,Male,37,Lawyer,Middle,Medan,North Sumatra,Individual
3234,Putra Lestari,Male,53,Retail Owner,Middle,Banjarmasin,South Kalimantan,Individual
3235,Nadia Gunawan,Female,42,Engineer,Middle,Cilegon,Banten,Individual
3236,Putri Setiawan,Female,42,Lawyer,Low,Serang,Banten,Individual
3237,Yusuf Santoso,Male,25,Teacher,Middle,Yogyakarta,Yogyakarta,Individual
3238,Rizki Lestari,Male,51,Teacher,Middle,Malang,East Java,Individual
3239,Ayu Permana,Female,55,Lawyer,Upper-Middle,Pontianak,West Kalimantan,Individual
3240,Nadia Maulana,Female,58,Entrepreneur,Middle,Tangerang,Banten,Individual
3241,Fitri Rahmawati,Female,23,Professional,Middle,Depok,West Java,Individual
3242,Reza Saputra,Male,37,Manager,Upper-Middle,Tangerang,Banten,Individual
3243,Fitri Rahmawati,Female,33,Lawyer,Upper-Middle,Malang,East Java,Individual
3244,Andi Nugroho,Male,57,Civil Servant,Middle,Jakarta Barat,DKI Jakarta,Individual
3245,Indah Hidayat,Female,35,Professional,High,Padang,West Sumatra,Individual
3246,Agus Kurniawan,Male,52,Professional,Middle,Solo,Central Java,Individual
3247,Nadia Kurniawan,Female,32,Doctor,Upper-Middle,Jakarta Barat,DKI Jakarta,Individual
3248,Putri Halim,Female,60,Teacher,Upper-Middle,Bitung,North Sulawesi,Individual
3249,PT Setiawan Logistik,N/A,0,Corporate,High,Tangerang,Banten,Corporate
3250,Ayu Saputra,Female,58,Professional,Low,Manado,North Sulawesi,Individual
3251,Wati Rahmawati,Female,40,Engineer,High,Gresik,East Java,Individual
3252,Lestari Maulana,Female,61,Consultant,Upper-Middle,Semarang,Central Java,Individual
3253,Ratna Maulana,Female,53,Consultant,Middle,Palembang,South Sumatra,Individual
3254,Eko Wijaya,Male,26,Civil Servant,Middle,Yogyakarta,Yogyakarta,Individual
3255,Putra Halim,Male,50,Engineer,High,Sidoarjo,East Java,Individual
3256,Dani Nugroho,Male,35,Consultant,Middle,Samarinda,East Kalimantan,Individual
3257,Reza Saputra,Male,62,Consultant,Low,Gresik,East Java,Individual
3258,Fajar Saputra,Male,61,Engineer,High,Tangerang,Banten,Individual
3259,Lestari Pratama,Female,23,Professional,Upper-Middle,Bandar Lampung,Lampung,Individual
3260,Agus Hidayat,Male,31,Doctor,Middle,Magelang,Central Java,Individual
3261,Dewi Gunawan,Female,42,Entrepreneur,Upper-Middle,Jakarta Timur,DKI Jakarta,Individual
3262,Rina Wijaya,Female,47,Doctor,Low,Pematangsiantar,North Sumatra,Individual
3263,Andi Saputra,Male,56,Civil Servant,Middle,Solo,Central Java,Individual
3264,Sari Santoso,Female,37,Teacher,Upper-Middle,Jakarta Utara,DKI Jakarta,Individual
3265,Wahyu Rahmawati,Male,29,Doctor,Low,Bogor,West Java,Individual
3266,Hendra Santoso,Male,43,Doctor,High,Banjarbaru,South Kalimantan,Individual
3267,Putri Anggraini,Female,50,Retail Owner,Low,Metro,Lampung,Individual
3268,Rina Maulana,Female,61,Manager,Low,Sidoarjo,East Java,Individual
3269,Ayu Gunawan,Female,37,Doctor,Low,Solo,Central Java,Individual
3270,Agus Hidayat,Male,29,Retail Owner,Low,Magelang,Central Java,Individual
3271,PT Lestari Mandiri,N/A,0,Corporate,High,Tangerang,Banten,Corporate
3272,Wahyu Wijaya,Male,56,Manager,Upper-Middle,Jayapura,Papua,Individual
3273,PT Rahmawati Logistik,N/A,0,Corporate,High,Manado,North Sulawesi,Corporate
3274,Maya Santoso,Female,48,Doctor,Low,Bitung,North Sulawesi,Individual
3275,Indah Permana,Female,38,Doctor,Low,Jakarta Selatan,DKI Jakarta,Individual
3276,Eko Lestari,Male,35,Manager,Low,Semarang,Central Java,Individual
3277,Rizki Gunawan,Male,38,Doctor,Upper-Middle,Cilegon,Banten,Individual
3278,Aldi Pratama,Male,58,Manager,Middle,Singkawang,West Kalimantan,Individual
3279,Fajar Wijaya,Male,33,Engineer,Middle,Singkawang,West Kalimantan,Individual
3280,Dewi Permana,Female,37,Civil Servant,Upper-Middle,Banjarbaru,South Kalimantan,Individual
3281,Yusuf Nugroho,Male,34,Professional,Low,Jayapura,Papua,Individual
3282,Citra Setiawan,Female,24,Consultant,Middle,Jayapura,Papua,Individual
3283,Ayu Gunawan,Female,44,Manager,High,Bekasi,West Java,Individual
3284,Ayu Pratama,Female,38,Retail Owner,Low,Bandar Lampung,Lampung,Individual
3285,Rina Rahmawati,Female,62,Manager,High,Denpasar,Bali,Individual
3286,Citra Wijaya,Female,24,Professional,High,Bekasi,West Java,Individual
3287,Ayu Lestari,Female,30,Entrepreneur,Low,Medan,North Sumatra,Individual
3288,Nadia Halim,Female,39,Doctor,Low,Sidoarjo,East Java,Individual
3289,Andi Halim,Male,52,Civil Servant,Upper-Middle,Yogyakarta,Yogyakarta,Individual
3290,Siti Halim,Female,57,Doctor,Middle,Lubuklinggau,South Sumatra,Individual
3291,Dewi Lestari,Female,41,Doctor,Upper-Middle,Jakarta Barat,DKI Jakarta,Individual
3292,Budi Rahmawati,Male,61,Manager,Low,Magelang,Central Java,Individual
3293,Rina Pratama,Female,52,Civil Servant,Low,Magelang,Central Java,Individual
3294,PT Halim Sentosa,N/A,0,Corporate,High,Makassar,South Sulawesi,Corporate
3295,Hendra Anggraini,Male,48,Manager,Upper-Middle,Malang,East Java,Individual
3296,Andi Hidayat,Male,51,Lawyer,Middle,Jakarta Selatan,DKI Jakarta,Individual
3297,Citra Halim,Female,22,Professional,Low,Serang,Banten,Individual
3298,Putra Lestari,Male,32,Retail Owner,Middle,Serang,Banten,Individual
3299,PT Lestari Jaya,N/A,0,Corporate,High,Jakarta Timur,DKI Jakarta,Corporate
3300,Dani Permana,Male,38,Professional,Middle,Bitung,North Sulawesi,Individual
3301,Fajar Wijaya,Male,57,Lawyer,Upper-Middle,Mataram,West Nusa Tenggara,Individual
3302,Hendra Pratama,Male,31,Civil Servant,Upper-Middle,Palembang,South Sumatra,Individual
3303,Putra Kurniawan,Male,22,Professional,Middle,Serang,Banten,Individual
3304,Fajar Nugroho,Male,41,Manager,Upper-Middle,Semarang,Central Java,Individual
3305,Putra Wijaya,Male,48,Civil Servant,Upper-Middle,Jakarta Pusat,DKI Jakarta,Individual
3306,Putra Lestari,Male,60,Civil Servant,Upper-Middle,Pematangsiantar,North Sumatra,Individual
3307,Ratna Setiawan,Female,44,Civil Servant,Upper-Middle,Semarang,Central Java,Individual
3308,Agus Anggraini,Male,56,Consultant,Upper-Middle,Samarinda,East Kalimantan,Individual
3309,Nadia Halim,Female,56,Consultant,High,Serang,Banten,Individual
3310,Dimas Lestari,Male,46,Lawyer,High,Bitung,North Sulawesi,Individual
3311,Yusuf Permana,Male,57,Lawyer,High,Denpasar,Bali,Individual
3312,Budi Kurniawan,Male,41,Manager,Low,Yogyakarta,Yogyakarta,Individual
3313,Wahyu Saputra,Male,42,Engineer,High,Gresik,East Java,Individual
3314,Bayu Wijaya,Male,29,Engineer,Middle,Mataram,West Nusa Tenggara,Individual
3315,Reza Permana,Male,22,Civil Servant,Middle,Badung,Bali,Individual
3316,Intan Hidayat,Female,22,Entrepreneur,High,Balikpapan,East Kalimantan,Individual
3317,PT Setiawan Mandiri,N/A,0,Corporate,High,Bogor,West Java,Corporate
3318,Fajar Pratama,Male,22,Professional,Middle,Tangerang,Banten,Individual
3319,Citra Pratama,Female,23,Retail Owner,Upper-Middle,Samarinda,East Kalimantan,Individual
3320,Wahyu Saputra,Male,30,Retail Owner,Upper-Middle,Magelang,Central Java,Individual
3321,Nadia Setiawan,Female,61,Engineer,Low,Sleman,Yogyakarta,Individual
3322,Wahyu Permana,Male,57,Entrepreneur,Middle,Mataram,West Nusa Tenggara,Individual
3323,PT Saputra Mandiri,N/A,0,Corporate,High,Manado,North Sulawesi,Corporate
3324,Reza Permana,Male,37,Professional,High,Jakarta Utara,DKI Jakarta,Individual
3325,Nadia Nugroho,Female,43,Entrepreneur,Middle,Palembang,South Sumatra,Individual
3326,Citra Permana,Female,22,Manager,Low,Bogor,West Java,Individual
3327,Sari Kurniawan,Female,58,Engineer,Upper-Middle,Cilegon,Banten,Individual
3328,Ayu Wijaya,Female,25,Civil Servant,Low,Surabaya,East Java,Individual
3329,Reza Rahmawati,Male,31,Retail Owner,High,Metro,Lampung,Individual
3330,Siti Wijaya,Female,47,Lawyer,Middle,Tangerang,Banten,Individual
3331,Intan Wijaya,Female,51,Engineer,Middle,Parepare,South Sulawesi,Individual
3332,Agus Lestari,Male,23,Consultant,Low,Tangerang,Banten,Individual
3333,Dewi Rahmawati,Female,29,Teacher,Upper-Middle,Parepare,South Sulawesi,Individual
3334,Wati Permana,Female,47,Civil Servant,Low,Magelang,Central Java,Individual
3335,Indah Kurniawan,Female,23,Civil Servant,Low,Cimahi,West Java,Individual
3336,Budi Setiawan,Male,33,Teacher,Middle,Manado,North Sulawesi,Individual
3337,Putra Anggraini,Male,38,Manager,High,Binjai,North Sumatra,Individual
3338,Rina Permana,Female,38,Civil Servant,Middle,Palembang,South Sumatra,Individual
3339,Rina Permana,Female,62,Retail Owner,Middle,Balikpapan,East Kalimantan,Individual
3340,Andi Hidayat,Male,53,Lawyer,Upper-Middle,Samarinda,East Kalimantan,Individual
3341,Rina Hidayat,Female,57,Civil Servant,High,Magelang,Central Java,Individual
3342,Citra Santoso,Female,30,Lawyer,Upper-Middle,Dumai,Riau,Individual
3343,Ratna Kurniawan,Female,46,Civil Servant,High,Manado,North Sulawesi,Individual
3344,Aldi Halim,Male,50,Consultant,High,Serang,Banten,Individual
3345,Citra Halim,Female,40,Retail Owner,Middle,Banjarmasin,South Kalimantan,Individual
3346,PT Kurniawan Logistik,N/A,0,Corporate,High,Jakarta Selatan,DKI Jakarta,Corporate
3347,Fitri Halim,Female,52,Teacher,High,Denpasar,Bali,Individual
3348,Rizki Pratama,Male,41,Professional,Upper-Middle,Manado,North Sulawesi,Individual
3349,Citra Gunawan,Female,49,Teacher,Upper-Middle,Palembang,South Sumatra,Individual
3350,Andi Kurniawan,Male,39,Professional,Upper-Middle,Medan,North Sumatra,Individual
3351,Citra Saputra,Female,56,Entrepreneur,Middle,Semarang,Central Java,Individual
3352,Rina Nugroho,Female,36,Professional,Middle,Malang,East Java,Individual
3353,Lestari Maulana,Female,48,Entrepreneur,Middle,Mataram,West Nusa Tenggara,Individual
3354,Wahyu Santoso,Male,24,Doctor,Middle,Sidoarjo,East Java,Individual
3355,Dewi Maulana,Female,33,Entrepreneur,Middle,Sleman,Yogyakarta,Individual
3356,Siti Permana,Female,37,Entrepreneur,Middle,Sleman,Yogyakarta,Individual
3357,Eko Pratama,Male,34,Retail Owner,Low,Cilegon,Banten,Individual
3358,Budi Santoso,Male,39,Professional,Low,Gresik,East Java,Individual
3359,Nadia Santoso,Female,59,Entrepreneur,Upper-Middle,Banjarbaru,South Kalimantan,Individual
3360,Aldi Gunawan,Male,46,Consultant,High,Surabaya,East Java,Individual
3361,Ratna Gunawan,Female,51,Professional,Upper-Middle,Surabaya,East Java,Individual
3362,PT Hidayat Group,N/A,0,Corporate,High,Mataram,West Nusa Tenggara,Corporate
3363,Andi Lestari,Male,32,Lawyer,Middle,Padang,West Sumatra,Individual
3364,Lestari Maulana,Female,25,Manager,Upper-Middle,Semarang,Central Java,Individual
3365,PT Lestari Jaya,N/A,0,Corporate,High,Pematangsiantar,North Sumatra,Corporate
3366,Putra Halim,Male,59,Professional,Upper-Middle,Solo,Central Java,Individual
3367,Sari Permana,Female,36,Civil Servant,Low,Makassar,South Sulawesi,Individual
3368,Putra Setiawan,Male,57,Entrepreneur,Middle,Tangerang,Banten,Individual
3369,Wati Permana,Female,40,Civil Servant,Middle,Samarinda,East Kalimantan,Individual
3370,Hendra Halim,Male,24,Consultant,Upper-Middle,Sleman,Yogyakarta,Individual
3371,Maya Kurniawan,Female,52,Professional,Low,Banjarbaru,South Kalimantan,Individual
3372,Dimas Halim,Male,45,Teacher,Upper-Middle,Makassar,South Sulawesi,Individual
3373,PT Permana Jaya,N/A,0,Corporate,High,Solo,Central Java,Corporate
3374,Yusuf Anggraini,Male,22,Civil Servant,Middle,Sleman,Yogyakarta,Individual
3375,Reza Setiawan,Male,29,Consultant,Upper-Middle,Parepare,South Sulawesi,Individual
3376,Dimas Pratama,Male,22,Professional,Middle,Magelang,Central Java,Individual
3377,Ratna Saputra,Female,24,Lawyer,Middle,Jakarta Timur,DKI Jakarta,Individual
3378,Nadia Nugroho,Female,47,Doctor,Upper-Middle,Sleman,Yogyakarta,Individual
3379,Budi Pratama,Male,42,Manager,Low,Gresik,East Java,Individual
3380,Yusuf Rahmawati,Male,59,Lawyer,Upper-Middle,Samarinda,East Kalimantan,Individual
3381,Sari Setiawan,Female,29,Teacher,Middle,Singkawang,West Kalimantan,Individual
3382,Dimas Halim,Male,45,Teacher,Upper-Middle,Jakarta Barat,DKI Jakarta,Individual
3383,Ratna Gunawan,Female,24,Doctor,Upper-Middle,Pontianak,West Kalimantan,Individual
3384,Eko Nugroho,Male,40,Manager,Middle,Lubuklinggau,South Sumatra,Individual
3385,Putri Pratama,Female,44,Entrepreneur,Low,Semarang,Central Java,Individual
3386,Dewi Hidayat,Female,46,Lawyer,Upper-Middle,Padang,West Sumatra,Individual
3387,Dimas Santoso,Male,53,Civil Servant,Middle,Jayapura,Papua,Individual
3388,Ratna Santoso,Female,41,Civil Servant,Middle,Magelang,Central Java,Individual
3389,Fajar Wijaya,Male,43,Civil Servant,Middle,Metro,Lampung,Individual
3390,Bayu Rahmawati,Male,41,Civil Servant,High,Solo,Central Java,Individual
3391,PT Wijaya Mandiri,N/A,0,Corporate,High,Padang,West Sumatra,Corporate
3392,Agus Saputra,Male,57,Civil Servant,High,Magelang,Central Java,Individual
3393,Dimas Anggraini,Male,55,Entrepreneur,Middle,Magelang,Central Java,Individual
3394,Dani Nugroho,Male,55,Doctor,High,Magelang,Central Java,Individual
3395,Citra Hidayat,Female,37,Retail Owner,Middle,Jakarta Utara,DKI Jakarta,Individual
3396,Rina Halim,Female,48,Manager,Upper-Middle,Mataram,West Nusa Tenggara,Individual
3397,Agus Saputra,Male,42,Retail Owner,Middle,Magelang,Central Java,Individual
3398,Nadia Hidayat,Female,44,Entrepreneur,Middle,Jakarta Utara,DKI Jakarta,Individual
3399,Putri Permana,Female,33,Doctor,Middle,Parepare,South Sulawesi,Individual
3400,Eko Gunawan,Male,31,Teacher,Middle,Jakarta Timur,DKI Jakarta,Individual
3401,Indah Halim,Female,29,Engineer,High,Bandung,West Java,Individual
3402,Dewi Nugroho,Female,39,Entrepreneur,Upper-Middle,Tangerang,Banten,Individual
3403,Wahyu Kurniawan,Male,59,Entrepreneur,Low,Bekasi,West Java,Individual
3404,Lestari Maulana,Female,57,Manager,Low,Mataram,West Nusa Tenggara,Individual
3405,Andi Kurniawan,Male,56,Doctor,Low,Semarang,Central Java,Individual
3406,Hendra Anggraini,Male,34,Entrepreneur,Middle,Pontianak,West Kalimantan,Individual
3407,Dimas Wijaya,Male,48,Retail Owner,Upper-Middle,Gresik,East Java,Individual
3408,Wahyu Maulana,Male,50,Doctor,Middle,Solo,Central Java,Individual
3409,Bayu Saputra,Male,58,Entrepreneur,Low,Sidoarjo,East Java,Individual
3410,Lestari Setiawan,Female,61,Doctor,Upper-Middle,Jakarta Utara,DKI Jakarta,Individual
3411,Eko Lestari,Male,32,Civil Servant,High,Tangerang,Banten,Individual
3412,Wahyu Kurniawan,Male,36,Entrepreneur,Middle,Serang,Banten,Individual
3413,Nadia Kurniawan,Female,50,Civil Servant,Middle,Depok,West Java,Individual
3414,Sari Saputra,Female,59,Entrepreneur,Middle,Metro,Lampung,Individual
3415,Bayu Permana,Male,56,Teacher,Middle,Singkawang,West Kalimantan,Individual
3416,Eko Pratama,Male,56,Civil Servant,Low,Pematangsiantar,North Sumatra,Individual
3417,Eko Maulana,Male,26,Retail Owner,High,Pontianak,West Kalimantan,Individual
3418,PT Halim Jaya,N/A,0,Corporate,High,Tangerang,Banten,Corporate
3419,Agus Saputra,Male,37,Teacher,Middle,Bekasi,West Java,Individual
3420,PT Hidayat Logistik,N/A,0,Corporate,High,Sidoarjo,East Java,Corporate
3421,Agus Nugroho,Male,43,Manager,Upper-Middle,Medan,North Sumatra,Individual
3422,Nadia Maulana,Female,35,Civil Servant,Upper-Middle,Pekanbaru,Riau,Individual
3423,Hendra Anggraini,Male,32,Teacher,Upper-Middle,Tangerang,Banten,Individual
3424,Budi Wijaya,Male,39,Lawyer,Upper-Middle,Tangerang,Banten,Individual
3425,Sari Anggraini,Female,61,Civil Servant,Upper-Middle,Jakarta Selatan,DKI Jakarta,Individual
3426,Indah Saputra,Female,26,Civil Servant,Middle,Sidoarjo,East Java,Individual
3427,PT Maulana Sentosa,N/A,0,Corporate,High,Cimahi,West Java,Corporate
3428,Aldi Lestari,Male,43,Civil Servant,Upper-Middle,Banjarmasin,South Kalimantan,Individual
3429,Reza Saputra,Male,28,Manager,Middle,Semarang,Central Java,Individual
3430,Ayu Hidayat,Female,31,Manager,Upper-Middle,Solo,Central Java,Individual
3431,Reza Pratama,Male,61,Entrepreneur,Middle,Bandung,West Java,Individual
3432,Putra Setiawan,Male,56,Entrepreneur,High,Bogor,West Java,Individual
3433,Budi Hidayat,Male,36,Engineer,Upper-Middle,Surabaya,East Java,Individual
3434,Budi Halim,Male,62,Lawyer,Low,Jakarta Utara,DKI Jakarta,Individual
3435,Wati Wijaya,Female,38,Civil Servant,Middle,Mataram,West Nusa Tenggara,Individual
3436,Bayu Rahmawati,Male,37,Consultant,Upper-Middle,Sleman,Yogyakarta,Individual
3437,Reza Anggraini,Male,22,Manager,Middle,Semarang,Central Java,Individual
3438,Ratna Halim,Female,34,Teacher,High,Parepare,South Sulawesi,Individual
3439,Eko Hidayat,Male,51,Entrepreneur,Upper-Middle,Bukittinggi,West Sumatra,Individual
3440,Wati Rahmawati,Female,44,Teacher,Upper-Middle,Yogyakarta,Yogyakarta,Individual
3441,Putri Kurniawan,Female,33,Civil Servant,Low,Solo,Central Java,Individual
3442,Agus Nugroho,Male,35,Professional,Upper-Middle,Lubuklinggau,South Sumatra,Individual
3443,Putri Rahmawati,Female,32,Consultant,Middle,Makassar,South Sulawesi,Individual
3444,Putri Maulana,Female,41,Engineer,Middle,Cimahi,West Java,Individual
3445,Budi Permana,Male,32,Engineer,Upper-Middle,Surabaya,East Java,Individual
3446,Fajar Pratama,Male,22,Lawyer,Upper-Middle,Padang,West Sumatra,Individual
3447,PT Anggraini Sentosa,N/A,0,Corporate,High,Jakarta Barat,DKI Jakarta,Corporate
3448,Fajar Hidayat,Male,49,Entrepreneur,Middle,Surabaya,East Java,Individual
3449,Andi Setiawan,Male,27,Retail Owner,Upper-Middle,Cimahi,West Java,Individual
3450,Rizki Permana,Male,51,Entrepreneur,Low,Badung,Bali,Individual
3451,Siti Anggraini,Female,55,Manager,Middle,Jakarta Barat,DKI Jakarta,Individual
3452,Aldi Gunawan,Male,48,Manager,Upper-Middle,Semarang,Central Java,Individual
3453,Siti Pratama,Female,58,Manager,Middle,Bogor,West Java,Individual
3454,Wati Wijaya,Female,36,Professional,Upper-Middle,Depok,West Java,Individual
3455,PT Setiawan Logistik,N/A,0,Corporate,High,Bitung,North Sulawesi,Corporate
3456,Putri Saputra,Female,28,Doctor,Middle,Surabaya,East Java,Individual
3457,Ayu Gunawan,Female,46,Manager,Middle,Semarang,Central Java,Individual
3458,Dani Nugroho,Male,60,Manager,Middle,Binjai,North Sumatra,Individual
3459,Sari Permana,Female,43,Lawyer,Low,Jakarta Selatan,DKI Jakarta,Individual
3460,Eko Nugroho,Male,33,Lawyer,Low,Tangerang,Banten,Individual
3461,Dewi Maulana,Female,53,Doctor,Middle,Solo,Central Java,Individual
3462,Lestari Nugroho,Female,50,Engineer,Upper-Middle,Badung,Bali,Individual
3463,Nadia Saputra,Female,46,Entrepreneur,Upper-Middle,Cilegon,Banten,Individual
3464,Putri Saputra,Female,55,Entrepreneur,Middle,Pematangsiantar,North Sumatra,Individual
3465,Fajar Hidayat,Male,36,Engineer,Middle,Gresik,East Java,Individual
3466,Nadia Nugroho,Female,37,Retail Owner,Middle,Jakarta Selatan,DKI Jakarta,Individual
3467,Fitri Santoso,Female,38,Manager,Upper-Middle,Magelang,Central Java,Individual
3468,Rina Lestari,Female,54,Lawyer,High,Malang,East Java,Individual
3469,PT Maulana Mandiri,N/A,0,Corporate,High,Pematangsiantar,North Sumatra,Corporate
3470,Intan Kurniawan,Female,38,Doctor,High,Samarinda,East Kalimantan,Individual
3471,Agus Gunawan,Male,41,Entrepreneur,High,Surabaya,East Java,Individual
3472,Intan Setiawan,Female,32,Teacher,Upper-Middle,Serang,Banten,Individual
3473,PT Pratama Sentosa,N/A,0,Corporate,High,Serang,Banten,Corporate
3474,Indah Maulana,Female,49,Lawyer,Low,Makassar,South Sulawesi,Individual
3475,Lestari Rahmawati,Female,37,Doctor,Middle,Sleman,Yogyakarta,Individual
3476,PT Rahmawati Jaya,N/A,0,Corporate,High,Yogyakarta,Yogyakarta,Corporate
3477,Hendra Kurniawan,Male,52,Entrepreneur,High,Pematangsiantar,North Sumatra,Individual
3478,Fitri Gunawan,Female,54,Manager,Middle,Surabaya,East Java,Individual
3479,Fajar Kurniawan,Male,35,Manager,Middle,Banjarbaru,South Kalimantan,Individual
3480,PT Permana Logistik,N/A,0,Corporate,High,Banjarbaru,South Kalimantan,Corporate
3481,Lestari Wijaya,Female,30,Consultant,Upper-Middle,Binjai,North Sumatra,Individual
3482,Bayu Permana,Male,47,Doctor,Upper-Middle,Solo,Central Java,Individual
3483,Dani Santoso,Male,47,Lawyer,Upper-Middle,Yogyakarta,Yogyakarta,Individual
3484,Dani Permana,Male,54,Civil Servant,Upper-Middle,Cilegon,Banten,Individual
3485,Hendra Setiawan,Male,42,Professional,High,Samarinda,East Kalimantan,Individual
3486,Bayu Kurniawan,Male,41,Civil Servant,Upper-Middle,Serang,Banten,Individual
3487,PT Anggraini Logistik,N/A,0,Corporate,High,Bandar Lampung,Lampung,Corporate
3488,Agus Nugroho,Male,62,Retail Owner,Upper-Middle,Sidoarjo,East Java,Individual
3489,Ayu Pratama,Female,46,Doctor,Upper-Middle,Gresik,East Java,Individual
3490,PT Wijaya Sentosa,N/A,0,Corporate,High,Cilegon,Banten,Corporate
3491,Wati Maulana,Female,37,Consultant,Upper-Middle,Binjai,North Sumatra,Individual
3492,Fitri Permana,Female,22,Doctor,Middle,Sleman,Yogyakarta,Individual
3493,Intan Gunawan,Female,55,Manager,Upper-Middle,Medan,North Sumatra,Individual
3494,Intan Maulana,Female,59,Teacher,High,Bandar Lampung,Lampung,Individual
3495,PT Lestari Logistik,N/A,0,Corporate,High,Makassar,South Sulawesi,Corporate
3496,Hendra Gunawan,Male,41,Consultant,Low,Makassar,South Sulawesi,Individual
3497,Bayu Gunawan,Male,26,Retail Owner,Middle,Tangerang,Banten,Individual
3498,Putra Permana,Male,40,Entrepreneur,Upper-Middle,Pontianak,West Kalimantan,Individual
3499,Lestari Wijaya,Female,51,Entrepreneur,Upper-Middle,Magelang,Central Java,Individual
3500,Reza Halim,Male,46,Manager,Upper-Middle,Solo,Central Java,Individual
3501,Bayu Wijaya,Male,23,Manager,Middle,Jakarta Pusat,DKI Jakarta,Individual
3502,Maya Nugroho,Female,35,Engineer,Middle,Yogyakarta,Yogyakarta,Individual
3503,Intan Pratama,Female,27,Engineer,Middle,Palembang,South Sumatra,Individual
3504,Rina Kurniawan,Female,60,Lawyer,Low,Bekasi,West Java,Individual
3505,Eko Rahmawati,Male,39,Doctor,Middle,Yogyakarta,Yogyakarta,Individual
3506,Siti Wijaya,Female,40,Entrepreneur,Middle,Sleman,Yogyakarta,Individual
3507,Reza Maulana,Male,49,Teacher,Middle,Metro,Lampung,Individual
3508,Wati Pratama,Female,37,Professional,High,Pontianak,West Kalimantan,Individual
3509,Ayu Saputra,Female,55,Civil Servant,Middle,Bitung,North Sulawesi,Individual
3510,Dimas Kurniawan,Male,24,Engineer,Middle,Banjarbaru,South Kalimantan,Individual
3511,Agus Halim,Male,41,Civil Servant,Middle,Yogyakarta,Yogyakarta,Individual
3512,Putri Halim,Female,55,Retail Owner,Middle,Magelang,Central Java,Individual
3513,Indah Kurniawan,Female,26,Civil Servant,High,Jayapura,Papua,Individual
3514,Indah Halim,Female,59,Retail Owner,High,Jayapura,Papua,Individual
3515,Dimas Hidayat,Male,57,Lawyer,Upper-Middle,Bitung,North Sulawesi,Individual
3516,Agus Anggraini,Male,49,Entrepreneur,Low,Malang,East Java,Individual
3517,Intan Halim,Female,37,Doctor,Low,Cilegon,Banten,Individual
3518,Eko Wijaya,Male,47,Engineer,Low,Jakarta Barat,DKI Jakarta,Individual
3519,PT Anggraini Mandiri,N/A,0,Corporate,High,Jayapura,Papua,Corporate
3520,Dani Nugroho,Male,36,Engineer,Upper-Middle,Makassar,South Sulawesi,Individual
3521,Bayu Maulana,Male,58,Civil Servant,Middle,Sleman,Yogyakarta,Individual
3522,PT Permana Mandiri,N/A,0,Corporate,High,Bukittinggi,West Sumatra,Corporate
3523,Rizki Anggraini,Male,22,Entrepreneur,Middle,Jayapura,Papua,Individual
3524,Agus Permana,Male,36,Retail Owner,Low,Bitung,North Sulawesi,Individual
3525,Fajar Nugroho,Male,57,Entrepreneur,High,Cilegon,Banten,Individual
3526,Indah Rahmawati,Female,30,Doctor,High,Sleman,Yogyakarta,Individual
3527,Yusuf Halim,Male,48,Lawyer,Middle,Bitung,North Sulawesi,Individual
3528,Ratna Permana,Female,22,Engineer,Middle,Singkawang,West Kalimantan,Individual
3529,Agus Saputra,Male,26,Manager,Upper-Middle,Serang,Banten,Individual
3530,Yusuf Lestari,Male,53,Entrepreneur,Middle,Solo,Central Java,Individual
3531,Dani Halim,Male,33,Retail Owner,High,Surabaya,East Java,Individual
3532,Rina Saputra,Female,51,Engineer,Low,Bogor,West Java,Individual
3533,Maya Rahmawati,Female,60,Lawyer,Low,Semarang,Central Java,Individual
3534,Ratna Wijaya,Female,36,Manager,Middle,Jakarta Timur,DKI Jakarta,Individual
3535,Dani Lestari,Male,62,Lawyer,Low,Manado,North Sulawesi,Individual
3536,Wahyu Rahmawati,Male,59,Engineer,Middle,Semarang,Central Java,Individual
3537,PT Rahmawati Logistik,N/A,0,Corporate,High,Banjarbaru,South Kalimantan,Corporate
3538,Reza Setiawan,Male,28,Retail Owner,Middle,Singkawang,West Kalimantan,Individual
3539,Rina Halim,Female,29,Entrepreneur,High,Solo,Central Java,Individual
3540,PT Setiawan Sentosa,N/A,0,Corporate,High,Bandung,West Java,Corporate
3541,Dewi Rahmawati,Female,39,Civil Servant,High,Denpasar,Bali,Individual
3542,Putra Saputra,Male,59,Doctor,Middle,Banjarmasin,South Kalimantan,Individual
3543,Wati Nugroho,Female,62,Civil Servant,High,Padang,West Sumatra,Individual
3544,Fajar Setiawan,Male,43,Retail Owner,Low,Bitung,North Sulawesi,Individual
3545,Reza Saputra,Male,43,Retail Owner,Upper-Middle,Jakarta Pusat,DKI Jakarta,Individual
3546,Maya Permana,Female,23,Lawyer,Middle,Jakarta Timur,DKI Jakarta,Individual
3547,PT Pratama Group,N/A,0,Corporate,High,Metro,Lampung,Corporate
3548,Fajar Setiawan,Male,61,Doctor,Low,Banjarbaru,South Kalimantan,Individual
3549,PT Kurniawan Logistik,N/A,0,Corporate,High,Depok,West Java,Corporate
3550,Fitri Hidayat,Female,57,Civil Servant,Low,Semarang,Central Java,Individual
3551,Fajar Gunawan,Male,47,Civil Servant,Low,Jayapura,Papua,Individual
3552,PT Pratama Mandiri,N/A,0,Corporate,High,Magelang,Central Java,Corporate
3553,Sari Setiawan,Female,39,Civil Servant,Middle,Pematangsiantar,North Sumatra,Individual
3554,Budi Lestari,Male,26,Doctor,Middle,Metro,Lampung,Individual
3555,Intan Maulana,Female,53,Civil Servant,Upper-Middle,Badung,Bali,Individual
3556,Intan Pratama,Female,45,Professional,Middle,Sleman,Yogyakarta,Individual
3557,Siti Wijaya,Female,45,Doctor,Middle,Semarang,Central Java,Individual
3558,Siti Hidayat,Female,25,Manager,Middle,Semarang,Central Java,Individual
3559,Siti Wijaya,Female,55,Engineer,High,Sleman,Yogyakarta,Individual
3560,Andi Permana,Male,35,Doctor,Upper-Middle,Bandung,West Java,Individual
3561,Agus Wijaya,Male,23,Lawyer,Upper-Middle,Yogyakarta,Yogyakarta,Individual
3562,Nadia Halim,Female,45,Manager,Middle,Yogyakarta,Yogyakarta,Individual
3563,PT Pratama Jaya,N/A,0,Corporate,High,Metro,Lampung,Corporate
3564,Sari Anggraini,Female,53,Retail Owner,High,Lubuklinggau,South Sumatra,Individual
3565,Agus Nugroho,Male,57,Doctor,High,Sidoarjo,East Java,Individual
3566,Bayu Pratama,Male,62,Teacher,Middle,Metro,Lampung,Individual
3567,Rizki Anggraini,Male,40,Civil Servant,Upper-Middle,Semarang,Central Java,Individual
3568,Putri Santoso,Female,53,Manager,Upper-Middle,Sleman,Yogyakarta,Individual
3569,PT Maulana Mandiri,N/A,0,Corporate,High,Mataram,West Nusa Tenggara,Corporate
3570,Fitri Kurniawan,Female,23,Manager,Middle,Yogyakarta,Yogyakarta,Individual
3571,Siti Wijaya,Female,34,Entrepreneur,Middle,Mataram,West Nusa Tenggara,Individual
3572,PT Santoso Mandiri,N/A,0,Corporate,High,Jayapura,Papua,Corporate
3573,Hendra Lestari,Male,28,Retail Owner,Middle,Serang,Banten,Individual
3574,PT Santoso Jaya,N/A,0,Corporate,High,Sidoarjo,East Java,Corporate
3575,Maya Lestari,Female,58,Doctor,Middle,Lubuklinggau,South Sumatra,Individual
3576,Nadia Anggraini,Female,51,Retail Owner,Upper-Middle,Semarang,Central Java,Individual
3577,Dani Gunawan,Male,55,Engineer,Upper-Middle,Magelang,Central Java,Individual
3578,Lestari Saputra,Female,49,Teacher,Middle,Makassar,South Sulawesi,Individual
3579,Maya Gunawan,Female,57,Lawyer,Middle,Jakarta Barat,DKI Jakarta,Individual
3580,PT Permana Mandiri,N/A,0,Corporate,High,Depok,West Java,Corporate
3581,Bayu Nugroho,Male,37,Civil Servant,Upper-Middle,Balikpapan,East Kalimantan,Individual
3582,PT Saputra Jaya,N/A,0,Corporate,High,Semarang,Central Java,Corporate
3583,Reza Setiawan,Male,60,Doctor,Upper-Middle,Yogyakarta,Yogyakarta,Individual
3584,Maya Nugroho,Female,24,Doctor,Middle,Bogor,West Java,Individual
3585,Intan Maulana,Female,51,Engineer,Middle,Banjarmasin,South Kalimantan,Individual
3586,Intan Saputra,Female,61,Civil Servant,High,Sleman,Yogyakarta,Individual
3587,PT Halim Logistik,N/A,0,Corporate,High,Bandung,West Java,Corporate
3588,Budi Kurniawan,Male,61,Engineer,Middle,Samarinda,East Kalimantan,Individual
3589,Ayu Gunawan,Female,26,Lawyer,Upper-Middle,Tangerang,Banten,Individual
3590,Ratna Santoso,Female,43,Entrepreneur,Upper-Middle,Dumai,Riau,Individual
3591,Sari Kurniawan,Female,58,Professional,Upper-Middle,Pekanbaru,Riau,Individual
3592,PT Saputra Jaya,N/A,0,Corporate,High,Bukittinggi,West Sumatra,Corporate
3593,Dani Maulana,Male,49,Lawyer,High,Pekanbaru,Riau,Individual
3594,Rina Saputra,Female,26,Manager,Middle,Binjai,North Sumatra,Individual
3595,Siti Anggraini,Female,50,Manager,Low,Jakarta Pusat,DKI Jakarta,Individual
3596,Lestari Hidayat,Female,32,Professional,Upper-Middle,Samarinda,East Kalimantan,Individual
3597,Putra Lestari,Male,41,Entrepreneur,Upper-Middle,Solo,Central Java,Individual
3598,Ayu Maulana,Female,45,Teacher,Middle,Semarang,Central Java,Individual
3599,Wahyu Anggraini,Male,49,Manager,Upper-Middle,Jakarta Pusat,DKI Jakarta,Individual
3600,Wati Permana,Female,47,Engineer,High,Pontianak,West Kalimantan,Individual
3601,Sari Halim,Female,53,Retail Owner,Upper-Middle,Tangerang,Banten,Individual
3602,Nadia Halim,Female,56,Engineer,Upper-Middle,Banjarmasin,South Kalimantan,Individual
3603,Siti Halim,Female,61,Retail Owner,High,Samarinda,East Kalimantan,Individual
3604,Eko Permana,Male,48,Civil Servant,Upper-Middle,Bekasi,West Java,Individual
3605,Intan Kurniawan,Female,28,Consultant,Middle,Cilegon,Banten,Individual
3606,Putra Permana,Male,28,Engineer,Middle,Malang,East Java,Individual
3607,PT Kurniawan Jaya,N/A,0,Corporate,High,Dumai,Riau,Corporate
3608,Wahyu Halim,Male,55,Civil Servant,Upper-Middle,Solo,Central Java,Individual
3609,Agus Kurniawan,Male,51,Consultant,Upper-Middle,Pematangsiantar,North Sumatra,Individual
3610,Dimas Lestari,Male,55,Consultant,Upper-Middle,Binjai,North Sumatra,Individual
3611,Dewi Kurniawan,Female,55,Retail Owner,Low,Dumai,Riau,Individual
3612,Maya Lestari,Female,58,Entrepreneur,Upper-Middle,Mataram,West Nusa Tenggara,Individual
3613,Fitri Kurniawan,Female,50,Consultant,Upper-Middle,Semarang,Central Java,Individual
3614,Wahyu Halim,Male,50,Consultant,Middle,Jakarta Selatan,DKI Jakarta,Individual
3615,PT Kurniawan Mandiri,N/A,0,Corporate,High,Manado,North Sulawesi,Corporate
3616,Hendra Hidayat,Male,44,Engineer,High,Metro,Lampung,Individual
3617,Sari Hidayat,Female,44,Lawyer,High,Bogor,West Java,Individual
3618,Andi Pratama,Male,46,Civil Servant,Middle,Magelang,Central Java,Individual
3619,Agus Santoso,Male,48,Civil Servant,Middle,Jakarta Pusat,DKI Jakarta,Individual
3620,Maya Santoso,Female,54,Civil Servant,Upper-Middle,Surabaya,East Java,Individual
3621,Dimas Rahmawati,Male,48,Teacher,High,Denpasar,Bali,Individual
3622,Reza Santoso,Male,50,Retail Owner,Low,Bandung,West Java,Individual
3623,Putri Anggraini,Female,35,Teacher,Middle,Bandung,West Java,Individual
3624,Andi Halim,Male,39,Retail Owner,Upper-Middle,Yogyakarta,Yogyakarta,Individual
3625,Wahyu Halim,Male,52,Engineer,Upper-Middle,Manado,North Sulawesi,Individual
3626,Bayu Nugroho,Male,29,Engineer,Middle,Surabaya,East Java,Individual
3627,Yusuf Saputra,Male,44,Engineer,Upper-Middle,Sleman,Yogyakarta,Individual
3628,Fajar Hidayat,Male,53,Entrepreneur,Upper-Middle,Jayapura,Papua,Individual
3629,Eko Gunawan,Male,49,Civil Servant,Low,Lubuklinggau,South Sumatra,Individual
3630,Dani Saputra,Male,27,Consultant,Middle,Bogor,West Java,Individual
3631,Yusuf Saputra,Male,41,Lawyer,Middle,Cilegon,Banten,Individual
3632,Maya Rahmawati,Female,49,Engineer,Middle,Pematangsiantar,North Sumatra,Individual
3633,PT Saputra Logistik,N/A,0,Corporate,High,Manado,North Sulawesi,Corporate
3634,Wahyu Halim,Male,42,Consultant,Upper-Middle,Magelang,Central Java,Individual
3635,Dewi Halim,Female,48,Manager,Middle,Pekanbaru,Riau,Individual
3636,PT Setiawan Group,N/A,0,Corporate,High,Metro,Lampung,Corporate
3637,Yusuf Kurniawan,Male,52,Doctor,Middle,Jakarta Timur,DKI Jakarta,Individual
3638,Indah Wijaya,Female,59,Teacher,Middle,Jayapura,Papua,Individual
3639,Yusuf Rahmawati,Male,54,Teacher,Middle,Singkawang,West Kalimantan,Individual
3640,Lestari Rahmawati,Female,59,Civil Servant,Upper-Middle,Makassar,South Sulawesi,Individual
3641,Dimas Gunawan,Male,52,Civil Servant,Low,Bandar Lampung,Lampung,Individual
3642,Yusuf Gunawan,Male,58,Engineer,Low,Bukittinggi,West Sumatra,Individual
3643,Siti Gunawan,Female,57,Teacher,Middle,Magelang,Central Java,Individual
3644,Putra Maulana,Male,50,Consultant,Middle,Cimahi,West Java,Individual
3645,PT Permana Mandiri,N/A,0,Corporate,High,Banjarmasin,South Kalimantan,Corporate
3646,Fitri Santoso,Female,44,Consultant,Upper-Middle,Tangerang,Banten,Individual
3647,Fitri Halim,Female,62,Consultant,Middle,Tangerang,Banten,Individual
3648,Indah Saputra,Female,55,Manager,Low,Jakarta Timur,DKI Jakarta,Individual
3649,PT Santoso Jaya,N/A,0,Corporate,High,Magelang,Central Java,Corporate
3650,Putra Permana,Male,43,Civil Servant,Upper-Middle,Tangerang,Banten,Individual
3651,Ratna Gunawan,Female,28,Entrepreneur,Middle,Jakarta Timur,DKI Jakarta,Individual
3652,Nadia Maulana,Female,60,Civil Servant,Low,Magelang,Central Java,Individual
3653,Fajar Rahmawati,Male,31,Engineer,Middle,Pekanbaru,Riau,Individual
3654,Wati Nugroho,Female,60,Entrepreneur,High,Parepare,South Sulawesi,Individual
3655,Ayu Rahmawati,Female,61,Doctor,Middle,Yogyakarta,Yogyakarta,Individual
3656,Siti Maulana,Female,53,Professional,Middle,Pekanbaru,Riau,Individual
3657,Wati Pratama,Female,42,Professional,Middle,Manado,North Sulawesi,Individual
3658,Bayu Nugroho,Male,39,Doctor,Middle,Cilegon,Banten,Individual
3659,Rizki Santoso,Male,41,Civil Servant,High,Jayapura,Papua,Individual
3660,Ratna Pratama,Female,34,Manager,Middle,Badung,Bali,Individual
3661,Reza Pratama,Male,59,Consultant,Upper-Middle,Bitung,North Sulawesi,Individual
3662,PT Maulana Sentosa,N/A,0,Corporate,High,Parepare,South Sulawesi,Corporate
3663,Maya Kurniawan,Female,52,Manager,Upper-Middle,Depok,West Java,Individual
3664,Budi Kurniawan,Male,35,Lawyer,High,Padang,West Sumatra,Individual
3665,Wahyu Santoso,Male,44,Civil Servant,Upper-Middle,Magelang,Central Java,Individual
3666,Putra Lestari,Male,36,Doctor,Low,Cilegon,Banten,Individual
3667,Fajar Permana,Male,27,Civil Servant,Middle,Sleman,Yogyakarta,Individual
3668,Dimas Wijaya,Male,41,Professional,Low,Banjarbaru,South Kalimantan,Individual
3669,Fitri Saputra,Female,59,Engineer,Middle,Semarang,Central Java,Individual
3670,Ratna Lestari,Female,38,Consultant,Middle,Lubuklinggau,South Sumatra,Individual
3671,Aldi Gunawan,Male,53,Professional,Middle,Parepare,South Sulawesi,Individual
3672,Siti Wijaya,Female,32,Engineer,Low,Padang,West Sumatra,Individual
3673,Dimas Maulana,Male,41,Retail Owner,Upper-Middle,Padang,West Sumatra,Individual
3674,Reza Lestari,Male,50,Consultant,Middle,Pekanbaru,Riau,Individual
3675,Dimas Maulana,Male,23,Entrepreneur,Upper-Middle,Sleman,Yogyakarta,Individual
3676,Nadia Permana,Female,33,Lawyer,Low,Bitung,North Sulawesi,Individual
3677,Indah Kurniawan,Female,49,Doctor,High,Gresik,East Java,Individual
3678,Eko Maulana,Male,30,Retail Owner,Middle,Dumai,Riau,Individual
3679,Budi Anggraini,Male,35,Manager,Upper-Middle,Jayapura,Papua,Individual
3680,Budi Lestari,Male,50,Engineer,Upper-Middle,Sleman,Yogyakarta,Individual
3681,Rizki Nugroho,Male,23,Lawyer,Upper-Middle,Surabaya,East Java,Individual
3682,Intan Hidayat,Female,49,Professional,High,Semarang,Central Java,Individual
3683,Yusuf Maulana,Male,30,Manager,Middle,Serang,Banten,Individual
3684,Sari Halim,Female,32,Engineer,Upper-Middle,Solo,Central Java,Individual
3685,Lestari Pratama,Female,23,Entrepreneur,Middle,Banjarbaru,South Kalimantan,Individual
3686,Sari Santoso,Female,35,Engineer,Upper-Middle,Singkawang,West Kalimantan,Individual
3687,Ayu Wijaya,Female,33,Engineer,Middle,Tangerang,Banten,Individual
3688,Dimas Santoso,Male,38,Teacher,High,Yogyakarta,Yogyakarta,Individual
3689,Lestari Permana,Female,34,Consultant,Middle,Gresik,East Java,Individual
3690,Rina Santoso,Female,30,Teacher,High,Jakarta Utara,DKI Jakarta,Individual
3691,Ayu Gunawan,Female,49,Teacher,Middle,Jakarta Utara,DKI Jakarta,Individual
3692,Budi Setiawan,Male,56,Retail Owner,Middle,Malang,East Java,Individual
3693,Budi Nugroho,Male,36,Entrepreneur,Middle,Bandung,West Java,Individual
3694,Bayu Lestari,Male,28,Manager,Low,Metro,Lampung,Individual
3695,Citra Lestari,Female,25,Manager,Middle,Jakarta Pusat,DKI Jakarta,Individual
3696,Dimas Anggraini,Male,26,Entrepreneur,Middle,Yogyakarta,Yogyakarta,Individual
3697,Eko Saputra,Male,25,Entrepreneur,Middle,Sidoarjo,East Java,Individual
3698,Eko Nugroho,Male,28,Manager,Low,Samarinda,East Kalimantan,Individual
3699,Agus Santoso,Male,38,Professional,Middle,Bandung,West Java,Individual
3700,Indah Anggraini,Female,37,Civil Servant,Middle,Pekanbaru,Riau,Individual
3701,Siti Pratama,Female,42,Civil Servant,Middle,Denpasar,Bali,Individual
3702,PT Santoso Group,N/A,0,Corporate,High,Yogyakarta,Yogyakarta,Corporate
3703,Budi Maulana,Male,35,Professional,Middle,Cimahi,West Java,Individual
3704,Agus Wijaya,Male,55,Doctor,Middle,Denpasar,Bali,Individual
3705,Sari Permana,Female,48,Civil Servant,Upper-Middle,Bogor,West Java,Individual
3706,Citra Maulana,Female,41,Engineer,Upper-Middle,Jakarta Pusat,DKI Jakarta,Individual
3707,Indah Saputra,Female,39,Doctor,Middle,Serang,Banten,Individual
3708,Wati Gunawan,Female,52,Retail Owner,Upper-Middle,Parepare,South Sulawesi,Individual
3709,Putri Halim,Female,52,Civil Servant,Upper-Middle,Jakarta Barat,DKI Jakarta,Individual
3710,Sari Permana,Female,43,Civil Servant,Middle,Solo,Central Java,Individual
3711,Wahyu Gunawan,Male,54,Professional,Low,Bitung,North Sulawesi,Individual
3712,Rina Saputra,Female,47,Lawyer,Upper-Middle,Dumai,Riau,Individual
3713,Intan Maulana,Female,47,Doctor,Middle,Bogor,West Java,Individual
3714,Putri Maulana,Female,62,Civil Servant,High,Malang,East Java,Individual
3715,Ayu Anggraini,Female,59,Civil Servant,Middle,Semarang,Central Java,Individual
3716,Rina Setiawan,Female,62,Engineer,Middle,Malang,East Java,Individual
3717,Fitri Setiawan,Female,49,Manager,Middle,Semarang,Central Java,Individual
3718,Rizki Halim,Male,52,Professional,Upper-Middle,Cilegon,Banten,Individual
3719,Ratna Saputra,Female,54,Doctor,Low,Cilegon,Banten,Individual
3720,Andi Saputra,Male,23,Entrepreneur,Middle,Depok,West Java,Individual
3721,Dani Permana,Male,22,Lawyer,High,Serang,Banten,Individual
3722,Bayu Anggraini,Male,30,Civil Servant,Middle,Bandung,West Java,Individual
3723,Indah Maulana,Female,34,Civil Servant,Upper-Middle,Solo,Central Java,Individual
3724,Ratna Wijaya,Female,59,Teacher,High,Bukittinggi,West Sumatra,Individual
3725,Aldi Permana,Male,34,Entrepreneur,Upper-Middle,Sleman,Yogyakarta,Individual
3726,Fitri Permana,Female,27,Manager,High,Sleman,Yogyakarta,Individual
3727,Dewi Halim,Female,48,Doctor,Middle,Padang,West Sumatra,Individual
3728,Andi Santoso,Male,46,Professional,Low,Tangerang,Banten,Individual
3729,Fajar Halim,Male,39,Doctor,Upper-Middle,Jakarta Pusat,DKI Jakarta,Individual
3730,Rina Lestari,Female,48,Consultant,Upper-Middle,Dumai,Riau,Individual
3731,Siti Permana,Female,58,Entrepreneur,Middle,Pematangsiantar,North Sumatra,Individual
3732,Ayu Halim,Female,35,Professional,Low,Jayapura,Papua,Individual
3733,Lestari Gunawan,Female,59,Engineer,Upper-Middle,Jakarta Selatan,DKI Jakarta,Individual
3734,Aldi Anggraini,Male,24,Professional,Middle,Solo,Central Java,Individual
3735,Reza Santoso,Male,61,Doctor,Upper-Middle,Bandung,West Java,Individual
3736,Maya Rahmawati,Female,38,Doctor,High,Badung,Bali,Individual
3737,PT Gunawan Logistik,N/A,0,Corporate,High,Magelang,Central Java,Corporate
3738,Dimas Anggraini,Male,56,Professional,Middle,Semarang,Central Java,Individual
3739,Dimas Anggraini,Male,30,Entrepreneur,Upper-Middle,Sleman,Yogyakarta,Individual
3740,Intan Lestari,Female,22,Professional,Middle,Parepare,South Sulawesi,Individual
3741,Ratna Gunawan,Female,41,Manager,Middle,Makassar,South Sulawesi,Individual
3742,Ayu Kurniawan,Female,40,Consultant,Upper-Middle,Jakarta Pusat,DKI Jakarta,Individual
3743,Andi Anggraini,Male,62,Manager,Middle,Pematangsiantar,North Sumatra,Individual
3744,Putri Saputra,Female,31,Doctor,Low,Jakarta Selatan,DKI Jakarta,Individual
3745,Rina Hidayat,Female,25,Professional,Middle,Dumai,Riau,Individual
3746,Ratna Hidayat,Female,43,Engineer,Middle,Sleman,Yogyakarta,Individual
3747,Eko Gunawan,Male,45,Lawyer,Middle,Pematangsiantar,North Sumatra,Individual
3748,Fitri Rahmawati,Female,44,Entrepreneur,Middle,Bandar Lampung,Lampung,Individual
3749,PT Kurniawan Mandiri,N/A,0,Corporate,High,Sleman,Yogyakarta,Corporate
3750,Rina Hidayat,Female,45,Lawyer,Upper-Middle,Bekasi,West Java,Individual
3751,Yusuf Wijaya,Male,46,Teacher,Middle,Singkawang,West Kalimantan,Individual
3752,PT Pratama Logistik,N/A,0,Corporate,High,Jakarta Timur,DKI Jakarta,Corporate
3753,Dewi Permana,Female,36,Civil Servant,Low,Banjarbaru,South Kalimantan,Individual
3754,Citra Maulana,Female,28,Manager,High,Sleman,Yogyakarta,Individual
3755,Putra Nugroho,Male,28,Manager,Middle,Jakarta Timur,DKI Jakarta,Individual
3756,Budi Hidayat,Male,32,Civil Servant,Middle,Bekasi,West Java,Individual
3757,Siti Rahmawati,Female,39,Retail Owner,Middle,Parepare,South Sulawesi,Individual
3758,Siti Pratama,Female,39,Lawyer,Low,Metro,Lampung,Individual
3759,Dimas Hidayat,Male,28,Teacher,Upper-Middle,Manado,North Sulawesi,Individual
3760,Intan Wijaya,Female,32,Manager,Upper-Middle,Bandung,West Java,Individual
3761,Ayu Rahmawati,Female,24,Civil Servant,Upper-Middle,Bandung,West Java,Individual
3762,Wahyu Santoso,Male,23,Doctor,High,Sidoarjo,East Java,Individual
3763,Ratna Maulana,Female,30,Engineer,Upper-Middle,Jakarta Barat,DKI Jakarta,Individual
3764,Citra Lestari,Female,40,Civil Servant,Upper-Middle,Bandar Lampung,Lampung,Individual
3765,Andi Kurniawan,Male,36,Entrepreneur,Upper-Middle,Cilegon,Banten,Individual
3766,Yusuf Rahmawati,Male,59,Retail Owner,Upper-Middle,Medan,North Sumatra,Individual
3767,Maya Anggraini,Female,37,Teacher,Upper-Middle,Tangerang,Banten,Individual
3768,Sari Anggraini,Female,53,Consultant,Upper-Middle,Surabaya,East Java,Individual
3769,Fajar Anggraini,Male,22,Engineer,Upper-Middle,Padang,West Sumatra,Individual
3770,Bayu Halim,Male,56,Manager,Middle,Yogyakarta,Yogyakarta,Individual
3771,Rina Saputra,Female,50,Manager,Upper-Middle,Jakarta Selatan,DKI Jakarta,Individual
3772,Indah Santoso,Female,36,Civil Servant,Middle,Surabaya,East Java,Individual
3773,Bayu Nugroho,Male,34,Retail Owner,Middle,Tangerang,Banten,Individual
3774,Maya Nugroho,Female,51,Entrepreneur,Upper-Middle,Bogor,West Java,Individual
3775,Dimas Setiawan,Male,31,Entrepreneur,High,Surabaya,East Java,Individual
3776,Nadia Wijaya,Female,41,Retail Owner,Low,Depok,West Java,Individual
3777,Sari Lestari,Female,40,Civil Servant,Upper-Middle,Jakarta Timur,DKI Jakarta,Individual
3778,Siti Wijaya,Female,39,Doctor,Middle,Bekasi,West Java,Individual
3779,Wati Halim,Female,40,Consultant,Middle,Parepare,South Sulawesi,Individual
3780,Bayu Kurniawan,Male,36,Manager,Low,Cimahi,West Java,Individual
3781,Yusuf Wijaya,Male,28,Civil Servant,Middle,Jayapura,Papua,Individual
3782,PT Anggraini Jaya,N/A,0,Corporate,High,Magelang,Central Java,Corporate
3783,Wati Saputra,Female,59,Lawyer,Middle,Tangerang,Banten,Individual
3784,Hendra Saputra,Male,30,Doctor,Upper-Middle,Pekanbaru,Riau,Individual
3785,Rizki Rahmawati,Male,44,Retail Owner,Low,Semarang,Central Java,Individual
3786,PT Saputra Sentosa,N/A,0,Corporate,High,Yogyakarta,Yogyakarta,Corporate
3787,Lestari Lestari,Female,27,Civil Servant,Upper-Middle,Yogyakarta,Yogyakarta,Individual
3788,Indah Santoso,Female,46,Lawyer,Middle,Singkawang,West Kalimantan,Individual
3789,PT Pratama Mandiri,N/A,0,Corporate,High,Lubuklinggau,South Sumatra,Corporate
3790,Dimas Pratama,Male,40,Doctor,Upper-Middle,Bekasi,West Java,Individual
3791,Wati Gunawan,Female,51,Teacher,Middle,Samarinda,East Kalimantan,Individual
3792,Nadia Nugroho,Female,37,Teacher,Middle,Samarinda,East Kalimantan,Individual
3793,Aldi Santoso,Male,50,Manager,High,Magelang,Central Java,Individual
3794,Putri Gunawan,Female,52,Entrepreneur,Upper-Middle,Medan,North Sumatra,Individual
3795,Bayu Santoso,Male,42,Retail Owner,Middle,Yogyakarta,Yogyakarta,Individual
3796,PT Kurniawan Mandiri,N/A,0,Corporate,High,Jakarta Selatan,DKI Jakarta,Corporate
3797,Siti Kurniawan,Female,62,Doctor,Upper-Middle,Dumai,Riau,Individual
3798,Putra Lestari,Male,29,Manager,Middle,Jakarta Pusat,DKI Jakarta,Individual
3799,Wati Rahmawati,Female,45,Engineer,Middle,Makassar,South Sulawesi,Individual
3800,Rina Pratama,Female,24,Doctor,Low,Bukittinggi,West Sumatra,Individual
3801,Wahyu Saputra,Male,26,Manager,Middle,Gresik,East Java,Individual
3802,Yusuf Maulana,Male,56,Lawyer,Upper-Middle,Yogyakarta,Yogyakarta,Individual
3803,Aldi Hidayat,Male,35,Engineer,High,Jakarta Selatan,DKI Jakarta,Individual
3804,Wahyu Kurniawan,Male,44,Manager,Middle,Malang,East Java,Individual
3805,Wahyu Anggraini,Male,45,Teacher,Low,Bogor,West Java,Individual
3806,Dani Anggraini,Male,37,Teacher,Middle,Banjarbaru,South Kalimantan,Individual
3807,Lestari Lestari,Female,48,Civil Servant,Middle,Gresik,East Java,Individual
3808,Nadia Hidayat,Female,29,Entrepreneur,Low,Bogor,West Java,Individual
3809,Fajar Kurniawan,Male,42,Entrepreneur,Middle,Makassar,South Sulawesi,Individual
3810,Dani Lestari,Male,48,Entrepreneur,Upper-Middle,Bogor,West Java,Individual
3811,Rizki Gunawan,Male,39,Engineer,Upper-Middle,Tangerang,Banten,Individual
3812,Intan Pratama,Female,33,Consultant,Middle,Solo,Central Java,Individual
3813,Rizki Anggraini,Male,44,Teacher,High,Padang,West Sumatra,Individual
3814,Nadia Gunawan,Female,25,Professional,Middle,Yogyakarta,Yogyakarta,Individual
3815,Dani Saputra,Male,34,Retail Owner,Middle,Pekanbaru,Riau,Individual
3816,Sari Santoso,Female,47,Manager,Middle,Pontianak,West Kalimantan,Individual
3817,Putra Wijaya,Male,55,Civil Servant,Middle,Jakarta Pusat,DKI Jakarta,Individual
3818,PT Rahmawati Sentosa,N/A,0,Corporate,High,Badung,Bali,Corporate
3819,Citra Permana,Female,56,Lawyer,Middle,Badung,Bali,Individual
3820,Siti Maulana,Female,54,Lawyer,Middle,Jayapura,Papua,Individual
3821,Reza Saputra,Male,46,Retail Owner,Low,Sleman,Yogyakarta,Individual
3822,Intan Anggraini,Female,60,Engineer,Middle,Gresik,East Java,Individual
3823,Budi Permana,Male,34,Doctor,Middle,Pematangsiantar,North Sumatra,Individual
3824,Budi Santoso,Male,43,Consultant,Middle,Surabaya,East Java,Individual
3825,Bayu Setiawan,Male,54,Engineer,Upper-Middle,Binjai,North Sumatra,Individual
3826,Rizki Pratama,Male,39,Teacher,Middle,Magelang,Central Java,Individual
3827,PT Rahmawati Logistik,N/A,0,Corporate,High,Malang,East Java,Corporate
3828,Yusuf Nugroho,Male,51,Retail Owner,Middle,Bandung,West Java,Individual
3829,Aldi Kurniawan,Male,55,Lawyer,High,Semarang,Central Java,Individual
3830,Fitri Nugroho,Female,24,Lawyer,Low,Makassar,South Sulawesi,Individual
3831,Hendra Anggraini,Male,60,Lawyer,Middle,Yogyakarta,Yogyakarta,Individual
3832,Dewi Santoso,Female,45,Professional,Middle,Serang,Banten,Individual
3833,Ratna Permana,Female,46,Doctor,Middle,Yogyakarta,Yogyakarta,Individual
3834,Yusuf Permana,Male,24,Teacher,Upper-Middle,Manado,North Sulawesi,Individual
3835,Wati Rahmawati,Female,26,Civil Servant,Upper-Middle,Magelang,Central Java,Individual
3836,Agus Saputra,Male,37,Engineer,Upper-Middle,Tangerang,Banten,Individual
3837,Wati Wijaya,Female,28,Consultant,Middle,Singkawang,West Kalimantan,Individual
3838,PT Anggraini Mandiri,N/A,0,Corporate,High,Metro,Lampung,Corporate
3839,Lestari Permana,Female,35,Civil Servant,Low,Makassar,South Sulawesi,Individual
3840,Rina Wijaya,Female,51,Engineer,Middle,Padang,West Sumatra,Individual
3841,Citra Setiawan,Female,25,Engineer,Middle,Serang,Banten,Individual
3842,Andi Maulana,Male,56,Retail Owner,Middle,Jakarta Utara,DKI Jakarta,Individual
3843,Aldi Setiawan,Male,22,Lawyer,Upper-Middle,Balikpapan,East Kalimantan,Individual
3844,Ayu Anggraini,Female,29,Teacher,Middle,Palembang,South Sumatra,Individual
3845,Wati Rahmawati,Female,46,Lawyer,Middle,Balikpapan,East Kalimantan,Individual
3846,Budi Pratama,Male,31,Engineer,Upper-Middle,Bogor,West Java,Individual
3847,Agus Setiawan,Male,52,Professional,Upper-Middle,Bukittinggi,West Sumatra,Individual
3848,Intan Santoso,Female,59,Retail Owner,Upper-Middle,Solo,Central Java,Individual
3849,Indah Maulana,Female,51,Manager,Middle,Cilegon,Banten,Individual
3850,Dimas Nugroho,Male,39,Civil Servant,Low,Palembang,South Sumatra,Individual
3851,Putri Gunawan,Female,46,Doctor,Upper-Middle,Magelang,Central Java,Individual
3852,Eko Permana,Male,27,Lawyer,Upper-Middle,Balikpapan,East Kalimantan,Individual
3853,PT Kurniawan Logistik,N/A,0,Corporate,High,Padang,West Sumatra,Corporate
3854,Ayu Maulana,Female,62,Professional,Upper-Middle,Surabaya,East Java,Individual
3855,PT Pratama Logistik,N/A,0,Corporate,High,Depok,West Java,Corporate
3856,Hendra Hidayat,Male,57,Teacher,Upper-Middle,Gresik,East Java,Individual
3857,Dimas Hidayat,Male,40,Professional,Middle,Lubuklinggau,South Sumatra,Individual
3858,Rizki Halim,Male,47,Doctor,Middle,Gresik,East Java,Individual
3859,Wati Kurniawan,Female,40,Doctor,Upper-Middle,Bandung,West Java,Individual
3860,Nadia Wijaya,Female,48,Engineer,Middle,Tangerang,Banten,Individual
3861,Maya Permana,Female,59,Engineer,High,Mataram,West Nusa Tenggara,Individual
3862,PT Pratama Group,N/A,0,Corporate,High,Banjarmasin,South Kalimantan,Corporate
3863,Budi Nugroho,Male,46,Consultant,Upper-Middle,Tangerang,Banten,Individual
3864,Rina Permana,Female,31,Entrepreneur,Middle,Yogyakarta,Yogyakarta,Individual
3865,Dimas Hidayat,Male,48,Entrepreneur,Upper-Middle,Manado,North Sulawesi,Individual
3866,Andi Setiawan,Male,24,Doctor,Upper-Middle,Cilegon,Banten,Individual
3867,PT Maulana Sentosa,N/A,0,Corporate,High,Jakarta Selatan,DKI Jakarta,Corporate
3868,Eko Rahmawati,Male,36,Consultant,Middle,Badung,Bali,Individual
3869,Fajar Gunawan,Male,25,Lawyer,Upper-Middle,Malang,East Java,Individual
3870,Dimas Maulana,Male,48,Consultant,Middle,Yogyakarta,Yogyakarta,Individual
3871,Eko Wijaya,Male,62,Lawyer,Middle,Serang,Banten,Individual
3872,Citra Lestari,Female,22,Professional,High,Makassar,South Sulawesi,Individual
3873,PT Gunawan Jaya,N/A,0,Corporate,High,Tangerang,Banten,Corporate
3874,PT Halim Mandiri,N/A,0,Corporate,High,Padang,West Sumatra,Corporate
3875,Putri Santoso,Female,57,Manager,Upper-Middle,Malang,East Java,Individual
3876,Indah Setiawan,Female,44,Lawyer,Upper-Middle,Binjai,North Sumatra,Individual
3877,Bayu Lestari,Male,52,Doctor,Middle,Parepare,South Sulawesi,Individual
3878,Siti Santoso,Female,47,Manager,High,Samarinda,East Kalimantan,Individual
3879,Eko Kurniawan,Male,49,Retail Owner,Middle,Yogyakarta,Yogyakarta,Individual
3880,Yusuf Gunawan,Male,47,Civil Servant,Low,Malang,East Java,Individual
3881,Yusuf Nugroho,Male,59,Civil Servant,Upper-Middle,Banjarmasin,South Kalimantan,Individual
3882,Ayu Lestari,Female,31,Engineer,Middle,Mataram,West Nusa Tenggara,Individual
3883,PT Setiawan Group,N/A,0,Corporate,High,Banjarbaru,South Kalimantan,Corporate
3884,PT Santoso Mandiri,N/A,0,Corporate,High,Jakarta Barat,DKI Jakarta,Corporate
3885,Sari Lestari,Female,57,Teacher,Upper-Middle,Cimahi,West Java,Individual
3886,Citra Santoso,Female,56,Consultant,Middle,Jakarta Barat,DKI Jakarta,Individual
3887,Wahyu Gunawan,Male,45,Engineer,Upper-Middle,Tangerang,Banten,Individual
3888,Bayu Lestari,Male,57,Entrepreneur,Upper-Middle,Sleman,Yogyakarta,Individual
3889,Dani Wijaya,Male,59,Teacher,Middle,Yogyakarta,Yogyakarta,Individual
3890,Putra Rahmawati,Male,47,Retail Owner,Upper-Middle,Malang,East Java,Individual
3891,Hendra Gunawan,Male,60,Doctor,Middle,Denpasar,Bali,Individual
3892,Wahyu Santoso,Male,62,Lawyer,Middle,Jakarta Selatan,DKI Jakarta,Individual
3893,Eko Maulana,Male,38,Engineer,Upper-Middle,Manado,North Sulawesi,Individual
3894,Sari Saputra,Female,52,Teacher,High,Palembang,South Sumatra,Individual
3895,Dani Gunawan,Male,39,Manager,Middle,Jayapura,Papua,Individual
3896,Maya Pratama,Female,46,Engineer,Middle,Bogor,West Java,Individual
3897,Rina Nugroho,Female,43,Consultant,Upper-Middle,Sleman,Yogyakarta,Individual
3898,Sari Anggraini,Female,54,Engineer,Middle,Palembang,South Sumatra,Individual
3899,Putra Anggraini,Male,44,Manager,Upper-Middle,Jayapura,Papua,Individual
3900,Hendra Kurniawan,Male,41,Lawyer,Middle,Jakarta Timur,DKI Jakarta,Individual
3901,Siti Anggraini,Female,54,Retail Owner,High,Depok,West Java,Individual
3902,Maya Saputra,Female,49,Teacher,High,Bandar Lampung,Lampung,Individual
3903,PT Maulana Logistik,N/A,0,Corporate,High,Lubuklinggau,South Sumatra,Corporate
3904,Fajar Wijaya,Male,56,Entrepreneur,Middle,Yogyakarta,Yogyakarta,Individual
3905,Putri Anggraini,Female,60,Lawyer,Upper-Middle,Sleman,Yogyakarta,Individual
3906,Intan Wijaya,Female,59,Doctor,Middle,Palembang,South Sumatra,Individual
3907,Budi Kurniawan,Male,30,Entrepreneur,Middle,Badung,Bali,Individual
3908,Rizki Hidayat,Male,23,Doctor,Upper-Middle,Badung,Bali,Individual
3909,Eko Anggraini,Male,51,Doctor,Upper-Middle,Banjarmasin,South Kalimantan,Individual
3910,Rina Santoso,Female,28,Engineer,Low,Surabaya,East Java,Individual
3911,Hendra Hidayat,Male,33,Manager,High,Samarinda,East Kalimantan,Individual
3912,Dewi Setiawan,Female,25,Consultant,Middle,Tangerang,Banten,Individual
3913,Sari Nugroho,Female,43,Retail Owner,High,Semarang,Central Java,Individual
3914,Fajar Saputra,Male,42,Teacher,Low,Sidoarjo,East Java,Individual
3915,Reza Lestari,Male,24,Consultant,High,Semarang,Central Java,Individual
3916,Ayu Saputra,Female,37,Teacher,Middle,Bandung,West Java,Individual
3917,Indah Setiawan,Female,32,Manager,Upper-Middle,Jakarta Pusat,DKI Jakarta,Individual
3918,PT Maulana Mandiri,N/A,0,Corporate,High,Jakarta Utara,DKI Jakarta,Corporate
3919,Fajar Halim,Male,25,Doctor,Middle,Serang,Banten,Individual
3920,PT Santoso Mandiri,N/A,0,Corporate,High,Banjarbaru,South Kalimantan,Corporate
3921,Rizki Hidayat,Male,24,Civil Servant,Upper-Middle,Bandar Lampung,Lampung,Individual
3922,Ayu Saputra,Female,28,Doctor,High,Badung,Bali,Individual
3923,Rizki Rahmawati,Male,44,Entrepreneur,Upper-Middle,Malang,East Java,Individual
3924,Hendra Nugroho,Male,45,Doctor,Low,Bandar Lampung,Lampung,Individual
3925,Putri Lestari,Female,45,Retail Owner,Upper-Middle,Semarang,Central Java,Individual
3926,Reza Hidayat,Male,40,Professional,Upper-Middle,Palembang,South Sumatra,Individual
3927,Putra Nugroho,Male,37,Entrepreneur,Middle,Pekanbaru,Riau,Individual
3928,Putra Halim,Male,52,Entrepreneur,Middle,Binjai,North Sumatra,Individual
3929,Putra Anggraini,Male,51,Lawyer,Upper-Middle,Surabaya,East Java,Individual
3930,Bayu Santoso,Male,49,Consultant,Middle,Pematangsiantar,North Sumatra,Individual
3931,Eko Santoso,Male,59,Lawyer,Middle,Jakarta Barat,DKI Jakarta,Individual
3932,Indah Maulana,Female,52,Consultant,Low,Cimahi,West Java,Individual
3933,Siti Lestari,Female,40,Professional,Middle,Cilegon,Banten,Individual
3934,Andi Nugroho,Male,39,Civil Servant,Middle,Bandung,West Java,Individual
3935,Nadia Maulana,Female,55,Doctor,Middle,Tangerang,Banten,Individual
3936,Wati Hidayat,Female,25,Manager,Middle,Solo,Central Java,Individual
3937,PT Pratama Group,N/A,0,Corporate,High,Binjai,North Sumatra,Corporate
3938,Rizki Kurniawan,Male,51,Civil Servant,Upper-Middle,Jakarta Utara,DKI Jakarta,Individual
3939,Fitri Rahmawati,Female,28,Civil Servant,Low,Parepare,South Sulawesi,Individual
3940,PT Saputra Jaya,N/A,0,Corporate,High,Manado,North Sulawesi,Corporate
3941,Budi Rahmawati,Male,41,Consultant,Middle,Cimahi,West Java,Individual
3942,Eko Pratama,Male,57,Manager,Upper-Middle,Pematangsiantar,North Sumatra,Individual
3943,Rina Kurniawan,Female,22,Lawyer,Middle,Yogyakarta,Yogyakarta,Individual
3944,Lestari Pratama,Female,51,Manager,Upper-Middle,Gresik,East Java,Individual
3945,Andi Pratama,Male,44,Entrepreneur,Middle,Yogyakarta,Yogyakarta,Individual
3946,Yusuf Santoso,Male,49,Retail Owner,Middle,Jakarta Utara,DKI Jakarta,Individual
3947,Dimas Lestari,Male,22,Professional,Middle,Jakarta Utara,DKI Jakarta,Individual
3948,Sari Nugroho,Female,45,Teacher,Middle,Serang,Banten,Individual
3949,Fajar Wijaya,Male,51,Professional,Middle,Solo,Central Java,Individual
3950,Citra Wijaya,Female,49,Manager,Middle,Jakarta Pusat,DKI Jakarta,Individual
3951,Intan Maulana,Female,50,Lawyer,Middle,Bitung,North Sulawesi,Individual
3952,Dimas Rahmawati,Male,55,Civil Servant,Middle,Jakarta Pusat,DKI Jakarta,Individual
3953,Wati Kurniawan,Female,26,Lawyer,Middle,Pontianak,West Kalimantan,Individual
3954,Andi Nugroho,Male,29,Civil Servant,Low,Jakarta Barat,DKI Jakarta,Individual
3955,Agus Wijaya,Male,40,Manager,Middle,Magelang,Central Java,Individual
3956,Maya Lestari,Female,23,Retail Owner,Upper-Middle,Magelang,Central Java,Individual
3957,Intan Pratama,Female,35,Entrepreneur,Middle,Bandung,West Java,Individual
3958,Yusuf Gunawan,Male,60,Professional,High,Yogyakarta,Yogyakarta,Individual
3959,Reza Wijaya,Male,60,Manager,Low,Padang,West Sumatra,Individual
3960,Rizki Santoso,Male,24,Retail Owner,High,Yogyakarta,Yogyakarta,Individual
3961,Putri Wijaya,Female,54,Entrepreneur,Middle,Tangerang,Banten,Individual
3962,Yusuf Setiawan,Male,59,Lawyer,Upper-Middle,Jayapura,Papua,Individual
3963,Fitri Halim,Female,55,Retail Owner,Upper-Middle,Singkawang,West Kalimantan,Individual
3964,Agus Wijaya,Male,30,Teacher,Low,Gresik,East Java,Individual
3965,Fitri Setiawan,Female,28,Manager,Middle,Jakarta Selatan,DKI Jakarta,Individual
3966,PT Kurniawan Jaya,N/A,0,Corporate,High,Sleman,Yogyakarta,Corporate
3967,Rina Permana,Female,28,Lawyer,Middle,Sidoarjo,East Java,Individual
3968,Dewi Kurniawan,Female,60,Consultant,Middle,Magelang,Central Java,Individual
3969,PT Permana Group,N/A,0,Corporate,High,Cimahi,West Java,Corporate
3970,Hendra Rahmawati,Male,32,Lawyer,Upper-Middle,Bandung,West Java,Individual
3971,PT Maulana Jaya,N/A,0,Corporate,High,Mataram,West Nusa Tenggara,Corporate
3972,Dani Setiawan,Male,34,Lawyer,Middle,Bandung,West Java,Individual
3973,Maya Halim,Female,24,Doctor,Upper-Middle,Yogyakarta,Yogyakarta,Individual
3974,Fajar Hidayat,Male,40,Teacher,Middle,Banjarmasin,South Kalimantan,Individual
3975,Putra Halim,Male,59,Engineer,Middle,Samarinda,East Kalimantan,Individual
3976,Fajar Gunawan,Male,31,Lawyer,Middle,Surabaya,East Java,Individual
3977,Wahyu Halim,Male,33,Lawyer,Middle,Parepare,South Sulawesi,Individual
3978,Aldi Anggraini,Male,28,Manager,Upper-Middle,Jayapura,Papua,Individual
3979,Reza Rahmawati,Male,47,Professional,Middle,Sidoarjo,East Java,Individual
3980,Sari Saputra,Female,28,Doctor,Middle,Jakarta Utara,DKI Jakarta,Individual
3981,PT Rahmawati Sentosa,N/A,0,Corporate,High,Singkawang,West Kalimantan,Corporate
3982,Putra Halim,Male,49,Lawyer,Upper-Middle,Cilegon,Banten,Individual
3983,Intan Setiawan,Female,24,Professional,Middle,Bandar Lampung,Lampung,Individual
3984,Agus Gunawan,Male,27,Doctor,Middle,Jakarta Pusat,DKI Jakarta,Individual
3985,Rina Anggraini,Female,49,Lawyer,Middle,Bandung,West Java,Individual
3986,Siti Setiawan,Female,33,Professional,Middle,Dumai,Riau,Individual
3987,Dani Maulana,Male,25,Manager,Middle,Makassar,South Sulawesi,Individual
3988,Budi Anggraini,Male,56,Civil Servant,Low,Singkawang,West Kalimantan,Individual
3989,Putri Gunawan,Female,23,Retail Owner,Middle,Surabaya,East Java,Individual
3990,Sari Setiawan,Female,27,Teacher,Low,Padang,West Sumatra,Individual
3991,Siti Halim,Female,58,Retail Owner,Middle,Malang,East Java,Individual
3992,Aldi Saputra,Male,51,Engineer,Low,Yogyakarta,Yogyakarta,Individual
3993,Putra Gunawan,Male,61,Professional,Low,Parepare,South Sulawesi,Individual
3994,Andi Gunawan,Male,34,Retail Owner,Middle,Malang,East Java,Individual
3995,Andi Gunawan,Male,33,Retail Owner,Middle,Solo,Central Java,Individual
3996,Lestari Wijaya,Female,32,Professional,Middle,Serang,Banten,Individual
3997,Wahyu Santoso,Male,62,Retail Owner,Upper-Middle,Balikpapan,East Kalimantan,Individual
3998,Putri Nugroho,Female,62,Civil Servant,Upper-Middle,Solo,Central Java,Individual
3999,Rizki Kurniawan,Male,34,Retail Owner,Middle,Cilegon,Banten,Individual
4000,Rizki Saputra,Male,52,Retail Owner,Middle,Bitung,North Sulawesi,Individual
4001,Bayu Kurniawan,Male,45,Civil Servant,Upper-Middle,Cimahi,West Java,Individual
4002,Bayu Hidayat,Male,43,Retail Owner,Low,Surabaya,East Java,Individual
4003,Dani Permana,Male,57,Lawyer,Upper-Middle,Bitung,North Sulawesi,Individual
4004,Dimas Halim,Male,49,Teacher,Upper-Middle,Bukittinggi,West Sumatra,Individual
4005,Wahyu Permana,Male,52,Consultant,Middle,Semarang,Central Java,Individual
4006,Andi Maulana,Male,59,Consultant,Upper-Middle,Cimahi,West Java,Individual
4007,Aldi Nugroho,Male,40,Consultant,Upper-Middle,Bukittinggi,West Sumatra,Individual
4008,Ayu Halim,Female,56,Professional,Upper-Middle,Jakarta Timur,DKI Jakarta,Individual
4009,Wahyu Permana,Male,49,Professional,Upper-Middle,Gresik,East Java,Individual
4010,Dani Rahmawati,Male,38,Teacher,Upper-Middle,Mataram,West Nusa Tenggara,Individual
4011,Indah Kurniawan,Female,42,Consultant,Low,Cilegon,Banten,Individual
4012,Putra Santoso,Male,46,Civil Servant,Middle,Cilegon,Banten,Individual
4013,Agus Halim,Male,62,Engineer,High,Surabaya,East Java,Individual
4014,Putra Hidayat,Male,48,Teacher,Middle,Dumai,Riau,Individual
4015,Wahyu Setiawan,Male,38,Lawyer,High,Pontianak,West Kalimantan,Individual
4016,Aldi Hidayat,Male,50,Entrepreneur,Middle,Badung,Bali,Individual
4017,Bayu Hidayat,Male,53,Consultant,Middle,Solo,Central Java,Individual
4018,Putra Kurniawan,Male,37,Consultant,Middle,Depok,West Java,Individual
4019,Rina Hidayat,Female,54,Professional,Middle,Jakarta Selatan,DKI Jakarta,Individual
4020,Yusuf Rahmawati,Male,58,Doctor,Middle,Cilegon,Banten,Individual
4021,PT Wijaya Mandiri,N/A,0,Corporate,High,Serang,Banten,Corporate
4022,Citra Lestari,Female,25,Entrepreneur,High,Semarang,Central Java,Individual
4023,Rina Nugroho,Female,41,Manager,Upper-Middle,Serang,Banten,Individual
4024,Nadia Setiawan,Female,37,Doctor,Middle,Yogyakarta,Yogyakarta,Individual
4025,Wati Kurniawan,Female,27,Doctor,Middle,Samarinda,East Kalimantan,Individual
4026,Maya Nugroho,Female,44,Civil Servant,Middle,Parepare,South Sulawesi,Individual
4027,Ayu Rahmawati,Female,42,Lawyer,Upper-Middle,Cilegon,Banten,Individual
4028,Citra Lestari,Female,45,Consultant,Upper-Middle,Dumai,Riau,Individual
4029,Fajar Hidayat,Male,34,Doctor,Middle,Surabaya,East Java,Individual
4030,Indah Rahmawati,Female,52,Lawyer,Middle,Bandung,West Java,Individual
4031,Dewi Nugroho,Female,60,Teacher,Middle,Jakarta Selatan,DKI Jakarta,Individual
4032,Putra Maulana,Male,35,Retail Owner,Low,Jakarta Selatan,DKI Jakarta,Individual
4033,Dani Kurniawan,Male,45,Engineer,Middle,Pekanbaru,Riau,Individual
4034,Rina Rahmawati,Female,43,Civil Servant,Upper-Middle,Bogor,West Java,Individual
4035,Hendra Kurniawan,Male,24,Engineer,Upper-Middle,Makassar,South Sulawesi,Individual
4036,Budi Pratama,Male,37,Manager,Upper-Middle,Sleman,Yogyakarta,Individual
4037,PT Permana Sentosa,N/A,0,Corporate,High,Metro,Lampung,Corporate
4038,Bayu Santoso,Male,42,Manager,Middle,Bukittinggi,West Sumatra,Individual
4039,Nadia Nugroho,Female,52,Entrepreneur,Middle,Bitung,North Sulawesi,Individual
4040,Nadia Halim,Female,48,Retail Owner,Middle,Padang,West Sumatra,Individual
4041,PT Kurniawan Sentosa,N/A,0,Corporate,High,Bogor,West Java,Corporate
4042,Siti Rahmawati,Female,61,Entrepreneur,Low,Pekanbaru,Riau,Individual
4043,Yusuf Kurniawan,Male,40,Doctor,Upper-Middle,Magelang,Central Java,Individual
4044,Putri Anggraini,Female,31,Professional,Low,Jakarta Pusat,DKI Jakarta,Individual
4045,Siti Nugroho,Female,53,Engineer,Middle,Makassar,South Sulawesi,Individual
4046,Putri Nugroho,Female,51,Doctor,Middle,Bandung,West Java,Individual
4047,Maya Santoso,Female,23,Consultant,High,Pekanbaru,Riau,Individual
4048,Wahyu Hidayat,Male,27,Engineer,Middle,Bukittinggi,West Sumatra,Individual
4049,Ayu Nugroho,Female,28,Consultant,Middle,Mataram,West Nusa Tenggara,Individual
4050,Eko Hidayat,Male,54,Consultant,Middle,Solo,Central Java,Individual
4051,Rina Halim,Female,55,Lawyer,Upper-Middle,Bandung,West Java,Individual
4052,Sari Anggraini,Female,61,Engineer,Upper-Middle,Cilegon,Banten,Individual
4053,Aldi Wijaya,Male,57,Manager,High,Tangerang,Banten,Individual
4054,Dimas Rahmawati,Male,35,Consultant,High,Bogor,West Java,Individual
4055,Bayu Anggraini,Male,24,Engineer,Upper-Middle,Jayapura,Papua,Individual
4056,Rizki Wijaya,Male,60,Retail Owner,High,Bandung,West Java,Individual
4057,Nadia Permana,Female,37,Civil Servant,High,Banjarmasin,South Kalimantan,Individual
4058,PT Nugroho Logistik,N/A,0,Corporate,High,Semarang,Central Java,Corporate
4059,Nadia Kurniawan,Female,27,Teacher,Middle,Sleman,Yogyakarta,Individual
4060,Budi Hidayat,Male,36,Entrepreneur,Low,Sidoarjo,East Java,Individual
4061,Putra Setiawan,Male,28,Retail Owner,High,Bukittinggi,West Sumatra,Individual
4062,Sari Lestari,Female,48,Teacher,Upper-Middle,Dumai,Riau,Individual
4063,Dewi Maulana,Female,57,Civil Servant,Upper-Middle,Tangerang,Banten,Individual
4064,Sari Wijaya,Female,25,Entrepreneur,Middle,Bandar Lampung,Lampung,Individual
4065,Aldi Setiawan,Male,46,Entrepreneur,High,Tangerang,Banten,Individual
4066,PT Wijaya Sentosa,N/A,0,Corporate,High,Bandar Lampung,Lampung,Corporate
4067,Hendra Rahmawati,Male,31,Professional,Middle,Bekasi,West Java,Individual
4068,Sari Anggraini,Female,62,Civil Servant,Middle,Bukittinggi,West Sumatra,Individual
4069,PT Halim Logistik,N/A,0,Corporate,High,Gresik,East Java,Corporate
4070,Agus Halim,Male,36,Lawyer,Middle,Banjarbaru,South Kalimantan,Individual
4071,Bayu Gunawan,Male,51,Entrepreneur,Low,Bandung,West Java,Individual
4072,Intan Permana,Female,39,Doctor,Middle,Dumai,Riau,Individual
4073,Eko Halim,Male,44,Teacher,Low,Yogyakarta,Yogyakarta,Individual
4074,Reza Anggraini,Male,31,Manager,High,Mataram,West Nusa Tenggara,Individual
4075,PT Nugroho Logistik,N/A,0,Corporate,High,Bekasi,West Java,Corporate
4076,Ratna Nugroho,Female,52,Entrepreneur,Middle,Mataram,West Nusa Tenggara,Individual
4077,Rizki Permana,Male,27,Manager,Upper-Middle,Jayapura,Papua,Individual
4078,Rina Pratama,Female,28,Civil Servant,High,Gresik,East Java,Individual
4079,Fitri Rahmawati,Female,54,Retail Owner,Middle,Bitung,North Sulawesi,Individual
4080,Budi Saputra,Male,46,Civil Servant,Upper-Middle,Yogyakarta,Yogyakarta,Individual
4081,Aldi Santoso,Male,28,Engineer,Upper-Middle,Manado,North Sulawesi,Individual
4082,Wati Maulana,Female,50,Entrepreneur,High,Cilegon,Banten,Individual
4083,Dimas Hidayat,Male,29,Doctor,Upper-Middle,Metro,Lampung,Individual
4084,Maya Santoso,Female,59,Entrepreneur,Upper-Middle,Magelang,Central Java,Individual
4085,Rizki Lestari,Male,30,Lawyer,Middle,Jakarta Timur,DKI Jakarta,Individual
4086,Wahyu Halim,Male,43,Lawyer,Upper-Middle,Sleman,Yogyakarta,Individual
4087,PT Kurniawan Group,N/A,0,Corporate,High,Cilegon,Banten,Corporate
4088,Ratna Maulana,Female,43,Teacher,Middle,Bandar Lampung,Lampung,Individual
4089,Wahyu Anggraini,Male,32,Professional,Middle,Tangerang,Banten,Individual
4090,Dimas Hidayat,Male,35,Consultant,Low,Bitung,North Sulawesi,Individual
4091,Ayu Anggraini,Female,48,Engineer,Upper-Middle,Serang,Banten,Individual
4092,Yusuf Nugroho,Male,39,Civil Servant,Upper-Middle,Singkawang,West Kalimantan,Individual
4093,PT Lestari Sentosa,N/A,0,Corporate,High,Bandung,West Java,Corporate
4094,Lestari Gunawan,Female,32,Consultant,High,Bukittinggi,West Sumatra,Individual
4095,Dewi Gunawan,Female,26,Civil Servant,Upper-Middle,Serang,Banten,Individual
4096,Citra Santoso,Female,29,Teacher,Upper-Middle,Bukittinggi,West Sumatra,Individual
4097,Sari Maulana,Female,42,Engineer,Low,Sleman,Yogyakarta,Individual
4098,Ayu Rahmawati,Female,60,Retail Owner,Middle,Makassar,South Sulawesi,Individual
4099,Nadia Rahmawati,Female,33,Professional,Low,Bandung,West Java,Individual
4100,Lestari Lestari,Female,62,Consultant,Middle,Makassar,South Sulawesi,Individual
4101,Rizki Maulana,Male,60,Retail Owner,Middle,Tangerang,Banten,Individual
4102,Indah Gunawan,Female,25,Engineer,High,Banjarmasin,South Kalimantan,Individual
4103,PT Santoso Sentosa,N/A,0,Corporate,High,Surabaya,East Java,Corporate
4104,Nadia Saputra,Female,45,Lawyer,Upper-Middle,Magelang,Central Java,Individual
4105,Sari Nugroho,Female,39,Civil Servant,Middle,Cimahi,West Java,Individual
4106,Fajar Anggraini,Male,49,Civil Servant,Middle,Sleman,Yogyakarta,Individual
4107,Putra Hidayat,Male,35,Professional,Middle,Palembang,South Sumatra,Individual
4108,Reza Rahmawati,Male,44,Entrepreneur,Middle,Dumai,Riau,Individual
4109,Aldi Anggraini,Male,44,Entrepreneur,High,Pekanbaru,Riau,Individual
4110,Sari Permana,Female,42,Civil Servant,Middle,Depok,West Java,Individual
4111,Fajar Hidayat,Male,47,Entrepreneur,Middle,Gresik,East Java,Individual
4112,Wahyu Lestari,Male,43,Retail Owner,Low,Banjarmasin,South Kalimantan,Individual
4113,Ayu Hidayat,Female,45,Engineer,Low,Sleman,Yogyakarta,Individual
4114,Lestari Maulana,Female,32,Retail Owner,Middle,Bukittinggi,West Sumatra,Individual
4115,Bayu Maulana,Male,43,Manager,Upper-Middle,Solo,Central Java,Individual
4116,Lestari Anggraini,Female,24,Doctor,Middle,Sidoarjo,East Java,Individual
4117,Rina Maulana,Female,49,Manager,Middle,Binjai,North Sumatra,Individual
4118,Eko Setiawan,Male,22,Lawyer,Upper-Middle,Tangerang,Banten,Individual
4119,Rizki Permana,Male,29,Professional,Middle,Solo,Central Java,Individual
4120,Budi Santoso,Male,43,Retail Owner,Upper-Middle,Bogor,West Java,Individual
4121,Putra Santoso,Male,38,Teacher,Upper-Middle,Bogor,West Java,Individual
4122,Indah Nugroho,Female,28,Engineer,Middle,Sleman,Yogyakarta,Individual
4123,Intan Gunawan,Female,45,Doctor,Middle,Palembang,South Sumatra,Individual
4124,Sari Hidayat,Female,57,Lawyer,Low,Banjarbaru,South Kalimantan,Individual
4125,Ratna Lestari,Female,45,Entrepreneur,High,Solo,Central Java,Individual
4126,Wati Gunawan,Female,29,Engineer,Upper-Middle,Bekasi,West Java,Individual
4127,Siti Lestari,Female,28,Engineer,Middle,Pontianak,West Kalimantan,Individual
4128,Wati Halim,Female,53,Engineer,Upper-Middle,Banjarmasin,South Kalimantan,Individual
4129,Nadia Hidayat,Female,58,Lawyer,Middle,Yogyakarta,Yogyakarta,Individual
4130,Nadia Maulana,Female,47,Manager,Low,Cimahi,West Java,Individual
4131,Yusuf Hidayat,Male,61,Lawyer,Upper-Middle,Medan,North Sumatra,Individual
4132,Ayu Halim,Female,39,Retail Owner,Upper-Middle,Magelang,Central Java,Individual
4133,Sari Gunawan,Female,28,Teacher,Middle,Pematangsiantar,North Sumatra,Individual
4134,Putra Rahmawati,Male,59,Doctor,Middle,Bogor,West Java,Individual
4135,Rina Hidayat,Female,44,Entrepreneur,Upper-Middle,Jakarta Timur,DKI Jakarta,Individual
4136,Bayu Rahmawati,Male,35,Teacher,Middle,Bekasi,West Java,Individual
4137,Fajar Pratama,Male,26,Civil Servant,Middle,Solo,Central Java,Individual
4138,Lestari Saputra,Female,49,Lawyer,Middle,Dumai,Riau,Individual
4139,Ayu Maulana,Female,26,Entrepreneur,High,Jakarta Pusat,DKI Jakarta,Individual
4140,Wati Setiawan,Female,36,Consultant,Upper-Middle,Singkawang,West Kalimantan,Individual
4141,Ratna Pratama,Female,54,Doctor,Middle,Samarinda,East Kalimantan,Individual
4142,Citra Halim,Female,38,Manager,Upper-Middle,Samarinda,East Kalimantan,Individual
4143,Budi Maulana,Male,30,Engineer,Upper-Middle,Denpasar,Bali,Individual
4144,Agus Permana,Male,32,Lawyer,Upper-Middle,Jakarta Utara,DKI Jakarta,Individual
4145,Wahyu Hidayat,Male,61,Engineer,Upper-Middle,Gresik,East Java,Individual
4146,Indah Anggraini,Female,45,Engineer,Upper-Middle,Sleman,Yogyakarta,Individual
4147,Budi Rahmawati,Male,28,Doctor,Upper-Middle,Palembang,South Sumatra,Individual
4148,Rina Rahmawati,Female,23,Consultant,Upper-Middle,Cimahi,West Java,Individual
4149,Yusuf Permana,Male,49,Lawyer,Middle,Banjarbaru,South Kalimantan,Individual
4150,Indah Gunawan,Female,30,Doctor,Middle,Mataram,West Nusa Tenggara,Individual
4151,Siti Anggraini,Female,28,Manager,Low,Tangerang,Banten,Individual
4152,PT Anggraini Sentosa,N/A,0,Corporate,High,Solo,Central Java,Corporate
4153,Siti Setiawan,Female,58,Manager,Low,Sleman,Yogyakarta,Individual
4154,Dani Lestari,Male,46,Manager,Middle,Binjai,North Sumatra,Individual
4155,Putra Kurniawan,Male,33,Consultant,High,Jakarta Barat,DKI Jakarta,Individual
4156,Fitri Pratama,Female,41,Entrepreneur,Low,Tangerang,Banten,Individual
4157,Hendra Permana,Male,41,Lawyer,Upper-Middle,Singkawang,West Kalimantan,Individual
4158,Hendra Pratama,Male,42,Manager,Upper-Middle,Pekanbaru,Riau,Individual
4159,Citra Maulana,Female,58,Entrepreneur,Low,Sleman,Yogyakarta,Individual
4160,Agus Permana,Male,29,Professional,Upper-Middle,Yogyakarta,Yogyakarta,Individual
4161,Fitri Halim,Female,28,Lawyer,Middle,Badung,Bali,Individual
4162,Maya Wijaya,Female,29,Manager,High,Makassar,South Sulawesi,Individual
4163,Putri Kurniawan,Female,22,Entrepreneur,Middle,Cilegon,Banten,Individual
4164,Sari Maulana,Female,39,Doctor,Middle,Tangerang,Banten,Individual
4165,Fitri Saputra,Female,54,Professional,Upper-Middle,Cilegon,Banten,Individual
4166,PT Permana Logistik,N/A,0,Corporate,High,Bogor,West Java,Corporate
4167,Intan Nugroho,Female,46,Professional,Upper-Middle,Banjarbaru,South Kalimantan,Individual
4168,PT Pratama Logistik,N/A,0,Corporate,High,Jakarta Barat,DKI Jakarta,Corporate
4169,Dimas Santoso,Male,58,Retail Owner,Middle,Sleman,Yogyakarta,Individual
4170,Agus Maulana,Male,60,Lawyer,Middle,Semarang,Central Java,Individual
4171,Andi Hidayat,Male,48,Civil Servant,Middle,Manado,North Sulawesi,Individual
4172,Siti Hidayat,Female,27,Retail Owner,High,Cimahi,West Java,Individual
4173,Yusuf Kurniawan,Male,57,Lawyer,Middle,Bukittinggi,West Sumatra,Individual
4174,Ratna Pratama,Female,22,Doctor,Middle,Gresik,East Java,Individual
4175,Citra Saputra,Female,24,Lawyer,Middle,Serang,Banten,Individual
4176,Intan Nugroho,Female,43,Consultant,Low,Serang,Banten,Individual
4177,Nadia Permana,Female,50,Professional,Upper-Middle,Jakarta Utara,DKI Jakarta,Individual
4178,Siti Permana,Female,43,Retail Owner,Upper-Middle,Jakarta Timur,DKI Jakarta,Individual
4179,Ratna Halim,Female,41,Professional,Upper-Middle,Jakarta Selatan,DKI Jakarta,Individual
4180,PT Kurniawan Sentosa,N/A,0,Corporate,High,Jayapura,Papua,Corporate
4181,Maya Gunawan,Female,44,Lawyer,Middle,Cilegon,Banten,Individual
4182,Wati Halim,Female,35,Doctor,Middle,Yogyakarta,Yogyakarta,Individual
4183,Wati Kurniawan,Female,55,Manager,Upper-Middle,Binjai,North Sumatra,Individual
4184,Aldi Permana,Male,48,Lawyer,Low,Magelang,Central Java,Individual
4185,PT Anggraini Mandiri,N/A,0,Corporate,High,Singkawang,West Kalimantan,Corporate
4186,Ayu Pratama,Female,35,Manager,Middle,Manado,North Sulawesi,Individual
4187,Lestari Wijaya,Female,50,Doctor,Low,Samarinda,East Kalimantan,Individual
4188,Eko Rahmawati,Male,60,Consultant,Middle,Jakarta Timur,DKI Jakarta,Individual
4189,Rizki Saputra,Male,32,Civil Servant,Middle,Pekanbaru,Riau,Individual
4190,Rizki Nugroho,Male,46,Manager,Low,Yogyakarta,Yogyakarta,Individual
4191,Nadia Saputra,Female,22,Teacher,Middle,Bekasi,West Java,Individual
4192,Sari Maulana,Female,30,Doctor,Upper-Middle,Serang,Banten,Individual
4193,Andi Maulana,Male,46,Teacher,Upper-Middle,Cilegon,Banten,Individual
4194,Citra Hidayat,Female,37,Engineer,Low,Jayapura,Papua,Individual
4195,Maya Anggraini,Female,31,Manager,Middle,Depok,West Java,Individual
4196,Putri Hidayat,Female,43,Consultant,Upper-Middle,Magelang,Central Java,Individual
4197,Fitri Kurniawan,Female,23,Civil Servant,Upper-Middle,Yogyakarta,Yogyakarta,Individual
4198,Aldi Lestari,Male,24,Consultant,High,Sleman,Yogyakarta,Individual
4199,Intan Saputra,Female,59,Retail Owner,Upper-Middle,Metro,Lampung,Individual
4200,Putri Anggraini,Female,55,Engineer,Middle,Banjarmasin,South Kalimantan,Individual
4201,Lestari Hidayat,Female,48,Engineer,Middle,Singkawang,West Kalimantan,Individual
4202,Siti Saputra,Female,34,Lawyer,Upper-Middle,Tangerang,Banten,Individual
4203,PT Wijaya Group,N/A,0,Corporate,High,Yogyakarta,Yogyakarta,Corporate
4204,Wati Santoso,Female,31,Professional,High,Bandung,West Java,Individual
4205,Sari Nugroho,Female,45,Retail Owner,High,Gresik,East Java,Individual
4206,Andi Permana,Male,39,Entrepreneur,Middle,Solo,Central Java,Individual
4207,Putri Kurniawan,Female,58,Manager,Middle,Jakarta Pusat,DKI Jakarta,Individual
4208,PT Setiawan Group,N/A,0,Corporate,High,Sidoarjo,East Java,Corporate
4209,Dimas Pratama,Male,58,Doctor,High,Semarang,Central Java,Individual
4210,Hendra Rahmawati,Male,22,Lawyer,Middle,Singkawang,West Kalimantan,Individual
4211,Dimas Wijaya,Male,47,Consultant,Middle,Sleman,Yogyakarta,Individual
4212,Siti Santoso,Female,45,Retail Owner,Low,Solo,Central Java,Individual
4213,Wati Wijaya,Female,23,Entrepreneur,Upper-Middle,Tangerang,Banten,Individual
4214,Bayu Setiawan,Male,44,Lawyer,Middle,Cimahi,West Java,Individual
4215,Lestari Gunawan,Female,34,Retail Owner,Upper-Middle,Tangerang,Banten,Individual
4216,Fitri Gunawan,Female,45,Doctor,High,Samarinda,East Kalimantan,Individual
4217,Dewi Nugroho,Female,60,Lawyer,Middle,Solo,Central Java,Individual
4218,Dani Nugroho,Male,33,Civil Servant,Middle,Samarinda,East Kalimantan,Individual
4219,Lestari Santoso,Female,55,Engineer,High,Jakarta Pusat,DKI Jakarta,Individual
4220,Nadia Lestari,Female,37,Civil Servant,Upper-Middle,Bukittinggi,West Sumatra,Individual
4221,Maya Saputra,Female,62,Retail Owner,Middle,Lubuklinggau,South Sumatra,Individual
4222,Putri Halim,Female,46,Engineer,Middle,Magelang,Central Java,Individual
4223,Wahyu Wijaya,Male,61,Consultant,High,Bogor,West Java,Individual
4224,Putri Nugroho,Female,52,Entrepreneur,Upper-Middle,Jakarta Selatan,DKI Jakarta,Individual
4225,Fajar Santoso,Male,48,Civil Servant,Upper-Middle,Solo,Central Java,Individual
4226,Hendra Kurniawan,Male,30,Doctor,Middle,Bandung,West Java,Individual
4227,Andi Halim,Male,27,Professional,Upper-Middle,Yogyakarta,Yogyakarta,Individual
4228,Yusuf Saputra,Male,28,Civil Servant,High,Semarang,Central Java,Individual
4229,Rizki Lestari,Male,43,Professional,Middle,Denpasar,Bali,Individual
4230,Aldi Halim,Male,36,Engineer,Middle,Cilegon,Banten,Individual
4231,Putri Wijaya,Female,58,Retail Owner,Middle,Sleman,Yogyakarta,Individual
4232,Intan Setiawan,Female,52,Doctor,Upper-Middle,Samarinda,East Kalimantan,Individual
4233,Dani Wijaya,Male,32,Doctor,Middle,Bitung,North Sulawesi,Individual
4234,Andi Setiawan,Male,34,Entrepreneur,Middle,Tangerang,Banten,Individual
4235,Indah Santoso,Female,41,Teacher,Middle,Semarang,Central Java,Individual
4236,Reza Anggraini,Male,40,Lawyer,Middle,Magelang,Central Java,Individual
4237,Reza Kurniawan,Male,50,Retail Owner,High,Pontianak,West Kalimantan,Individual
4238,Putra Halim,Male,47,Civil Servant,Upper-Middle,Cimahi,West Java,Individual
4239,Putri Rahmawati,Female,52,Doctor,Middle,Semarang,Central Java,Individual
4240,Aldi Saputra,Male,37,Doctor,Low,Sidoarjo,East Java,Individual
4241,Andi Wijaya,Male,36,Engineer,Middle,Bekasi,West Java,Individual
4242,Siti Gunawan,Female,58,Entrepreneur,Middle,Semarang,Central Java,Individual
4243,Siti Hidayat,Female,26,Professional,Middle,Bogor,West Java,Individual
4244,Nadia Santoso,Female,45,Retail Owner,High,Semarang,Central Java,Individual
4245,Wati Setiawan,Female,25,Teacher,Middle,Sleman,Yogyakarta,Individual
4246,Budi Halim,Male,61,Teacher,Middle,Balikpapan,East Kalimantan,Individual
4247,Yusuf Maulana,Male,55,Entrepreneur,Low,Bogor,West Java,Individual
4248,Reza Setiawan,Male,41,Lawyer,Upper-Middle,Jakarta Utara,DKI Jakarta,Individual
4249,Ratna Maulana,Female,42,Doctor,Middle,Mataram,West Nusa Tenggara,Individual
4250,Rizki Kurniawan,Male,37,Civil Servant,Low,Samarinda,East Kalimantan,Individual
4251,Putra Gunawan,Male,56,Teacher,Upper-Middle,Manado,North Sulawesi,Individual
4252,Yusuf Kurniawan,Male,26,Retail Owner,Middle,Jakarta Barat,DKI Jakarta,Individual
4253,Fitri Maulana,Female,44,Professional,Upper-Middle,Solo,Central Java,Individual
4254,Reza Kurniawan,Male,23,Professional,High,Yogyakarta,Yogyakarta,Individual
4255,PT Permana Logistik,N/A,0,Corporate,High,Manado,North Sulawesi,Corporate
4256,Yusuf Permana,Male,54,Doctor,Middle,Cilegon,Banten,Individual
4257,PT Kurniawan Jaya,N/A,0,Corporate,High,Pontianak,West Kalimantan,Corporate
4258,Hendra Rahmawati,Male,52,Teacher,Upper-Middle,Pematangsiantar,North Sumatra,Individual
4259,Agus Gunawan,Male,24,Consultant,Upper-Middle,Magelang,Central Java,Individual
4260,Ayu Wijaya,Female,55,Civil Servant,Low,Depok,West Java,Individual
4261,Putra Gunawan,Male,40,Teacher,Middle,Padang,West Sumatra,Individual
4262,Yusuf Rahmawati,Male,36,Doctor,Upper-Middle,Pematangsiantar,North Sumatra,Individual
4263,PT Maulana Group,N/A,0,Corporate,High,Magelang,Central Java,Corporate
4264,Dewi Gunawan,Female,38,Manager,Middle,Tangerang,Banten,Individual
4265,Rizki Kurniawan,Male,52,Consultant,Middle,Solo,Central Java,Individual
4266,Ayu Hidayat,Female,26,Professional,Upper-Middle,Semarang,Central Java,Individual
4267,Indah Pratama,Female,44,Engineer,Upper-Middle,Pontianak,West Kalimantan,Individual
4268,Bayu Pratama,Male,62,Entrepreneur,Upper-Middle,Bandung,West Java,Individual
4269,Indah Hidayat,Female,35,Doctor,Middle,Solo,Central Java,Individual
4270,PT Setiawan Group,N/A,0,Corporate,High,Solo,Central Java,Corporate
4271,Wahyu Kurniawan,Male,28,Entrepreneur,Middle,Yogyakarta,Yogyakarta,Individual
4272,Rizki Gunawan,Male,25,Teacher,Middle,Sidoarjo,East Java,Individual
4273,PT Halim Logistik,N/A,0,Corporate,High,Sidoarjo,East Java,Corporate
4274,Putra Halim,Male,59,Manager,High,Banjarbaru,South Kalimantan,Individual
4275,Bayu Rahmawati,Male,52,Entrepreneur,Middle,Semarang,Central Java,Individual
4276,Rina Rahmawati,Female,36,Professional,Upper-Middle,Jakarta Utara,DKI Jakarta,Individual
4277,Putri Halim,Female,41,Engineer,Upper-Middle,Jakarta Timur,DKI Jakarta,Individual
4278,Sari Nugroho,Female,48,Doctor,Upper-Middle,Serang,Banten,Individual
4279,Putri Wijaya,Female,43,Entrepreneur,Middle,Banjarbaru,South Kalimantan,Individual
4280,PT Saputra Sentosa,N/A,0,Corporate,High,Jakarta Pusat,DKI Jakarta,Corporate
4281,PT Permana Logistik,N/A,0,Corporate,High,Solo,Central Java,Corporate
4282,Putra Hidayat,Male,55,Consultant,Middle,Surabaya,East Java,Individual
4283,Dani Permana,Male,54,Manager,High,Jakarta Timur,DKI Jakarta,Individual
4284,Wahyu Wijaya,Male,35,Engineer,Upper-Middle,Serang,Banten,Individual
4285,Fajar Rahmawati,Male,46,Lawyer,Upper-Middle,Malang,East Java,Individual
4286,Ratna Rahmawati,Female,40,Engineer,Middle,Bekasi,West Java,Individual
4287,Rizki Rahmawati,Male,56,Lawyer,Upper-Middle,Jakarta Pusat,DKI Jakarta,Individual
4288,Rizki Hidayat,Male,24,Entrepreneur,Middle,Jakarta Utara,DKI Jakarta,Individual
4289,Wati Kurniawan,Female,62,Retail Owner,Upper-Middle,Surabaya,East Java,Individual
4290,Siti Kurniawan,Female,27,Retail Owner,Low,Jakarta Utara,DKI Jakarta,Individual
4291,Wahyu Santoso,Male,59,Retail Owner,Upper-Middle,Lubuklinggau,South Sumatra,Individual
4292,Nadia Lestari,Female,48,Professional,Middle,Dumai,Riau,Individual
4293,Rizki Santoso,Male,39,Professional,Low,Bandar Lampung,Lampung,Individual
4294,Rizki Pratama,Male,43,Teacher,High,Pekanbaru,Riau,Individual
4295,Ratna Halim,Female,22,Manager,Middle,Serang,Banten,Individual
4296,PT Lestari Logistik,N/A,0,Corporate,High,Binjai,North Sumatra,Corporate
4297,Fitri Saputra,Female,26,Engineer,Low,Gresik,East Java,Individual
4298,Dani Wijaya,Male,51,Entrepreneur,Middle,Jayapura,Papua,Individual
4299,Siti Saputra,Female,35,Retail Owner,Upper-Middle,Bitung,North Sulawesi,Individual
4300,Siti Halim,Female,36,Retail Owner,Middle,Depok,West Java,Individual
4301,Wahyu Gunawan,Male,47,Doctor,High,Semarang,Central Java,Individual
4302,Sari Saputra,Female,26,Manager,Upper-Middle,Gresik,East Java,Individual
4303,Budi Pratama,Male,56,Professional,Upper-Middle,Lubuklinggau,South Sumatra,Individual
4304,Hendra Pratama,Male,46,Engineer,High,Gresik,East Java,Individual
4305,Ayu Halim,Female,41,Consultant,High,Sleman,Yogyakarta,Individual
4306,Yusuf Pratama,Male,37,Lawyer,Middle,Jakarta Timur,DKI Jakarta,Individual
4307,PT Gunawan Mandiri,N/A,0,Corporate,High,Semarang,Central Java,Corporate
4308,Lestari Saputra,Female,34,Professional,Upper-Middle,Manado,North Sulawesi,Individual
4309,Yusuf Santoso,Male,58,Engineer,Upper-Middle,Jakarta Selatan,DKI Jakarta,Individual
4310,Aldi Santoso,Male,39,Retail Owner,Middle,Sidoarjo,East Java,Individual
4311,Rina Saputra,Female,36,Teacher,Upper-Middle,Sleman,Yogyakarta,Individual
4312,Dimas Halim,Male,28,Teacher,Middle,Pekanbaru,Riau,Individual
4313,Aldi Anggraini,Male,25,Manager,Middle,Bandar Lampung,Lampung,Individual
4314,Rina Setiawan,Female,46,Lawyer,Upper-Middle,Jayapura,Papua,Individual
4315,Rina Halim,Female,41,Consultant,Upper-Middle,Dumai,Riau,Individual
4316,Aldi Anggraini,Male,34,Teacher,Upper-Middle,Singkawang,West Kalimantan,Individual
4317,Wahyu Halim,Male,31,Professional,Upper-Middle,Bukittinggi,West Sumatra,Individual
4318,Aldi Saputra,Male,39,Lawyer,Upper-Middle,Singkawang,West Kalimantan,Individual
4319,Siti Hidayat,Female,45,Lawyer,Middle,Bogor,West Java,Individual
4320,Aldi Setiawan,Male,29,Retail Owner,Middle,Magelang,Central Java,Individual
4321,Aldi Anggraini,Male,45,Retail Owner,Upper-Middle,Semarang,Central Java,Individual
4322,Siti Santoso,Female,40,Lawyer,Upper-Middle,Lubuklinggau,South Sumatra,Individual
4323,PT Gunawan Jaya,N/A,0,Corporate,High,Parepare,South Sulawesi,Corporate
4324,Reza Rahmawati,Male,47,Teacher,Middle,Dumai,Riau,Individual
4325,Agus Pratama,Male,61,Entrepreneur,High,Jakarta Selatan,DKI Jakarta,Individual
4326,Putra Maulana,Male,25,Professional,Low,Jakarta Timur,DKI Jakarta,Individual
4327,Rina Rahmawati,Female,38,Civil Servant,Upper-Middle,Jayapura,Papua,Individual
4328,Andi Pratama,Male,57,Manager,Middle,Dumai,Riau,Individual
4329,Dani Gunawan,Male,57,Professional,Upper-Middle,Bekasi,West Java,Individual
4330,PT Lestari Mandiri,N/A,0,Corporate,High,Bandar Lampung,Lampung,Corporate
4331,Putra Kurniawan,Male,45,Civil Servant,High,Pematangsiantar,North Sumatra,Individual
4332,Dani Rahmawati,Male,57,Professional,Middle,Semarang,Central Java,Individual
4333,Ratna Nugroho,Female,29,Entrepreneur,Middle,Yogyakarta,Yogyakarta,Individual
4334,Maya Maulana,Female,29,Consultant,Upper-Middle,Depok,West Java,Individual
4335,Hendra Permana,Male,51,Doctor,Middle,Bekasi,West Java,Individual
4336,Reza Halim,Male,36,Manager,Upper-Middle,Denpasar,Bali,Individual
4337,Eko Kurniawan,Male,60,Retail Owner,Middle,Cilegon,Banten,Individual
4338,Aldi Wijaya,Male,42,Engineer,Middle,Lubuklinggau,South Sumatra,Individual
4339,Citra Saputra,Female,62,Consultant,Middle,Metro,Lampung,Individual
4340,Budi Nugroho,Male,36,Consultant,Middle,Jakarta Utara,DKI Jakarta,Individual
4341,PT Permana Sentosa,N/A,0,Corporate,High,Semarang,Central Java,Corporate
4342,Lestari Gunawan,Female,25,Consultant,Upper-Middle,Parepare,South Sulawesi,Individual
4343,Eko Anggraini,Male,44,Engineer,Upper-Middle,Pematangsiantar,North Sumatra,Individual
4344,Yusuf Wijaya,Male,29,Entrepreneur,Middle,Bitung,North Sulawesi,Individual
4345,Agus Rahmawati,Male,41,Teacher,Low,Samarinda,East Kalimantan,Individual
4346,Ayu Maulana,Female,36,Retail Owner,Upper-Middle,Jayapura,Papua,Individual
4347,Ratna Halim,Female,42,Engineer,Upper-Middle,Yogyakarta,Yogyakarta,Individual
4348,Wati Santoso,Female,26,Entrepreneur,Low,Bukittinggi,West Sumatra,Individual
4349,Putri Hidayat,Female,47,Professional,High,Semarang,Central Java,Individual
4350,Nadia Permana,Female,32,Entrepreneur,Middle,Jakarta Utara,DKI Jakarta,Individual
4351,Andi Setiawan,Male,54,Consultant,Upper-Middle,Bogor,West Java,Individual
4352,Rina Anggraini,Female,32,Consultant,Upper-Middle,Magelang,Central Java,Individual
4353,Eko Gunawan,Male,50,Consultant,Middle,Sidoarjo,East Java,Individual
4354,Andi Lestari,Male,30,Engineer,Low,Pematangsiantar,North Sumatra,Individual
4355,Maya Permana,Female,26,Doctor,Middle,Bukittinggi,West Sumatra,Individual
4356,Dewi Wijaya,Female,61,Entrepreneur,Upper-Middle,Surabaya,East Java,Individual
4357,PT Rahmawati Logistik,N/A,0,Corporate,High,Jakarta Selatan,DKI Jakarta,Corporate
4358,Nadia Wijaya,Female,30,Entrepreneur,Middle,Yogyakarta,Yogyakarta,Individual
4359,Yusuf Wijaya,Male,30,Entrepreneur,Middle,Yogyakarta,Yogyakarta,Individual
4360,Putra Nugroho,Male,31,Teacher,High,Dumai,Riau,Individual
4361,Hendra Maulana,Male,58,Manager,Middle,Denpasar,Bali,Individual
4362,Budi Kurniawan,Male,49,Entrepreneur,Upper-Middle,Singkawang,West Kalimantan,Individual
4363,Rizki Hidayat,Male,39,Professional,High,Jakarta Timur,DKI Jakarta,Individual
4364,Lestari Lestari,Female,22,Consultant,Low,Sidoarjo,East Java,Individual
4365,PT Lestari Mandiri,N/A,0,Corporate,High,Yogyakarta,Yogyakarta,Corporate
4366,Ratna Setiawan,Female,32,Professional,Middle,Surabaya,East Java,Individual
4367,Ratna Pratama,Female,61,Manager,High,Cilegon,Banten,Individual
4368,Budi Hidayat,Male,32,Civil Servant,Upper-Middle,Yogyakarta,Yogyakarta,Individual
4369,Agus Rahmawati,Male,57,Engineer,Middle,Magelang,Central Java,Individual
4370,Nadia Pratama,Female,41,Retail Owner,Middle,Malang,East Java,Individual
4371,Budi Santoso,Male,43,Civil Servant,Upper-Middle,Singkawang,West Kalimantan,Individual
4372,Hendra Pratama,Male,36,Entrepreneur,Low,Cilegon,Banten,Individual
4373,Rizki Anggraini,Male,44,Retail Owner,Upper-Middle,Tangerang,Banten,Individual
4374,Dewi Maulana,Female,41,Teacher,Upper-Middle,Tangerang,Banten,Individual
4375,Nadia Maulana,Female,40,Teacher,Upper-Middle,Bandung,West Java,Individual
4376,Lestari Kurniawan,Female,50,Professional,Middle,Tangerang,Banten,Individual
4377,Lestari Maulana,Female,57,Manager,Middle,Lubuklinggau,South Sumatra,Individual
4378,Ratna Nugroho,Female,42,Entrepreneur,Upper-Middle,Binjai,North Sumatra,Individual
4379,Fitri Halim,Female,51,Civil Servant,High,Jakarta Barat,DKI Jakarta,Individual
4380,Dimas Kurniawan,Male,55,Doctor,Upper-Middle,Jakarta Utara,DKI Jakarta,Individual
4381,Wati Setiawan,Female,26,Retail Owner,Middle,Cilegon,Banten,Individual
4382,Andi Gunawan,Male,53,Retail Owner,Middle,Makassar,South Sulawesi,Individual
4383,Lestari Anggraini,Female,60,Entrepreneur,Middle,Gresik,East Java,Individual
4384,Dimas Rahmawati,Male,53,Consultant,Upper-Middle,Manado,North Sulawesi,Individual
4385,Fitri Gunawan,Female,28,Manager,Middle,Samarinda,East Kalimantan,Individual
4386,Reza Anggraini,Male,58,Retail Owner,Low,Depok,West Java,Individual
4387,Citra Nugroho,Female,42,Engineer,Middle,Bitung,North Sulawesi,Individual
4388,Yusuf Kurniawan,Male,59,Manager,High,Semarang,Central Java,Individual
4389,Maya Gunawan,Female,36,Manager,Middle,Surabaya,East Java,Individual
4390,PT Hidayat Group,N/A,0,Corporate,High,Pontianak,West Kalimantan,Corporate
4391,Aldi Halim,Male,55,Lawyer,Middle,Bandar Lampung,Lampung,Individual
4392,Sari Rahmawati,Female,42,Manager,Middle,Bukittinggi,West Sumatra,Individual
4393,Hendra Lestari,Male,55,Lawyer,Middle,Pontianak,West Kalimantan,Individual
4394,Andi Lestari,Male,28,Professional,Upper-Middle,Singkawang,West Kalimantan,Individual
4395,Agus Gunawan,Male,23,Doctor,Upper-Middle,Cilegon,Banten,Individual
4396,Eko Saputra,Male,34,Doctor,Upper-Middle,Surabaya,East Java,Individual
4397,Lestari Halim,Female,60,Civil Servant,Middle,Mataram,West Nusa Tenggara,Individual
4398,Aldi Permana,Male,47,Teacher,Middle,Bogor,West Java,Individual
4399,Lestari Lestari,Female,31,Civil Servant,Middle,Pekanbaru,Riau,Individual
4400,Ayu Santoso,Female,40,Doctor,Middle,Pematangsiantar,North Sumatra,Individual
4401,Sari Hidayat,Female,50,Entrepreneur,High,Bandung,West Java,Individual
4402,Maya Santoso,Female,34,Lawyer,Middle,Sidoarjo,East Java,Individual
4403,Dani Wijaya,Male,28,Civil Servant,Middle,Yogyakarta,Yogyakarta,Individual
4404,Wahyu Kurniawan,Male,42,Civil Servant,Low,Medan,North Sumatra,Individual
4405,Putra Setiawan,Male,62,Consultant,Low,Gresik,East Java,Individual
4406,Putra Pratama,Male,38,Entrepreneur,Middle,Sidoarjo,East Java,Individual
4407,Rina Setiawan,Female,43,Retail Owner,Middle,Magelang,Central Java,Individual
4408,Intan Maulana,Female,35,Retail Owner,Middle,Semarang,Central Java,Individual
4409,Rizki Gunawan,Male,48,Manager,Low,Yogyakarta,Yogyakarta,Individual
4410,Hendra Anggraini,Male,58,Entrepreneur,Low,Denpasar,Bali,Individual
4411,Sari Gunawan,Female,23,Manager,Middle,Tangerang,Banten,Individual
4412,Siti Anggraini,Female,26,Entrepreneur,High,Pekanbaru,Riau,Individual
4413,Rizki Nugroho,Male,61,Professional,Low,Semarang,Central Java,Individual
4414,Bayu Gunawan,Male,34,Retail Owner,Upper-Middle,Pekanbaru,Riau,Individual
4415,Citra Gunawan,Female,61,Entrepreneur,Middle,Malang,East Java,Individual
4416,Eko Anggraini,Male,48,Civil Servant,Low,Tangerang,Banten,Individual
4417,Ayu Setiawan,Female,39,Retail Owner,Middle,Singkawang,West Kalimantan,Individual
4418,Nadia Rahmawati,Female,56,Entrepreneur,High,Banjarmasin,South Kalimantan,Individual
4419,Eko Setiawan,Male,55,Civil Servant,Upper-Middle,Medan,North Sumatra,Individual
4420,Aldi Nugroho,Male,38,Teacher,Middle,Cilegon,Banten,Individual
4421,Ayu Kurniawan,Female,22,Manager,Upper-Middle,Yogyakarta,Yogyakarta,Individual
4422,Ayu Wijaya,Female,62,Teacher,Middle,Pontianak,West Kalimantan,Individual
4423,Fitri Lestari,Female,38,Entrepreneur,Middle,Serang,Banten,Individual
4424,Indah Hidayat,Female,52,Professional,Middle,Samarinda,East Kalimantan,Individual
4425,Intan Wijaya,Female,56,Civil Servant,Middle,Jakarta Utara,DKI Jakarta,Individual
4426,Aldi Kurniawan,Male,26,Lawyer,Upper-Middle,Palembang,South Sumatra,Individual
4427,PT Gunawan Group,N/A,0,Corporate,High,Semarang,Central Java,Corporate
4428,Agus Kurniawan,Male,47,Manager,Middle,Bandung,West Java,Individual
4429,Ratna Halim,Female,45,Doctor,Upper-Middle,Cilegon,Banten,Individual
4430,Dani Maulana,Male,38,Engineer,Middle,Dumai,Riau,Individual
4431,Citra Pratama,Female,27,Engineer,Upper-Middle,Cilegon,Banten,Individual
4432,Siti Anggraini,Female,29,Professional,Middle,Bukittinggi,West Sumatra,Individual
4433,Yusuf Lestari,Male,28,Engineer,Upper-Middle,Surabaya,East Java,Individual
4434,Fitri Halim,Female,45,Civil Servant,Upper-Middle,Magelang,Central Java,Individual
4435,Indah Santoso,Female,25,Entrepreneur,Middle,Jakarta Utara,DKI Jakarta,Individual
4436,PT Rahmawati Sentosa,N/A,0,Corporate,High,Jakarta Timur,DKI Jakarta,Corporate
4437,PT Wijaya Sentosa,N/A,0,Corporate,High,Surabaya,East Java,Corporate
4438,Putri Gunawan,Female,62,Professional,Middle,Pekanbaru,Riau,Individual
4439,PT Hidayat Group,N/A,0,Corporate,High,Metro,Lampung,Corporate
4440,Maya Gunawan,Female,51,Retail Owner,Upper-Middle,Palembang,South Sumatra,Individual
4441,Nadia Nugroho,Female,38,Retail Owner,Upper-Middle,Depok,West Java,Individual
4442,Wati Gunawan,Female,32,Teacher,Low,Surabaya,East Java,Individual
4443,Yusuf Nugroho,Male,24,Doctor,High,Pontianak,West Kalimantan,Individual
4444,Wahyu Lestari,Male,49,Retail Owner,Upper-Middle,Cilegon,Banten,Individual
4445,Reza Gunawan,Male,46,Teacher,Upper-Middle,Serang,Banten,Individual
4446,Dani Maulana,Male,51,Retail Owner,Middle,Lubuklinggau,South Sumatra,Individual
4447,Rizki Nugroho,Male,59,Consultant,Upper-Middle,Bogor,West Java,Individual
4448,Nadia Pratama,Female,44,Retail Owner,Middle,Jakarta Utara,DKI Jakarta,Individual
4449,Rina Wijaya,Female,38,Retail Owner,Middle,Depok,West Java,Individual
4450,Budi Setiawan,Male,25,Consultant,High,Yogyakarta,Yogyakarta,Individual
4451,Intan Rahmawati,Female,61,Civil Servant,Middle,Mataram,West Nusa Tenggara,Individual
4452,PT Santoso Group,N/A,0,Corporate,High,Serang,Banten,Corporate
4453,Wahyu Gunawan,Male,51,Entrepreneur,Upper-Middle,Surabaya,East Java,Individual
4454,Putra Permana,Male,48,Civil Servant,Middle,Magelang,Central Java,Individual
4455,PT Permana Group,N/A,0,Corporate,High,Pontianak,West Kalimantan,Corporate
4456,Intan Maulana,Female,57,Engineer,Upper-Middle,Pekanbaru,Riau,Individual
4457,Lestari Setiawan,Female,56,Civil Servant,Middle,Jakarta Barat,DKI Jakarta,Individual
4458,Dewi Lestari,Female,57,Engineer,High,Pekanbaru,Riau,Individual
4459,Putri Lestari,Female,43,Retail Owner,Middle,Pontianak,West Kalimantan,Individual
4460,Hendra Lestari,Male,49,Retail Owner,Upper-Middle,Sleman,Yogyakarta,Individual
4461,Ayu Hidayat,Female,40,Professional,Middle,Solo,Central Java,Individual
4462,Budi Anggraini,Male,61,Doctor,High,Cilegon,Banten,Individual
4463,Reza Hidayat,Male,60,Retail Owner,Middle,Palembang,South Sumatra,Individual
4464,Intan Saputra,Female,55,Engineer,Upper-Middle,Sidoarjo,East Java,Individual
4465,Hendra Setiawan,Male,44,Manager,Middle,Parepare,South Sulawesi,Individual
4466,Putri Setiawan,Female,30,Entrepreneur,Upper-Middle,Jakarta Timur,DKI Jakarta,Individual
4467,Lestari Nugroho,Female,55,Manager,Low,Bandung,West Java,Individual
4468,PT Saputra Jaya,N/A,0,Corporate,High,Bukittinggi,West Sumatra,Corporate
4469,PT Maulana Mandiri,N/A,0,Corporate,High,Banjarmasin,South Kalimantan,Corporate
4470,PT Nugroho Sentosa,N/A,0,Corporate,High,Yogyakarta,Yogyakarta,Corporate
4471,Indah Saputra,Female,26,Doctor,Upper-Middle,Yogyakarta,Yogyakarta,Individual
4472,Yusuf Rahmawati,Male,33,Manager,Middle,Jakarta Timur,DKI Jakarta,Individual
4473,PT Halim Group,N/A,0,Corporate,High,Lubuklinggau,South Sumatra,Corporate
4474,Indah Saputra,Female,44,Consultant,Middle,Palembang,South Sumatra,Individual
4475,Putra Permana,Male,57,Civil Servant,Upper-Middle,Bandung,West Java,Individual
4476,Indah Halim,Female,24,Manager,High,Serang,Banten,Individual
4477,Putri Rahmawati,Female,54,Lawyer,High,Jayapura,Papua,Individual
4478,Putri Pratama,Female,37,Retail Owner,Low,Yogyakarta,Yogyakarta,Individual
4479,Dewi Maulana,Female,32,Manager,Middle,Jakarta Pusat,DKI Jakarta,Individual
4480,Maya Wijaya,Female,50,Civil Servant,High,Metro,Lampung,Individual
4481,Putri Lestari,Female,31,Doctor,Middle,Pematangsiantar,North Sumatra,Individual
4482,Ayu Rahmawati,Female,36,Manager,Upper-Middle,Jakarta Selatan,DKI Jakarta,Individual
4483,Wahyu Saputra,Male,39,Lawyer,Upper-Middle,Sleman,Yogyakarta,Individual
4484,Putri Saputra,Female,30,Entrepreneur,Upper-Middle,Singkawang,West Kalimantan,Individual
4485,PT Setiawan Group,N/A,0,Corporate,High,Sidoarjo,East Java,Corporate
4486,Eko Maulana,Male,51,Consultant,Middle,Pekanbaru,Riau,Individual
4487,Intan Anggraini,Female,23,Civil Servant,Middle,Surabaya,East Java,Individual
4488,Maya Anggraini,Female,48,Lawyer,Middle,Dumai,Riau,Individual
4489,Dewi Santoso,Female,48,Retail Owner,Middle,Jakarta Barat,DKI Jakarta,Individual
4490,Indah Permana,Female,51,Retail Owner,Middle,Gresik,East Java,Individual
4491,PT Setiawan Mandiri,N/A,0,Corporate,High,Mataram,West Nusa Tenggara,Corporate
4492,Dimas Wijaya,Male,33,Engineer,Upper-Middle,Yogyakarta,Yogyakarta,Individual
4493,Sari Rahmawati,Female,51,Civil Servant,High,Jakarta Timur,DKI Jakarta,Individual
4494,Sari Halim,Female,59,Engineer,Upper-Middle,Depok,West Java,Individual
4495,PT Saputra Logistik,N/A,0,Corporate,High,Sleman,Yogyakarta,Corporate
4496,Dimas Permana,Male,37,Consultant,Upper-Middle,Jakarta Pusat,DKI Jakarta,Individual
4497,Putri Rahmawati,Female,36,Teacher,Middle,Tangerang,Banten,Individual
4498,Andi Rahmawati,Male,23,Lawyer,High,Bekasi,West Java,Individual
4499,Agus Kurniawan,Male,51,Civil Servant,Low,Bukittinggi,West Sumatra,Individual
4500,Dewi Hidayat,Female,46,Lawyer,Middle,Serang,Banten,Individual
4501,Sari Lestari,Female,43,Entrepreneur,Middle,Lubuklinggau,South Sumatra,Individual
4502,Intan Gunawan,Female,37,Professional,Upper-Middle,Cilegon,Banten,Individual
4503,Fitri Hidayat,Female,40,Civil Servant,High,Serang,Banten,Individual
4504,Reza Permana,Male,45,Professional,Middle,Manado,North Sulawesi,Individual
4505,Dewi Permana,Female,26,Teacher,Upper-Middle,Binjai,North Sumatra,Individual
4506,Sari Wijaya,Female,25,Lawyer,Upper-Middle,Yogyakarta,Yogyakarta,Individual
4507,Ayu Saputra,Female,23,Entrepreneur,Middle,Samarinda,East Kalimantan,Individual
4508,Wati Permana,Female,37,Engineer,Middle,Parepare,South Sulawesi,Individual
4509,PT Maulana Mandiri,N/A,0,Corporate,High,Bandar Lampung,Lampung,Corporate
4510,Fajar Nugroho,Male,27,Teacher,Middle,Bandar Lampung,Lampung,Individual
4511,Agus Lestari,Male,58,Engineer,Middle,Yogyakarta,Yogyakarta,Individual
4512,Lestari Anggraini,Female,38,Civil Servant,Low,Banjarmasin,South Kalimantan,Individual
4513,Siti Santoso,Female,57,Engineer,High,Jakarta Pusat,DKI Jakarta,Individual
4514,Rizki Maulana,Male,54,Retail Owner,Upper-Middle,Bekasi,West Java,Individual
4515,Nadia Wijaya,Female,51,Doctor,Middle,Depok,West Java,Individual
4516,Budi Maulana,Male,29,Doctor,Middle,Banjarmasin,South Kalimantan,Individual
4517,Andi Santoso,Male,40,Retail Owner,Upper-Middle,Jakarta Pusat,DKI Jakarta,Individual
4518,Bayu Rahmawati,Male,55,Engineer,Upper-Middle,Sleman,Yogyakarta,Individual
4519,Dimas Santoso,Male,58,Consultant,Low,Tangerang,Banten,Individual
4520,Dimas Hidayat,Male,47,Lawyer,High,Pekanbaru,Riau,Individual
4521,Dani Kurniawan,Male,62,Lawyer,Middle,Surabaya,East Java,Individual
4522,Reza Rahmawati,Male,58,Engineer,Low,Serang,Banten,Individual
4523,PT Saputra Jaya,N/A,0,Corporate,High,Balikpapan,East Kalimantan,Corporate
4524,Dani Anggraini,Male,37,Manager,Middle,Banjarbaru,South Kalimantan,Individual
4525,PT Maulana Mandiri,N/A,0,Corporate,High,Gresik,East Java,Corporate
4526,Ayu Hidayat,Female,31,Doctor,Middle,Pontianak,West Kalimantan,Individual
4527,PT Santoso Mandiri,N/A,0,Corporate,High,Yogyakarta,Yogyakarta,Corporate
4528,PT Rahmawati Logistik,N/A,0,Corporate,High,Magelang,Central Java,Corporate
4529,Agus Maulana,Male,50,Doctor,High,Badung,Bali,Individual
4530,PT Pratama Sentosa,N/A,0,Corporate,High,Semarang,Central Java,Corporate
4531,Indah Anggraini,Female,60,Civil Servant,Upper-Middle,Mataram,West Nusa Tenggara,Individual
4532,Dimas Setiawan,Male,51,Consultant,Low,Sleman,Yogyakarta,Individual
4533,Fajar Lestari,Male,26,Doctor,Middle,Semarang,Central Java,Individual
4534,Rina Permana,Female,23,Engineer,Upper-Middle,Serang,Banten,Individual
4535,Fajar Anggraini,Male,32,Retail Owner,Middle,Yogyakarta,Yogyakarta,Individual
4536,Bayu Permana,Male,42,Consultant,High,Samarinda,East Kalimantan,Individual
4537,Sari Hidayat,Female,29,Entrepreneur,Middle,Banjarbaru,South Kalimantan,Individual
4538,Fitri Permana,Female,32,Consultant,Upper-Middle,Magelang,Central Java,Individual
4539,Rina Kurniawan,Female,58,Entrepreneur,Upper-Middle,Cimahi,West Java,Individual
4540,PT Lestari Sentosa,N/A,0,Corporate,High,Bukittinggi,West Sumatra,Corporate
4541,Indah Anggraini,Female,39,Manager,Middle,Palembang,South Sumatra,Individual
4542,Eko Pratama,Male,47,Retail Owner,Middle,Malang,East Java,Individual
4543,Siti Santoso,Female,38,Professional,Middle,Tangerang,Banten,Individual
4544,Maya Maulana,Female,27,Doctor,Middle,Jakarta Barat,DKI Jakarta,Individual
4545,Budi Kurniawan,Male,56,Doctor,Middle,Semarang,Central Java,Individual
4546,Budi Rahmawati,Male,60,Teacher,Middle,Binjai,North Sumatra,Individual
4547,Indah Hidayat,Female,38,Consultant,Middle,Depok,West Java,Individual
4548,Yusuf Lestari,Male,27,Engineer,High,Samarinda,East Kalimantan,Individual
4549,Maya Hidayat,Female,58,Entrepreneur,Middle,Semarang,Central Java,Individual
4550,Wahyu Santoso,Male,27,Lawyer,Upper-Middle,Bekasi,West Java,Individual
4551,Bayu Kurniawan,Male,59,Lawyer,Middle,Bandung,West Java,Individual
4552,Hendra Maulana,Male,55,Teacher,Middle,Jakarta Utara,DKI Jakarta,Individual
4553,Siti Maulana,Female,59,Manager,Middle,Yogyakarta,Yogyakarta,Individual
4554,Siti Rahmawati,Female,29,Entrepreneur,Low,Sleman,Yogyakarta,Individual
4555,Fitri Nugroho,Female,34,Entrepreneur,High,Mataram,West Nusa Tenggara,Individual
4556,Dani Lestari,Male,58,Engineer,Middle,Palembang,South Sumatra,Individual
4557,Maya Nugroho,Female,61,Civil Servant,Upper-Middle,Sidoarjo,East Java,Individual
4558,Ratna Setiawan,Female,44,Consultant,Upper-Middle,Malang,East Java,Individual
4559,PT Anggraini Logistik,N/A,0,Corporate,High,Magelang,Central Java,Corporate
4560,Rina Nugroho,Female,41,Retail Owner,Middle,Lubuklinggau,South Sumatra,Individual
4561,Wati Santoso,Female,48,Engineer,Upper-Middle,Depok,West Java,Individual
4562,Nadia Santoso,Female,24,Professional,Low,Magelang,Central Java,Individual
4563,Wati Gunawan,Female,43,Entrepreneur,Middle,Jayapura,Papua,Individual
4564,Fitri Nugroho,Female,27,Teacher,Upper-Middle,Balikpapan,East Kalimantan,Individual
4565,Dani Anggraini,Male,56,Lawyer,Middle,Cimahi,West Java,Individual
4566,Wati Lestari,Female,58,Civil Servant,High,Bandung,West Java,Individual
4567,Indah Nugroho,Female,62,Teacher,Middle,Medan,North Sumatra,Individual
4568,Aldi Setiawan,Male,26,Consultant,Upper-Middle,Manado,North Sulawesi,Individual
4569,Dewi Anggraini,Female,22,Professional,Middle,Jakarta Timur,DKI Jakarta,Individual
4570,PT Kurniawan Logistik,N/A,0,Corporate,High,Bitung,North Sulawesi,Corporate
4571,Andi Maulana,Male,58,Lawyer,Middle,Samarinda,East Kalimantan,Individual
4572,Nadia Wijaya,Female,37,Consultant,Middle,Bukittinggi,West Sumatra,Individual
4573,Ayu Pratama,Female,25,Teacher,Middle,Jakarta Pusat,DKI Jakarta,Individual
4574,Intan Santoso,Female,32,Consultant,Low,Bandar Lampung,Lampung,Individual
4575,Hendra Lestari,Male,58,Manager,High,Magelang,Central Java,Individual
4576,Eko Rahmawati,Male,49,Retail Owner,Middle,Pekanbaru,Riau,Individual
4577,Ayu Santoso,Female,48,Professional,Middle,Bandar Lampung,Lampung,Individual
4578,Wahyu Pratama,Male,34,Retail Owner,Upper-Middle,Pematangsiantar,North Sumatra,Individual
4579,Yusuf Pratama,Male,37,Manager,Middle,Banjarbaru,South Kalimantan,Individual
4580,Eko Pratama,Male,53,Retail Owner,Upper-Middle,Banjarmasin,South Kalimantan,Individual
4581,Rizki Rahmawati,Male,39,Engineer,Upper-Middle,Bukittinggi,West Sumatra,Individual
4582,Intan Gunawan,Female,33,Engineer,Upper-Middle,Solo,Central Java,Individual
4583,Sari Lestari,Female,30,Professional,Middle,Sleman,Yogyakarta,Individual
4584,Bayu Santoso,Male,50,Teacher,High,Magelang,Central Java,Individual
4585,PT Nugroho Sentosa,N/A,0,Corporate,High,Makassar,South Sulawesi,Corporate
4586,Andi Wijaya,Male,49,Doctor,High,Bandung,West Java,Individual
4587,Wati Anggraini,Female,38,Doctor,Middle,Mataram,West Nusa Tenggara,Individual
4588,Yusuf Maulana,Male,38,Teacher,Upper-Middle,Semarang,Central Java,Individual
4589,Putri Gunawan,Female,31,Professional,Middle,Solo,Central Java,Individual
4590,Yusuf Maulana,Male,62,Doctor,Upper-Middle,Badung,Bali,Individual
4591,Lestari Anggraini,Female,35,Engineer,Middle,Bekasi,West Java,Individual
4592,Nadia Kurniawan,Female,32,Civil Servant,Upper-Middle,Samarinda,East Kalimantan,Individual
4593,Yusuf Gunawan,Male,33,Entrepreneur,Middle,Pekanbaru,Riau,Individual
4594,Reza Lestari,Male,25,Doctor,Low,Palembang,South Sumatra,Individual
4595,Dimas Setiawan,Male,50,Professional,Low,Bekasi,West Java,Individual
4596,Bayu Nugroho,Male,45,Teacher,Middle,Balikpapan,East Kalimantan,Individual
4597,Rizki Lestari,Male,36,Professional,Middle,Sleman,Yogyakarta,Individual
4598,Lestari Gunawan,Female,46,Teacher,Middle,Bitung,North Sulawesi,Individual
4599,Maya Nugroho,Female,31,Lawyer,Low,Yogyakarta,Yogyakarta,Individual
4600,Hendra Nugroho,Male,23,Retail Owner,Middle,Padang,West Sumatra,Individual
4601,Lestari Saputra,Female,38,Retail Owner,Upper-Middle,Tangerang,Banten,Individual
4602,PT Anggraini Group,N/A,0,Corporate,High,Metro,Lampung,Corporate
4603,Budi Setiawan,Male,45,Teacher,Low,Cilegon,Banten,Individual
4604,Sari Maulana,Female,45,Teacher,Upper-Middle,Medan,North Sumatra,Individual
4605,PT Gunawan Logistik,N/A,0,Corporate,High,Sleman,Yogyakarta,Corporate
4606,Rina Nugroho,Female,53,Doctor,Middle,Gresik,East Java,Individual
4607,Nadia Halim,Female,27,Civil Servant,High,Serang,Banten,Individual
4608,Indah Wijaya,Female,31,Lawyer,Low,Semarang,Central Java,Individual
4609,Rina Halim,Female,60,Entrepreneur,Middle,Serang,Banten,Individual
4610,Sari Maulana,Female,40,Doctor,Middle,Sleman,Yogyakarta,Individual
4611,PT Pratama Logistik,N/A,0,Corporate,High,Semarang,Central Java,Corporate
4612,Andi Gunawan,Male,31,Manager,Upper-Middle,Badung,Bali,Individual
4613,Agus Setiawan,Male,46,Civil Servant,Upper-Middle,Yogyakarta,Yogyakarta,Individual
4614,Rizki Anggraini,Male,54,Manager,Middle,Tangerang,Banten,Individual
4615,Dani Santoso,Male,59,Manager,Middle,Lubuklinggau,South Sumatra,Individual
4616,Reza Lestari,Male,35,Engineer,High,Bukittinggi,West Sumatra,Individual
4617,Citra Maulana,Female,57,Consultant,High,Dumai,Riau,Individual
4618,Wati Nugroho,Female,27,Entrepreneur,Middle,Jakarta Utara,DKI Jakarta,Individual
4619,Dewi Anggraini,Female,48,Entrepreneur,Middle,Manado,North Sulawesi,Individual
4620,Ratna Saputra,Female,39,Lawyer,Middle,Mataram,West Nusa Tenggara,Individual
4621,Bayu Lestari,Male,57,Consultant,High,Palembang,South Sumatra,Individual
4622,Putra Hidayat,Male,46,Lawyer,Middle,Makassar,South Sulawesi,Individual
4623,Nadia Lestari,Female,50,Doctor,Low,Cilegon,Banten,Individual
4624,Rina Permana,Female,38,Retail Owner,Middle,Bukittinggi,West Sumatra,Individual
4625,Hendra Wijaya,Male,42,Retail Owner,Low,Cilegon,Banten,Individual
4626,Maya Kurniawan,Female,60,Doctor,High,Bogor,West Java,Individual
4627,Lestari Hidayat,Female,33,Manager,High,Jakarta Barat,DKI Jakarta,Individual
4628,PT Pratama Group,N/A,0,Corporate,High,Semarang,Central Java,Corporate
4629,Agus Permana,Male,41,Engineer,Middle,Semarang,Central Java,Individual
4630,Dimas Lestari,Male,47,Retail Owner,Middle,Magelang,Central Java,Individual
4631,Hendra Santoso,Male,33,Retail Owner,Middle,Balikpapan,East Kalimantan,Individual
4632,Nadia Hidayat,Female,44,Professional,Middle,Cilegon,Banten,Individual
4633,Andi Maulana,Male,41,Doctor,Middle,Bekasi,West Java,Individual
4634,Nadia Setiawan,Female,47,Teacher,Low,Banjarbaru,South Kalimantan,Individual
4635,Eko Halim,Male,43,Professional,Upper-Middle,Tangerang,Banten,Individual
4636,Budi Wijaya,Male,40,Teacher,Upper-Middle,Balikpapan,East Kalimantan,Individual
4637,Nadia Anggraini,Female,27,Doctor,Upper-Middle,Bandar Lampung,Lampung,Individual
4638,Siti Anggraini,Female,44,Retail Owner,Middle,Yogyakarta,Yogyakarta,Individual
4639,Dewi Rahmawati,Female,49,Consultant,Upper-Middle,Semarang,Central Java,Individual
4640,PT Permana Jaya,N/A,0,Corporate,High,Cimahi,West Java,Corporate
4641,Siti Lestari,Female,28,Doctor,Upper-Middle,Tangerang,Banten,Individual
4642,Dani Saputra,Male,39,Retail Owner,Upper-Middle,Bandung,West Java,Individual
4643,Siti Gunawan,Female,25,Lawyer,High,Pontianak,West Kalimantan,Individual
4644,Indah Wijaya,Female,50,Professional,Middle,Semarang,Central Java,Individual
4645,Aldi Kurniawan,Male,30,Retail Owner,Upper-Middle,Binjai,North Sumatra,Individual
4646,Dewi Kurniawan,Female,42,Consultant,Middle,Jakarta Selatan,DKI Jakarta,Individual
4647,Bayu Santoso,Male,29,Retail Owner,Upper-Middle,Yogyakarta,Yogyakarta,Individual
4648,Dimas Pratama,Male,33,Retail Owner,Middle,Sleman,Yogyakarta,Individual
4649,Andi Kurniawan,Male,31,Retail Owner,Middle,Banjarbaru,South Kalimantan,Individual
4650,Wahyu Pratama,Male,59,Consultant,Upper-Middle,Metro,Lampung,Individual
4651,PT Wijaya Logistik,N/A,0,Corporate,High,Jakarta Barat,DKI Jakarta,Corporate
4652,PT Pratama Group,N/A,0,Corporate,High,Dumai,Riau,Corporate
4653,Citra Santoso,Female,57,Entrepreneur,Upper-Middle,Sleman,Yogyakarta,Individual
4654,Reza Halim,Male,53,Engineer,High,Tangerang,Banten,Individual
4655,Maya Nugroho,Female,58,Retail Owner,High,Semarang,Central Java,Individual
4656,Ratna Anggraini,Female,54,Engineer,Low,Banjarbaru,South Kalimantan,Individual
4657,Lestari Rahmawati,Female,36,Lawyer,Upper-Middle,Palembang,South Sumatra,Individual
4658,Dewi Nugroho,Female,31,Lawyer,Upper-Middle,Lubuklinggau,South Sumatra,Individual
4659,Intan Kurniawan,Female,33,Lawyer,Middle,Sleman,Yogyakarta,Individual
4660,Lestari Santoso,Female,60,Engineer,Upper-Middle,Jakarta Timur,DKI Jakarta,Individual
4661,Dewi Lestari,Female,40,Retail Owner,Upper-Middle,Serang,Banten,Individual
4662,Dani Gunawan,Male,46,Professional,Middle,Pontianak,West Kalimantan,Individual
4663,Putri Maulana,Female,56,Retail Owner,Middle,Bogor,West Java,Individual
4664,Citra Kurniawan,Female,57,Entrepreneur,Upper-Middle,Bukittinggi,West Sumatra,Individual
4665,Indah Wijaya,Female,53,Civil Servant,Upper-Middle,Pontianak,West Kalimantan,Individual
4666,PT Saputra Logistik,N/A,0,Corporate,High,Semarang,Central Java,Corporate
4667,Agus Wijaya,Male,39,Manager,Middle,Bogor,West Java,Individual
4668,Bayu Hidayat,Male,55,Lawyer,Upper-Middle,Semarang,Central Java,Individual
4669,Ratna Pratama,Female,43,Teacher,Upper-Middle,Malang,East Java,Individual
4670,Dimas Setiawan,Male,29,Teacher,Middle,Semarang,Central Java,Individual
4671,Rizki Gunawan,Male,31,Entrepreneur,Middle,Yogyakarta,Yogyakarta,Individual
4672,Aldi Anggraini,Male,59,Professional,Middle,Yogyakarta,Yogyakarta,Individual
4673,Intan Setiawan,Female,26,Consultant,Middle,Serang,Banten,Individual
4674,Putra Permana,Male,62,Engineer,Middle,Banjarmasin,South Kalimantan,Individual
4675,PT Anggraini Group,N/A,0,Corporate,High,Jakarta Timur,DKI Jakarta,Corporate
4676,Dimas Lestari,Male,61,Entrepreneur,High,Makassar,South Sulawesi,Individual
4677,Putri Permana,Female,41,Retail Owner,Middle,Magelang,Central Java,Individual
4678,Citra Saputra,Female,43,Civil Servant,Middle,Sidoarjo,East Java,Individual
4679,Fitri Rahmawati,Female,56,Teacher,Middle,Padang,West Sumatra,Individual
4680,Eko Gunawan,Male,42,Consultant,Middle,Magelang,Central Java,Individual
4681,Agus Pratama,Male,37,Consultant,Middle,Cilegon,Banten,Individual
4682,Putri Pratama,Female,38,Entrepreneur,Middle,Solo,Central Java,Individual
4683,Maya Hidayat,Female,54,Lawyer,Middle,Pekanbaru,Riau,Individual
4684,Putra Permana,Male,35,Professional,Upper-Middle,Malang,East Java,Individual
4685,Hendra Wijaya,Male,28,Engineer,Upper-Middle,Surabaya,East Java,Individual
4686,Rina Pratama,Female,62,Engineer,Upper-Middle,Semarang,Central Java,Individual
4687,Putri Halim,Female,60,Engineer,Middle,Sleman,Yogyakarta,Individual
4688,Dimas Santoso,Male,60,Teacher,Upper-Middle,Balikpapan,East Kalimantan,Individual
4689,Aldi Nugroho,Male,59,Lawyer,High,Magelang,Central Java,Individual
4690,PT Maulana Sentosa,N/A,0,Corporate,High,Jakarta Pusat,DKI Jakarta,Corporate
4691,Lestari Halim,Female,53,Professional,Middle,Lubuklinggau,South Sumatra,Individual
4692,Wahyu Anggraini,Male,52,Professional,Middle,Yogyakarta,Yogyakarta,Individual
4693,Yusuf Halim,Male,38,Civil Servant,Middle,Cimahi,West Java,Individual
4694,Lestari Permana,Female,24,Civil Servant,High,Jakarta Pusat,DKI Jakarta,Individual
4695,Maya Rahmawati,Female,24,Doctor,High,Gresik,East Java,Individual
4696,Nadia Anggraini,Female,55,Lawyer,Middle,Solo,Central Java,Individual
4697,Maya Pratama,Female,51,Manager,Low,Solo,Central Java,Individual
4698,PT Setiawan Jaya,N/A,0,Corporate,High,Bukittinggi,West Sumatra,Corporate
4699,Budi Permana,Male,33,Retail Owner,Upper-Middle,Pekanbaru,Riau,Individual
4700,Wahyu Permana,Male,54,Consultant,Middle,Badung,Bali,Individual
4701,Putri Kurniawan,Female,38,Entrepreneur,Upper-Middle,Bekasi,West Java,Individual
4702,Wati Halim,Female,49,Manager,Middle,Binjai,North Sumatra,Individual
4703,Siti Anggraini,Female,39,Doctor,Middle,Denpasar,Bali,Individual
4704,Rina Hidayat,Female,55,Professional,Upper-Middle,Tangerang,Banten,Individual
4705,Ratna Maulana,Female,49,Professional,Middle,Malang,East Java,Individual
4706,PT Rahmawati Logistik,N/A,0,Corporate,High,Depok,West Java,Corporate
4707,Rizki Rahmawati,Male,36,Professional,Upper-Middle,Tangerang,Banten,Individual
4708,Lestari Hidayat,Female,45,Retail Owner,Upper-Middle,Banjarbaru,South Kalimantan,Individual
4709,Budi Halim,Male,37,Manager,Middle,Medan,North Sumatra,Individual
4710,Sari Halim,Female,53,Lawyer,Middle,Magelang,Central Java,Individual
4711,Lestari Saputra,Female,45,Professional,Upper-Middle,Bogor,West Java,Individual
4712,Fajar Hidayat,Male,36,Civil Servant,Upper-Middle,Badung,Bali,Individual
4713,Ratna Wijaya,Female,34,Professional,Middle,Bukittinggi,West Sumatra,Individual
4714,Andi Santoso,Male,26,Consultant,Low,Lubuklinggau,South Sumatra,Individual
4715,Maya Wijaya,Female,34,Professional,Middle,Tangerang,Banten,Individual
4716,Budi Pratama,Male,55,Lawyer,High,Solo,Central Java,Individual
4717,Rizki Permana,Male,62,Teacher,High,Bandar Lampung,Lampung,Individual
4718,Rina Rahmawati,Female,23,Lawyer,Middle,Metro,Lampung,Individual
4719,Ayu Wijaya,Female,24,Doctor,Upper-Middle,Jakarta Pusat,DKI Jakarta,Individual
4720,Maya Saputra,Female,33,Retail Owner,Low,Magelang,Central Java,Individual
4721,Aldi Nugroho,Male,45,Teacher,Upper-Middle,Sleman,Yogyakarta,Individual
4722,Lestari Saputra,Female,32,Professional,Upper-Middle,Jakarta Selatan,DKI Jakarta,Individual
4723,Wati Halim,Female,28,Civil Servant,Upper-Middle,Semarang,Central Java,Individual
4724,Siti Permana,Female,59,Consultant,Middle,Cilegon,Banten,Individual
4725,Citra Santoso,Female,24,Doctor,High,Sleman,Yogyakarta,Individual
4726,Ayu Permana,Female,59,Manager,Middle,Yogyakarta,Yogyakarta,Individual
4727,Siti Wijaya,Female,46,Manager,Middle,Magelang,Central Java,Individual
4728,Lestari Kurniawan,Female,38,Manager,Upper-Middle,Sleman,Yogyakarta,Individual
4729,Ayu Setiawan,Female,27,Engineer,Middle,Banjarmasin,South Kalimantan,Individual
4730,Ratna Hidayat,Female,24,Doctor,Upper-Middle,Jakarta Barat,DKI Jakarta,Individual
4731,Fajar Gunawan,Male,22,Teacher,Middle,Sleman,Yogyakarta,Individual
4732,Sari Anggraini,Female,23,Consultant,Middle,Singkawang,West Kalimantan,Individual
4733,Dani Lestari,Male,55,Consultant,Low,Bekasi,West Java,Individual
4734,Lestari Saputra,Female,33,Manager,Upper-Middle,Magelang,Central Java,Individual
4735,Reza Anggraini,Male,39,Doctor,Upper-Middle,Depok,West Java,Individual
4736,PT Hidayat Logistik,N/A,0,Corporate,High,Pontianak,West Kalimantan,Corporate
4737,Rina Wijaya,Female,38,Manager,Upper-Middle,Jakarta Pusat,DKI Jakarta,Individual
4738,Wahyu Rahmawati,Male,50,Manager,Upper-Middle,Bogor,West Java,Individual
4739,Maya Setiawan,Female,47,Civil Servant,Upper-Middle,Pekanbaru,Riau,Individual
4740,Wahyu Maulana,Male,58,Entrepreneur,Upper-Middle,Malang,East Java,Individual
4741,Ratna Permana,Female,26,Manager,Low,Depok,West Java,Individual
4742,PT Santoso Mandiri,N/A,0,Corporate,High,Samarinda,East Kalimantan,Corporate
4743,Lestari Anggraini,Female,51,Doctor,Middle,Pekanbaru,Riau,Individual
4744,Hendra Santoso,Male,38,Engineer,Middle,Bitung,North Sulawesi,Individual
4745,Fitri Halim,Female,35,Manager,Upper-Middle,Malang,East Java,Individual
4746,PT Permana Group,N/A,0,Corporate,High,Samarinda,East Kalimantan,Corporate
4747,Citra Lestari,Female,25,Civil Servant,Middle,Bandar Lampung,Lampung,Individual
4748,Aldi Setiawan,Male,47,Doctor,High,Makassar,South Sulawesi,Individual
4749,Sari Halim,Female,59,Doctor,Middle,Yogyakarta,Yogyakarta,Individual
4750,Yusuf Kurniawan,Male,54,Lawyer,Middle,Yogyakarta,Yogyakarta,Individual
4751,Putra Maulana,Male,47,Engineer,Upper-Middle,Jakarta Timur,DKI Jakarta,Individual
4752,PT Saputra Group,N/A,0,Corporate,High,Magelang,Central Java,Corporate
4753,Ayu Rahmawati,Female,39,Engineer,Middle,Jakarta Pusat,DKI Jakarta,Individual
4754,Ayu Saputra,Female,49,Engineer,High,Surabaya,East Java,Individual
4755,Yusuf Wijaya,Male,54,Consultant,Low,Jakarta Timur,DKI Jakarta,Individual
4756,Dani Gunawan,Male,46,Manager,Upper-Middle,Yogyakarta,Yogyakarta,Individual
4757,Nadia Halim,Female,54,Consultant,Upper-Middle,Mataram,West Nusa Tenggara,Individual
4758,Nadia Halim,Female,35,Lawyer,Low,Jayapura,Papua,Individual
4759,Indah Pratama,Female,43,Teacher,Middle,Medan,North Sumatra,Individual
4760,Aldi Wijaya,Male,60,Doctor,High,Bukittinggi,West Sumatra,Individual
4761,Aldi Saputra,Male,44,Doctor,Upper-Middle,Surabaya,East Java,Individual
4762,PT Maulana Sentosa,N/A,0,Corporate,High,Tangerang,Banten,Corporate
4763,Dani Wijaya,Male,51,Retail Owner,Middle,Jakarta Pusat,DKI Jakarta,Individual
4764,Bayu Anggraini,Male,42,Consultant,Low,Bandung,West Java,Individual
4765,Dani Setiawan,Male,46,Consultant,High,Jakarta Barat,DKI Jakarta,Individual
4766,Fajar Saputra,Male,25,Lawyer,High,Serang,Banten,Individual
4767,Ayu Maulana,Female,53,Teacher,Upper-Middle,Parepare,South Sulawesi,Individual
4768,Rina Rahmawati,Female,28,Civil Servant,Middle,Depok,West Java,Individual
4769,Dani Rahmawati,Male,30,Teacher,Middle,Cimahi,West Java,Individual
4770,Bayu Hidayat,Male,33,Manager,High,Magelang,Central Java,Individual
4771,Agus Anggraini,Male,43,Retail Owner,Upper-Middle,Tangerang,Banten,Individual
4772,Ratna Nugroho,Female,38,Entrepreneur,Upper-Middle,Jakarta Barat,DKI Jakarta,Individual
4773,Fitri Rahmawati,Female,40,Entrepreneur,Upper-Middle,Sleman,Yogyakarta,Individual
4774,Putra Nugroho,Male,40,Entrepreneur,Middle,Bogor,West Java,Individual
4775,Lestari Anggraini,Female,45,Teacher,Middle,Yogyakarta,Yogyakarta,Individual
4776,Wahyu Pratama,Male,54,Lawyer,Upper-Middle,Depok,West Java,Individual
4777,Ayu Maulana,Female,50,Retail Owner,Upper-Middle,Bitung,North Sulawesi,Individual
4778,Maya Anggraini,Female,29,Retail Owner,Middle,Bogor,West Java,Individual
4779,Yusuf Halim,Male,52,Teacher,Upper-Middle,Jakarta Barat,DKI Jakarta,Individual
4780,Fitri Permana,Female,41,Professional,Middle,Bukittinggi,West Sumatra,Individual
4781,Dimas Gunawan,Male,58,Civil Servant,Middle,Semarang,Central Java,Individual
4782,Agus Anggraini,Male,23,Engineer,High,Singkawang,West Kalimantan,Individual
4783,Hendra Nugroho,Male,29,Civil Servant,Upper-Middle,Parepare,South Sulawesi,Individual
4784,Sari Saputra,Female,26,Engineer,High,Balikpapan,East Kalimantan,Individual
4785,Andi Hidayat,Male,40,Teacher,High,Bogor,West Java,Individual
4786,Intan Permana,Female,45,Consultant,High,Samarinda,East Kalimantan,Individual
4787,Dimas Hidayat,Male,52,Consultant,Upper-Middle,Bitung,North Sulawesi,Individual
4788,PT Maulana Logistik,N/A,0,Corporate,High,Banjarbaru,South Kalimantan,Corporate
4789,Andi Rahmawati,Male,48,Lawyer,Upper-Middle,Bandung,West Java,Individual
4790,Wati Lestari,Female,57,Retail Owner,Middle,Sleman,Yogyakarta,Individual
4791,Fitri Kurniawan,Female,24,Manager,Upper-Middle,Pekanbaru,Riau,Individual
4792,PT Rahmawati Sentosa,N/A,0,Corporate,High,Cilegon,Banten,Corporate
4793,Budi Pratama,Male,45,Professional,Middle,Balikpapan,East Kalimantan,Individual
4794,Eko Pratama,Male,32,Doctor,Middle,Cilegon,Banten,Individual
4795,Reza Saputra,Male,58,Entrepreneur,Middle,Jakarta Pusat,DKI Jakarta,Individual
4796,Bayu Rahmawati,Male,62,Consultant,Middle,Yogyakarta,Yogyakarta,Individual
4797,Bayu Nugroho,Male,40,Lawyer,High,Jakarta Timur,DKI Jakarta,Individual
4798,Reza Anggraini,Male,39,Consultant,High,Banjarmasin,South Kalimantan,Individual
4799,Eko Nugroho,Male,33,Engineer,Upper-Middle,Gresik,East Java,Individual
4800,Maya Nugroho,Female,23,Lawyer,Middle,Pekanbaru,Riau,Individual
4801,Indah Saputra,Female,50,Consultant,Upper-Middle,Bandar Lampung,Lampung,Individual
4802,Maya Halim,Female,58,Professional,Middle,Magelang,Central Java,Individual
4803,Indah Permana,Female,61,Doctor,Middle,Banjarbaru,South Kalimantan,Individual
4804,Sari Maulana,Female,49,Entrepreneur,Middle,Dumai,Riau,Individual
4805,Citra Maulana,Female,59,Engineer,Upper-Middle,Banjarbaru,South Kalimantan,Individual
4806,Indah Kurniawan,Female,55,Retail Owner,Low,Makassar,South Sulawesi,Individual
4807,Dimas Gunawan,Male,62,Consultant,High,Lubuklinggau,South Sumatra,Individual
4808,Aldi Pratama,Male,36,Entrepreneur,Middle,Sleman,Yogyakarta,Individual
4809,Dimas Rahmawati,Male,48,Lawyer,Middle,Serang,Banten,Individual
4810,Aldi Nugroho,Male,43,Manager,Middle,Gresik,East Java,Individual
4811,Ratna Maulana,Female,51,Teacher,Middle,Jakarta Selatan,DKI Jakarta,Individual
4812,Aldi Kurniawan,Male,62,Retail Owner,Upper-Middle,Lubuklinggau,South Sumatra,Individual
4813,Intan Saputra,Female,32,Manager,Middle,Jakarta Barat,DKI Jakarta,Individual
4814,Citra Nugroho,Female,33,Manager,Low,Jakarta Utara,DKI Jakarta,Individual
4815,Nadia Santoso,Female,45,Professional,Middle,Jakarta Utara,DKI Jakarta,Individual
4816,Wati Gunawan,Female,23,Doctor,Upper-Middle,Yogyakarta,Yogyakarta,Individual
4817,Siti Rahmawati,Female,27,Retail Owner,Upper-Middle,Denpasar,Bali,Individual
4818,Intan Kurniawan,Female,48,Retail Owner,Upper-Middle,Magelang,Central Java,Individual
4819,Dani Nugroho,Male,30,Entrepreneur,Middle,Jakarta Timur,DKI Jakarta,Individual
4820,Reza Permana,Male,53,Professional,Low,Cimahi,West Java,Individual
4821,Ayu Anggraini,Female,40,Teacher,Upper-Middle,Pontianak,West Kalimantan,Individual
4822,Siti Setiawan,Female,33,Engineer,Middle,Medan,North Sumatra,Individual
4823,Andi Nugroho,Male,22,Professional,Upper-Middle,Sleman,Yogyakarta,Individual
4824,Dewi Pratama,Female,60,Manager,Upper-Middle,Makassar,South Sulawesi,Individual
4825,Maya Hidayat,Female,34,Civil Servant,Upper-Middle,Semarang,Central Java,Individual
4826,PT Lestari Sentosa,N/A,0,Corporate,High,Tangerang,Banten,Corporate
4827,Eko Kurniawan,Male,49,Doctor,Middle,Jakarta Pusat,DKI Jakarta,Individual
4828,Aldi Kurniawan,Male,44,Lawyer,Middle,Bogor,West Java,Individual
4829,Putri Kurniawan,Female,51,Lawyer,High,Parepare,South Sulawesi,Individual
4830,Yusuf Setiawan,Male,42,Consultant,Low,Gresik,East Java,Individual
4831,Lestari Pratama,Female,42,Professional,Middle,Jakarta Pusat,DKI Jakarta,Individual
4832,Wahyu Kurniawan,Male,51,Teacher,Upper-Middle,Bekasi,West Java,Individual
4833,Fajar Maulana,Male,36,Engineer,Upper-Middle,Parepare,South Sulawesi,Individual
4834,Dewi Permana,Female,48,Doctor,Middle,Singkawang,West Kalimantan,Individual
4835,Reza Rahmawati,Male,36,Engineer,Low,Magelang,Central Java,Individual
4836,Wati Anggraini,Female,43,Engineer,Upper-Middle,Bandung,West Java,Individual
4837,PT Setiawan Sentosa,N/A,0,Corporate,High,Samarinda,East Kalimantan,Corporate
4838,Dani Hidayat,Male,28,Teacher,Low,Gresik,East Java,Individual
4839,Hendra Saputra,Male,37,Doctor,Low,Sidoarjo,East Java,Individual
4840,Andi Halim,Male,56,Lawyer,High,Malang,East Java,Individual
4841,Putra Gunawan,Male,31,Lawyer,Low,Sleman,Yogyakarta,Individual
4842,PT Rahmawati Jaya,N/A,0,Corporate,High,Pontianak,West Kalimantan,Corporate
4843,Dewi Lestari,Female,56,Retail Owner,Middle,Solo,Central Java,Individual
4844,Agus Halim,Male,28,Entrepreneur,Middle,Bandar Lampung,Lampung,Individual
4845,Andi Gunawan,Male,44,Retail Owner,Upper-Middle,Parepare,South Sulawesi,Individual
4846,Dimas Setiawan,Male,26,Lawyer,Middle,Solo,Central Java,Individual
4847,PT Pratama Mandiri,N/A,0,Corporate,High,Lubuklinggau,South Sumatra,Corporate
4848,Intan Permana,Female,44,Teacher,Upper-Middle,Mataram,West Nusa Tenggara,Individual
4849,Ratna Kurniawan,Female,45,Lawyer,Low,Bandung,West Java,Individual
4850,Indah Wijaya,Female,33,Entrepreneur,Middle,Depok,West Java,Individual
4851,Citra Setiawan,Female,26,Entrepreneur,Middle,Jakarta Selatan,DKI Jakarta,Individual
4852,Hendra Permana,Male,22,Consultant,Upper-Middle,Surabaya,East Java,Individual
4853,PT Wijaya Mandiri,N/A,0,Corporate,High,Jakarta Pusat,DKI Jakarta,Corporate
4854,Bayu Pratama,Male,44,Lawyer,High,Banjarbaru,South Kalimantan,Individual
4855,Citra Pratama,Female,27,Consultant,Middle,Depok,West Java,Individual
4856,Budi Halim,Male,43,Engineer,Middle,Metro,Lampung,Individual
4857,Ayu Saputra,Female,62,Retail Owner,Middle,Magelang,Central Java,Individual
4858,Eko Pratama,Male,44,Teacher,Upper-Middle,Makassar,South Sulawesi,Individual
4859,Citra Nugroho,Female,55,Entrepreneur,Upper-Middle,Palembang,South Sumatra,Individual
4860,Hendra Lestari,Male,39,Doctor,High,Bukittinggi,West Sumatra,Individual
4861,Bayu Wijaya,Male,29,Engineer,Middle,Serang,Banten,Individual
4862,Agus Permana,Male,61,Doctor,High,Lubuklinggau,South Sumatra,Individual
4863,Indah Halim,Female,59,Civil Servant,Upper-Middle,Dumai,Riau,Individual
4864,Fajar Saputra,Male,25,Civil Servant,Upper-Middle,Manado,North Sulawesi,Individual
4865,Dewi Halim,Female,27,Doctor,Middle,Jayapura,Papua,Individual
4866,Dimas Gunawan,Male,26,Entrepreneur,Middle,Tangerang,Banten,Individual
4867,Fitri Wijaya,Female,54,Doctor,Upper-Middle,Bukittinggi,West Sumatra,Individual
4868,Putri Kurniawan,Female,32,Engineer,Low,Gresik,East Java,Individual
4869,Budi Wijaya,Male,57,Engineer,Middle,Yogyakarta,Yogyakarta,Individual
4870,Yusuf Saputra,Male,58,Professional,High,Balikpapan,East Kalimantan,Individual
4871,Fitri Kurniawan,Female,43,Engineer,High,Cimahi,West Java,Individual
4872,Sari Permana,Female,25,Lawyer,Middle,Jayapura,Papua,Individual
4873,Yusuf Nugroho,Male,35,Engineer,Low,Malang,East Java,Individual
4874,Agus Saputra,Male,54,Lawyer,High,Sleman,Yogyakarta,Individual
4875,Aldi Lestari,Male,32,Manager,Low,Jakarta Pusat,DKI Jakarta,Individual
4876,Ayu Gunawan,Female,44,Doctor,High,Serang,Banten,Individual
4877,Hendra Rahmawati,Male,46,Teacher,High,Samarinda,East Kalimantan,Individual
4878,PT Maulana Group,N/A,0,Corporate,High,Malang,East Java,Corporate
4879,Maya Maulana,Female,28,Civil Servant,Low,Binjai,North Sumatra,Individual
4880,Maya Halim,Female,34,Entrepreneur,Middle,Balikpapan,East Kalimantan,Individual
4881,Bayu Rahmawati,Male,62,Doctor,Upper-Middle,Bandar Lampung,Lampung,Individual
4882,Agus Lestari,Male,42,Professional,Middle,Cilegon,Banten,Individual
4883,Nadia Lestari,Female,24,Entrepreneur,Upper-Middle,Gresik,East Java,Individual
4884,Maya Permana,Female,32,Engineer,Middle,Sidoarjo,East Java,Individual
4885,Andi Anggraini,Male,33,Manager,High,Singkawang,West Kalimantan,Individual
4886,Eko Gunawan,Male,37,Doctor,Middle,Jakarta Timur,DKI Jakarta,Individual
4887,Rizki Kurniawan,Male,46,Lawyer,High,Bitung,North Sulawesi,Individual
4888,Hendra Pratama,Male,37,Lawyer,High,Jakarta Selatan,DKI Jakarta,Individual
4889,Dewi Kurniawan,Female,34,Civil Servant,Middle,Yogyakarta,Yogyakarta,Individual
4890,PT Lestari Sentosa,N/A,0,Corporate,High,Surabaya,East Java,Corporate
4891,Fitri Pratama,Female,60,Teacher,Middle,Jakarta Utara,DKI Jakarta,Individual
4892,Dimas Gunawan,Male,34,Consultant,Middle,Jakarta Pusat,DKI Jakarta,Individual
4893,Agus Anggraini,Male,49,Retail Owner,Upper-Middle,Parepare,South Sulawesi,Individual
4894,Nadia Lestari,Female,57,Engineer,Middle,Malang,East Java,Individual
4895,Budi Permana,Male,59,Engineer,Upper-Middle,Pematangsiantar,North Sumatra,Individual
4896,Fitri Santoso,Female,40,Consultant,Low,Jakarta Pusat,DKI Jakarta,Individual
4897,Intan Halim,Female,59,Teacher,Middle,Depok,West Java,Individual
4898,Wahyu Wijaya,Male,23,Entrepreneur,Low,Jakarta Pusat,DKI Jakarta,Individual
4899,Nadia Nugroho,Female,49,Manager,Upper-Middle,Serang,Banten,Individual
4900,Fitri Santoso,Female,56,Doctor,Middle,Tangerang,Banten,Individual
4901,Intan Gunawan,Female,42,Engineer,High,Mataram,West Nusa Tenggara,Individual
4902,Aldi Hidayat,Male,34,Professional,Upper-Middle,Bandar Lampung,Lampung,Individual
4903,Bayu Hidayat,Male,30,Doctor,Middle,Tangerang,Banten,Individual
4904,Intan Setiawan,Female,22,Manager,Upper-Middle,Sleman,Yogyakarta,Individual
4905,Ayu Permana,Female,27,Civil Servant,Upper-Middle,Denpasar,Bali,Individual
4906,Putri Saputra,Female,56,Manager,Middle,Singkawang,West Kalimantan,Individual
4907,PT Gunawan Group,N/A,0,Corporate,High,Banjarmasin,South Kalimantan,Corporate
4908,Wati Setiawan,Female,49,Consultant,Upper-Middle,Manado,North Sulawesi,Individual
4909,Ayu Permana,Female,30,Engineer,Low,Malang,East Java,Individual
4910,Andi Saputra,Male,35,Entrepreneur,Upper-Middle,Manado,North Sulawesi,Individual
4911,Intan Wijaya,Female,40,Engineer,Upper-Middle,Samarinda,East Kalimantan,Individual
4912,Maya Anggraini,Female,26,Retail Owner,Middle,Banjarmasin,South Kalimantan,Individual
4913,Citra Setiawan,Female,36,Consultant,Upper-Middle,Bekasi,West Java,Individual
4914,Dani Anggraini,Male,54,Lawyer,Upper-Middle,Makassar,South Sulawesi,Individual
4915,Fitri Pratama,Female,52,Civil Servant,High,Binjai,North Sumatra,Individual
4916,Agus Anggraini,Male,51,Retail Owner,Upper-Middle,Cilegon,Banten,Individual
4917,Budi Permana,Male,27,Professional,Upper-Middle,Bandar Lampung,Lampung,Individual
4918,Rina Nugroho,Female,51,Entrepreneur,Upper-Middle,Magelang,Central Java,Individual
4919,Siti Setiawan,Female,57,Retail Owner,Middle,Singkawang,West Kalimantan,Individual
4920,Rina Maulana,Female,44,Civil Servant,Middle,Sleman,Yogyakarta,Individual
4921,Bayu Anggraini,Male,22,Retail Owner,Upper-Middle,Manado,North Sulawesi,Individual
4922,Fitri Nugroho,Female,44,Teacher,Middle,Sidoarjo,East Java,Individual
4923,Reza Pratama,Male,42,Manager,Upper-Middle,Jakarta Utara,DKI Jakarta,Individual
4924,Dewi Anggraini,Female,28,Professional,Low,Sidoarjo,East Java,Individual
4925,Rina Kurniawan,Female,44,Engineer,Upper-Middle,Surabaya,East Java,Individual
4926,PT Saputra Sentosa,N/A,0,Corporate,High,Bekasi,West Java,Corporate
4927,Ratna Rahmawati,Female,51,Civil Servant,Upper-Middle,Jayapura,Papua,Individual
4928,Eko Rahmawati,Male,27,Engineer,Middle,Parepare,South Sulawesi,Individual
4929,Intan Wijaya,Female,29,Retail Owner,Low,Sleman,Yogyakarta,Individual
4930,Intan Permana,Female,35,Professional,Low,Bekasi,West Java,Individual
4931,Putri Saputra,Female,25,Entrepreneur,Upper-Middle,Lubuklinggau,South Sumatra,Individual
4932,PT Rahmawati Logistik,N/A,0,Corporate,High,Banjarmasin,South Kalimantan,Corporate
4933,Maya Rahmawati,Female,45,Professional,Upper-Middle,Medan,North Sumatra,Individual
4934,Dewi Setiawan,Female,38,Consultant,Low,Jakarta Pusat,DKI Jakarta,Individual
4935,Dewi Kurniawan,Female,62,Civil Servant,Middle,Yogyakarta,Yogyakarta,Individual
4936,Lestari Halim,Female,58,Civil Servant,Middle,Makassar,South Sulawesi,Individual
4937,Rina Gunawan,Female,41,Engineer,Upper-Middle,Yogyakarta,Yogyakarta,Individual
4938,Andi Kurniawan,Male,45,Manager,Low,Jakarta Barat,DKI Jakarta,Individual
4939,PT Saputra Logistik,N/A,0,Corporate,High,Surabaya,East Java,Corporate
4940,Sari Setiawan,Female,51,Civil Servant,Upper-Middle,Sleman,Yogyakarta,Individual
4941,Putra Saputra,Male,60,Civil Servant,High,Sleman,Yogyakarta,Individual
4942,Indah Maulana,Female,26,Consultant,Upper-Middle,Banjarbaru,South Kalimantan,Individual
4943,Ayu Kurniawan,Female,52,Consultant,Upper-Middle,Makassar,South Sulawesi,Individual
4944,Eko Maulana,Male,35,Retail Owner,Upper-Middle,Tangerang,Banten,Individual
4945,Andi Nugroho,Male,54,Retail Owner,Middle,Surabaya,East Java,Individual
4946,Nadia Rahmawati,Female,48,Doctor,High,Samarinda,East Kalimantan,Individual
4947,Yusuf Halim,Male,47,Professional,Upper-Middle,Medan,North Sumatra,Individual
4948,Citra Hidayat,Female,54,Consultant,Middle,Tangerang,Banten,Individual
4949,Putra Kurniawan,Male,30,Doctor,Low,Manado,North Sulawesi,Individual
4950,Dewi Gunawan,Female,58,Consultant,Middle,Semarang,Central Java,Individual
4951,Intan Lestari,Female,22,Professional,Middle,Magelang,Central Java,Individual
4952,Yusuf Rahmawati,Male,39,Teacher,Middle,Lubuklinggau,South Sumatra,Individual
4953,Putra Hidayat,Male,39,Consultant,Middle,Binjai,North Sumatra,Individual
4954,Ayu Lestari,Female,54,Civil Servant,High,Tangerang,Banten,Individual
4955,Dani Anggraini,Male,24,Engineer,Upper-Middle,Bandung,West Java,Individual
4956,PT Maulana Logistik,N/A,0,Corporate,High,Lubuklinggau,South Sumatra,Corporate
4957,Rizki Kurniawan,Male,28,Entrepreneur,Upper-Middle,Magelang,Central Java,Individual
4958,Dewi Anggraini,Female,23,Manager,High,Jayapura,Papua,Individual
4959,Maya Nugroho,Female,31,Lawyer,High,Sidoarjo,East Java,Individual
4960,PT Lestari Logistik,N/A,0,Corporate,High,Serang,Banten,Corporate
4961,Budi Rahmawati,Male,51,Teacher,Middle,Bekasi,West Java,Individual
4962,Reza Nugroho,Male,40,Civil Servant,Middle,Padang,West Sumatra,Individual
4963,Wati Kurniawan,Female,55,Retail Owner,Middle,Bukittinggi,West Sumatra,Individual
4964,Dani Saputra,Male,62,Professional,Upper-Middle,Cimahi,West Java,Individual
4965,Lestari Halim,Female,54,Retail Owner,High,Gresik,East Java,Individual
4966,Siti Nugroho,Female,55,Professional,Middle,Makassar,South Sulawesi,Individual
4967,Rina Wijaya,Female,37,Teacher,Low,Gresik,East Java,Individual
4968,Eko Lestari,Male,45,Entrepreneur,Upper-Middle,Manado,North Sulawesi,Individual
4969,Aldi Maulana,Male,51,Manager,Middle,Dumai,Riau,Individual
4970,Maya Pratama,Female,43,Doctor,Middle,Jakarta Pusat,DKI Jakarta,Individual
4971,Maya Santoso,Female,62,Entrepreneur,Low,Jakarta Pusat,DKI Jakarta,Individual
4972,Dewi Saputra,Female,47,Civil Servant,Upper-Middle,Jakarta Barat,DKI Jakarta,Individual
4973,Maya Wijaya,Female,49,Doctor,Upper-Middle,Bogor,West Java,Individual
4974,Agus Maulana,Male,49,Retail Owner,Low,Samarinda,East Kalimantan,Individual
4975,Maya Setiawan,Female,31,Teacher,Middle,Metro,Lampung,Individual
4976,Citra Maulana,Female,42,Retail Owner,Middle,Tangerang,Banten,Individual
4977,Rizki Permana,Male,61,Civil Servant,Upper-Middle,Pontianak,West Kalimantan,Individual
4978,Dimas Hidayat,Male,57,Doctor,Middle,Surabaya,East Java,Individual
4979,Intan Gunawan,Female,32,Teacher,Middle,Jakarta Timur,DKI Jakarta,Individual
4980,PT Halim Mandiri,N/A,0,Corporate,High,Yogyakarta,Yogyakarta,Corporate
4981,Maya Maulana,Female,40,Lawyer,High,Gresik,East Java,Individual
4982,Maya Maulana,Female,39,Entrepreneur,Middle,Tangerang,Banten,Individual
4983,Citra Pratama,Female,25,Civil Servant,Middle,Cilegon,Banten,Individual
4984,Putri Setiawan,Female,51,Lawyer,Middle,Depok,West Java,Individual
4985,Intan Gunawan,Female,40,Civil Servant,Upper-Middle,Tangerang,Banten,Individual
4986,Siti Lestari,Female,32,Retail Owner,Upper-Middle,Malang,East Java,Individual
4987,Dani Kurniawan,Male,25,Engineer,Upper-Middle,Denpasar,Bali,Individual
4988,Lestari Wijaya,Female,47,Engineer,High,Jakarta Timur,DKI Jakarta,Individual
4989,Citra Pratama,Female,35,Engineer,Middle,Cimahi,West Java,Individual
4990,Maya Wijaya,Female,51,Manager,Middle,Yogyakarta,Yogyakarta,Individual
4991,Lestari Anggraini,Female,38,Retail Owner,Middle,Lubuklinggau,South Sumatra,Individual
4992,Nadia Halim,Female,44,Lawyer,Upper-Middle,Medan,North Sumatra,Individual
4993,Yusuf Setiawan,Male,40,Professional,Upper-Middle,Parepare,South Sulawesi,Individual
4994,Wahyu Wijaya,Male,39,Manager,High,Tangerang,Banten,Individual
4995,Yusuf Kurniawan,Male,28,Engineer,Middle,Manado,North Sulawesi,Individual
4996,Nadia Anggraini,Female,46,Consultant,Middle,Jakarta Pusat,DKI Jakarta,Individual
4997,Budi Pratama,Male,44,Retail Owner,Low,Cimahi,West Java,Individual
4998,Citra Gunawan,Female,40,Consultant,Upper-Middle,Malang,East Java,Individual
4999,Yusuf Maulana,Male,48,Retail Owner,Middle,Balikpapan,East Kalimantan,Individual
5000,Rina Anggraini,Female,36,Civil Servant,Upper-Middle,Mataram,West Nusa Tenggara,Individual
5001,Fajar Kurniawan,Male,59,Entrepreneur,Middle,Pontianak,West Kalimantan,Individual
5002,PT Maulana Jaya,N/A,0,Corporate,High,Solo,Central Java,Corporate
5003,PT Setiawan Group,N/A,0,Corporate,High,Sleman,Yogyakarta,Corporate
5004,Citra Anggraini,Female,43,Lawyer,Middle,Sidoarjo,East Java,Individual
5005,Agus Wijaya,Male,22,Lawyer,Middle,Jakarta Utara,DKI Jakarta,Individual
5006,Siti Lestari,Female,61,Professional,Middle,Semarang,Central Java,Individual
5007,Rina Anggraini,Female,39,Entrepreneur,High,Metro,Lampung,Individual
5008,Putra Setiawan,Male,51,Consultant,Upper-Middle,Jayapura,Papua,Individual
5009,Andi Halim,Male,25,Lawyer,Middle,Cilegon,Banten,Individual
5010,Dani Santoso,Male,55,Civil Servant,Upper-Middle,Lubuklinggau,South Sumatra,Individual
5011,Lestari Kurniawan,Female,24,Teacher,Middle,Gresik,East Java,Individual
5012,Ayu Maulana,Female,61,Consultant,Low,Jakarta Utara,DKI Jakarta,Individual
5013,Ratna Pratama,Female,60,Civil Servant,Middle,Surabaya,East Java,Individual
5014,Dewi Saputra,Female,23,Lawyer,Low,Serang,Banten,Individual
5015,Sari Hidayat,Female,56,Retail Owner,Middle,Jayapura,Papua,Individual
5016,Sari Pratama,Female,40,Manager,Upper-Middle,Makassar,South Sulawesi,Individual
5017,Wati Kurniawan,Female,30,Consultant,Middle,Surabaya,East Java,Individual
5018,Citra Setiawan,Female,30,Teacher,Low,Samarinda,East Kalimantan,Individual
5019,Intan Kurniawan,Female,31,Engineer,Low,Manado,North Sulawesi,Individual
5020,Wahyu Halim,Male,40,Lawyer,Low,Banjarbaru,South Kalimantan,Individual
5021,Yusuf Rahmawati,Male,57,Consultant,Upper-Middle,Metro,Lampung,Individual
5022,Lestari Santoso,Female,27,Civil Servant,Low,Bukittinggi,West Sumatra,Individual
5023,Dewi Rahmawati,Female,50,Doctor,Upper-Middle,Bukittinggi,West Sumatra,Individual
5024,Budi Wijaya,Male,39,Engineer,Upper-Middle,Parepare,South Sulawesi,Individual
5025,Aldi Anggraini,Male,38,Engineer,High,Mataram,West Nusa Tenggara,Individual
5026,Siti Lestari,Female,62,Lawyer,Upper-Middle,Jakarta Utara,DKI Jakarta,Individual
5027,Hendra Anggraini,Male,59,Lawyer,Middle,Bekasi,West Java,Individual
5028,Citra Lestari,Female,29,Professional,Middle,Semarang,Central Java,Individual
5029,Andi Pratama,Male,57,Teacher,Upper-Middle,Cilegon,Banten,Individual
5030,Agus Saputra,Male,31,Entrepreneur,Upper-Middle,Solo,Central Java,Individual
5031,PT Anggraini Sentosa,N/A,0,Corporate,High,Yogyakarta,Yogyakarta,Corporate
5032,Hendra Gunawan,Male,60,Engineer,Low,Denpasar,Bali,Individual
5033,PT Hidayat Jaya,N/A,0,Corporate,High,Parepare,South Sulawesi,Corporate
5034,Indah Setiawan,Female,56,Entrepreneur,Middle,Bitung,North Sulawesi,Individual
5035,Hendra Pratama,Male,23,Doctor,Middle,Parepare,South Sulawesi,Individual
5036,Siti Pratama,Female,39,Engineer,Upper-Middle,Sleman,Yogyakarta,Individual
5037,Rina Kurniawan,Female,57,Consultant,Middle,Padang,West Sumatra,Individual
5038,Indah Wijaya,Female,27,Entrepreneur,High,Bitung,North Sulawesi,Individual
5039,Sari Permana,Female,54,Consultant,Middle,Bogor,West Java,Individual
5040,Dewi Nugroho,Female,32,Engineer,Middle,Bandung,West Java,Individual
5041,Putri Kurniawan,Female,35,Civil Servant,Upper-Middle,Pekanbaru,Riau,Individual
5042,Fajar Permana,Male,59,Teacher,Upper-Middle,Bandung,West Java,Individual
5043,Andi Lestari,Male,29,Engineer,Middle,Jayapura,Papua,Individual
5044,Intan Maulana,Female,44,Teacher,Middle,Manado,North Sulawesi,Individual
5045,Dewi Setiawan,Female,51,Teacher,Upper-Middle,Jakarta Barat,DKI Jakarta,Individual
5046,Fajar Santoso,Male,28,Lawyer,Middle,Singkawang,West Kalimantan,Individual
5047,Intan Maulana,Female,50,Manager,Upper-Middle,Gresik,East Java,Individual
5048,Ayu Kurniawan,Female,24,Teacher,Middle,Cilegon,Banten,Individual
5049,Fajar Kurniawan,Male,41,Lawyer,Middle,Bandung,West Java,Individual
5050,Lestari Halim,Female,56,Consultant,Middle,Cilegon,Banten,Individual
5051,Yusuf Hidayat,Male,41,Professional,Upper-Middle,Jakarta Timur,DKI Jakarta,Individual
5052,Nadia Pratama,Female,48,Doctor,High,Serang,Banten,Individual
5053,Citra Gunawan,Female,39,Engineer,Low,Semarang,Central Java,Individual
5054,Rina Halim,Female,24,Doctor,Middle,Samarinda,East Kalimantan,Individual
5055,PT Halim Jaya,N/A,0,Corporate,High,Yogyakarta,Yogyakarta,Corporate
5056,Aldi Santoso,Male,28,Entrepreneur,High,Banjarbaru,South Kalimantan,Individual
5057,Fitri Rahmawati,Female,42,Engineer,Middle,Malang,East Java,Individual
5058,Dewi Hidayat,Female,26,Teacher,Middle,Solo,Central Java,Individual
5059,Agus Santoso,Male,50,Professional,High,Parepare,South Sulawesi,Individual
5060,Sari Kurniawan,Female,49,Consultant,High,Bekasi,West Java,Individual
5061,Nadia Anggraini,Female,56,Consultant,Middle,Magelang,Central Java,Individual
5062,Wati Kurniawan,Female,24,Manager,Upper-Middle,Bandar Lampung,Lampung,Individual
5063,Intan Halim,Female,41,Doctor,Upper-Middle,Cimahi,West Java,Individual
5064,Putri Kurniawan,Female,55,Doctor,Upper-Middle,Singkawang,West Kalimantan,Individual
5065,Budi Permana,Male,22,Retail Owner,Middle,Mataram,West Nusa Tenggara,Individual
5066,Ratna Setiawan,Female,30,Civil Servant,Upper-Middle,Sleman,Yogyakarta,Individual
5067,Budi Maulana,Male,45,Teacher,Upper-Middle,Sleman,Yogyakarta,Individual
5068,Putri Permana,Female,41,Civil Servant,Upper-Middle,Padang,West Sumatra,Individual
5069,PT Saputra Jaya,N/A,0,Corporate,High,Solo,Central Java,Corporate
5070,Siti Rahmawati,Female,31,Teacher,Middle,Padang,West Sumatra,Individual
5071,Rizki Pratama,Male,37,Professional,Low,Sidoarjo,East Java,Individual
5072,Andi Wijaya,Male,40,Lawyer,Middle,Surabaya,East Java,Individual
5073,Dani Setiawan,Male,60,Retail Owner,Middle,Makassar,South Sulawesi,Individual
5074,Siti Wijaya,Female,38,Entrepreneur,Middle,Bandung,West Java,Individual
5075,Yusuf Lestari,Male,28,Doctor,Upper-Middle,Sleman,Yogyakarta,Individual
5076,Dani Permana,Male,53,Teacher,Middle,Bukittinggi,West Sumatra,Individual
5077,Indah Santoso,Female,50,Teacher,Middle,Bogor,West Java,Individual
5078,Rizki Lestari,Male,28,Teacher,Middle,Semarang,Central Java,Individual
5079,Fajar Saputra,Male,58,Lawyer,Upper-Middle,Malang,East Java,Individual
5080,Budi Hidayat,Male,25,Doctor,High,Malang,East Java,Individual
5081,Putri Lestari,Female,61,Teacher,Upper-Middle,Cilegon,Banten,Individual
5082,Citra Lestari,Female,52,Civil Servant,Middle,Bandar Lampung,Lampung,Individual
5083,Dimas Lestari,Male,29,Retail Owner,Upper-Middle,Solo,Central Java,Individual
5084,Sari Lestari,Female,27,Manager,High,Balikpapan,East Kalimantan,Individual
5085,Eko Pratama,Male,47,Entrepreneur,Upper-Middle,Palembang,South Sumatra,Individual
5086,PT Kurniawan Sentosa,N/A,0,Corporate,High,Malang,East Java,Corporate
5087,Maya Nugroho,Female,38,Retail Owner,Middle,Serang,Banten,Individual
5088,Eko Setiawan,Male,22,Lawyer,Upper-Middle,Bekasi,West Java,Individual
5089,Agus Wijaya,Male,51,Consultant,Middle,Banjarbaru,South Kalimantan,Individual
5090,Dewi Pratama,Female,60,Entrepreneur,High,Malang,East Java,Individual
5091,PT Saputra Jaya,N/A,0,Corporate,High,Jakarta Timur,DKI Jakarta,Corporate
5092,Wati Lestari,Female,50,Professional,High,Gresik,East Java,Individual
5093,Ayu Gunawan,Female,23,Doctor,Middle,Magelang,Central Java,Individual
5094,Ratna Kurniawan,Female,44,Consultant,Upper-Middle,Jayapura,Papua,Individual
5095,Agus Nugroho,Male,48,Lawyer,Upper-Middle,Solo,Central Java,Individual
5096,Wahyu Rahmawati,Male,45,Retail Owner,Low,Bukittinggi,West Sumatra,Individual
5097,Nadia Permana,Female,58,Entrepreneur,Middle,Gresik,East Java,Individual
5098,PT Lestari Sentosa,N/A,0,Corporate,High,Makassar,South Sulawesi,Corporate
5099,Nadia Nugroho,Female,55,Civil Servant,Middle,Jakarta Utara,DKI Jakarta,Individual
5100,Agus Santoso,Male,38,Teacher,Middle,Cilegon,Banten,Individual
5101,Yusuf Gunawan,Male,30,Professional,Middle,Jakarta Barat,DKI Jakarta,Individual
5102,Maya Saputra,Female,25,Doctor,Middle,Balikpapan,East Kalimantan,Individual
5103,Eko Halim,Male,57,Civil Servant,Middle,Bogor,West Java,Individual
5104,Fajar Wijaya,Male,32,Retail Owner,Upper-Middle,Jakarta Barat,DKI Jakarta,Individual
5105,Bayu Nugroho,Male,23,Doctor,Middle,Sleman,Yogyakarta,Individual
5106,Fitri Anggraini,Female,35,Lawyer,Upper-Middle,Bukittinggi,West Sumatra,Individual
5107,Andi Lestari,Male,54,Manager,Middle,Solo,Central Java,Individual
5108,Hendra Anggraini,Male,22,Consultant,Upper-Middle,Malang,East Java,Individual
5109,Aldi Gunawan,Male,44,Retail Owner,High,Sidoarjo,East Java,Individual
5110,Putri Halim,Female,52,Doctor,Upper-Middle,Tangerang,Banten,Individual
5111,Agus Lestari,Male,32,Consultant,Middle,Lubuklinggau,South Sumatra,Individual
5112,Yusuf Pratama,Male,39,Engineer,Middle,Yogyakarta,Yogyakarta,Individual
5113,Indah Kurniawan,Female,28,Professional,Low,Gresik,East Java,Individual
5114,Ratna Rahmawati,Female,47,Retail Owner,Middle,Singkawang,West Kalimantan,Individual
5115,Maya Halim,Female,38,Professional,High,Metro,Lampung,Individual
5116,Lestari Setiawan,Female,42,Engineer,Middle,Sleman,Yogyakarta,Individual
5117,PT Setiawan Jaya,N/A,0,Corporate,High,Tangerang,Banten,Corporate
5118,Bayu Pratama,Male,29,Manager,Middle,Lubuklinggau,South Sumatra,Individual
5119,Putra Permana,Male,35,Consultant,Middle,Cimahi,West Java,Individual
5120,Dani Gunawan,Male,32,Doctor,Middle,Samarinda,East Kalimantan,Individual
5121,Putri Pratama,Female,22,Civil Servant,Upper-Middle,Jakarta Barat,DKI Jakarta,Individual
5122,Dimas Permana,Male,47,Entrepreneur,Upper-Middle,Binjai,North Sumatra,Individual
5123,Budi Wijaya,Male,53,Manager,Low,Cilegon,Banten,Individual
5124,Wahyu Santoso,Male,33,Lawyer,Upper-Middle,Pekanbaru,Riau,Individual
5125,Indah Anggraini,Female,58,Professional,Upper-Middle,Yogyakarta,Yogyakarta,Individual
5126,Yusuf Kurniawan,Male,43,Engineer,Upper-Middle,Parepare,South Sulawesi,Individual
5127,Rina Maulana,Female,54,Teacher,High,Surabaya,East Java,Individual
5128,Maya Kurniawan,Female,61,Consultant,Low,Yogyakarta,Yogyakarta,Individual
5129,Yusuf Wijaya,Male,56,Entrepreneur,High,Manado,North Sulawesi,Individual
5130,Wahyu Permana,Male,56,Civil Servant,High,Yogyakarta,Yogyakarta,Individual
5131,Budi Kurniawan,Male,22,Engineer,Low,Makassar,South Sulawesi,Individual
5132,Eko Gunawan,Male,44,Civil Servant,Middle,Bogor,West Java,Individual
5133,Aldi Wijaya,Male,27,Teacher,Middle,Magelang,Central Java,Individual
5134,Bayu Anggraini,Male,35,Professional,Middle,Yogyakarta,Yogyakarta,Individual
5135,Hendra Lestari,Male,54,Civil Servant,Low,Singkawang,West Kalimantan,Individual
5136,Eko Hidayat,Male,28,Manager,Middle,Malang,East Java,Individual
5137,Eko Wijaya,Male,24,Teacher,Upper-Middle,Magelang,Central Java,Individual
5138,Rizki Gunawan,Male,22,Engineer,Middle,Cilegon,Banten,Individual
5139,Putra Hidayat,Male,23,Consultant,Middle,Samarinda,East Kalimantan,Individual
5140,Indah Anggraini,Female,53,Engineer,Middle,Magelang,Central Java,Individual
5141,Siti Setiawan,Female,22,Lawyer,Middle,Pematangsiantar,North Sumatra,Individual
5142,Ratna Pratama,Female,43,Professional,High,Surabaya,East Java,Individual
5143,Yusuf Wijaya,Male,51,Consultant,Upper-Middle,Denpasar,Bali,Individual
5144,Budi Permana,Male,57,Professional,High,Surabaya,East Java,Individual
5145,Wahyu Saputra,Male,38,Professional,Low,Manado,North Sulawesi,Individual
5146,Agus Pratama,Male,33,Lawyer,Middle,Jakarta Selatan,DKI Jakarta,Individual
5147,Ratna Lestari,Female,26,Engineer,Upper-Middle,Sleman,Yogyakarta,Individual
5148,Lestari Kurniawan,Female,54,Civil Servant,Middle,Jayapura,Papua,Individual
5149,Ratna Pratama,Female,50,Consultant,Upper-Middle,Lubuklinggau,South Sumatra,Individual
5150,Bayu Gunawan,Male,55,Engineer,Middle,Jakarta Selatan,DKI Jakarta,Individual
5151,Nadia Kurniawan,Female,53,Professional,Upper-Middle,Solo,Central Java,Individual
5152,Putri Nugroho,Female,58,Retail Owner,Middle,Semarang,Central Java,Individual
5153,Yusuf Kurniawan,Male,41,Entrepreneur,Middle,Bitung,North Sulawesi,Individual
5154,Putra Saputra,Male,57,Engineer,Low,Palembang,South Sumatra,Individual
5155,Yusuf Lestari,Male,30,Retail Owner,Middle,Bandung,West Java,Individual
5156,Bayu Nugroho,Male,55,Consultant,Middle,Bogor,West Java,Individual
5157,Putri Halim,Female,60,Lawyer,High,Sleman,Yogyakarta,Individual
5158,Eko Setiawan,Male,38,Manager,Low,Samarinda,East Kalimantan,Individual
5159,Citra Kurniawan,Female,40,Doctor,Middle,Sleman,Yogyakarta,Individual
5160,Agus Setiawan,Male,47,Retail Owner,Upper-Middle,Yogyakarta,Yogyakarta,Individual
5161,PT Kurniawan Jaya,N/A,0,Corporate,High,Bukittinggi,West Sumatra,Corporate
5162,Yusuf Saputra,Male,43,Entrepreneur,High,Parepare,South Sulawesi,Individual
5163,Andi Permana,Male,28,Professional,Middle,Surabaya,East Java,Individual
5164,Budi Hidayat,Male,47,Civil Servant,Upper-Middle,Sleman,Yogyakarta,Individual
5165,Rina Kurniawan,Female,32,Doctor,Upper-Middle,Semarang,Central Java,Individual
5166,Siti Nugroho,Female,39,Engineer,Middle,Yogyakarta,Yogyakarta,Individual
5167,Intan Wijaya,Female,27,Engineer,Low,Sidoarjo,East Java,Individual
5168,Ayu Gunawan,Female,40,Civil Servant,Middle,Banjarbaru,South Kalimantan,Individual
5169,Indah Saputra,Female,54,Professional,Low,Cimahi,West Java,Individual
5170,Maya Maulana,Female,53,Engineer,Upper-Middle,Gresik,East Java,Individual
5171,Putri Nugroho,Female,50,Teacher,Upper-Middle,Sleman,Yogyakarta,Individual
5172,Agus Saputra,Male,22,Teacher,Low,Jakarta Barat,DKI Jakarta,Individual
5173,Dani Rahmawati,Male,36,Doctor,Upper-Middle,Tangerang,Banten,Individual
5174,PT Nugroho Sentosa,N/A,0,Corporate,High,Jayapura,Papua,Corporate
5175,Andi Setiawan,Male,54,Lawyer,Low,Malang,East Java,Individual
5176,Putri Nugroho,Female,35,Engineer,Upper-Middle,Jayapura,Papua,Individual
5177,Hendra Kurniawan,Male,59,Doctor,Middle,Bukittinggi,West Sumatra,Individual
5178,Lestari Santoso,Female,31,Retail Owner,Upper-Middle,Banjarbaru,South Kalimantan,Individual
5179,Hendra Hidayat,Male,22,Professional,Middle,Singkawang,West Kalimantan,Individual
5180,Budi Santoso,Male,32,Manager,Middle,Bandung,West Java,Individual
5181,PT Anggraini Mandiri,N/A,0,Corporate,High,Makassar,South Sulawesi,Corporate
5182,Citra Permana,Female,54,Entrepreneur,High,Medan,North Sumatra,Individual
5183,Rizki Setiawan,Male,61,Retail Owner,Middle,Jakarta Timur,DKI Jakarta,Individual
5184,Lestari Halim,Female,62,Entrepreneur,Upper-Middle,Malang,East Java,Individual
5185,Rizki Santoso,Male,39,Lawyer,Upper-Middle,Semarang,Central Java,Individual
5186,Putri Saputra,Female,56,Civil Servant,High,Sidoarjo,East Java,Individual
5187,Nadia Halim,Female,60,Manager,Middle,Jayapura,Papua,Individual
5188,Nadia Maulana,Female,60,Teacher,Middle,Jakarta Barat,DKI Jakarta,Individual
5189,Wati Permana,Female,60,Lawyer,Upper-Middle,Samarinda,East Kalimantan,Individual
5190,Maya Setiawan,Female,62,Engineer,Low,Cimahi,West Java,Individual
5191,Agus Pratama,Male,39,Teacher,Upper-Middle,Jakarta Pusat,DKI Jakarta,Individual
5192,Nadia Pratama,Female,30,Retail Owner,Middle,Banjarbaru,South Kalimantan,Individual
5193,Indah Setiawan,Female,22,Lawyer,Upper-Middle,Sidoarjo,East Java,Individual
5194,Siti Anggraini,Female,53,Entrepreneur,Middle,Bandung,West Java,Individual
5195,Putri Kurniawan,Female,32,Professional,Upper-Middle,Sleman,Yogyakarta,Individual
5196,Wahyu Nugroho,Male,44,Teacher,Upper-Middle,Malang,East Java,Individual
5197,Agus Wijaya,Male,39,Retail Owner,Upper-Middle,Magelang,Central Java,Individual
5198,Nadia Anggraini,Female,48,Doctor,High,Bitung,North Sulawesi,Individual
5199,Fitri Maulana,Female,44,Civil Servant,Upper-Middle,Palembang,South Sumatra,Individual
5200,Ratna Setiawan,Female,57,Entrepreneur,Upper-Middle,Cilegon,Banten,Individual
5201,Citra Hidayat,Female,32,Retail Owner,Upper-Middle,Banjarmasin,South Kalimantan,Individual
5202,Sari Anggraini,Female,32,Retail Owner,Middle,Bukittinggi,West Sumatra,Individual
5203,Eko Pratama,Male,36,Entrepreneur,Upper-Middle,Jakarta Timur,DKI Jakarta,Individual
5204,PT Halim Logistik,N/A,0,Corporate,High,Jakarta Barat,DKI Jakarta,Corporate
5205,Putri Kurniawan,Female,58,Consultant,Upper-Middle,Malang,East Java,Individual
5206,Putra Halim,Male,52,Engineer,Middle,Cimahi,West Java,Individual
5207,Putri Setiawan,Female,49,Teacher,Upper-Middle,Jakarta Utara,DKI Jakarta,Individual
5208,Citra Saputra,Female,35,Retail Owner,Middle,Jakarta Utara,DKI Jakarta,Individual
5209,Rina Lestari,Female,31,Doctor,Middle,Palembang,South Sumatra,Individual
5210,Rizki Santoso,Male,61,Doctor,Low,Semarang,Central Java,Individual
5211,Andi Rahmawati,Male,45,Doctor,Middle,Sleman,Yogyakarta,Individual
5212,Siti Gunawan,Female,33,Doctor,Upper-Middle,Pekanbaru,Riau,Individual
5213,Reza Wijaya,Male,26,Manager,Low,Solo,Central Java,Individual
5214,Citra Lestari,Female,51,Engineer,Middle,Solo,Central Java,Individual
5215,Sari Halim,Female,25,Engineer,Middle,Parepare,South Sulawesi,Individual
5216,Budi Anggraini,Male,25,Teacher,Middle,Metro,Lampung,Individual
5217,Bayu Halim,Male,30,Doctor,Middle,Yogyakarta,Yogyakarta,Individual
5218,Rizki Gunawan,Male,55,Entrepreneur,Middle,Binjai,North Sumatra,Individual
5219,Siti Kurniawan,Female,30,Engineer,Upper-Middle,Solo,Central Java,Individual
5220,Wati Santoso,Female,41,Professional,Middle,Semarang,Central Java,Individual
5221,Maya Rahmawati,Female,37,Retail Owner,Upper-Middle,Depok,West Java,Individual
5222,Eko Halim,Male,40,Teacher,Low,Semarang,Central Java,Individual
5223,Eko Saputra,Male,45,Civil Servant,Middle,Semarang,Central Java,Individual
5224,Bayu Nugroho,Male,55,Retail Owner,High,Jakarta Utara,DKI Jakarta,Individual
5225,Ratna Halim,Female,44,Retail Owner,High,Sleman,Yogyakarta,Individual
5226,Sari Permana,Female,47,Engineer,Upper-Middle,Gresik,East Java,Individual
5227,Dimas Permana,Male,59,Engineer,Low,Malang,East Java,Individual
5228,Ayu Rahmawati,Female,45,Consultant,Middle,Jakarta Selatan,DKI Jakarta,Individual
5229,Lestari Gunawan,Female,44,Manager,Upper-Middle,Sleman,Yogyakarta,Individual
5230,Reza Anggraini,Male,61,Teacher,Upper-Middle,Semarang,Central Java,Individual
5231,Aldi Rahmawati,Male,23,Lawyer,Low,Binjai,North Sumatra,Individual
5232,Wahyu Gunawan,Male,53,Doctor,Middle,Padang,West Sumatra,Individual
5233,Dimas Gunawan,Male,41,Professional,Low,Tangerang,Banten,Individual
5234,Sari Lestari,Female,42,Consultant,Upper-Middle,Malang,East Java,Individual
5235,Wahyu Wijaya,Male,57,Professional,Upper-Middle,Serang,Banten,Individual
5236,Hendra Anggraini,Male,47,Lawyer,Middle,Sidoarjo,East Java,Individual
5237,Sari Permana,Female,48,Consultant,Upper-Middle,Solo,Central Java,Individual
5238,Siti Halim,Female,37,Manager,Middle,Bukittinggi,West Sumatra,Individual
5239,Lestari Anggraini,Female,45,Doctor,Middle,Medan,North Sumatra,Individual
5240,Indah Saputra,Female,33,Teacher,Middle,Makassar,South Sulawesi,Individual
5241,Dewi Halim,Female,30,Retail Owner,Low,Sleman,Yogyakarta,Individual
5242,Fitri Permana,Female,46,Retail Owner,Upper-Middle,Serang,Banten,Individual
5243,Nadia Saputra,Female,27,Civil Servant,Upper-Middle,Parepare,South Sulawesi,Individual
5244,Rizki Setiawan,Male,35,Teacher,Middle,Makassar,South Sulawesi,Individual
5245,Hendra Nugroho,Male,30,Engineer,Middle,Badung,Bali,Individual
5246,Budi Lestari,Male,46,Retail Owner,Middle,Tangerang,Banten,Individual
5247,Rina Lestari,Female,23,Manager,Upper-Middle,Malang,East Java,Individual
5248,PT Pratama Mandiri,N/A,0,Corporate,High,Balikpapan,East Kalimantan,Corporate
5249,Ayu Saputra,Female,44,Engineer,Middle,Cilegon,Banten,Individual
5250,Citra Santoso,Female,22,Civil Servant,Upper-Middle,Makassar,South Sulawesi,Individual
5251,Dimas Maulana,Male,30,Engineer,Middle,Sleman,Yogyakarta,Individual
5252,Rina Setiawan,Female,42,Professional,Middle,Lubuklinggau,South Sumatra,Individual
5253,Andi Saputra,Male,56,Consultant,Low,Banjarbaru,South Kalimantan,Individual
5254,Putri Gunawan,Female,26,Professional,Middle,Yogyakarta,Yogyakarta,Individual
5255,Bayu Maulana,Male,27,Manager,Middle,Balikpapan,East Kalimantan,Individual
5256,Rina Kurniawan,Female,61,Civil Servant,Middle,Jakarta Pusat,DKI Jakarta,Individual
5257,Lestari Rahmawati,Female,39,Retail Owner,Middle,Sleman,Yogyakarta,Individual
5258,PT Pratama Jaya,N/A,0,Corporate,High,Sleman,Yogyakarta,Corporate
5259,Agus Gunawan,Male,34,Engineer,Upper-Middle,Bekasi,West Java,Individual
5260,Wahyu Setiawan,Male,50,Retail Owner,High,Semarang,Central Java,Individual
5261,Wahyu Maulana,Male,37,Entrepreneur,Low,Magelang,Central Java,Individual
5262,Eko Setiawan,Male,47,Consultant,Middle,Serang,Banten,Individual
5263,Putri Maulana,Female,60,Entrepreneur,High,Tangerang,Banten,Individual
5264,Agus Santoso,Male,39,Retail Owner,Upper-Middle,Solo,Central Java,Individual
5265,Nadia Santoso,Female,48,Consultant,Upper-Middle,Malang,East Java,Individual
5266,Eko Setiawan,Male,46,Retail Owner,Low,Sidoarjo,East Java,Individual
5267,Aldi Permana,Male,30,Doctor,Middle,Sidoarjo,East Java,Individual
5268,Nadia Permana,Female,42,Professional,Middle,Singkawang,West Kalimantan,Individual
5269,Aldi Rahmawati,Male,56,Entrepreneur,Upper-Middle,Surabaya,East Java,Individual
5270,Reza Hidayat,Male,60,Doctor,Middle,Magelang,Central Java,Individual
5271,Fajar Setiawan,Male,45,Entrepreneur,High,Dumai,Riau,Individual
5272,Dewi Wijaya,Female,62,Teacher,Middle,Jakarta Utara,DKI Jakarta,Individual
5273,Siti Setiawan,Female,55,Entrepreneur,Middle,Semarang,Central Java,Individual
5274,Aldi Permana,Male,36,Professional,High,Bandar Lampung,Lampung,Individual
5275,Indah Permana,Female,52,Doctor,Middle,Bandung,West Java,Individual
5276,Rizki Maulana,Male,38,Manager,Middle,Mataram,West Nusa Tenggara,Individual
5277,Wati Santoso,Female,59,Teacher,Upper-Middle,Magelang,Central Java,Individual
5278,Ratna Permana,Female,34,Engineer,Upper-Middle,Jakarta Barat,DKI Jakarta,Individual
5279,Rina Halim,Female,37,Retail Owner,Low,Tangerang,Banten,Individual
5280,Maya Kurniawan,Female,57,Teacher,Upper-Middle,Bandung,West Java,Individual
5281,Fitri Santoso,Female,25,Retail Owner,Upper-Middle,Jakarta Pusat,DKI Jakarta,Individual
5282,Ratna Anggraini,Female,48,Entrepreneur,Middle,Magelang,Central Java,Individual
5283,Fitri Pratama,Female,41,Professional,Low,Gresik,East Java,Individual
5284,Citra Setiawan,Female,22,Entrepreneur,Low,Cilegon,Banten,Individual
5285,Yusuf Saputra,Male,55,Doctor,Middle,Solo,Central Java,Individual
5286,Maya Saputra,Female,47,Entrepreneur,Upper-Middle,Cilegon,Banten,Individual
5287,Dewi Saputra,Female,28,Lawyer,Upper-Middle,Serang,Banten,Individual
5288,PT Pratama Sentosa,N/A,0,Corporate,High,Jakarta Pusat,DKI Jakarta,Corporate
5289,Wati Maulana,Female,33,Entrepreneur,Middle,Jakarta Utara,DKI Jakarta,Individual
5290,Lestari Nugroho,Female,22,Professional,Upper-Middle,Serang,Banten,Individual
5291,Lestari Lestari,Female,61,Civil Servant,Upper-Middle,Balikpapan,East Kalimantan,Individual
5292,Wati Kurniawan,Female,51,Civil Servant,Middle,Sleman,Yogyakarta,Individual
5293,Intan Permana,Female,26,Doctor,High,Pontianak,West Kalimantan,Individual
5294,Fitri Saputra,Female,56,Entrepreneur,Middle,Yogyakarta,Yogyakarta,Individual
5295,Hendra Saputra,Male,32,Lawyer,Upper-Middle,Cimahi,West Java,Individual
5296,Hendra Maulana,Male,46,Professional,Middle,Jakarta Timur,DKI Jakarta,Individual
5297,Fitri Santoso,Female,57,Lawyer,Middle,Jakarta Selatan,DKI Jakarta,Individual
5298,Agus Lestari,Male,50,Civil Servant,Middle,Jakarta Utara,DKI Jakarta,Individual
5299,Dani Pratama,Male,36,Lawyer,Low,Solo,Central Java,Individual
5300,Fitri Halim,Female,33,Entrepreneur,Middle,Samarinda,East Kalimantan,Individual
5301,Fitri Lestari,Female,29,Civil Servant,Upper-Middle,Lubuklinggau,South Sumatra,Individual
5302,Citra Anggraini,Female,51,Lawyer,Low,Bitung,North Sulawesi,Individual
5303,Dewi Setiawan,Female,41,Lawyer,Middle,Bogor,West Java,Individual
5304,Wati Maulana,Female,55,Manager,Middle,Mataram,West Nusa Tenggara,Individual
5305,Reza Santoso,Male,55,Teacher,Middle,Jakarta Selatan,DKI Jakarta,Individual
5306,Intan Saputra,Female,36,Manager,Middle,Gresik,East Java,Individual
5307,Ayu Pratama,Female,45,Retail Owner,Low,Tangerang,Banten,Individual
5308,Budi Permana,Male,59,Civil Servant,Middle,Yogyakarta,Yogyakarta,Individual
5309,Fitri Kurniawan,Female,25,Doctor,Middle,Lubuklinggau,South Sumatra,Individual
5310,Dani Rahmawati,Male,58,Engineer,Middle,Malang,East Java,Individual
5311,Siti Hidayat,Female,26,Consultant,Middle,Bitung,North Sulawesi,Individual
5312,Hendra Saputra,Male,56,Engineer,Middle,Balikpapan,East Kalimantan,Individual
5313,Yusuf Santoso,Male,46,Civil Servant,Low,Sleman,Yogyakarta,Individual
5314,Lestari Anggraini,Female,51,Civil Servant,High,Magelang,Central Java,Individual
5315,Putra Lestari,Male,23,Lawyer,Middle,Sleman,Yogyakarta,Individual
5316,Citra Permana,Female,33,Retail Owner,Middle,Bandung,West Java,Individual
5317,Dewi Maulana,Female,33,Manager,High,Pekanbaru,Riau,Individual
5318,Putra Halim,Male,38,Engineer,Upper-Middle,Serang,Banten,Individual
5319,Dewi Permana,Female,56,Professional,Upper-Middle,Tangerang,Banten,Individual
5320,Andi Anggraini,Male,36,Consultant,Middle,Bekasi,West Java,Individual
5321,Rina Hidayat,Female,41,Consultant,High,Magelang,Central Java,Individual
5322,Ayu Santoso,Female,49,Civil Servant,Upper-Middle,Sleman,Yogyakarta,Individual
5323,Dani Setiawan,Male,45,Consultant,Low,Serang,Banten,Individual
5324,Wati Saputra,Female,41,Doctor,Middle,Yogyakarta,Yogyakarta,Individual
5325,PT Wijaya Group,N/A,0,Corporate,High,Gresik,East Java,Corporate
5326,Indah Lestari,Female,35,Entrepreneur,Middle,Bekasi,West Java,Individual
5327,Indah Pratama,Female,28,Doctor,Middle,Pekanbaru,Riau,Individual
5328,Maya Halim,Female,25,Engineer,Middle,Banjarbaru,South Kalimantan,Individual
5329,Hendra Maulana,Male,37,Doctor,Middle,Pekanbaru,Riau,Individual
5330,Reza Setiawan,Male,28,Civil Servant,Middle,Solo,Central Java,Individual
5331,Bayu Nugroho,Male,45,Consultant,Upper-Middle,Surabaya,East Java,Individual
5332,Lestari Anggraini,Female,46,Professional,Middle,Manado,North Sulawesi,Individual
5333,Fitri Kurniawan,Female,27,Entrepreneur,Low,Padang,West Sumatra,Individual
5334,Intan Pratama,Female,40,Engineer,Middle,Jakarta Timur,DKI Jakarta,Individual
5335,Rina Rahmawati,Female,62,Engineer,Upper-Middle,Manado,North Sulawesi,Individual
5336,Hendra Kurniawan,Male,62,Doctor,Middle,Gresik,East Java,Individual
5337,Aldi Santoso,Male,49,Doctor,Middle,Manado,North Sulawesi,Individual
5338,Agus Nugroho,Male,38,Entrepreneur,Upper-Middle,Jakarta Selatan,DKI Jakarta,Individual
5339,Fajar Rahmawati,Male,45,Teacher,Low,Yogyakarta,Yogyakarta,Individual
5340,Wahyu Kurniawan,Male,49,Doctor,Middle,Malang,East Java,Individual
5341,Yusuf Maulana,Male,27,Engineer,Middle,Sidoarjo,East Java,Individual
5342,Eko Halim,Male,57,Civil Servant,Upper-Middle,Tangerang,Banten,Individual
5343,PT Hidayat Jaya,N/A,0,Corporate,High,Banjarmasin,South Kalimantan,Corporate
5344,PT Wijaya Logistik,N/A,0,Corporate,High,Sleman,Yogyakarta,Corporate
5345,Fitri Pratama,Female,29,Civil Servant,High,Serang,Banten,Individual
5346,Wahyu Hidayat,Male,25,Engineer,Middle,Yogyakarta,Yogyakarta,Individual
5347,Dimas Anggraini,Male,60,Teacher,Middle,Yogyakarta,Yogyakarta,Individual
5348,PT Halim Mandiri,N/A,0,Corporate,High,Bukittinggi,West Sumatra,Corporate
5349,Bayu Saputra,Male,54,Lawyer,High,Yogyakarta,Yogyakarta,Individual
5350,Maya Saputra,Female,60,Consultant,Upper-Middle,Sleman,Yogyakarta,Individual
5351,PT Kurniawan Sentosa,N/A,0,Corporate,High,Jakarta Utara,DKI Jakarta,Corporate
5352,Fitri Kurniawan,Female,37,Teacher,Upper-Middle,Jakarta Utara,DKI Jakarta,Individual
5353,Siti Maulana,Female,39,Professional,High,Magelang,Central Java,Individual
5354,Wahyu Hidayat,Male,29,Civil Servant,Middle,Bitung,North Sulawesi,Individual
5355,Yusuf Nugroho,Male,40,Professional,Middle,Cimahi,West Java,Individual
5356,Dewi Lestari,Female,38,Teacher,Upper-Middle,Bogor,West Java,Individual
5357,Intan Rahmawati,Female,47,Engineer,Middle,Parepare,South Sulawesi,Individual
5358,Indah Kurniawan,Female,22,Entrepreneur,Middle,Magelang,Central Java,Individual
5359,Maya Santoso,Female,31,Manager,Low,Jakarta Pusat,DKI Jakarta,Individual
5360,Bayu Gunawan,Male,31,Entrepreneur,Middle,Banjarbaru,South Kalimantan,Individual
5361,Dani Hidayat,Male,29,Teacher,Middle,Cilegon,Banten,Individual
5362,Sari Wijaya,Female,49,Doctor,Middle,Tangerang,Banten,Individual
5363,Hendra Saputra,Male,47,Engineer,Middle,Malang,East Java,Individual
5364,Dimas Hidayat,Male,37,Retail Owner,Middle,Makassar,South Sulawesi,Individual
5365,Fajar Maulana,Male,44,Entrepreneur,Middle,Sleman,Yogyakarta,Individual
5366,Rina Wijaya,Female,60,Entrepreneur,Upper-Middle,Samarinda,East Kalimantan,Individual
5367,Lestari Maulana,Female,60,Engineer,Middle,Bukittinggi,West Sumatra,Individual
5368,Putra Permana,Male,50,Entrepreneur,Upper-Middle,Cilegon,Banten,Individual
5369,Ayu Rahmawati,Female,26,Retail Owner,Upper-Middle,Solo,Central Java,Individual
5370,Rina Halim,Female,46,Entrepreneur,Low,Parepare,South Sulawesi,Individual
5371,Aldi Anggraini,Male,47,Entrepreneur,Middle,Banjarmasin,South Kalimantan,Individual
5372,Rizki Maulana,Male,29,Retail Owner,Upper-Middle,Gresik,East Java,Individual
5373,Andi Lestari,Male,32,Professional,Upper-Middle,Bitung,North Sulawesi,Individual
5374,Intan Halim,Female,59,Doctor,Low,Semarang,Central Java,Individual
5375,Citra Santoso,Female,29,Consultant,Low,Gresik,East Java,Individual
5376,Ayu Anggraini,Female,29,Civil Servant,High,Magelang,Central Java,Individual
5377,Bayu Wijaya,Male,59,Retail Owner,Upper-Middle,Magelang,Central Java,Individual
5378,Intan Gunawan,Female,32,Retail Owner,Middle,Jayapura,Papua,Individual
5379,Putra Rahmawati,Male,40,Teacher,Low,Metro,Lampung,Individual
5380,Andi Setiawan,Male,39,Consultant,Middle,Makassar,South Sulawesi,Individual
5381,Ayu Pratama,Female,53,Engineer,Upper-Middle,Serang,Banten,Individual
5382,Rizki Setiawan,Male,41,Entrepreneur,Low,Sleman,Yogyakarta,Individual
5383,Indah Pratama,Female,31,Manager,Middle,Makassar,South Sulawesi,Individual
5384,Yusuf Maulana,Male,60,Civil Servant,Middle,Cilegon,Banten,Individual
5385,Nadia Maulana,Female,41,Retail Owner,Middle,Bitung,North Sulawesi,Individual
5386,Aldi Permana,Male,45,Doctor,Low,Banjarbaru,South Kalimantan,Individual
5387,Wati Permana,Female,42,Consultant,High,Gresik,East Java,Individual
5388,Putra Lestari,Male,26,Retail Owner,High,Pontianak,West Kalimantan,Individual
5389,Agus Gunawan,Male,59,Professional,Low,Solo,Central Java,Individual
5390,Reza Kurniawan,Male,22,Entrepreneur,Upper-Middle,Malang,East Java,Individual
5391,Agus Kurniawan,Male,25,Manager,Low,Jakarta Timur,DKI Jakarta,Individual
5392,Sari Wijaya,Female,52,Lawyer,Upper-Middle,Jakarta Pusat,DKI Jakarta,Individual
5393,Dewi Lestari,Female,49,Engineer,Middle,Badung,Bali,Individual
5394,Putri Halim,Female,60,Lawyer,High,Pekanbaru,Riau,Individual
5395,Ayu Kurniawan,Female,30,Civil Servant,High,Semarang,Central Java,Individual
5396,Rina Santoso,Female,47,Teacher,Upper-Middle,Jayapura,Papua,Individual
5397,Maya Anggraini,Female,52,Lawyer,Middle,Gresik,East Java,Individual
5398,Putra Pratama,Male,35,Teacher,Middle,Yogyakarta,Yogyakarta,Individual
5399,Siti Gunawan,Female,33,Retail Owner,Middle,Surabaya,East Java,Individual
5400,Rina Santoso,Female,30,Manager,Middle,Samarinda,East Kalimantan,Individual
5401,Sari Nugroho,Female,22,Civil Servant,Middle,Dumai,Riau,Individual
5402,Reza Permana,Male,48,Civil Servant,High,Malang,East Java,Individual
5403,Intan Santoso,Female,51,Doctor,Middle,Tangerang,Banten,Individual
5404,Agus Lestari,Male,36,Consultant,Middle,Magelang,Central Java,Individual
5405,Sari Permana,Female,45,Lawyer,Middle,Jakarta Selatan,DKI Jakarta,Individual
5406,PT Pratama Sentosa,N/A,0,Corporate,High,Lubuklinggau,South Sumatra,Corporate
5407,Fajar Hidayat,Male,24,Professional,Middle,Sidoarjo,East Java,Individual
5408,Agus Anggraini,Male,59,Civil Servant,Upper-Middle,Banjarbaru,South Kalimantan,Individual
5409,Fitri Kurniawan,Female,60,Entrepreneur,Middle,Gresik,East Java,Individual
5410,PT Santoso Sentosa,N/A,0,Corporate,High,Lubuklinggau,South Sumatra,Corporate
5411,Nadia Hidayat,Female,26,Retail Owner,Upper-Middle,Serang,Banten,Individual
5412,Wahyu Wijaya,Male,51,Consultant,Upper-Middle,Sidoarjo,East Java,Individual
5413,Fajar Lestari,Male,49,Professional,Upper-Middle,Gresik,East Java,Individual
5414,Dewi Hidayat,Female,31,Doctor,High,Singkawang,West Kalimantan,Individual
5415,Eko Permana,Male,38,Entrepreneur,High,Balikpapan,East Kalimantan,Individual
5416,Eko Halim,Male,50,Consultant,Low,Surabaya,East Java,Individual
5417,Rina Lestari,Female,41,Civil Servant,Middle,Banjarmasin,South Kalimantan,Individual
5418,Yusuf Maulana,Male,60,Teacher,Middle,Bandar Lampung,Lampung,Individual
5419,Agus Permana,Male,54,Doctor,Low,Jakarta Pusat,DKI Jakarta,Individual
5420,Agus Pratama,Male,57,Teacher,Upper-Middle,Yogyakarta,Yogyakarta,Individual
5421,Agus Gunawan,Male,55,Civil Servant,Upper-Middle,Bandar Lampung,Lampung,Individual
5422,Budi Santoso,Male,48,Civil Servant,Upper-Middle,Semarang,Central Java,Individual
5423,Eko Anggraini,Male,40,Civil Servant,High,Mataram,West Nusa Tenggara,Individual
5424,Reza Gunawan,Male,44,Entrepreneur,Middle,Manado,North Sulawesi,Individual
5425,Lestari Rahmawati,Female,57,Retail Owner,Upper-Middle,Sleman,Yogyakarta,Individual
5426,PT Wijaya Logistik,N/A,0,Corporate,High,Jakarta Utara,DKI Jakarta,Corporate
5427,Reza Permana,Male,38,Lawyer,Upper-Middle,Sleman,Yogyakarta,Individual
5428,Dani Kurniawan,Male,47,Doctor,Middle,Banjarmasin,South Kalimantan,Individual
5429,PT Permana Logistik,N/A,0,Corporate,High,Jayapura,Papua,Corporate
5430,Maya Gunawan,Female,28,Civil Servant,Middle,Serang,Banten,Individual
5431,Rina Maulana,Female,30,Civil Servant,Upper-Middle,Samarinda,East Kalimantan,Individual
5432,Indah Nugroho,Female,28,Teacher,High,Cimahi,West Java,Individual
5433,Ayu Nugroho,Female,42,Teacher,Middle,Yogyakarta,Yogyakarta,Individual
5434,Fajar Saputra,Male,41,Engineer,High,Bogor,West Java,Individual
5435,Ratna Wijaya,Female,62,Consultant,Middle,Cilegon,Banten,Individual
5436,Andi Kurniawan,Male,61,Teacher,Middle,Bekasi,West Java,Individual
5437,Citra Wijaya,Female,51,Consultant,Middle,Depok,West Java,Individual
5438,Yusuf Hidayat,Male,36,Retail Owner,High,Cimahi,West Java,Individual
5439,Sari Gunawan,Female,52,Civil Servant,Upper-Middle,Balikpapan,East Kalimantan,Individual
5440,Budi Permana,Male,51,Civil Servant,Middle,Binjai,North Sumatra,Individual
5441,Ratna Anggraini,Female,23,Engineer,Middle,Serang,Banten,Individual
5442,Wati Saputra,Female,39,Retail Owner,Low,Manado,North Sulawesi,Individual
5443,PT Setiawan Logistik,N/A,0,Corporate,High,Pekanbaru,Riau,Corporate
5444,Ratna Gunawan,Female,49,Manager,High,Banjarmasin,South Kalimantan,Individual
5445,Nadia Nugroho,Female,52,Professional,Middle,Pematangsiantar,North Sumatra,Individual
5446,PT Rahmawati Jaya,N/A,0,Corporate,High,Manado,North Sulawesi,Corporate
5447,Reza Lestari,Male,57,Lawyer,Middle,Jakarta Utara,DKI Jakarta,Individual
5448,Citra Halim,Female,44,Civil Servant,Upper-Middle,Sleman,Yogyakarta,Individual
5449,Fajar Saputra,Male,61,Lawyer,Middle,Gresik,East Java,Individual
5450,Yusuf Lestari,Male,38,Professional,Middle,Medan,North Sumatra,Individual
5451,Putri Santoso,Female,28,Entrepreneur,High,Gresik,East Java,Individual
5452,Rina Rahmawati,Female,36,Consultant,Upper-Middle,Serang,Banten,Individual
5453,Putri Maulana,Female,23,Teacher,Upper-Middle,Singkawang,West Kalimantan,Individual
5454,Agus Gunawan,Male,54,Manager,Upper-Middle,Semarang,Central Java,Individual
5455,Putra Halim,Male,33,Civil Servant,Middle,Yogyakarta,Yogyakarta,Individual
5456,Maya Kurniawan,Female,27,Manager,Upper-Middle,Bukittinggi,West Sumatra,Individual
5457,Wati Lestari,Female,55,Manager,Upper-Middle,Cilegon,Banten,Individual
5458,Nadia Anggraini,Female,27,Teacher,High,Bitung,North Sulawesi,Individual
5459,Reza Santoso,Male,29,Doctor,Upper-Middle,Semarang,Central Java,Individual
5460,Wati Pratama,Female,27,Retail Owner,Upper-Middle,Solo,Central Java,Individual
5461,Wati Saputra,Female,54,Retail Owner,High,Sidoarjo,East Java,Individual
5462,Wati Lestari,Female,58,Civil Servant,Low,Yogyakarta,Yogyakarta,Individual
5463,PT Pratama Logistik,N/A,0,Corporate,High,Yogyakarta,Yogyakarta,Corporate
5464,Putri Rahmawati,Female,48,Teacher,Upper-Middle,Semarang,Central Java,Individual
5465,Sari Halim,Female,43,Lawyer,Low,Parepare,South Sulawesi,Individual
5466,Putra Rahmawati,Male,22,Civil Servant,Low,Gresik,East Java,Individual
5467,Yusuf Permana,Male,40,Manager,High,Metro,Lampung,Individual
5468,Fajar Nugroho,Male,55,Lawyer,Middle,Surabaya,East Java,Individual
5469,Putri Setiawan,Female,43,Doctor,Low,Palembang,South Sumatra,Individual
5470,Ayu Hidayat,Female,50,Civil Servant,Upper-Middle,Bogor,West Java,Individual
5471,Fitri Permana,Female,52,Engineer,Middle,Jakarta Selatan,DKI Jakarta,Individual
5472,Lestari Santoso,Female,38,Consultant,Low,Makassar,South Sulawesi,Individual
5473,PT Lestari Sentosa,N/A,0,Corporate,High,Balikpapan,East Kalimantan,Corporate
5474,Intan Setiawan,Female,48,Lawyer,Upper-Middle,Sleman,Yogyakarta,Individual
5475,Yusuf Santoso,Male,32,Consultant,Middle,Solo,Central Java,Individual
5476,Dani Setiawan,Male,25,Retail Owner,Middle,Depok,West Java,Individual
5477,Aldi Hidayat,Male,42,Doctor,Middle,Bukittinggi,West Sumatra,Individual
5478,Yusuf Rahmawati,Male,27,Retail Owner,Upper-Middle,Pekanbaru,Riau,Individual
5479,Ratna Kurniawan,Female,39,Civil Servant,High,Yogyakarta,Yogyakarta,Individual
5480,Rizki Halim,Male,62,Doctor,Upper-Middle,Magelang,Central Java,Individual
5481,Putri Permana,Female,50,Retail Owner,Middle,Palembang,South Sumatra,Individual
5482,Fajar Hidayat,Male,26,Doctor,Upper-Middle,Singkawang,West Kalimantan,Individual
5483,Putra Kurniawan,Male,34,Teacher,Middle,Medan,North Sumatra,Individual
5484,Maya Pratama,Female,50,Consultant,Middle,Parepare,South Sulawesi,Individual
5485,Reza Gunawan,Male,45,Doctor,Upper-Middle,Parepare,South Sulawesi,Individual
5486,Intan Wijaya,Female,52,Lawyer,High,Bitung,North Sulawesi,Individual
5487,Agus Hidayat,Male,41,Professional,Middle,Jakarta Timur,DKI Jakarta,Individual
5488,Lestari Maulana,Female,60,Lawyer,High,Yogyakarta,Yogyakarta,Individual
5489,PT Saputra Logistik,N/A,0,Corporate,High,Bandar Lampung,Lampung,Corporate
5490,Hendra Rahmawati,Male,58,Civil Servant,Middle,Pontianak,West Kalimantan,Individual
5491,PT Nugroho Logistik,N/A,0,Corporate,High,Cilegon,Banten,Corporate
5492,Dewi Setiawan,Female,30,Civil Servant,Upper-Middle,Jayapura,Papua,Individual
5493,Dewi Setiawan,Female,59,Manager,Middle,Jakarta Timur,DKI Jakarta,Individual
5494,Sari Rahmawati,Female,60,Civil Servant,Middle,Sidoarjo,East Java,Individual
5495,Fitri Lestari,Female,23,Civil Servant,Upper-Middle,Makassar,South Sulawesi,Individual
5496,Fajar Anggraini,Male,36,Lawyer,Upper-Middle,Cimahi,West Java,Individual
5497,Dewi Hidayat,Female,34,Lawyer,Middle,Bitung,North Sulawesi,Individual
5498,Fitri Gunawan,Female,41,Teacher,Upper-Middle,Solo,Central Java,Individual
5499,Wati Wijaya,Female,55,Teacher,Middle,Pematangsiantar,North Sumatra,Individual
5500,Bayu Rahmawati,Male,25,Engineer,High,Magelang,Central Java,Individual
