transaction_id,transaction_date,customer_id,vehicle_id,dealer_id,quantity,unit_price,discount_amount,tax_amount,total_revenue,payment_method,sales_channel
500001,2023-10-18,1210,140,45,1,173700000,0,19107000,192807000,Cash,Showroom
500002,2025-06-15,4445,123,88,1,786000000,4300000,85987000,867687000,Credit,Showroom
500003,2024-05-10,3423,107,50,1,375900000,11600000,40073000,404373000,Credit,Showroom
500004,2024-10-28,2212,124,111,1,314700000,7500000,33792000,340992000,Credit,Event
500005,2020-07-24,3566,120,37,1,393200000,24900000,40513000,408813000,Credit,Showroom
500006,2021-11-02,4499,145,83,1,366000000,24800000,37532000,378732000,Credit,Showroom
500007,2025-06-08,3442,123,57,1,751200000,23200000,80080000,808080000,Credit,Showroom
500008,2024-01-23,3838,135,88,1,286900000,5000000,31009000,312909000,Credit,Showroom
500009,2022-01-11,3623,155,32,1,653400000,20000000,69674000,703074000,Credit,Showroom
500010,2025-10-27,1596,117,50,1,184900000,10900000,19140000,193140000,Credit,Showroom
500011,2020-02-20,3652,101,8,1,239500000,5300000,25762000,259962000,Credit,Showroom
500012,2023-04-04,2515,110,119,1,789400000,54100000,80883000,816183000,Credit,Showroom
500013,2024-03-03,2657,115,31,1,280800000,9200000,29876000,301476000,Cash,Showroom
500014,2021-10-02,5438,140,86,1,174800000,0,19228000,194028000,Credit,Showroom
500015,2025-05-04,2199,128,71,1,302100000,12400000,31867000,321567000,Credit,Showroom
500016,2025-08-04,4375,116,50,1,258900000,15900000,26730000,269730000,Credit,Showroom
500017,2024-06-25,2151,102,91,1,468600000,25300000,48763000,492063000,Credit,Event
500018,2023-12-27,4316,107,19,1,379100000,16400000,39897000,402597000,Cash,Showroom
500019,2021-05-10,5095,134,55,1,261300000,14000000,27203000,274503000,Cash,Showroom
500020,2023-07-17,3278,138,22,1,256800000,9900000,27159000,274059000,Cash,Online
500021,2023-05-30,5103,176,86,1,1444700000,55600000,152801000,1541901000,Credit,Showroom
500022,2024-02-28,5273,118,56,1,201200000,1100000,22011000,222111000,Credit,Showroom
500023,2021-03-13,5381,103,17,1,294000000,17000000,30470000,307470000,Credit,Showroom
500024,2021-04-02,2275,117,113,1,193600000,3000000,20966000,211566000,Credit,Showroom
500025,2025-12-13,4048,102,68,1,455700000,27400000,47113000,475413000,Cash,Showroom
500026,2024-09-30,2013,136,119,1,443600000,12800000,47388000,478188000,Cash,Showroom
500027,2023-12-28,3867,118,48,1,208600000,11800000,21648000,218448000,Credit,Showroom
500028,2020-06-09,3406,105,2,1,574000000,24700000,60423000,609723000,Credit,Showroom
500029,2022-05-15,2240,112,58,1,232300000,10200000,24431000,246531000,Credit,Showroom
500030,2023-05-25,4030,138,11,1,244800000,2000000,26708000,269508000,Cash,Showroom
500031,2024-02-11,3813,140,12,1,178000000,200000,19558000,197358000,Credit,Showroom
500032,2023-05-17,3751,146,40,1,204200000,6800000,21714000,219114000,Credit,Showroom
500033,2022-09-18,3522,114,78,1,291200000,13200000,30580000,308580000,Credit,Online
500034,2023-04-14,4306,108,28,1,181900000,6400000,19305000,194805000,Cash,Showroom
500035,2022-08-23,2810,119,68,1,206500000,9600000,21659000,218559000,Credit,Online
500036,2020-05-22,3030,115,90,1,281200000,300000,30899000,311799000,Cash,Showroom
500037,2024-09-04,5455,146,93,1,196600000,9400000,20592000,207792000,Credit,Showroom
500038,2025-08-01,1603,164,27,1,449800000,12500000,48103000,485403000,Credit,Showroom
500039,2023-04-19,5470,108,81,1,171200000,600000,18766000,189366000,Credit,Showroom
500040,2022-06-16,1916,114,30,1,279300000,7700000,29876000,301476000,Cash,Showroom
500041,2025-08-02,3906,106,97,1,388000000,9800000,41602000,419802000,Credit,Showroom
500042,2022-06-22,2897,105,116,1,558200000,1400000,61248000,618048000,Credit,Event
500043,2023-09-25,4420,109,12,1,753300000,22600000,80377000,811077000,Credit,Showroom
500044,2023-03-16,4393,125,102,1,639600000,25600000,67540000,681540000,Cash,Showroom
500045,2020-07-01,4793,141,120,1,383900000,16200000,40447000,408147000,Cash,Showroom
500046,2024-05-25,3020,139,57,1,257200000,8500000,27357000,276057000,Credit,Showroom
500047,2023-01-11,3143,105,56,1,550800000,7300000,59785000,603285000,Credit,Showroom
500048,2020-12-27,2249,105,56,1,548700000,32300000,56804000,573204000,Credit,Showroom
500049,2023-10-21,4943,113,19,1,165300000,5900000,17534000,176934000,Credit,Showroom
500050,2024-05-21,2240,106,10,1,377900000,16300000,39776000,401376000,Credit,Showroom
500051,2021-05-28,2998,106,32,1,396400000,24400000,40920000,412920000,Credit,Showroom
500052,2025-01-02,4153,127,38,1,281800000,19200000,28886000,291486000,Credit,Showroom
500053,2024-07-09,5055,116,45,1,257600000,0,28336000,285936000,Cash,Event
500054,2024-12-03,4463,108,84,1,172300000,10800000,17765000,179265000,Cash,Showroom
500055,2025-01-17,4963,107,14,1,378900000,14700000,40062000,404262000,Credit,Online
500056,2025-09-28,1786,173,114,1,1322400000,14500000,143869000,1451769000,Credit,Showroom
500057,2022-03-05,3994,120,108,1,399300000,6700000,43186000,435786000,Credit,Showroom
500058,2020-12-11,3602,139,111,1,251000000,4100000,27159000,274059000,Credit,Online
500059,2021-08-10,2431,115,84,1,298100000,3000000,32461000,327561000,Cash,Showroom
500060,2022-09-29,2200,112,82,1,240600000,4800000,25938000,261738000,Credit,Showroom
500061,2025-11-14,4234,157,3,1,336200000,22400000,34518000,348318000,Credit,Showroom
500062,2024-05-21,1762,108,71,1,181000000,500000,19855000,200355000,Cash,Showroom
500063,2025-11-22,1442,118,26,1,208700000,2800000,22649000,228549000,Credit,Showroom
500064,2021-12-26,4205,112,102,1,223200000,4400000,24068000,242868000,Credit,Showroom
500065,2020-09-15,2408,122,68,1,765200000,50300000,78639000,793539000,Credit,Online
500066,2023-09-05,2431,117,87,1,181100000,3100000,19580000,197580000,Cash,Online
500067,2024-02-15,5009,143,38,1,735300000,16000000,79123000,798423000,Credit,Showroom
500068,2023-01-09,2423,127,107,1,276400000,10100000,29293000,295593000,Credit,Showroom
500069,2022-09-26,5458,141,44,5,379500000,99300000,197802000,1996002000,Cash,Fleet
500070,2021-04-18,2543,126,7,1,628200000,9900000,68013000,686313000,Credit,Showroom
500071,2024-09-18,4071,108,15,1,173400000,4900000,18535000,187035000,Credit,Showroom
500072,2024-04-18,4562,112,1,1,233500000,4500000,25190000,254190000,Cash,Showroom
500073,2022-08-04,2858,115,120,1,278600000,3000000,30316000,305916000,Credit,Showroom
500074,2023-07-20,3418,126,75,1,658600000,27800000,69388000,700188000,Credit,Showroom
500075,2024-08-18,3726,101,108,1,248100000,13900000,25762000,259962000,Cash,Showroom
500076,2025-04-16,1713,113,48,1,163100000,7400000,17127000,172827000,Credit,Showroom
500077,2024-06-13,1446,118,13,4,205800000,33400000,86878000,876678000,Cash,Fleet
500078,2024-12-22,4607,113,58,1,167700000,3900000,18018000,181818000,Credit,Showroom
500079,2021-10-30,3850,142,89,1,284100000,10300000,30118000,303918000,Cash,Event
500080,2024-06-30,1945,143,68,1,730300000,5400000,79739000,804639000,Cash,Showroom
500081,2021-04-20,3115,104,9,1,297500000,18400000,30701000,309801000,Cash,Event
500082,2024-12-22,2671,117,10,1,192700000,7700000,20350000,205350000,Cash,Showroom
500083,2023-07-24,3632,130,52,1,648500000,8700000,70378000,710178000,Credit,Showroom
500084,2020-04-28,4781,148,12,1,286000000,13400000,29986000,302586000,Credit,Showroom
500085,2025-02-06,1720,127,84,1,292600000,7700000,31339000,316239000,Cash,Showroom
500086,2023-07-23,1252,116,2,1,254900000,15900000,26290000,265290000,Credit,Showroom
500087,2022-04-22,3296,105,112,1,574000000,39600000,58784000,593184000,Credit,Showroom
500088,2025-12-03,2184,129,56,1,311200000,19200000,32120000,324120000,Credit,Online
500089,2025-10-24,2838,109,8,1,794400000,39000000,83094000,838494000,Credit,Showroom
500090,2023-03-20,5058,103,97,1,288800000,19100000,29667000,299367000,Cash,Showroom
500091,2020-02-09,3577,110,102,1,784500000,5200000,85723000,865023000,Cash,Showroom
500092,2022-07-05,1854,118,119,1,198600000,3300000,21483000,216783000,Credit,Online
500093,2024-10-20,4962,130,82,1,655800000,2400000,71874000,725274000,Credit,Showroom
500094,2023-02-13,3644,104,87,1,292600000,5400000,31592000,318792000,Credit,Showroom
500095,2021-01-19,1283,135,62,1,292900000,7400000,31405000,316905000,Credit,Online
500096,2025-04-24,2756,102,1,1,479700000,13300000,51304000,517704000,Credit,Showroom
500097,2023-12-22,3684,106,3,1,396600000,7400000,42812000,432012000,Cash,Showroom
500098,2024-06-12,1407,114,65,1,293300000,3500000,31878000,321678000,Credit,Showroom
500099,2025-10-01,4124,145,5,6,364400000,152500000,223729000,2257629000,Cash,Fleet
500100,2021-04-27,2650,102,65,1,467600000,4800000,50908000,513708000,Cash,Online
500101,2022-01-29,1667,106,31,1,383300000,18500000,40128000,404928000,Cash,Showroom
500102,2021-05-19,4514,121,45,1,410000000,7400000,44286000,446886000,Credit,Event
500103,2025-07-07,3585,107,26,1,383400000,2700000,41877000,422577000,Cash,Online
500104,2022-01-28,3070,133,2,1,427300000,11000000,45793000,462093000,Credit,Showroom
500105,2021-07-10,3698,102,111,1,477300000,30100000,49192000,496392000,Cash,Event
500106,2024-01-10,3984,101,99,1,246900000,13800000,25641000,258741000,Cash,Showroom
500107,2025-06-24,2493,108,38,1,177900000,8900000,18590000,187590000,Credit,Showroom
500108,2021-02-21,1850,103,42,1,296000000,2200000,32318000,326118000,Credit,Showroom
500109,2025-11-21,3285,115,74,1,292600000,2800000,31878000,321678000,Cash,Showroom
500110,2022-10-18,2394,107,110,1,378300000,1500000,41448000,418248000,Cash,Showroom
500111,2022-04-28,3494,136,74,1,466500000,17200000,49423000,498723000,Credit,Showroom
500112,2024-10-03,1915,106,29,1,391100000,1400000,42867000,432567000,Credit,Showroom
500113,2023-05-20,2900,114,80,1,290000000,5000000,31350000,316350000,Credit,Showroom
500114,2021-05-20,2895,148,103,1,299600000,12000000,31636000,319236000,Credit,Showroom
500115,2020-03-04,1125,117,63,1,182800000,6400000,19404000,195804000,Credit,Showroom
500116,2022-01-03,5188,129,100,1,308900000,17400000,32065000,323565000,Credit,Showroom
500117,2023-10-27,2360,174,98,1,1903400000,49400000,203940000,2057940000,Cash,Showroom
500118,2022-06-05,2924,104,114,5,291600000,42400000,155716000,1571316000,Cash,Fleet
500119,2022-05-23,4290,103,114,1,286700000,1300000,31394000,316794000,Credit,Showroom
500120,2025-06-30,2805,112,96,1,225100000,3600000,24365000,245865000,Credit,Showroom
500121,2020-04-22,2731,119,81,1,206900000,12900000,21340000,215340000,Credit,Online
500122,2025-01-12,4205,105,13,1,556500000,36200000,57233000,577533000,Credit,Showroom
500123,2020-04-08,2102,163,107,1,583100000,18000000,62161000,627261000,Credit,Online
500124,2025-05-06,3832,133,80,1,429600000,9400000,46222000,466422000,Cash,Online
500125,2021-02-08,5401,112,118,1,236900000,8900000,25080000,253080000,Cash,Online
500126,2023-08-11,3275,161,34,1,439300000,21400000,45969000,463869000,Credit,Event
500127,2024-01-20,3133,102,41,1,482000000,22400000,50556000,510156000,Credit,Event
500128,2025-08-03,4225,106,15,1,386800000,25000000,39798000,401598000,Credit,Showroom
500129,2020-08-01,3860,111,5,1,231900000,12700000,24112000,243312000,Credit,Online
500130,2023-04-18,1330,174,2,1,1837800000,32400000,198594000,2003994000,Credit,Online
500131,2024-01-19,2396,139,45,1,248100000,2400000,27027000,272727000,Credit,Showroom
500132,2023-09-19,5345,103,25,1,283300000,17600000,29227000,294927000,Cash,Showroom
500133,2021-04-26,4055,114,23,3,283900000,6400000,92983000,938283000,Cash,Fleet
500134,2025-07-29,1579,116,108,1,265300000,14900000,27544000,277944000,Cash,Showroom
500135,2021-02-19,4173,172,85,1,1353300000,14800000,147235000,1485735000,Credit,Showroom
500136,2024-08-19,1817,113,49,1,172200000,3400000,18568000,187368000,Cash,Showroom
500137,2022-10-26,2475,128,78,1,293000000,10400000,31086000,313686000,Cash,Showroom
500138,2024-12-23,2984,145,110,1,360300000,23500000,37048000,373848000,Credit,Showroom
500139,2023-06-06,1757,112,74,1,223100000,13200000,23089000,232989000,Cash,Showroom
500140,2021-09-25,2923,109,52,1,754700000,26100000,80146000,808746000,Credit,Showroom
500141,2024-09-08,4911,128,104,1,311400000,11500000,32989000,332889000,Credit,Showroom
500142,2021-05-17,4724,104,69,1,300900000,9100000,32098000,323898000,Credit,Showroom
500143,2021-11-01,1988,126,76,1,638300000,5000000,69663000,702963000,Credit,Showroom
500144,2023-07-28,4666,116,110,1,252700000,12900000,26378000,266178000,Credit,Showroom
500145,2023-05-26,1381,175,63,1,1115400000,64400000,115610000,1166610000,Credit,Showroom
500146,2024-01-14,2105,163,8,1,555800000,32300000,57585000,581085000,Credit,Showroom
500147,2022-06-05,4191,112,48,1,240500000,4500000,25960000,261960000,Credit,Showroom
500148,2022-05-12,4359,162,87,1,558300000,27600000,58377000,589077000,Cash,Showroom
500149,2022-06-02,3798,101,73,1,245900000,8000000,26169000,264069000,Credit,Event
500150,2023-01-21,5080,112,65,1,238900000,7100000,25498000,257298000,Credit,Showroom
500151,2025-03-18,2536,102,82,1,478400000,30200000,49302000,497502000,Credit,Showroom
500152,2021-02-24,4262,102,62,1,454400000,21600000,47608000,480408000,Credit,Showroom
500153,2024-05-14,1916,123,9,1,778500000,45500000,80630000,813630000,Credit,Showroom
500154,2023-11-29,1606,104,78,1,282700000,1000000,30987000,312687000,Cash,Showroom
500155,2022-06-02,2612,101,9,1,247100000,2400000,26917000,271617000,Cash,Showroom
500156,2024-11-05,2457,118,30,1,206100000,7900000,21802000,220002000,Credit,Showroom
500157,2023-05-15,2430,126,16,1,634200000,24000000,67122000,677322000,Credit,Event
500158,2021-08-17,1673,125,13,1,630400000,33000000,65714000,663114000,Credit,Showroom
500159,2021-09-23,3080,116,75,1,271900000,12800000,28501000,287601000,Cash,Showroom
500160,2021-10-13,3352,113,111,1,164000000,2700000,17743000,179043000,Credit,Showroom
500161,2025-01-11,2469,101,94,1,235400000,9400000,24860000,250860000,Cash,Event
500162,2023-09-13,1382,115,46,1,280000000,5400000,30206000,304806000,Cash,Showroom
500163,2022-10-04,5187,127,87,1,274800000,14600000,28622000,288822000,Credit,Showroom
500164,2024-11-21,1650,124,35,1,322600000,20700000,33209000,335109000,Credit,Showroom
500165,2024-04-09,4090,144,22,1,808600000,27500000,85921000,867021000,Credit,Showroom
500166,2025-02-27,1066,109,91,1,771600000,15100000,83215000,839715000,Cash,Showroom
500167,2024-09-25,2475,109,8,1,769300000,11900000,83314000,840714000,Credit,Showroom
500168,2023-08-17,1651,151,85,1,559700000,34200000,57805000,583305000,Cash,Showroom
500169,2025-03-03,1380,118,89,1,197000000,5700000,21043000,212343000,Credit,Showroom
500170,2022-05-22,4648,132,90,1,415300000,19100000,43582000,439782000,Credit,Showroom
500171,2022-12-05,2282,123,53,1,741900000,43900000,76780000,774780000,Credit,Showroom
500172,2022-10-19,3219,111,11,1,236300000,1300000,25850000,260850000,Cash,Online
500173,2023-05-25,1267,132,4,1,410100000,2000000,44891000,452991000,Credit,Showroom
500174,2025-05-27,2238,127,8,1,289000000,5500000,31185000,314685000,Cash,Showroom
500175,2024-09-04,4581,135,63,1,288800000,6700000,31031000,313131000,Credit,Online
500176,2020-08-21,3138,107,52,1,395200000,11400000,42218000,426018000,Credit,Showroom
500177,2021-10-14,5246,147,95,1,201900000,7800000,21351000,215451000,Cash,Showroom
500178,2023-09-14,1173,114,48,1,287600000,14800000,30008000,302808000,Credit,Showroom
500179,2023-02-16,3450,110,116,1,775100000,40600000,80795000,815295000,Credit,Showroom
500180,2023-09-07,1531,113,6,1,163000000,11100000,16709000,168609000,Cash,Showroom
500181,2020-06-25,4640,115,33,1,282200000,9900000,29953000,302253000,Credit,Showroom
500182,2020-02-13,4598,129,11,1,303800000,7600000,32582000,328782000,Credit,Showroom
500183,2023-07-05,4368,138,51,1,259800000,500000,28523000,287823000,Credit,Showroom
500184,2025-04-22,1049,132,69,1,413400000,13200000,44022000,444222000,Credit,Showroom
500185,2021-01-13,2076,116,63,1,255500000,4100000,27654000,279054000,Credit,Showroom
500186,2024-01-24,1908,125,20,1,669500000,25000000,70895000,715395000,Credit,Showroom
500187,2021-02-22,5292,137,7,1,464200000,8600000,50116000,505716000,Credit,Showroom
500188,2020-04-29,5420,122,111,1,778000000,43400000,80806000,815406000,Credit,Showroom
500189,2024-01-05,2219,123,5,1,777200000,47600000,80256000,809856000,Credit,Online
500190,2023-10-12,4045,103,116,1,301800000,8200000,32296000,325896000,Cash,Showroom
500191,2024-07-20,4387,135,56,1,303700000,18500000,31372000,316572000,Credit,Showroom
500192,2025-10-04,4078,109,111,1,793500000,9800000,86207000,869907000,Cash,Showroom
500193,2024-05-05,1161,113,104,1,160200000,5100000,17061000,172161000,Credit,Showroom
500194,2020-01-19,2640,140,69,1,169200000,11300000,17369000,175269000,Cash,Showroom
500195,2023-02-07,2896,143,97,1,711300000,35500000,74338000,750138000,Credit,Online
500196,2025-04-10,3007,110,111,1,785600000,33500000,82731000,834831000,Credit,Showroom
500197,2020-03-01,4850,109,34,1,777000000,24700000,82753000,835053000,Credit,Showroom
500198,2023-09-07,1410,102,118,1,453900000,17200000,48037000,484737000,Credit,Showroom
500199,2024-12-25,1022,120,101,1,393800000,14700000,41701000,420801000,Credit,Showroom
500200,2025-09-20,1661,106,60,1,391700000,9900000,41998000,423798000,Credit,Showroom
500201,2024-01-09,1201,110,66,1,787100000,39200000,82269000,830169000,Cash,Showroom
500202,2023-01-30,1342,119,81,1,199900000,12700000,20592000,207792000,Credit,Showroom
500203,2022-12-22,4135,127,101,1,290300000,3000000,31603000,318903000,Credit,Showroom
500204,2020-07-04,4371,113,26,1,162000000,2300000,17567000,177267000,Credit,Online
500205,2024-05-13,1570,111,105,1,239100000,7100000,25520000,257520000,Cash,Showroom
500206,2023-07-14,3509,107,85,1,386700000,11300000,41294000,416694000,Cash,Showroom
500207,2023-04-17,5449,114,97,1,281700000,10500000,29832000,301032000,Credit,Event
500208,2021-06-11,1380,174,98,1,1836100000,104400000,190487000,1922187000,Cash,Showroom
500209,2021-02-28,2961,121,98,1,400300000,17100000,42152000,425352000,Cash,Showroom
500210,2020-01-24,3118,106,3,1,378000000,11500000,40315000,406815000,Credit,Showroom
500211,2021-10-18,1351,128,50,1,302400000,9000000,32274000,325674000,Credit,Showroom
500212,2021-08-26,5308,107,8,1,395400000,2500000,43219000,436119000,Cash,Showroom
500213,2025-03-16,3414,124,22,1,326500000,15800000,34177000,344877000,Credit,Showroom
500214,2022-02-09,4392,147,84,1,202400000,9100000,21263000,214563000,Credit,Showroom
500215,2025-08-27,4269,114,114,1,288300000,11800000,30415000,306915000,Credit,Showroom
500216,2020-04-05,5126,109,42,1,784300000,8600000,85327000,861027000,Credit,Showroom
500217,2025-12-15,2011,117,28,1,179500000,11100000,18524000,186924000,Credit,Online
500218,2025-12-27,3226,163,103,1,583500000,28200000,61083000,616383000,Cash,Showroom
500219,2022-01-18,1491,127,50,1,273100000,8000000,29161000,294261000,Credit,Showroom
500220,2023-05-28,4904,126,74,1,622000000,36600000,64394000,649794000,Credit,Showroom
500221,2024-09-09,2039,109,14,1,790300000,54900000,80894000,816294000,Credit,Showroom
500222,2022-03-31,4602,104,81,1,287800000,16900000,29799000,300699000,Cash,Event
500223,2025-05-22,3213,114,18,1,282700000,16500000,29282000,295482000,Credit,Showroom
500224,2024-07-31,4913,102,84,1,447300000,28500000,46068000,464868000,Credit,Showroom
500225,2025-01-13,4623,136,43,1,471400000,23000000,49324000,497724000,Credit,Showroom
500226,2021-09-05,3464,111,44,1,233400000,9900000,24585000,248085000,Credit,Showroom
500227,2020-06-27,3223,116,79,1,252600000,1800000,27588000,278388000,Credit,Showroom
500228,2025-11-19,2939,122,28,1,776500000,40200000,80993000,817293000,Credit,Showroom
500229,2025-07-29,4056,108,52,1,177500000,6000000,18865000,190365000,Cash,Showroom
500230,2024-08-08,2319,132,107,1,415100000,900000,45562000,459762000,Cash,Showroom
500231,2023-03-14,4380,106,55,1,387900000,2000000,42449000,428349000,Credit,Showroom
500232,2023-08-16,3914,104,51,1,303100000,1100000,33220000,335220000,Credit,Showroom
500233,2023-07-13,5022,129,112,1,308100000,12300000,32538000,328338000,Cash,Showroom
500234,2022-03-23,2618,117,120,1,185500000,11600000,19129000,193029000,Credit,Online
500235,2021-01-16,1539,130,52,3,667500000,50100000,214764000,2167164000,Cash,Fleet
500236,2025-02-20,2210,115,23,1,297100000,11900000,31372000,316572000,Credit,Showroom
500237,2022-02-27,3918,130,118,1,666300000,3800000,72875000,735375000,Credit,Showroom
500238,2025-08-03,5404,107,108,1,386800000,8500000,41613000,419913000,Cash,Showroom
500239,2025-12-08,1572,107,34,1,373600000,2500000,40821000,411921000,Cash,Showroom
500240,2022-10-05,1168,110,30,1,797700000,39300000,83424000,841824000,Credit,Showroom
500241,2023-11-14,3533,174,76,1,1934900000,99000000,201949000,2037849000,Cash,Showroom
500242,2025-02-04,4871,102,110,1,469600000,30000000,48356000,487956000,Credit,Showroom
500243,2024-08-06,1084,110,73,1,791700000,1700000,86900000,876900000,Credit,Showroom
500244,2020-09-27,3029,120,75,1,396300000,11700000,42306000,426906000,Credit,Showroom
500245,2023-03-10,2475,170,111,1,331700000,13000000,35057000,353757000,Credit,Showroom
500246,2022-07-02,4104,109,45,1,793000000,25900000,84381000,851481000,Credit,Showroom
500247,2023-09-08,2961,103,94,1,288000000,15100000,30019000,302919000,Credit,Showroom
500248,2021-10-01,2012,118,89,1,195100000,5300000,20878000,210678000,Credit,Showroom
500249,2022-06-09,5139,109,64,1,775800000,20000000,83138000,838938000,Credit,Showroom
500250,2024-04-25,2067,101,52,1,236300000,11800000,24695000,249195000,Cash,Event
500251,2024-10-16,2065,147,26,1,196400000,7200000,20812000,210012000,Credit,Showroom
500252,2024-12-11,2980,134,83,1,262400000,11900000,27555000,278055000,Credit,Showroom
500253,2024-01-22,3463,104,67,1,283700000,13300000,29744000,300144000,Cash,Showroom
500254,2025-11-29,2259,154,58,5,895500000,251700000,464838000,4690638000,Credit,Fleet
500255,2025-07-16,5452,159,58,1,419500000,28200000,43043000,434343000,Credit,Showroom
500256,2023-05-08,2747,103,86,1,288900000,16800000,29931000,302031000,Cash,Showroom
500257,2020-07-26,3956,144,49,1,806600000,9600000,87670000,884670000,Credit,Showroom
500258,2025-03-15,5275,148,106,1,281400000,6400000,30250000,305250000,Credit,Showroom
500259,2025-07-24,2768,132,43,1,420200000,16300000,44429000,448329000,Credit,Showroom
500260,2022-02-06,4153,110,108,1,792500000,10700000,85998000,867798000,Credit,Showroom
500261,2020-04-17,5031,138,69,1,251400000,15100000,25993000,262293000,Credit,Showroom
500262,2023-01-11,4077,104,91,1,297000000,13500000,31185000,314685000,Credit,Showroom
500263,2025-07-12,2156,169,120,1,266000000,17100000,27379000,276279000,Cash,Showroom
500264,2024-12-26,1046,115,43,1,296800000,18800000,30580000,308580000,Cash,Showroom
500265,2024-11-14,5353,162,12,1,564500000,32700000,58498000,590298000,Credit,Showroom
500266,2023-09-25,4084,115,59,1,282600000,1600000,30910000,311910000,Cash,Showroom
500267,2025-01-31,3804,115,48,1,283300000,16700000,29326000,295926000,Cash,Online
500268,2022-02-27,4752,115,96,1,289800000,1600000,31702000,319902000,Credit,Event
500269,2022-09-15,2245,138,103,1,254700000,13500000,26532000,267732000,Credit,Online
500270,2023-10-01,4074,116,13,1,269600000,14900000,28017000,282717000,Credit,Online
500271,2024-09-07,5327,101,63,1,236600000,6200000,25344000,255744000,Credit,Showroom
500272,2020-08-11,4255,116,16,1,269800000,1100000,29557000,298257000,Credit,Showroom
500273,2022-04-10,4529,118,78,1,203200000,8000000,21472000,216672000,Credit,Showroom
500274,2021-09-04,2219,116,9,1,271500000,14200000,28303000,285603000,Credit,Showroom
500275,2021-09-19,5135,122,117,1,750300000,27800000,79475000,801975000,Credit,Showroom
500276,2024-12-08,2920,156,24,1,665900000,700000,73172000,738372000,Cash,Event
500277,2024-04-24,2771,107,98,1,373200000,8500000,40117000,404817000,Credit,Showroom
500278,2023-04-18,2496,106,69,1,380900000,22100000,39468000,398268000,Cash,Showroom
500279,2020-11-22,4682,105,31,1,568600000,32200000,59004000,595404000,Credit,Showroom
500280,2022-07-01,1703,118,69,1,204400000,7300000,21681000,218781000,Credit,Showroom
500281,2023-05-29,1395,110,57,1,755700000,18300000,81114000,818514000,Cash,Showroom
500282,2025-07-18,2825,103,13,1,301800000,20600000,30932000,312132000,Credit,Showroom
500283,2025-11-10,5101,125,3,1,635700000,28400000,66803000,674103000,Cash,Showroom
500284,2025-03-26,4907,114,14,1,295400000,8400000,31570000,318570000,Cash,Event
500285,2025-10-26,3805,102,4,1,458800000,300000,50435000,508935000,Credit,Event
500286,2020-01-28,3334,132,23,1,409300000,22500000,42548000,429348000,Cash,Showroom
500287,2023-06-24,4566,104,45,1,296000000,19800000,30382000,306582000,Credit,Showroom
500288,2020-06-04,1617,107,47,1,372700000,5500000,40392000,407592000,Cash,Showroom
500289,2025-06-14,4630,141,19,1,382900000,22700000,39622000,399822000,Credit,Showroom
500290,2022-03-24,3163,113,48,1,163400000,5900000,17325000,174825000,Credit,Showroom
500291,2021-02-24,4037,110,13,1,770300000,43400000,79959000,806859000,Credit,Event
500292,2022-09-19,5055,120,28,1,398200000,18900000,41723000,421023000,Cash,Showroom
500293,2021-08-15,3058,105,31,1,552300000,30600000,57387000,579087000,Cash,Showroom
500294,2022-07-01,2359,112,56,1,223300000,5000000,24013000,242313000,Credit,Online
500295,2025-05-03,1342,126,38,1,648500000,33300000,67672000,682872000,Credit,Showroom
500296,2021-10-06,4505,135,3,1,289600000,4400000,31372000,316572000,Credit,Showroom
500297,2025-02-27,2177,130,54,1,621800000,5900000,67749000,683649000,Cash,Showroom
500298,2023-05-16,2762,135,100,1,300500000,9300000,32032000,323232000,Cash,Event
500299,2025-09-17,5464,135,109,1,291000000,20100000,29799000,300699000,Cash,Showroom
500300,2025-11-20,1065,125,61,1,670500000,25300000,70972000,716172000,Credit,Showroom
500301,2024-05-17,2827,106,101,1,378600000,5100000,41085000,414585000,Credit,Showroom
500302,2024-04-19,3685,112,21,3,226200000,37200000,70554000,711954000,Cash,Fleet
500303,2021-06-22,3203,141,87,1,389400000,1500000,42669000,430569000,Credit,Showroom
500304,2022-12-13,2659,116,76,1,260100000,13100000,27170000,274170000,Credit,Showroom
500305,2023-06-07,1121,187,49,1,1291200000,72100000,134101000,1353201000,Cash,Showroom
500306,2020-02-21,2562,109,84,1,773500000,22400000,82621000,833721000,Credit,Showroom
500307,2021-11-19,3615,103,28,1,294800000,19900000,30239000,305139000,Credit,Showroom
500308,2020-01-15,1752,102,9,1,456500000,6500000,49500000,499500000,Credit,Online
500309,2023-03-18,5142,128,72,1,309400000,2900000,33715000,340215000,Credit,Online
500310,2022-07-05,4414,132,64,1,409800000,14400000,43494000,438894000,Cash,Showroom
500311,2022-09-12,3434,108,115,1,178000000,4100000,19129000,193029000,Cash,Event
500312,2021-12-24,3142,120,101,1,412200000,24400000,42658000,430458000,Credit,Showroom
500313,2024-01-01,2008,149,14,1,291500000,2600000,31779000,320679000,Credit,Showroom
500314,2021-07-29,3527,137,3,1,447800000,2400000,48994000,494394000,Credit,Showroom
500315,2023-11-10,4122,144,15,1,811300000,5800000,88605000,894105000,Credit,Online
500316,2023-08-19,2482,103,78,1,290500000,11000000,30745000,310245000,Credit,Showroom
500317,2023-06-30,1746,102,73,1,478000000,12900000,51161000,516261000,Cash,Showroom
500318,2025-03-21,1294,108,52,1,182200000,3600000,19646000,198246000,Credit,Showroom
500319,2022-07-25,3875,142,27,5,286000000,71000000,149490000,1508490000,Credit,Fleet
500320,2021-05-04,4096,141,35,1,369600000,20900000,38357000,387057000,Cash,Showroom
500321,2024-12-20,2029,104,29,1,302900000,3100000,32978000,332778000,Cash,Online
500322,2023-10-16,2651,118,12,1,204800000,8000000,21648000,218448000,Credit,Showroom
500323,2021-02-18,2813,119,26,2,207900000,800000,45650000,460650000,Credit,Fleet
500324,2024-10-29,3541,113,12,1,168600000,11300000,17303000,174603000,Cash,Showroom
500325,2024-01-17,4033,108,33,1,179200000,10700000,18535000,187035000,Credit,Showroom
500326,2021-07-29,1175,128,77,1,291000000,12200000,30668000,309468000,Credit,Showroom
500327,2023-11-30,4987,125,110,1,626900000,7000000,68189000,688089000,Cash,Showroom
500328,2020-03-26,3903,117,82,1,180800000,1800000,19690000,198690000,Credit,Showroom
500329,2024-10-06,3833,126,56,1,658800000,29400000,69234000,698634000,Cash,Online
500330,2025-06-14,1029,106,19,1,369500000,8700000,39688000,400488000,Credit,Showroom
500331,2024-11-28,4843,137,93,1,438800000,10900000,47069000,474969000,Cash,Showroom
500332,2023-12-04,2190,167,7,1,636900000,36100000,66088000,666888000,Cash,Showroom
500333,2021-01-15,4382,125,27,6,660900000,261000000,407484000,4111884000,Credit,Fleet
500334,2020-06-17,4621,116,39,4,256300000,8000000,111892000,1129092000,Credit,Fleet
500335,2020-11-24,2657,112,117,1,231300000,400000,25399000,256299000,Credit,Showroom
500336,2025-01-13,4182,130,13,1,638700000,24700000,67540000,681540000,Credit,Showroom
500337,2024-09-29,1847,134,80,1,272400000,15400000,28270000,285270000,Cash,Showroom
500338,2023-02-11,4166,163,37,1,580600000,18800000,61798000,623598000,Cash,Showroom
500339,2023-06-06,1392,114,43,1,298800000,3200000,32516000,328116000,Credit,Showroom
500340,2021-08-13,1068,120,16,1,408100000,6800000,44143000,445443000,Cash,Showroom
500341,2021-07-31,3733,106,88,1,374200000,14100000,39611000,399711000,Credit,Online
500342,2022-01-30,5335,145,73,1,345200000,1000000,37862000,382062000,Cash,Event
500343,2022-07-18,5006,107,56,5,384600000,85700000,202103000,2039403000,Credit,Fleet
500344,2020-03-12,2008,103,111,1,300800000,700000,33011000,333111000,Credit,Showroom
500345,2022-10-09,4576,110,109,1,785700000,16700000,84590000,853590000,Credit,Showroom
500346,2025-03-06,3577,115,55,1,289200000,3300000,31449000,317349000,Credit,Showroom
500347,2020-06-14,1646,135,25,1,290700000,2200000,31735000,320235000,Cash,Showroom
500348,2022-02-22,3525,103,30,1,291700000,3000000,31757000,320457000,Credit,Online
500349,2025-04-12,4535,103,82,1,285000000,8500000,30415000,306915000,Credit,Online
500350,2025-11-22,1617,102,28,1,448900000,22400000,46915000,473415000,Cash,Showroom
500351,2021-05-24,4392,135,19,1,298400000,18700000,30767000,310467000,Credit,Showroom
500352,2023-07-02,3817,135,94,1,300400000,19600000,30888000,311688000,Cash,Showroom
500353,2024-06-11,2590,117,120,1,184200000,6100000,19591000,197691000,Cash,Showroom
500354,2023-01-04,5282,101,112,1,236500000,6000000,25355000,255855000,Credit,Showroom
500355,2025-09-12,1387,101,68,1,233500000,4600000,25179000,254079000,Credit,Showroom
500356,2022-12-10,2682,116,60,1,271700000,15300000,28204000,284604000,Cash,Showroom
500357,2021-01-18,2599,103,73,1,285700000,11700000,30140000,304140000,Credit,Showroom
500358,2022-07-30,5298,128,1,1,293600000,8400000,31372000,316572000,Credit,Showroom
500359,2025-04-29,2667,123,13,1,791100000,38500000,82786000,835386000,Credit,Showroom
500360,2025-08-25,3991,129,24,1,291800000,9900000,31009000,312909000,Credit,Showroom
500361,2025-02-06,5269,154,61,1,854600000,800000,93918000,947718000,Credit,Showroom
500362,2022-10-13,1249,101,89,1,240800000,8600000,25542000,257742000,Credit,Showroom
500363,2022-01-22,2830,112,82,1,234900000,9400000,24805000,250305000,Credit,Showroom
500364,2020-06-24,2429,106,100,1,387800000,23300000,40095000,404595000,Credit,Showroom
500365,2020-04-30,5083,140,50,1,172700000,1000000,18887000,190587000,Cash,Showroom
500366,2022-11-11,1008,103,20,1,304100000,11900000,32142000,324342000,Cash,Showroom
500367,2023-06-13,4658,105,71,1,561200000,25300000,58949000,594849000,Credit,Showroom
500368,2025-02-23,4704,139,103,1,243000000,10300000,25597000,258297000,Credit,Showroom
500369,2024-10-13,1404,123,111,1,766000000,29400000,81026000,817626000,Credit,Showroom
500370,2024-03-01,4897,109,32,1,742400000,11500000,80399000,811299000,Credit,Showroom
500371,2023-10-21,3266,123,89,1,762300000,42900000,79134000,798534000,Cash,Showroom
500372,2021-11-11,3557,107,38,1,398600000,7400000,43032000,434232000,Credit,Showroom
500373,2021-12-09,5236,106,62,1,386400000,10700000,41327000,417027000,Credit,Showroom
500374,2020-01-11,3391,108,21,1,180800000,300000,19855000,200355000,Credit,Showroom
500375,2024-03-17,5199,122,2,5,789400000,214500000,410575000,4143075000,Credit,Fleet
500376,2022-04-27,5116,145,109,1,345200000,7300000,37169000,375069000,Credit,Showroom
500377,2024-07-10,1541,113,6,1,164800000,4300000,17655000,178155000,Credit,Showroom
500378,2023-10-28,1027,119,96,1,207900000,3000000,22539000,227439000,Cash,Showroom
500379,2021-04-19,3326,136,108,1,451000000,29300000,46387000,468087000,Cash,Showroom
500380,2023-11-05,1548,115,103,3,285000000,17500000,92125000,929625000,Cash,Fleet
500381,2025-09-21,1749,114,60,1,281300000,16000000,29183000,294483000,Cash,Online
500382,2023-09-23,4754,173,43,1,1318600000,51300000,139403000,1406703000,Credit,Showroom
500383,2023-06-24,5478,108,68,1,177900000,9000000,18579000,187479000,Credit,Showroom
500384,2023-03-27,1297,112,72,1,234800000,15400000,24134000,243534000,Credit,Event
500385,2025-01-17,2976,114,117,1,296100000,12500000,31196000,314796000,Cash,Showroom
500386,2023-04-20,3386,125,89,1,668900000,9200000,72567000,732267000,Cash,Showroom
500387,2025-05-01,4601,132,43,1,420800000,16400000,44484000,448884000,Credit,Online
500388,2022-03-22,5317,113,111,1,161000000,8800000,16742000,168942000,Credit,Showroom
500389,2022-04-06,3960,184,78,1,1315200000,35200000,140800000,1420800000,Credit,Online
500390,2021-06-25,1969,137,75,1,458200000,29500000,47157000,475857000,Credit,Showroom
500391,2021-07-20,5329,123,95,1,772900000,6500000,84304000,850704000,Cash,Showroom
500392,2025-11-03,5473,114,35,1,299000000,10800000,31702000,319902000,Credit,Online
500393,2023-08-18,2961,105,89,1,576600000,2100000,63195000,637695000,Credit,Showroom
500394,2023-05-14,3968,102,18,1,472900000,2000000,51799000,522699000,Credit,Showroom
500395,2022-10-03,3602,152,59,1,292400000,9100000,31163000,314463000,Credit,Showroom
500396,2024-03-04,1944,121,77,5,403300000,50500000,216260000,2182260000,Credit,Fleet
500397,2025-01-24,3641,125,23,1,668400000,36100000,69553000,701853000,Cash,Showroom
500398,2025-05-16,3006,139,105,1,243800000,12400000,25454000,256854000,Cash,Showroom
500399,2024-07-11,1574,143,53,1,744200000,41200000,77330000,780330000,Credit,Showroom
500400,2024-09-21,5225,115,39,1,290300000,16700000,30096000,303696000,Credit,Showroom
500401,2023-10-10,3036,110,103,1,745200000,2500000,81697000,824397000,Credit,Showroom
500402,2025-09-10,3087,121,32,6,388200000,26500000,253297000,2555997000,Credit,Fleet
500403,2024-10-12,5298,127,52,1,285000000,3300000,30987000,312687000,Credit,Showroom
500404,2023-07-07,2007,101,35,1,239000000,2400000,26026000,262626000,Credit,Showroom
500405,2022-09-16,2617,118,105,1,207200000,4500000,22297000,224997000,Credit,Online
500406,2024-08-23,1688,117,49,1,190000000,11100000,19679000,198579000,Cash,Online
500407,2023-02-26,4395,136,7,1,444100000,20200000,46629000,470529000,Cash,Showroom
500408,2024-07-28,2480,119,32,1,196200000,5000000,21032000,212232000,Cash,Event
500409,2020-09-09,1521,113,55,1,170000000,5400000,18106000,182706000,Credit,Event
500410,2025-09-20,5203,163,97,1,548300000,12800000,58905000,594405000,Credit,Showroom
500411,2025-12-22,4521,127,105,6,288300000,10200000,189156000,1908756000,Cash,Fleet
500412,2025-02-05,3325,137,65,1,466900000,25300000,48576000,490176000,Credit,Showroom
500413,2023-07-15,5389,111,48,1,230700000,6400000,24673000,248973000,Credit,Showroom
500414,2025-02-03,3858,164,93,1,432200000,7000000,46772000,471972000,Credit,Showroom
500415,2021-06-07,3224,125,33,1,656000000,26800000,69212000,698412000,Credit,Showroom
500416,2025-07-26,4869,161,7,1,436900000,800000,47971000,484071000,Credit,Showroom
500417,2021-08-05,4182,127,113,1,279000000,13800000,29172000,294372000,Cash,Showroom
500418,2025-08-30,2210,133,49,1,424100000,27400000,43637000,440337000,Credit,Showroom
500419,2020-10-20,2701,124,38,1,327800000,11600000,34782000,350982000,Cash,Showroom
500420,2025-12-08,2531,122,68,1,788600000,47900000,81477000,822177000,Credit,Showroom
500421,2024-01-20,4541,144,72,1,793300000,22400000,84799000,855699000,Cash,Showroom
500422,2023-04-12,4694,131,3,1,381300000,10000000,40843000,412143000,Credit,Showroom
500423,2023-12-31,4664,139,65,1,243500000,11300000,25542000,257742000,Credit,Online
500424,2025-03-10,1385,138,75,5,246600000,71200000,127798000,1289598000,Cash,Fleet
500425,2021-11-18,2558,109,64,1,785500000,700000,86328000,871128000,Credit,Showroom
500426,2021-05-09,1004,129,96,1,292300000,18600000,30107000,303807000,Credit,Showroom
500427,2024-11-10,2027,139,33,1,262100000,8800000,27863000,281163000,Cash,Showroom
500428,2023-11-20,2802,119,74,1,199800000,7600000,21142000,213342000,Credit,Showroom
500429,2025-11-19,1656,103,50,1,284900000,16700000,29502000,297702000,Credit,Showroom
500430,2024-03-27,1309,131,27,1,377600000,2500000,41261000,416361000,Credit,Showroom
500431,2021-04-18,4885,109,36,1,740100000,49700000,75944000,766344000,Credit,Showroom
500432,2021-04-27,2002,106,33,1,382500000,17600000,40139000,405039000,Credit,Showroom
500433,2024-05-19,4737,104,13,1,296000000,11100000,31339000,316239000,Credit,Showroom
500434,2025-03-03,4265,139,29,1,248900000,4800000,26851000,270951000,Credit,Showroom
500435,2025-06-01,2782,140,98,1,172200000,2600000,18656000,188256000,Credit,Showroom
500436,2022-12-16,1204,109,28,1,738700000,1200000,81125000,818625000,Credit,Showroom
500437,2023-04-05,4557,113,104,1,161200000,3800000,17314000,174714000,Credit,Showroom
500438,2025-09-07,3859,107,25,1,383000000,25600000,39314000,396714000,Cash,Event
500439,2022-11-23,1434,145,70,1,362200000,22500000,37367000,377067000,Credit,Showroom
500440,2023-06-01,3479,113,3,1,163100000,9400000,16907000,170607000,Credit,Showroom
500441,2021-03-08,5232,104,52,1,293600000,13500000,30811000,310911000,Credit,Event
500442,2024-09-09,2248,105,43,1,580200000,18300000,61809000,623709000,Credit,Showroom
500443,2021-02-17,3517,110,95,1,791000000,17200000,85118000,858918000,Credit,Showroom
500444,2024-12-24,4764,112,41,1,238400000,8000000,25344000,255744000,Cash,Showroom
500445,2020-12-28,4064,130,74,1,622500000,28300000,65362000,659562000,Credit,Event
500446,2020-11-10,3892,133,113,1,410600000,19100000,43065000,434565000,Cash,Showroom
500447,2025-06-20,3515,105,8,1,549900000,27000000,57519000,580419000,Credit,Showroom
500448,2022-07-31,2884,131,81,1,383900000,24800000,39501000,398601000,Cash,Showroom
500449,2024-11-14,1142,140,88,1,171800000,4900000,18359000,185259000,Credit,Showroom
500450,2025-11-08,1687,122,45,1,753800000,16900000,81059000,817959000,Credit,Showroom
500451,2023-03-10,3039,127,97,1,278200000,8200000,29700000,299700000,Credit,Showroom
500452,2023-03-17,4335,109,80,1,745100000,27500000,78936000,796536000,Cash,Showroom
500453,2023-10-06,2412,121,4,1,409500000,15900000,43296000,436896000,Credit,Showroom
500454,2022-02-05,2829,118,27,1,195500000,7600000,20669000,208569000,Credit,Event
500455,2022-10-30,4624,138,80,1,262200000,15500000,27137000,273837000,Credit,Showroom
500456,2024-08-15,1941,112,98,1,224300000,3800000,24255000,244755000,Cash,Showroom
500457,2023-09-04,3434,105,71,1,563500000,200000,61963000,625263000,Credit,Online
500458,2024-08-30,4971,132,6,1,425300000,16200000,45001000,454101000,Credit,Showroom
500459,2023-03-18,3869,137,26,1,459400000,8200000,49632000,500832000,Credit,Showroom
500460,2024-02-02,2549,146,85,1,198900000,4900000,21340000,215340000,Credit,Showroom
500461,2021-02-12,1268,124,14,1,330200000,15200000,34650000,349650000,Cash,Showroom
500462,2023-07-07,5149,127,107,1,277900000,13100000,29128000,293928000,Credit,Showroom
500463,2024-04-26,3636,131,118,1,398800000,100000,43857000,442557000,Credit,Online
500464,2025-11-25,1115,153,33,1,434000000,18000000,45760000,461760000,Credit,Showroom
500465,2023-08-27,4188,141,78,1,377500000,12200000,40183000,405483000,Credit,Showroom
500466,2022-09-01,5299,117,17,1,185100000,500000,20306000,204906000,Credit,Event
500467,2025-09-25,5307,146,111,4,205100000,53200000,84392000,851592000,Credit,Fleet
500468,2022-02-19,2267,118,21,1,195100000,12200000,20119000,203019000,Credit,Showroom
500469,2021-11-16,4208,125,49,1,638600000,25800000,67408000,680208000,Credit,Showroom
500470,2021-09-25,3526,127,22,1,280700000,4600000,30371000,306471000,Credit,Showroom
500471,2025-06-19,5429,136,82,1,446100000,1600000,48895000,493395000,Credit,Showroom
500472,2023-11-28,5131,113,68,1,171800000,7800000,18040000,182040000,Credit,Showroom
500473,2025-06-22,3869,129,4,1,291400000,1700000,31867000,321567000,Cash,Showroom
500474,2023-05-04,1468,125,98,1,644700000,29400000,67683000,682983000,Credit,Showroom
500475,2021-05-10,3690,131,36,1,373500000,7800000,40227000,405927000,Cash,Showroom
500476,2021-12-14,1352,110,33,1,784600000,29600000,83050000,838050000,Credit,Showroom
500477,2023-12-27,1185,102,82,1,467100000,31500000,47916000,483516000,Credit,Online
500478,2023-09-14,2056,129,79,1,310600000,13800000,32648000,329448000,Credit,Showroom
500479,2021-03-01,1012,125,2,1,654200000,17400000,70048000,706848000,Credit,Showroom
500480,2020-01-20,1305,110,62,1,792600000,21800000,84788000,855588000,Credit,Showroom
500481,2025-04-21,3946,116,80,1,270800000,9100000,28787000,290487000,Credit,Showroom
500482,2020-08-20,2082,108,57,1,179400000,5700000,19107000,192807000,Credit,Showroom
500483,2021-09-22,1374,149,18,1,281600000,17200000,29084000,293484000,Credit,Showroom
500484,2025-05-20,5107,129,24,1,313900000,3000000,34199000,345099000,Credit,Showroom
500485,2025-08-13,4150,101,55,1,236000000,8400000,25036000,252636000,Credit,Online
500486,2023-10-26,3172,109,83,1,751700000,7100000,81906000,826506000,Credit,Showroom
500487,2023-06-29,1969,101,105,1,239100000,3200000,25949000,261849000,Credit,Showroom
500488,2021-05-09,4227,103,14,1,296200000,12700000,31185000,314685000,Credit,Showroom
500489,2023-03-28,2244,129,32,1,307000000,9900000,32681000,329781000,Credit,Event
500490,2022-03-04,4775,117,101,1,191700000,11600000,19811000,199911000,Credit,Event
500491,2025-04-10,3223,108,54,1,178200000,5900000,18953000,191253000,Cash,Showroom
500492,2025-09-02,2739,121,75,1,400500000,14700000,42438000,428238000,Credit,Showroom
500493,2023-04-14,5421,121,8,1,413200000,20900000,43153000,435453000,Cash,Showroom
500494,2022-03-04,1298,117,73,1,181400000,8800000,18986000,191586000,Credit,Showroom
500495,2024-12-14,4010,158,80,1,426300000,12400000,45529000,459429000,Credit,Showroom
500496,2022-09-17,5262,108,101,1,182600000,9700000,19019000,191919000,Cash,Showroom
500497,2022-04-06,2413,112,92,1,229900000,2900000,24970000,251970000,Credit,Event
500498,2023-01-10,4812,114,23,1,284000000,2400000,30976000,312576000,Cash,Showroom
500499,2021-09-22,1449,107,64,1,382700000,3400000,41723000,421023000,Cash,Event
500500,2025-06-07,1024,102,49,1,476700000,22600000,49951000,504051000,Credit,Showroom
500501,2023-02-11,4262,109,47,1,761700000,35400000,79893000,806193000,Credit,Showroom
500502,2023-01-06,1723,133,113,1,439500000,26800000,45397000,458097000,Credit,Showroom
500503,2024-01-29,3556,102,94,1,448000000,22600000,46794000,472194000,Credit,Showroom
500504,2024-01-15,3618,109,115,1,791700000,4200000,86625000,874125000,Credit,Showroom
500505,2025-04-22,2108,129,117,1,306200000,10500000,32527000,328227000,Cash,Showroom
500506,2022-06-15,2848,116,102,1,271900000,11200000,28677000,289377000,Credit,Showroom
500507,2023-05-01,4595,126,100,1,640700000,15400000,68783000,694083000,Credit,Showroom
500508,2025-03-02,1028,107,68,1,390900000,0,42999000,433899000,Cash,Showroom
500509,2024-02-25,4736,101,33,1,241500000,11400000,25311000,255411000,Credit,Showroom
500510,2024-06-17,1319,127,96,1,292500000,16100000,30404000,306804000,Cash,Showroom
500511,2023-03-31,2387,105,26,5,554400000,46300000,299827000,3025527000,Credit,Fleet
500512,2022-10-05,1826,123,108,1,751900000,41900000,78100000,788100000,Credit,Showroom
500513,2022-06-04,1892,106,51,1,381000000,3200000,41558000,419358000,Credit,Event
500514,2021-11-30,2280,105,34,1,553500000,500000,60830000,613830000,Credit,Showroom
500515,2022-12-20,2320,122,87,1,776100000,38700000,81114000,818514000,Credit,Showroom
500516,2022-01-22,4366,104,63,1,302000000,15500000,31515000,318015000,Cash,Showroom
500517,2025-02-03,5403,110,116,1,793900000,15200000,85657000,864357000,Credit,Showroom
500518,2024-03-23,2946,115,115,1,287500000,19500000,29480000,297480000,Credit,Showroom
500519,2024-10-24,2621,135,118,1,284600000,10800000,30118000,303918000,Credit,Showroom
500520,2021-10-01,3464,134,89,1,261100000,18100000,26730000,269730000,Cash,Showroom
500521,2020-12-04,5277,144,26,1,776900000,32700000,81862000,826062000,Credit,Showroom
500522,2023-05-10,1348,132,118,1,417800000,28800000,42790000,431790000,Credit,Showroom
500523,2023-11-28,2807,129,83,1,294700000,4000000,31977000,322677000,Cash,Showroom
500524,2023-11-01,2612,110,46,1,790900000,28900000,83820000,845820000,Credit,Showroom
500525,2023-10-26,1178,133,104,1,408400000,16000000,43164000,435564000,Credit,Showroom
500526,2021-06-12,4908,113,117,1,169800000,5700000,18051000,182151000,Credit,Showroom
500527,2024-06-01,3442,139,65,1,248200000,2900000,26983000,272283000,Credit,Showroom
500528,2024-04-09,1339,114,47,1,291600000,17600000,30140000,304140000,Cash,Online
500529,2024-02-20,2067,135,43,1,296000000,2100000,32329000,326229000,Credit,Online
500530,2021-08-08,1588,107,39,1,381000000,600000,41844000,422244000,Credit,Showroom
500531,2025-06-04,3476,111,52,1,226700000,4500000,24442000,246642000,Cash,Showroom
500532,2020-04-06,2277,136,92,1,446200000,30500000,45727000,461427000,Credit,Showroom
500533,2025-05-13,2702,131,116,1,373100000,20700000,38764000,391164000,Credit,Showroom
500534,2022-09-13,3992,153,80,1,439200000,30400000,44968000,453768000,Credit,Showroom
500535,2020-09-09,4798,110,71,1,776700000,8800000,84469000,852369000,Credit,Showroom
500536,2021-03-23,5295,134,59,1,272900000,100000,30008000,302808000,Credit,Showroom
500537,2020-04-14,1162,120,40,1,406600000,22100000,42295000,426795000,Credit,Showroom
500538,2020-05-06,2418,142,38,5,295200000,29800000,159082000,1605282000,Cash,Fleet
500539,2025-02-20,1484,103,10,1,300900000,600000,33033000,333333000,Credit,Showroom
500540,2020-06-08,3593,121,59,1,388400000,9700000,41657000,420357000,Credit,Event
500541,2021-05-08,3877,112,3,1,225500000,2400000,24541000,247641000,Credit,Showroom
500542,2025-04-12,4559,105,11,1,554600000,10200000,59884000,604284000,Credit,Showroom
500543,2023-11-25,5088,127,90,1,272400000,3500000,29579000,298479000,Credit,Online
500544,2025-10-20,2449,112,93,1,237600000,9800000,25058000,252858000,Credit,Showroom
500545,2023-01-06,2947,130,119,1,622100000,4900000,67892000,685092000,Cash,Showroom
500546,2021-07-09,1907,145,58,1,363100000,11300000,38698000,390498000,Cash,Showroom
500547,2022-12-20,3105,134,43,1,259000000,4700000,27973000,282273000,Credit,Showroom
500548,2020-06-02,3282,115,56,1,298100000,2800000,32483000,327783000,Cash,Showroom
500549,2025-07-11,2549,106,35,1,387300000,12400000,41239000,416139000,Credit,Showroom
500550,2022-07-02,5124,109,7,1,742200000,9900000,80553000,812853000,Cash,Online
500551,2022-10-16,2462,181,59,1,1621300000,18600000,176297000,1778997000,Credit,Showroom
500552,2024-04-11,2151,134,87,1,270300000,17300000,27830000,280830000,Credit,Showroom
500553,2022-01-09,3219,169,71,1,266100000,9000000,28281000,285381000,Cash,Showroom
500554,2022-04-26,4420,101,68,1,243900000,6600000,26103000,263403000,Cash,Showroom
500555,2023-10-26,4508,128,64,2,303600000,14400000,65208000,658008000,Cash,Fleet
500556,2022-06-12,5493,130,7,1,652800000,32400000,68244000,688644000,Cash,Showroom
500557,2024-10-31,4038,141,45,1,378000000,7600000,40744000,411144000,Credit,Showroom
500558,2020-06-22,2476,102,2,1,449500000,3400000,49071000,495171000,Cash,Showroom
500559,2022-05-12,5396,111,113,1,232700000,13600000,24101000,243201000,Credit,Showroom
500560,2024-11-18,4918,104,16,1,303700000,5900000,32758000,330558000,Cash,Showroom
500561,2021-03-06,2631,112,112,1,231300000,2100000,25212000,254412000,Credit,Showroom
500562,2020-08-29,2621,115,117,1,287700000,7200000,30855000,311355000,Credit,Showroom
500563,2022-10-14,3585,163,114,1,574500000,24000000,60555000,611055000,Credit,Showroom
500564,2022-04-29,1212,122,98,2,742600000,25800000,160534000,1619934000,Credit,Fleet
500565,2023-11-24,4318,109,13,1,786200000,21900000,84073000,848373000,Credit,Online
500566,2022-07-03,3300,150,7,1,258200000,7200000,27610000,278610000,Credit,Online
500567,2021-06-25,4637,177,89,1,1408600000,84500000,145651000,1469751000,Credit,Showroom
500568,2023-12-27,4378,121,39,1,416800000,11100000,44627000,450327000,Credit,Showroom
500569,2025-01-16,2573,124,28,1,319400000,11800000,33836000,341436000,Credit,Event
500570,2022-11-10,3488,137,39,1,444500000,7200000,48103000,485403000,Cash,Showroom
500571,2025-09-28,1508,128,80,1,299100000,6400000,32197000,324897000,Credit,Showroom
500572,2020-02-23,1132,109,91,1,793800000,52000000,81598000,823398000,Credit,Showroom
500573,2024-10-12,2308,103,9,1,298300000,8500000,31878000,321678000,Credit,Event
500574,2024-09-22,5113,148,58,1,284300000,6500000,30558000,308358000,Cash,Showroom
500575,2023-04-21,3463,154,81,1,845100000,23600000,90365000,911865000,Credit,Showroom
500576,2023-04-20,5286,126,3,1,640800000,18100000,68497000,691197000,Credit,Showroom
500577,2025-03-24,2650,145,45,1,361800000,7300000,38995000,393495000,Credit,Showroom
500578,2023-02-09,2851,113,66,1,160900000,11100000,16478000,166278000,Cash,Showroom
500579,2025-09-11,1713,113,97,1,170300000,7700000,17886000,180486000,Cash,Showroom
500580,2020-04-06,3868,132,19,1,438100000,1400000,48037000,484737000,Credit,Online
500581,2025-01-05,4505,102,66,4,458400000,24400000,199012000,2008212000,Cash,Fleet
500582,2024-05-26,4144,119,117,1,197300000,2400000,21439000,216339000,Credit,Showroom
500583,2021-09-05,2835,141,95,1,381800000,13500000,40513000,408813000,Cash,Showroom
500584,2022-09-18,3167,138,21,1,253400000,12300000,26521000,267621000,Cash,Showroom
500585,2020-10-06,2663,134,61,5,271100000,63500000,142120000,1434120000,Cash,Fleet
500586,2020-09-03,1211,125,40,1,658000000,23500000,69795000,704295000,Credit,Showroom
500587,2025-01-01,2036,156,107,1,673200000,22500000,71577000,722277000,Credit,Showroom
500588,2025-01-24,3823,136,37,1,468100000,25600000,48675000,491175000,Credit,Showroom
500589,2025-05-14,4084,124,117,1,314900000,14800000,33011000,333111000,Credit,Showroom
500590,2025-01-12,3022,135,74,1,289600000,12700000,30459000,307359000,Credit,Showroom
500591,2025-07-20,3130,112,114,1,229600000,9800000,24178000,243978000,Cash,Showroom
500592,2025-04-02,1558,132,2,1,430600000,1800000,47168000,475968000,Cash,Online
500593,2025-10-28,2203,120,43,1,415200000,6700000,44935000,453435000,Credit,Showroom
500594,2022-09-10,4819,140,80,1,169100000,3300000,18238000,184038000,Credit,Showroom
500595,2025-10-12,4476,136,39,1,461700000,30900000,47388000,478188000,Credit,Showroom
500596,2025-06-20,2427,109,85,1,763900000,23800000,81411000,821511000,Credit,Showroom
500597,2021-10-04,4307,105,114,1,565000000,3300000,61787000,623487000,Cash,Showroom
500598,2023-04-10,1517,133,26,1,428800000,20700000,44891000,452991000,Credit,Showroom
500599,2025-11-11,4254,135,85,1,291300000,19000000,29953000,302253000,Credit,Showroom
500600,2025-07-16,3111,127,17,1,293400000,800000,32186000,324786000,Cash,Showroom
500601,2021-01-11,4631,104,108,1,293300000,2800000,31955000,322455000,Credit,Showroom
500602,2022-02-13,5119,184,77,1,1248700000,29800000,134079000,1352979000,Credit,Showroom
500603,2023-09-26,2522,147,67,1,195400000,11200000,20262000,204462000,Credit,Showroom
500604,2022-05-08,1959,107,112,1,394300000,6700000,42636000,430236000,Credit,Showroom
500605,2024-01-17,2827,179,110,1,1107500000,13500000,120340000,1214340000,Cash,Showroom
500606,2023-05-13,3764,102,21,1,462800000,9400000,49874000,503274000,Credit,Showroom
500607,2025-05-20,2905,117,6,1,185700000,7100000,19646000,198246000,Credit,Showroom
500608,2022-03-01,4182,112,48,1,239100000,13400000,24827000,250527000,Cash,Showroom
500609,2024-09-13,2928,116,56,1,269500000,5800000,29007000,292707000,Credit,Showroom
500610,2025-01-10,4380,135,101,1,294300000,14600000,30767000,310467000,Credit,Showroom
500611,2021-01-01,1626,126,18,1,629700000,28300000,66154000,667554000,Cash,Event
500612,2021-11-25,4960,112,56,1,226900000,1400000,24805000,250305000,Cash,Online
500613,2022-02-25,5140,108,20,1,181200000,500000,19877000,200577000,Credit,Online
500614,2024-11-15,1645,119,55,1,205500000,13600000,21109000,213009000,Credit,Showroom
500615,2024-09-16,3213,130,90,1,624800000,35800000,64790000,653790000,Cash,Showroom
500616,2025-07-14,4411,108,31,1,172300000,10900000,17754000,179154000,Credit,Showroom
500617,2025-04-25,1672,128,17,1,314200000,21800000,32164000,324564000,Credit,Online
500618,2024-09-01,5015,114,9,1,292300000,16900000,30294000,305694000,Cash,Online
500619,2024-06-17,2672,111,82,2,233500000,13700000,49863000,503163000,Credit,Fleet
500620,2023-04-10,4411,129,95,1,298100000,13600000,31295000,315795000,Cash,Event
500621,2024-08-22,1482,119,17,1,195800000,8600000,20592000,207792000,Cash,Showroom
500622,2025-07-22,2467,101,29,1,240700000,5400000,25883000,261183000,Cash,Showroom
500623,2025-01-19,2723,104,52,1,296800000,18900000,30569000,308469000,Credit,Showroom
500624,2024-06-11,1603,108,83,1,175300000,10600000,18117000,182817000,Cash,Showroom
500625,2025-08-27,3722,106,65,1,380100000,18400000,39787000,401487000,Credit,Showroom
500626,2021-08-08,5351,120,85,1,417100000,14100000,44330000,447330000,Cash,Showroom
500627,2020-07-03,5460,126,105,1,622000000,3500000,68035000,686535000,Credit,Showroom
500628,2022-04-20,3907,131,67,1,382400000,2000000,41844000,422244000,Credit,Event
500629,2023-08-01,1117,104,36,1,282900000,14000000,29579000,298479000,Credit,Showroom
500630,2022-10-24,3494,120,46,1,391300000,18500000,41008000,413808000,Credit,Showroom
500631,2024-11-01,3959,105,108,1,585100000,28300000,61248000,618048000,Cash,Showroom
500632,2021-06-13,1502,123,58,1,746000000,22500000,79585000,803085000,Credit,Showroom
500633,2024-07-21,1310,106,97,1,396800000,22500000,41173000,415473000,Credit,Showroom
500634,2020-01-08,1495,111,12,1,226100000,300000,24838000,250638000,Credit,Event
500635,2022-10-03,4807,127,50,1,283800000,3800000,30800000,310800000,Credit,Event
500636,2022-12-16,5140,149,23,1,288500000,17300000,29832000,301032000,Credit,Showroom
500637,2021-10-24,3215,101,98,1,234100000,5400000,25157000,253857000,Credit,Showroom
500638,2024-03-06,2002,107,37,1,396400000,25100000,40843000,412143000,Credit,Showroom
500639,2024-02-16,3927,104,40,1,291100000,2800000,31713000,320013000,Credit,Showroom
500640,2025-12-30,2406,121,119,1,416500000,13300000,44352000,447552000,Credit,Showroom
500641,2023-07-03,1269,133,19,1,435600000,30100000,44605000,450105000,Credit,Showroom
500642,2021-07-21,1496,108,28,2,170600000,2700000,37235000,375735000,Credit,Fleet
500643,2025-08-18,4917,109,83,1,778300000,36100000,81642000,823842000,Credit,Showroom
500644,2025-03-25,4502,163,17,1,585000000,39500000,60005000,605505000,Cash,Showroom
500645,2024-11-21,4301,131,45,1,370500000,17900000,38786000,391386000,Cash,Online
500646,2024-07-08,4701,126,49,1,649700000,20100000,69256000,698856000,Cash,Event
500647,2023-07-10,5089,126,37,1,669300000,2100000,73392000,740592000,Credit,Showroom
500648,2024-02-21,2054,134,19,1,267200000,2500000,29117000,293817000,Cash,Showroom
500649,2022-05-19,2903,103,39,1,302000000,8500000,32285000,325785000,Cash,Showroom
500650,2024-08-19,3519,147,61,1,194600000,7100000,20625000,208125000,Cash,Showroom
500651,2021-04-27,1901,112,9,1,233100000,900000,25542000,257742000,Credit,Showroom
500652,2023-05-19,4296,115,24,1,285600000,6700000,30679000,309579000,Credit,Online
500653,2025-03-06,4654,124,27,1,323100000,500000,35486000,358086000,Credit,Showroom
500654,2023-06-10,3115,143,68,1,701800000,38000000,73018000,736818000,Credit,Online
500655,2024-05-15,4327,126,27,1,623400000,34200000,64812000,654012000,Cash,Showroom
500656,2020-11-07,5293,104,69,1,298400000,6100000,32153000,324453000,Credit,Showroom
500657,2025-03-10,2028,134,48,1,266500000,1900000,29106000,293706000,Credit,Showroom
500658,2023-10-04,3334,119,110,1,206200000,6300000,21989000,221889000,Credit,Showroom
500659,2024-03-08,4621,103,115,1,286100000,3900000,31042000,313242000,Cash,Showroom
500660,2021-12-19,4857,109,20,1,775200000,6900000,84513000,852813000,Credit,Showroom
500661,2025-12-18,3366,104,61,1,302700000,16000000,31537000,318237000,Cash,Online
500662,2025-08-31,2266,108,40,3,180600000,1900000,59389000,599289000,Credit,Fleet
500663,2025-10-04,2282,106,44,1,370000000,11300000,39457000,398157000,Credit,Event
500664,2022-03-10,4193,134,44,1,253400000,6100000,27203000,274503000,Credit,Showroom
500665,2025-10-30,5432,176,118,1,1484100000,60200000,156629000,1580529000,Credit,Showroom
500666,2024-03-17,1272,149,22,1,298600000,8600000,31900000,321900000,Credit,Event
500667,2025-04-20,4083,118,16,1,196800000,7200000,20856000,210456000,Credit,Showroom
500668,2022-06-07,2471,110,23,1,778800000,9000000,84678000,854478000,Credit,Showroom
500669,2025-06-16,4279,123,94,1,747100000,25400000,79387000,801087000,Credit,Showroom
500670,2025-10-14,5118,117,28,1,180900000,4400000,19415000,195915000,Cash,Showroom
500671,2022-06-30,5339,124,27,1,335100000,7800000,36003000,363303000,Credit,Showroom
500672,2024-06-22,3283,127,34,1,280700000,18300000,28864000,291264000,Credit,Showroom
500673,2022-03-15,3029,105,75,1,568700000,35100000,58696000,592296000,Cash,Showroom
500674,2023-07-01,1286,103,50,1,290100000,17400000,29997000,302697000,Cash,Event
500675,2023-04-18,3159,128,47,1,308900000,10500000,32824000,331224000,Cash,Showroom
500676,2025-02-20,4396,106,85,4,369500000,42700000,157883000,1593183000,Cash,Fleet
500677,2023-01-28,2531,106,58,1,376700000,10400000,40293000,406593000,Credit,Event
500678,2023-08-04,4315,125,5,1,658200000,18600000,70356000,709956000,Credit,Showroom
500679,2022-01-01,3848,112,24,1,233800000,2200000,25476000,257076000,Credit,Showroom
500680,2024-12-19,1580,109,33,1,795900000,20800000,85261000,860361000,Credit,Showroom
500681,2022-08-22,5264,142,115,1,281600000,19600000,28820000,290820000,Credit,Showroom
500682,2023-12-11,1921,115,82,1,295800000,13300000,31075000,313575000,Credit,Showroom
500683,2020-07-21,1207,112,7,1,225700000,3100000,24486000,247086000,Credit,Showroom
500684,2025-01-27,1293,126,72,1,634300000,20900000,67474000,680874000,Credit,Showroom
500685,2025-08-23,4340,127,88,1,291100000,16700000,30184000,304584000,Cash,Showroom
500686,2024-06-06,3020,105,32,1,582200000,12600000,62656000,632256000,Cash,Showroom
500687,2023-11-16,5220,106,118,1,396200000,13800000,42064000,424464000,Credit,Showroom
500688,2022-05-01,1160,133,34,1,431600000,23400000,44902000,453102000,Credit,Event
500689,2025-06-06,2906,105,63,1,583300000,14200000,62601000,631701000,Credit,Showroom
500690,2024-12-17,2523,124,100,1,328400000,22700000,33627000,339327000,Cash,Showroom
500691,2023-04-28,4269,116,70,1,268400000,10900000,28325000,285825000,Credit,Showroom
500692,2024-06-06,4327,143,83,1,750600000,4900000,82027000,827727000,Credit,Event
500693,2024-06-24,1973,106,95,1,379600000,5700000,41129000,415029000,Credit,Showroom
500694,2024-09-18,4753,103,49,1,289600000,11700000,30569000,308469000,Cash,Event
500695,2024-12-18,4379,125,106,1,627800000,25100000,66297000,668997000,Credit,Event
500696,2023-04-30,3204,117,1,1,192000000,6600000,20394000,205794000,Credit,Showroom
500697,2025-05-18,3471,104,24,1,293200000,14000000,30712000,309912000,Credit,Online
500698,2024-02-05,2448,112,5,1,236500000,3400000,25641000,258741000,Credit,Showroom
500699,2023-07-25,2783,166,12,1,658200000,45900000,67353000,679653000,Credit,Showroom
500700,2022-03-12,4119,170,115,1,336900000,20500000,34804000,351204000,Cash,Showroom
500701,2021-11-12,5145,108,120,1,180900000,8700000,18942000,191142000,Credit,Event
500702,2023-10-28,3087,125,93,1,656000000,13900000,70631000,712731000,Credit,Showroom
500703,2020-12-15,5213,175,97,1,1128900000,72700000,116182000,1172382000,Credit,Showroom
500704,2022-07-02,1910,156,56,1,676700000,4700000,73920000,745920000,Cash,Showroom
500705,2025-01-28,2856,111,31,1,232000000,3800000,25102000,253302000,Credit,Showroom
500706,2022-09-07,4071,126,118,1,629700000,33700000,65560000,661560000,Credit,Showroom
500707,2025-01-02,4492,105,77,1,581400000,6900000,63195000,637695000,Credit,Showroom
500708,2023-07-08,4705,123,114,1,794100000,53600000,81455000,821955000,Credit,Showroom
500709,2021-05-09,3022,128,45,1,299000000,17500000,30965000,312465000,Credit,Showroom
500710,2022-07-17,1401,151,35,1,564000000,11100000,60819000,613719000,Credit,Showroom
500711,2023-12-15,1507,109,46,1,781600000,17600000,84040000,848040000,Credit,Showroom
500712,2025-06-14,4503,106,80,1,395700000,9900000,42438000,428238000,Cash,Showroom
500713,2025-03-12,1886,130,80,1,644600000,42000000,66286000,668886000,Cash,Showroom
500714,2023-09-30,2162,129,19,1,307700000,8700000,32890000,331890000,Credit,Showroom
500715,2024-02-28,4582,139,104,1,261800000,6300000,28105000,283605000,Credit,Showroom
500716,2025-08-20,3760,129,67,1,294000000,16000000,30580000,308580000,Credit,Showroom
500717,2021-05-12,3267,112,89,1,226800000,14400000,23364000,235764000,Credit,Showroom
500718,2024-07-02,1272,113,40,1,165100000,11000000,16951000,171051000,Credit,Showroom
500719,2025-03-20,4973,114,96,1,294400000,9500000,31339000,316239000,Credit,Showroom
500720,2025-06-23,4618,138,85,2,255800000,14100000,54725000,552225000,Credit,Fleet
500721,2024-07-29,2872,101,22,1,246700000,1000000,27027000,272727000,Credit,Showroom
500722,2022-05-12,1722,105,41,1,543300000,2400000,59499000,600399000,Cash,Showroom
500723,2021-12-23,4652,111,33,1,229400000,7700000,24387000,246087000,Credit,Showroom
500724,2023-07-07,3400,113,90,1,167200000,2700000,18095000,182595000,Credit,Online
500725,2023-11-04,4395,148,111,1,286100000,1000000,31361000,316461000,Credit,Showroom
500726,2022-12-13,3087,102,85,1,459600000,32000000,47036000,474636000,Cash,Showroom
500727,2022-03-07,4966,105,63,1,575300000,28500000,60148000,606948000,Credit,Event
500728,2025-12-16,1819,140,107,1,174000000,6900000,18381000,185481000,Cash,Showroom
500729,2025-03-04,4082,103,119,1,296700000,16700000,30800000,310800000,Credit,Showroom
500730,2025-05-18,2975,108,70,1,180500000,10000000,18755000,189255000,Credit,Online
500731,2022-02-14,1523,111,85,1,239800000,6500000,25663000,258963000,Credit,Showroom
500732,2025-08-19,2897,101,21,1,251300000,8300000,26730000,269730000,Credit,Showroom
500733,2024-02-04,2567,125,4,1,627800000,27000000,66088000,666888000,Credit,Showroom
500734,2022-01-24,2804,133,29,1,439900000,23400000,45815000,462315000,Credit,Showroom
500735,2024-01-23,2404,114,67,1,292900000,0,32219000,325119000,Cash,Showroom
500736,2023-06-24,3984,176,90,1,1442200000,14200000,157080000,1585080000,Credit,Showroom
500737,2021-07-05,4820,131,110,1,390500000,16700000,41118000,414918000,Credit,Showroom
500738,2022-05-05,1214,109,10,1,779200000,34900000,81873000,826173000,Credit,Showroom
500739,2023-10-31,2412,147,59,1,201100000,1600000,21945000,221445000,Credit,Online
500740,2022-05-01,2734,116,119,1,268700000,7200000,28765000,290265000,Credit,Showroom
500741,2022-05-26,2314,119,54,1,203200000,9000000,21362000,215562000,Cash,Showroom
500742,2024-06-17,3871,167,120,1,650400000,14800000,69916000,705516000,Credit,Event
500743,2024-02-01,5084,103,39,1,298900000,9400000,31845000,321345000,Credit,Showroom
500744,2023-12-20,5162,161,99,1,440800000,27700000,45441000,458541000,Credit,Showroom
500745,2024-06-11,1429,115,47,1,293000000,17700000,30283000,305583000,Credit,Event
500746,2024-08-17,3715,146,108,1,194000000,5100000,20779000,209679000,Credit,Showroom
500747,2024-06-15,3453,102,100,1,446400000,15800000,47366000,477966000,Cash,Showroom
500748,2021-02-22,4042,141,65,1,391700000,17200000,41195000,415695000,Credit,Online
500749,2020-02-21,2837,104,99,1,300200000,17200000,31130000,314130000,Cash,Showroom
500750,2024-03-28,5036,147,18,1,209300000,7400000,22209000,224109000,Credit,Online
500751,2023-02-03,3694,105,77,1,579200000,22100000,61281000,618381000,Credit,Showroom
500752,2024-11-09,1546,129,74,1,299300000,14900000,31284000,315684000,Credit,Showroom
500753,2025-07-26,1362,103,1,1,298700000,2500000,32582000,328782000,Credit,Showroom
500754,2020-08-08,1789,101,70,1,232800000,9800000,24530000,247530000,Credit,Showroom
500755,2024-01-23,1230,167,8,1,639500000,30000000,67045000,676545000,Credit,Showroom
500756,2025-09-15,1137,133,21,1,434700000,19000000,45727000,461427000,Cash,Showroom
500757,2025-03-20,1296,112,73,1,226300000,4900000,24354000,245754000,Credit,Showroom
500758,2025-03-23,4668,117,107,1,193900000,7800000,20471000,206571000,Credit,Online
500759,2022-05-15,1924,116,36,1,269100000,14800000,27973000,282273000,Credit,Showroom
500760,2021-10-17,3986,137,76,1,463000000,27400000,47916000,483516000,Cash,Showroom
500761,2024-03-14,1905,116,108,1,266100000,8100000,28380000,286380000,Credit,Showroom
500762,2023-12-21,2846,101,22,1,233300000,5900000,25014000,252414000,Credit,Online
500763,2024-09-29,3138,118,91,1,201600000,10100000,21065000,212565000,Credit,Showroom
500764,2021-04-07,1023,121,112,1,390800000,19200000,40876000,412476000,Credit,Showroom
500765,2022-05-03,2310,112,86,1,227900000,14400000,23485000,236985000,Credit,Showroom
500766,2022-09-09,4410,119,78,1,202100000,500000,22176000,223776000,Credit,Showroom
500767,2020-08-09,2484,141,19,1,384300000,23100000,39732000,400932000,Credit,Showroom
500768,2020-03-10,1913,125,61,1,660800000,7500000,71863000,725163000,Credit,Showroom
500769,2021-01-26,2829,139,84,1,252300000,3900000,27324000,275724000,Cash,Showroom
500770,2021-11-29,4875,103,44,1,283400000,6800000,30426000,307026000,Credit,Showroom
500771,2021-09-30,3742,103,113,1,302800000,7800000,32450000,327450000,Credit,Showroom
500772,2021-11-03,4417,101,7,1,234800000,13800000,24310000,245310000,Credit,Showroom
500773,2023-09-24,2048,114,107,1,295900000,19100000,30448000,307248000,Credit,Showroom
500774,2025-11-27,1677,105,73,1,584800000,37300000,60225000,607725000,Credit,Showroom
500775,2023-03-29,1452,118,19,1,206500000,1500000,22550000,227550000,Cash,Showroom
500776,2024-04-22,3107,115,73,1,296300000,14300000,31020000,313020000,Credit,Showroom
500777,2025-09-26,2103,111,41,1,232900000,5100000,25058000,252858000,Credit,Showroom
500778,2023-04-18,4897,109,11,1,751600000,22900000,80157000,808857000,Credit,Showroom
500779,2025-06-04,4973,126,63,1,627500000,5300000,68442000,690642000,Credit,Showroom
500780,2022-05-12,1013,183,98,1,1808900000,29000000,195789000,1975689000,Cash,Showroom
500781,2024-12-25,1357,117,19,1,186500000,12300000,19162000,193362000,Credit,Showroom
500782,2025-02-10,5011,123,81,1,795300000,29500000,84238000,850038000,Cash,Event
500783,2024-02-06,4769,107,82,1,396800000,26900000,40689000,410589000,Cash,Showroom
500784,2023-02-25,5321,106,12,1,392000000,1600000,42944000,433344000,Credit,Showroom
500785,2025-12-01,1765,121,91,1,418500000,3500000,45650000,460650000,Cash,Showroom
500786,2020-01-09,3338,132,31,1,413700000,18900000,43428000,438228000,Cash,Showroom
500787,2022-03-11,3529,112,104,1,233400000,9700000,24607000,248307000,Credit,Showroom
500788,2023-04-07,2518,123,28,1,784300000,45900000,81224000,819624000,Credit,Event
500789,2022-02-28,4082,117,15,1,183700000,8400000,19283000,194583000,Cash,Showroom
500790,2022-11-08,3505,136,22,5,457100000,19000000,249315000,2515815000,Credit,Fleet
500791,2020-11-15,4537,139,76,1,244700000,11200000,25685000,259185000,Credit,Online
500792,2024-04-21,4610,113,5,1,168300000,10600000,17347000,175047000,Credit,Showroom
500793,2024-07-19,4492,124,14,1,333800000,1100000,36597000,369297000,Credit,Online
500794,2021-06-01,1960,116,8,1,260200000,1600000,28446000,287046000,Cash,Showroom
500795,2023-11-29,4367,101,50,1,244000000,10900000,25641000,258741000,Credit,Showroom
500796,2023-01-08,5480,138,96,1,249800000,15000000,25828000,260628000,Cash,Showroom
500797,2021-10-13,1638,104,76,1,285700000,6600000,30701000,309801000,Credit,Event
500798,2020-08-03,1709,146,97,1,196400000,5200000,21032000,212232000,Credit,Showroom
500799,2023-08-28,2309,145,20,1,364400000,19200000,37972000,383172000,Cash,Event
500800,2024-11-06,1630,119,29,1,199600000,2800000,21648000,218448000,Credit,Online
500801,2024-10-03,4580,117,33,1,185100000,11800000,19063000,192363000,Credit,Showroom
500802,2021-08-07,3914,101,104,1,247300000,13500000,25718000,259518000,Credit,Showroom
500803,2022-07-28,3227,121,49,1,407700000,11300000,43604000,440004000,Cash,Showroom
500804,2025-06-12,5191,107,109,1,375300000,9100000,40282000,406482000,Cash,Showroom
500805,2023-07-26,4036,108,114,4,172300000,1100000,75691000,763791000,Cash,Fleet
500806,2024-08-30,4812,108,82,1,170100000,6200000,18029000,181929000,Cash,Showroom
500807,2024-10-15,2839,149,65,1,287300000,12300000,30250000,305250000,Credit,Showroom
500808,2023-05-27,2328,134,119,1,263200000,9400000,27918000,281718000,Credit,Showroom
500809,2025-11-10,4712,131,118,1,396100000,8800000,42603000,429903000,Credit,Showroom
500810,2022-12-07,5280,144,57,1,816100000,51700000,84084000,848484000,Credit,Showroom
500811,2025-03-16,2265,128,79,1,296100000,100000,32560000,328560000,Credit,Showroom
500812,2025-06-13,1605,114,41,1,277700000,10900000,29348000,296148000,Credit,Showroom
500813,2025-05-29,1888,139,36,1,253700000,11600000,26631000,268731000,Credit,Showroom
500814,2025-11-17,2820,124,93,1,312200000,4100000,33891000,341991000,Credit,Showroom
500815,2025-02-22,4376,104,34,1,294100000,9700000,31284000,315684000,Cash,Showroom
500816,2025-01-06,2174,104,54,1,285200000,1600000,31196000,314796000,Credit,Event
500817,2025-03-07,1423,117,38,1,187000000,9000000,19580000,197580000,Credit,Showroom
500818,2020-06-16,3775,104,68,2,282700000,36300000,58201000,587301000,Cash,Fleet
500819,2024-06-09,2387,105,15,1,552900000,12300000,59466000,600066000,Cash,Showroom
500820,2022-03-13,1628,102,119,1,472900000,30300000,48686000,491286000,Credit,Showroom
500821,2023-06-02,3307,142,15,1,299600000,4800000,32428000,327228000,Credit,Event
500822,2023-09-11,2107,114,99,1,285200000,1200000,31240000,315240000,Cash,Showroom
500823,2023-08-31,2278,101,101,1,238500000,5400000,25641000,258741000,Cash,Showroom
500824,2022-12-14,2284,132,119,1,430700000,29200000,44165000,445665000,Credit,Showroom
500825,2022-05-31,4432,128,18,1,299900000,13200000,31537000,318237000,Credit,Showroom
500826,2024-06-28,1137,106,20,1,374800000,6100000,40557000,409257000,Cash,Showroom
500827,2023-02-21,4787,115,55,1,296600000,11500000,31361000,316461000,Credit,Showroom
500828,2022-08-01,4543,150,79,1,264200000,8300000,28149000,284049000,Cash,Showroom
500829,2024-11-13,1260,106,49,1,387100000,1100000,42460000,428460000,Cash,Event
500830,2023-08-06,3440,119,54,1,207500000,4900000,22286000,224886000,Credit,Online
500831,2022-11-09,2619,117,45,1,188000000,11900000,19371000,195471000,Credit,Showroom
500832,2025-12-28,3106,114,42,1,296000000,6000000,31900000,321900000,Credit,Showroom
500833,2021-09-28,1229,149,4,1,301000000,15900000,31361000,316461000,Cash,Showroom
500834,2022-05-30,2649,123,46,1,752300000,12800000,81345000,820845000,Credit,Showroom
500835,2024-02-03,4403,136,77,1,460600000,4700000,50149000,506049000,Credit,Online
500836,2022-08-11,2654,122,15,1,765500000,4100000,83754000,845154000,Credit,Showroom
500837,2023-12-29,1648,147,15,1,204100000,5000000,21901000,221001000,Credit,Showroom
500838,2023-10-15,4318,117,93,1,190900000,5900000,20350000,205350000,Credit,Online
500839,2024-02-27,2124,135,98,1,296500000,1200000,32483000,327783000,Credit,Online
500840,2024-03-16,2846,105,63,1,568500000,25000000,59785000,603285000,Credit,Showroom
500841,2024-12-28,4225,107,22,1,388000000,20200000,40458000,408258000,Credit,Showroom
500842,2023-02-05,1643,147,61,1,207600000,13000000,21406000,216006000,Credit,Showroom
500843,2025-09-04,1918,109,49,1,787800000,3400000,86284000,870684000,Credit,Online
500844,2020-07-28,3545,125,41,1,635300000,35100000,66022000,666222000,Credit,Showroom
500845,2023-06-04,2327,119,106,1,203700000,8400000,21483000,216783000,Credit,Showroom
500846,2021-09-12,3291,110,94,1,737700000,20600000,78881000,795981000,Credit,Showroom
500847,2024-12-07,2711,138,48,1,250100000,10400000,26367000,266067000,Cash,Showroom
500848,2020-02-04,3773,108,73,1,179100000,9200000,18689000,188589000,Cash,Showroom
500849,2024-02-21,2502,125,111,1,631300000,32900000,65824000,664224000,Credit,Showroom
500850,2021-05-18,1262,133,63,1,410500000,10000000,44055000,444555000,Credit,Showroom
500851,2021-05-24,2445,105,38,1,558400000,21600000,59048000,595848000,Cash,Showroom
500852,2022-08-04,1561,118,59,1,204900000,9900000,21450000,216450000,Credit,Showroom
500853,2023-09-16,2427,140,69,1,174700000,9600000,18161000,183261000,Credit,Showroom
500854,2024-09-19,2157,106,83,1,388700000,4100000,42306000,426906000,Cash,Showroom
500855,2022-06-29,3577,119,14,1,201000000,6100000,21439000,216339000,Cash,Showroom
500856,2024-03-18,4145,163,5,1,547800000,28100000,57167000,576867000,Credit,Showroom
500857,2024-09-17,1645,145,38,1,355500000,2000000,38885000,392385000,Credit,Showroom
500858,2021-02-11,2026,106,96,1,380500000,19000000,39765000,401265000,Cash,Showroom
500859,2024-02-21,2892,115,22,1,288900000,13300000,30316000,305916000,Credit,Showroom
500860,2025-10-12,2970,142,95,1,283100000,13500000,29656000,299256000,Cash,Showroom
500861,2020-05-01,2629,111,112,1,234900000,12500000,24464000,246864000,Cash,Showroom
500862,2021-05-11,3384,134,61,1,258300000,14900000,26774000,270174000,Credit,Online
500863,2022-09-19,4006,107,23,1,374500000,12100000,39864000,402264000,Credit,Showroom
500864,2020-04-05,3758,107,117,1,398600000,10700000,42669000,430569000,Credit,Showroom
500865,2024-09-19,1388,105,11,1,561500000,8200000,60863000,614163000,Credit,Online
500866,2022-01-09,1526,128,34,1,291300000,11500000,30778000,310578000,Credit,Showroom
500867,2021-09-28,1059,136,7,1,454900000,16900000,48180000,486180000,Credit,Showroom
500868,2025-09-03,1779,118,73,1,206900000,13800000,21241000,214341000,Credit,Online
500869,2020-10-30,5299,101,109,1,239700000,8500000,25432000,256632000,Cash,Showroom
500870,2021-05-27,3617,116,57,1,254900000,2200000,27797000,280497000,Credit,Showroom
500871,2023-10-12,4576,178,52,1,1054500000,15200000,114323000,1153623000,Cash,Showroom
500872,2022-10-04,3373,136,59,1,448200000,15300000,47619000,480519000,Cash,Showroom
500873,2023-11-04,3824,138,101,1,250900000,9100000,26598000,268398000,Credit,Showroom
500874,2025-02-09,1899,104,28,1,283500000,3800000,30767000,310467000,Credit,Showroom
500875,2022-04-06,2539,137,4,1,436900000,12700000,46662000,470862000,Credit,Event
500876,2023-06-01,3583,134,55,1,263400000,15700000,27247000,274947000,Credit,Online
500877,2023-08-28,3703,135,115,1,303000000,800000,33242000,335442000,Cash,Showroom
500878,2023-10-26,1534,102,99,1,457600000,17400000,48422000,488622000,Cash,Showroom
500879,2022-06-16,4513,112,54,1,237600000,1300000,25993000,262293000,Credit,Online
500880,2020-12-23,3040,141,119,1,382500000,19400000,39941000,403041000,Cash,Showroom
500881,2024-02-10,4133,163,54,1,550200000,16200000,58740000,592740000,Credit,Showroom
500882,2025-06-17,4610,108,49,1,174100000,10900000,17952000,181152000,Cash,Online
500883,2021-04-03,4844,109,75,1,797100000,37400000,83567000,843267000,Cash,Showroom
500884,2023-10-05,3012,102,95,1,465000000,29900000,47861000,482961000,Credit,Showroom
500885,2024-11-25,1089,108,86,1,175800000,6100000,18667000,188367000,Credit,Online
500886,2025-09-28,5499,127,68,1,279400000,9600000,29678000,299478000,Cash,Showroom
500887,2020-12-15,4909,113,90,1,161100000,3300000,17358000,175158000,Credit,Showroom
500888,2023-12-22,2846,132,23,1,429200000,27300000,44209000,446109000,Cash,Showroom
500889,2024-06-17,5234,136,86,1,467300000,19800000,49225000,496725000,Credit,Showroom
500890,2022-12-07,1496,162,43,1,550700000,14400000,58993000,595293000,Credit,Event
500891,2025-05-05,4061,123,77,1,752300000,21900000,80344000,810744000,Cash,Showroom
500892,2025-05-11,3216,181,70,1,1671500000,63500000,176880000,1784880000,Credit,Event
500893,2023-10-05,2607,114,15,1,283700000,14300000,29634000,299034000,Cash,Event
500894,2025-09-28,2617,105,95,1,573800000,25700000,60291000,608391000,Cash,Online
500895,2020-09-28,3008,132,47,1,440400000,10200000,47322000,477522000,Cash,Showroom
500896,2021-12-19,1242,111,100,1,231400000,2900000,25135000,253635000,Credit,Showroom
500897,2023-06-29,2222,111,82,1,239300000,9500000,25278000,255078000,Credit,Showroom
500898,2023-04-20,4843,118,113,1,209300000,500000,22968000,231768000,Credit,Showroom
500899,2025-05-20,1712,103,44,1,304100000,12000000,32131000,324231000,Credit,Showroom
500900,2024-05-14,3249,145,120,1,356900000,15800000,37521000,378621000,Credit,Showroom
500901,2025-12-16,4475,113,7,1,166700000,9800000,17259000,174159000,Credit,Showroom
500902,2021-12-29,2008,148,60,1,303700000,12800000,31999000,322899000,Credit,Showroom
500903,2020-01-06,1093,135,63,1,296300000,3300000,32230000,325230000,Credit,Showroom
500904,2020-02-13,1001,110,26,1,770300000,22600000,82247000,829947000,Cash,Showroom
500905,2023-06-13,3790,110,115,1,742500000,28200000,78573000,792873000,Cash,Showroom
500906,2025-06-15,5188,141,77,1,386900000,5600000,41943000,423243000,Credit,Showroom
500907,2025-04-10,2696,120,4,1,419000000,10700000,44913000,453213000,Cash,Showroom
500908,2023-08-21,4167,112,91,1,233700000,4700000,25190000,254190000,Credit,Event
500909,2020-03-19,4037,113,59,1,161800000,2700000,17501000,176601000,Cash,Showroom
500910,2023-07-15,3304,133,1,1,432200000,8600000,46596000,470196000,Credit,Showroom
500911,2024-11-30,5025,139,33,1,253600000,1000000,27786000,280386000,Cash,Event
500912,2023-07-18,3090,103,19,1,300900000,5700000,32472000,327672000,Credit,Showroom
500913,2022-07-05,3004,114,62,1,290400000,14700000,30327000,306027000,Credit,Showroom
500914,2025-12-08,5277,133,52,1,439600000,13300000,46893000,473193000,Credit,Online
500915,2025-07-04,1305,105,43,1,571600000,9400000,61842000,624042000,Credit,Showroom
500916,2025-10-16,4088,126,4,1,667600000,43400000,68662000,692862000,Cash,Showroom
500917,2025-03-14,3875,106,117,1,390400000,5000000,42394000,427794000,Credit,Showroom
500918,2022-07-26,5410,176,104,1,1462400000,62300000,154011000,1554111000,Credit,Showroom
500919,2022-06-08,2866,165,74,1,424500000,12600000,45309000,457209000,Cash,Showroom
500920,2022-08-22,1454,105,16,1,555700000,7300000,60324000,608724000,Credit,Showroom
500921,2024-05-30,4350,126,106,1,628000000,41500000,64515000,651015000,Cash,Showroom
500922,2022-04-15,4302,107,60,1,379100000,17500000,39776000,401376000,Credit,Showroom
500923,2025-09-12,2857,132,108,1,430700000,200000,47355000,477855000,Credit,Online
500924,2023-01-01,2320,160,73,1,395200000,9000000,42482000,428682000,Cash,Showroom
500925,2025-03-28,5123,126,40,1,638400000,10000000,69124000,697524000,Credit,Showroom
500926,2025-06-19,4210,110,73,1,793000000,7900000,86361000,871461000,Credit,Showroom
500927,2022-09-18,3653,133,11,1,408500000,13100000,43494000,438894000,Credit,Showroom
500928,2024-11-24,4854,146,79,1,202600000,3500000,21901000,221001000,Credit,Showroom
500929,2020-01-27,1577,159,67,1,420900000,20100000,44088000,444888000,Cash,Online
500930,2022-11-24,3838,113,114,1,165800000,1100000,18117000,182817000,Cash,Showroom
500931,2023-02-19,3533,122,79,1,748700000,19500000,80212000,809412000,Credit,Showroom
500932,2023-07-21,1649,162,31,1,557800000,13600000,59862000,604062000,Credit,Showroom
500933,2024-08-11,2710,101,56,1,245200000,14600000,25366000,255966000,Credit,Showroom
500934,2024-03-19,1204,117,25,1,188300000,3600000,20317000,205017000,Credit,Showroom
500935,2021-07-06,4249,124,73,1,335000000,4300000,36377000,367077000,Credit,Showroom
500936,2022-02-16,1428,112,111,1,233600000,4200000,25234000,254634000,Cash,Showroom
500937,2023-08-28,4450,113,68,1,172400000,3200000,18612000,187812000,Credit,Event
500938,2024-03-06,4761,116,40,1,261700000,7300000,27984000,282384000,Credit,Showroom
500939,2023-01-19,3530,184,75,1,1330800000,12900000,144969000,1462869000,Cash,Online
500940,2023-10-02,2812,137,100,1,450700000,26300000,46684000,471084000,Cash,Showroom
500941,2024-01-17,3859,141,4,1,389700000,24300000,40194000,405594000,Credit,Showroom
500942,2025-06-19,3527,124,119,1,322200000,900000,35343000,356643000,Credit,Online
500943,2020-04-20,4176,137,94,1,451700000,28700000,46530000,469530000,Cash,Showroom
500944,2021-11-20,2867,111,33,1,234700000,6800000,25069000,252969000,Cash,Showroom
500945,2022-10-18,2575,108,58,1,182400000,3300000,19701000,198801000,Cash,Showroom
500946,2022-04-29,1108,109,69,1,750300000,27000000,79563000,802863000,Credit,Online
500947,2024-08-22,4217,169,117,1,252900000,9800000,26741000,269841000,Credit,Showroom
500948,2021-04-19,2764,156,90,1,684100000,4400000,74767000,754467000,Credit,Showroom
500949,2021-03-12,4720,139,43,1,243400000,15500000,25069000,252969000,Cash,Showroom
500950,2025-10-29,1874,127,93,1,274100000,18800000,28083000,283383000,Cash,Online
500951,2024-07-22,4504,166,35,1,651300000,20700000,69366000,699966000,Credit,Showroom
500952,2024-05-20,4241,142,117,1,294100000,13700000,30844000,311244000,Credit,Showroom
500953,2023-12-13,3954,119,56,1,204600000,11400000,21252000,214452000,Credit,Event
500954,2025-09-21,3207,107,55,1,387200000,2600000,42306000,426906000,Credit,Showroom
500955,2024-03-12,1490,132,69,1,414100000,5700000,44924000,453324000,Cash,Showroom
500956,2020-01-20,1932,107,56,1,384000000,12200000,40898000,412698000,Cash,Showroom
500957,2021-12-20,2400,138,58,1,258600000,1300000,28303000,285603000,Cash,Showroom
500958,2021-11-27,2315,146,72,1,204600000,11600000,21230000,214230000,Cash,Event
500959,2025-07-22,3574,105,82,1,566800000,34300000,58575000,591075000,Credit,Showroom
500960,2023-10-30,4337,135,45,1,294900000,2500000,32164000,324564000,Cash,Showroom
500961,2023-09-08,2224,134,34,1,262700000,5700000,28270000,285270000,Credit,Showroom
500962,2022-08-28,4539,156,66,1,653400000,35300000,67991000,686091000,Cash,Showroom
500963,2022-10-28,4119,102,107,1,450500000,7700000,48708000,491508000,Cash,Showroom
500964,2024-04-10,1165,113,23,1,163600000,7800000,17138000,172938000,Credit,Showroom
500965,2020-12-29,3213,116,67,1,262400000,8900000,27885000,281385000,Credit,Showroom
500966,2024-01-08,3553,151,14,1,569200000,21200000,60280000,608280000,Credit,Showroom
500967,2024-06-02,2433,166,60,1,624700000,11200000,67485000,680985000,Cash,Showroom
500968,2023-06-27,4135,121,9,1,415400000,18900000,43615000,440115000,Credit,Event
500969,2023-02-02,4156,138,93,2,242500000,12800000,51942000,524142000,Credit,Fleet
500970,2025-05-17,5205,102,11,1,448100000,11800000,47993000,484293000,Cash,Showroom
500971,2021-11-12,2502,105,59,1,580500000,10600000,62689000,632589000,Credit,Showroom
500972,2022-08-15,4804,125,34,1,637500000,36700000,66088000,666888000,Cash,Showroom
500973,2025-04-01,1430,109,27,1,783900000,37100000,82148000,828948000,Credit,Showroom
500974,2025-02-20,1508,102,49,4,455500000,11400000,199166000,2009766000,Credit,Fleet
500975,2022-03-30,1730,103,79,1,291000000,19900000,29821000,300921000,Credit,Event
500976,2021-06-04,4382,116,6,1,265600000,9600000,28160000,284160000,Credit,Showroom
500977,2023-05-16,3615,122,77,1,792200000,3500000,86757000,875457000,Credit,Showroom
500978,2024-06-18,3912,127,59,1,273800000,9800000,29040000,293040000,Cash,Showroom
500979,2022-02-09,2654,130,56,1,641600000,9400000,69542000,701742000,Cash,Showroom
500980,2022-10-02,1585,103,17,1,298900000,7400000,32065000,323565000,Credit,Showroom
500981,2023-10-07,2758,110,66,1,784300000,15800000,84535000,853035000,Credit,Showroom
500982,2024-01-22,2042,172,72,1,1372000000,18400000,148896000,1502496000,Credit,Showroom
500983,2023-03-19,2604,113,63,1,165500000,5000000,17655000,178155000,Credit,Event
500984,2025-04-10,3096,176,96,1,1448000000,10600000,158114000,1595514000,Credit,Showroom
500985,2022-05-08,2471,140,21,1,177900000,10100000,18458000,186258000,Credit,Showroom
500986,2024-08-03,3145,153,13,1,428400000,3800000,46706000,471306000,Credit,Event
500987,2024-05-27,2022,102,42,1,477900000,1000000,52459000,529359000,Cash,Showroom
500988,2021-02-15,3892,103,16,1,291100000,3500000,31636000,319236000,Cash,Showroom
500989,2024-08-24,3202,107,46,1,369800000,19000000,38588000,389388000,Cash,Showroom
500990,2024-12-25,3796,103,113,1,285300000,5800000,30745000,310245000,Credit,Showroom
500991,2022-05-31,4121,128,21,1,297800000,300000,32725000,330225000,Credit,Showroom
500992,2025-05-27,1102,125,48,1,643100000,25600000,67925000,685425000,Credit,Event
500993,2025-02-27,3379,185,16,1,871600000,36500000,91861000,926961000,Cash,Showroom
500994,2024-01-23,1746,102,38,1,464300000,12800000,49665000,501165000,Credit,Showroom
500995,2020-05-20,4880,107,113,1,392100000,26400000,40227000,405927000,Credit,Showroom
500996,2020-10-12,2742,141,35,1,373500000,18100000,39094000,394494000,Credit,Showroom
500997,2024-07-06,2694,109,60,1,778800000,900000,85569000,863469000,Credit,Showroom
500998,2025-03-03,2179,102,85,1,461400000,31900000,47245000,476745000,Cash,Showroom
500999,2025-11-05,4698,122,79,1,746900000,40200000,77737000,784437000,Credit,Showroom
501000,2025-09-28,2139,116,55,1,253100000,15400000,26147000,263847000,Cash,Showroom
501001,2023-07-22,1946,133,80,1,439700000,11000000,47157000,475857000,Credit,Showroom
501002,2024-07-02,3235,109,81,1,784800000,9400000,85294000,860694000,Credit,Online
501003,2023-03-14,2461,108,74,1,178100000,3600000,19195000,193695000,Credit,Showroom
501004,2024-06-27,4010,127,18,1,279100000,15800000,28963000,292263000,Cash,Showroom
501005,2021-02-04,1157,120,23,1,405500000,27800000,41547000,419247000,Credit,Showroom
501006,2020-01-07,5000,136,6,1,458300000,400000,50369000,508269000,Credit,Showroom
501007,2025-04-05,1613,111,10,1,227000000,10600000,23804000,240204000,Credit,Showroom
501008,2022-08-23,3527,121,7,1,403300000,21600000,41987000,423687000,Credit,Showroom
501009,2020-04-11,2861,112,31,1,240100000,9600000,25355000,255855000,Cash,Event
501010,2020-10-02,3060,110,98,1,792200000,5000000,86592000,873792000,Credit,Showroom
501011,2021-07-31,2294,138,39,1,251100000,3700000,27214000,274614000,Credit,Showroom
501012,2022-10-07,1963,168,40,1,269200000,15400000,27918000,281718000,Credit,Showroom
501013,2023-09-08,2604,148,91,1,302800000,16000000,31548000,318348000,Credit,Showroom
501014,2025-01-04,3630,111,85,1,233500000,6600000,24959000,251859000,Cash,Showroom
501015,2022-06-25,2966,117,71,1,181200000,8600000,18986000,191586000,Credit,Showroom
501016,2023-08-17,1626,159,101,1,412600000,5900000,44737000,451437000,Cash,Showroom
501017,2021-03-14,1120,117,43,1,181500000,8200000,19063000,192363000,Credit,Event
501018,2024-08-20,4252,114,78,1,280200000,3600000,30426000,307026000,Cash,Showroom
501019,2023-03-12,3567,164,34,1,433800000,14600000,46112000,465312000,Cash,Event
501020,2025-05-17,4194,118,40,1,208800000,10300000,21835000,220335000,Credit,Showroom
501021,2020-01-05,2105,119,100,1,209100000,8800000,22033000,222333000,Credit,Showroom
501022,2023-06-16,1980,144,46,1,778700000,40200000,81235000,819735000,Cash,Event
501023,2021-09-07,3673,122,75,1,787000000,8600000,85624000,864024000,Credit,Showroom
501024,2024-04-15,4116,103,2,1,303000000,4000000,32890000,331890000,Cash,Showroom
501025,2025-08-29,5324,165,58,1,447500000,1700000,49038000,494838000,Cash,Showroom
501026,2020-10-18,4954,136,37,1,438200000,25800000,45364000,457764000,Credit,Showroom
501027,2021-07-24,3708,128,107,1,294600000,3000000,32076000,323676000,Credit,Showroom
501028,2024-01-11,5432,108,74,1,179500000,12400000,18381000,185481000,Credit,Showroom
501029,2021-10-06,4750,122,85,1,797400000,29700000,84447000,852147000,Credit,Showroom
501030,2024-07-29,4140,105,99,1,556800000,14600000,59642000,601842000,Credit,Showroom
501031,2023-05-08,3535,114,9,1,290400000,8900000,30965000,312465000,Credit,Showroom
501032,2023-01-17,5242,101,1,1,245200000,15400000,25278000,255078000,Credit,Event
501033,2022-03-09,3042,116,53,5,259200000,68300000,135047000,1362747000,Credit,Fleet
501034,2024-12-11,2400,109,112,1,747200000,300000,82159000,829059000,Cash,Showroom
501035,2024-08-03,3161,110,84,1,760100000,21700000,81224000,819624000,Credit,Showroom
501036,2024-10-18,1940,112,111,1,227500000,15500000,23320000,235320000,Cash,Showroom
501037,2020-11-09,3411,119,86,1,208800000,4800000,22440000,226440000,Credit,Online
501038,2022-08-17,3867,122,68,1,768600000,15200000,82874000,836274000,Cash,Showroom
501039,2023-01-30,5100,132,53,1,410900000,17800000,43241000,436341000,Cash,Showroom
501040,2025-11-05,2457,104,8,1,296900000,2000000,32439000,327339000,Credit,Showroom
501041,2021-06-23,1374,104,50,1,298500000,16400000,31031000,313131000,Cash,Showroom
501042,2023-10-10,1121,120,66,1,413900000,11400000,44275000,446775000,Credit,Showroom
501043,2025-04-03,3250,121,82,1,409900000,2200000,44847000,452547000,Credit,Showroom
501044,2022-11-12,1375,130,57,1,671400000,24300000,71181000,718281000,Cash,Showroom
501045,2023-05-05,1645,108,91,1,172100000,10000000,17831000,179931000,Credit,Online
501046,2023-04-30,5363,114,60,1,283900000,18500000,29194000,294594000,Cash,Showroom
501047,2025-01-23,1750,136,120,1,462400000,11600000,49588000,500388000,Credit,Showroom
501048,2020-04-17,2757,107,6,1,380400000,10300000,40711000,410811000,Cash,Showroom
501049,2023-01-01,4293,114,93,1,283500000,2600000,30899000,311799000,Credit,Showroom
501050,2025-12-29,5287,121,99,1,392400000,7000000,42394000,427794000,Credit,Showroom
501051,2024-08-06,2823,106,102,1,388300000,26400000,39809000,401709000,Credit,Showroom
501052,2022-03-04,2291,165,62,1,438500000,24600000,45529000,459429000,Credit,Showroom
501053,2024-01-26,5470,105,90,1,569000000,9900000,61501000,620601000,Cash,Showroom
501054,2025-05-25,3497,135,7,1,301300000,17400000,31229000,315129000,Cash,Showroom
501055,2023-11-20,4181,141,41,1,377000000,10200000,40348000,407148000,Credit,Showroom
501056,2020-03-14,5049,105,5,4,574000000,100600000,241494000,2436894000,Cash,Fleet
501057,2025-07-02,4464,107,48,1,393100000,5000000,42691000,430791000,Cash,Online
501058,2024-09-20,4772,112,45,1,223600000,13700000,23089000,232989000,Credit,Online
501059,2025-10-13,1387,128,69,1,303000000,13400000,31856000,321456000,Cash,Showroom
501060,2022-04-16,3072,107,2,1,373000000,21900000,38621000,389721000,Credit,Online
501061,2022-06-08,2795,103,31,3,281600000,28900000,89749000,905649000,Cash,Fleet
501062,2020-03-06,3534,116,71,1,258500000,13300000,26972000,272172000,Credit,Showroom
501063,2023-08-23,1381,134,103,1,255100000,10000000,26961000,272061000,Credit,Showroom
501064,2025-10-15,1913,125,74,1,660100000,34800000,68783000,694083000,Credit,Showroom
501065,2025-04-29,2589,103,90,1,291800000,12200000,30756000,310356000,Cash,Showroom
501066,2022-01-06,3451,130,91,1,652600000,24600000,69080000,697080000,Credit,Showroom
501067,2022-11-22,2133,128,13,1,301600000,800000,33088000,333888000,Credit,Showroom
501068,2023-04-24,3176,112,21,1,232900000,14100000,24068000,242868000,Cash,Event
501069,2024-12-15,4158,175,69,3,1079300000,201000000,334059000,3370959000,Credit,Fleet
501070,2020-03-30,1662,156,108,1,654700000,24600000,69311000,699411000,Credit,Showroom
501071,2020-03-09,3545,159,120,1,413300000,21000000,43153000,435453000,Cash,Showroom
501072,2022-06-02,2516,142,119,1,285000000,10000000,30250000,305250000,Credit,Showroom
501073,2023-08-11,3321,115,65,1,290100000,9300000,30888000,311688000,Cash,Showroom
501074,2025-08-13,4869,107,101,1,393600000,11500000,42031000,424131000,Credit,Showroom
501075,2024-07-12,3877,102,92,1,452100000,2100000,49500000,499500000,Cash,Showroom
501076,2021-08-06,1276,133,77,1,419000000,28500000,42955000,433455000,Credit,Online
501077,2024-04-14,4494,110,45,1,739700000,46300000,76274000,769674000,Credit,Showroom
501078,2022-05-18,2466,117,70,1,179700000,9300000,18744000,189144000,Credit,Showroom
501079,2023-02-17,2774,117,1,1,188400000,8500000,19789000,199689000,Cash,Showroom
501080,2025-07-06,4445,119,47,1,208700000,7900000,22088000,222888000,Credit,Showroom
501081,2025-09-12,4429,120,20,1,411300000,13700000,43736000,441336000,Credit,Showroom
501082,2024-06-03,4046,135,71,1,289800000,5600000,31262000,315462000,Credit,Showroom
501083,2021-01-08,3976,143,79,1,706700000,43700000,72930000,735930000,Credit,Showroom
501084,2023-01-26,1557,109,81,1,792000000,24600000,84414000,851814000,Credit,Showroom
501085,2024-12-02,2584,166,3,1,669600000,26600000,70730000,713730000,Credit,Showroom
501086,2024-11-29,4130,138,86,1,257100000,12300000,26928000,271728000,Credit,Showroom
501087,2024-07-17,1571,115,19,1,294000000,8300000,31427000,317127000,Credit,Showroom
501088,2025-11-05,2913,110,10,1,776200000,40600000,80916000,816516000,Cash,Showroom
501089,2022-11-04,3580,129,55,1,292200000,16300000,30349000,306249000,Cash,Showroom
501090,2025-03-11,4398,123,79,1,797700000,38600000,83501000,842601000,Credit,Showroom
501091,2023-10-03,4065,182,116,1,1891800000,64400000,201014000,2028414000,Credit,Showroom
501092,2022-01-06,2144,114,31,1,296500000,13500000,31130000,314130000,Credit,Showroom
501093,2022-11-06,5372,121,5,1,414000000,14000000,44000000,444000000,Credit,Showroom
501094,2022-09-14,2543,148,9,1,294700000,10600000,31251000,315351000,Credit,Showroom
501095,2022-04-25,5074,125,105,1,671000000,12800000,72402000,730602000,Credit,Showroom
501096,2024-05-26,2177,118,81,1,202400000,8700000,21307000,215007000,Credit,Showroom
501097,2024-09-02,5297,124,60,1,332000000,7700000,35673000,359973000,Cash,Showroom
501098,2023-01-02,5094,156,76,1,660700000,6500000,71962000,726162000,Credit,Showroom
501099,2023-06-06,4757,124,23,1,327900000,2100000,35838000,361638000,Credit,Showroom
501100,2025-09-10,2135,112,13,1,226900000,4600000,24453000,246753000,Credit,Showroom
501101,2025-01-25,5403,119,1,1,199900000,2800000,21681000,218781000,Credit,Showroom
501102,2023-03-21,5174,136,60,1,451800000,9700000,48631000,490731000,Credit,Online
501103,2023-12-20,2150,139,27,1,256800000,900000,28149000,284049000,Credit,Showroom
501104,2024-09-14,3796,148,36,1,284500000,13500000,29810000,300810000,Cash,Online
501105,2025-08-17,5108,106,47,1,374500000,500000,41140000,415140000,Credit,Showroom
501106,2025-01-19,4380,112,3,1,231500000,11800000,24167000,243867000,Cash,Showroom
501107,2023-11-08,3459,140,24,1,171200000,800000,18744000,189144000,Credit,Event
501108,2021-06-18,1340,119,15,1,200100000,11200000,20779000,209679000,Cash,Showroom
501109,2025-12-04,4502,124,36,1,328500000,300000,36102000,364302000,Cash,Showroom
501110,2025-05-04,5125,123,45,1,748700000,18300000,80344000,810744000,Cash,Showroom
501111,2024-05-11,2267,119,10,3,195700000,22500000,62106000,626706000,Credit,Fleet
501112,2024-08-23,4562,102,32,1,478900000,32300000,49126000,495726000,Credit,Showroom
501113,2024-07-15,1959,101,94,1,248400000,12300000,25971000,262071000,Credit,Showroom
501114,2025-09-14,1634,106,114,1,389400000,23700000,40227000,405927000,Credit,Showroom
501115,2024-01-11,2926,106,70,1,391800000,7900000,42229000,426129000,Credit,Showroom
501116,2022-01-12,4852,145,37,1,352500000,17700000,36828000,371628000,Cash,Showroom
501117,2024-05-25,1361,152,25,1,272900000,13900000,28490000,287490000,Credit,Showroom
501118,2023-11-27,2955,105,3,1,583500000,39500000,59840000,603840000,Credit,Showroom
501119,2024-10-16,3256,130,20,1,633900000,19100000,67628000,682428000,Credit,Showroom
501120,2024-08-13,3084,127,85,1,292600000,6200000,31504000,317904000,Credit,Showroom
501121,2022-02-22,3156,108,57,1,173500000,5700000,18458000,186258000,Credit,Showroom
501122,2022-07-02,5442,133,85,1,421700000,21500000,44022000,444222000,Cash,Showroom
501123,2023-09-11,3201,108,31,1,174500000,4500000,18700000,188700000,Credit,Showroom
501124,2023-12-10,1156,128,5,1,293900000,15000000,30679000,309579000,Credit,Showroom
501125,2023-03-14,1699,166,66,1,641000000,43200000,65758000,663558000,Cash,Showroom
501126,2023-12-08,3848,103,41,1,281700000,6600000,30261000,305361000,Credit,Showroom
501127,2022-02-27,2113,108,93,1,179000000,4800000,19162000,193362000,Cash,Showroom
501128,2020-12-24,2623,111,14,1,241200000,9200000,25520000,257520000,Credit,Online
501129,2020-07-07,4716,110,42,1,789500000,13700000,85338000,861138000,Cash,Event
501130,2020-07-12,1548,119,5,1,197000000,9900000,20581000,207681000,Credit,Showroom
501131,2024-05-08,2277,127,69,1,286100000,15500000,29766000,300366000,Cash,Showroom
501132,2024-11-13,1003,126,79,1,646600000,27600000,68090000,687090000,Credit,Showroom
501133,2025-05-23,2063,145,24,1,351500000,5800000,38027000,383727000,Credit,Showroom
501134,2025-08-16,2103,104,34,1,290700000,8200000,31075000,313575000,Credit,Showroom
501135,2024-04-13,3252,109,41,1,777700000,44000000,80707000,814407000,Cash,Showroom
501136,2023-10-17,2255,149,74,1,293500000,16400000,30481000,307581000,Credit,Showroom
501137,2023-04-02,3081,115,32,1,292800000,7100000,31427000,317127000,Credit,Showroom
501138,2024-12-09,2528,149,107,1,291800000,10300000,30965000,312465000,Credit,Online
501139,2020-12-30,5112,139,18,1,260400000,2100000,28413000,286713000,Credit,Showroom
501140,2025-08-02,1542,146,56,1,201200000,8800000,21164000,213564000,Credit,Showroom
501141,2021-01-04,1126,103,97,1,282600000,14200000,29524000,297924000,Credit,Showroom
501142,2021-10-24,3026,103,94,1,296600000,1600000,32450000,327450000,Credit,Showroom
501143,2023-03-29,4445,128,91,1,292800000,18800000,30140000,304140000,Credit,Showroom
501144,2023-09-06,2607,127,96,1,281500000,19600000,28809000,290709000,Cash,Showroom
501145,2021-05-01,4780,104,66,1,297400000,10600000,31548000,318348000,Credit,Showroom
501146,2025-12-30,4852,113,16,1,165000000,4600000,17644000,178044000,Cash,Showroom
501147,2025-02-17,2293,124,50,1,327600000,14500000,34441000,347541000,Cash,Showroom
501148,2024-10-03,3429,114,59,1,290000000,12100000,30569000,308469000,Cash,Event
501149,2025-09-07,2753,119,62,1,208400000,6000000,22264000,224664000,Credit,Showroom
501150,2023-02-16,2957,142,29,1,287800000,3500000,31273000,315573000,Credit,Showroom
501151,2024-02-16,5462,109,105,1,761600000,8200000,82874000,836274000,Cash,Showroom
501152,2020-09-30,2109,182,27,1,1794900000,85400000,188045000,1897545000,Credit,Showroom
501153,2023-11-20,2282,177,92,1,1501200000,5700000,164505000,1660005000,Credit,Showroom
501154,2024-09-05,1084,124,9,1,327900000,6400000,35365000,356865000,Cash,Showroom
501155,2025-02-03,5031,110,11,1,770300000,21400000,82379000,831279000,Credit,Showroom
501156,2022-09-08,4090,127,107,1,281000000,16800000,29062000,293262000,Cash,Event
501157,2022-01-01,2158,109,54,1,767900000,26400000,81565000,823065000,Credit,Showroom
501158,2025-01-12,4473,147,51,1,204800000,1700000,22341000,225441000,Credit,Showroom
501159,2025-05-05,1370,139,21,1,260700000,12100000,27346000,275946000,Credit,Showroom
501160,2023-07-06,1266,124,51,1,333900000,14800000,35101000,354201000,Credit,Online
501161,2023-11-15,4340,153,36,1,434500000,6200000,47113000,475413000,Cash,Showroom
501162,2023-05-20,4400,113,10,1,161200000,200000,17710000,178710000,Credit,Showroom
501163,2020-08-11,1157,120,43,1,397400000,22300000,41261000,416361000,Cash,Showroom
501164,2024-08-19,1718,101,73,1,240400000,10900000,25245000,254745000,Credit,Showroom
501165,2022-12-20,2704,104,109,1,284700000,18600000,29271000,295371000,Credit,Showroom
501166,2023-02-09,3175,124,86,1,333100000,14000000,35101000,354201000,Credit,Showroom
501167,2020-07-20,1703,105,59,1,570800000,17100000,60907000,614607000,Cash,Online
501168,2025-10-16,2930,152,36,6,282100000,66400000,178882000,1805082000,Credit,Fleet
501169,2022-09-06,2731,104,50,1,298300000,19800000,30635000,309135000,Credit,Showroom
501170,2021-03-18,1981,116,63,1,268200000,16500000,27687000,279387000,Credit,Showroom
501171,2023-01-03,2393,153,84,1,421300000,11700000,45056000,454656000,Cash,Showroom
501172,2020-12-15,5026,124,2,1,334600000,22100000,34375000,346875000,Cash,Showroom
501173,2024-01-20,2717,123,32,1,792200000,39400000,82808000,835608000,Credit,Showroom
501174,2023-01-21,1181,131,82,1,398900000,2800000,43571000,439671000,Cash,Showroom
501175,2021-11-10,4516,129,12,1,295100000,5800000,31823000,321123000,Credit,Showroom
501176,2022-05-18,1033,105,63,1,581400000,39000000,59664000,602064000,Cash,Online
501177,2021-10-27,2890,128,57,1,294300000,8900000,31394000,316794000,Credit,Showroom
501178,2021-03-02,3060,103,44,1,304400000,20000000,31284000,315684000,Credit,Showroom
501179,2024-12-18,1740,118,90,5,198300000,40600000,104599000,1055499000,Cash,Fleet
501180,2022-01-17,3636,102,89,1,454100000,8500000,49016000,494616000,Cash,Showroom
501181,2023-02-11,2901,129,97,1,293800000,18900000,30239000,305139000,Cash,Showroom
501182,2025-05-31,4683,128,78,1,310400000,17000000,32274000,325674000,Cash,Showroom
501183,2024-09-30,4506,130,4,5,661300000,217300000,339812000,3429012000,Credit,Fleet
501184,2025-05-03,3337,109,111,1,768600000,6300000,83853000,846153000,Credit,Showroom
501185,2025-08-19,1421,116,18,1,264500000,18400000,27071000,273171000,Credit,Showroom
501186,2021-08-13,3243,128,103,1,299200000,4400000,32428000,327228000,Cash,Showroom
501187,2020-02-16,2071,119,100,3,195300000,6900000,63690000,642690000,Credit,Fleet
501188,2025-11-22,5199,118,102,1,205000000,3000000,22220000,224220000,Credit,Showroom
501189,2025-04-23,4833,102,1,1,446600000,15300000,47443000,478743000,Cash,Showroom
501190,2023-09-04,5441,102,49,1,460200000,18100000,48631000,490731000,Credit,Online
501191,2021-07-28,3934,122,15,1,768200000,1100000,84381000,851481000,Credit,Event
501192,2021-03-26,1898,124,118,1,325300000,18900000,33704000,340104000,Credit,Showroom
501193,2021-03-08,1176,126,103,1,651600000,31400000,68222000,688422000,Credit,Showroom
501194,2025-07-01,4493,131,70,1,378000000,4800000,41052000,414252000,Cash,Showroom
501195,2023-08-20,3784,140,89,1,166000000,10100000,17149000,173049000,Credit,Showroom
501196,2022-08-09,1386,134,91,1,256700000,11200000,27005000,272505000,Credit,Online
501197,2024-03-07,1710,166,97,1,670000000,20300000,71467000,721167000,Credit,Showroom
501198,2020-09-20,1901,118,49,1,196300000,11500000,20328000,205128000,Cash,Showroom
501199,2022-11-17,3769,136,80,1,458900000,21500000,48114000,485514000,Credit,Showroom
501200,2023-02-15,1983,116,71,1,256700000,17800000,26279000,265179000,Cash,Showroom
501201,2021-03-16,5480,131,73,1,381000000,22300000,39457000,398157000,Credit,Showroom
501202,2025-10-05,1658,140,41,1,173800000,6000000,18458000,186258000,Cash,Showroom
501203,2021-04-06,4688,144,9,1,811000000,44800000,84282000,850482000,Cash,Showroom
501204,2022-11-16,4008,150,35,1,252700000,800000,27709000,279609000,Credit,Showroom
501205,2021-01-17,5432,125,52,1,656700000,41100000,67716000,683316000,Credit,Event
501206,2020-07-16,2947,110,98,1,737300000,1300000,80960000,816960000,Cash,Showroom
501207,2020-09-03,1945,110,67,1,743900000,19500000,79684000,804084000,Credit,Showroom
501208,2023-09-06,4134,142,70,1,292800000,7300000,31405000,316905000,Credit,Showroom
501209,2023-09-22,4156,142,56,1,294400000,19600000,30228000,305028000,Credit,Online
501210,2022-09-03,4842,134,1,1,253800000,3800000,27500000,277500000,Credit,Showroom
501211,2023-09-01,2416,105,92,1,566900000,28400000,59235000,597735000,Credit,Showroom
501212,2020-04-30,1782,148,109,1,292900000,7900000,31350000,316350000,Credit,Showroom
501213,2024-12-22,3828,129,18,1,293200000,7100000,31471000,317571000,Credit,Showroom
501214,2020-09-18,4203,113,77,1,171300000,800000,18755000,189255000,Cash,Event
501215,2023-10-03,1176,132,4,1,429000000,5100000,46629000,470529000,Cash,Showroom
501216,2024-09-20,1898,114,107,1,289000000,15600000,30074000,303474000,Cash,Showroom
501217,2025-02-16,1395,108,75,1,175200000,1800000,19074000,192474000,Credit,Showroom
501218,2025-05-23,3628,104,99,1,292700000,16000000,30437000,307137000,Credit,Online
501219,2024-11-19,2916,138,57,1,258400000,15800000,26686000,269286000,Credit,Showroom
501220,2022-07-26,2691,116,22,5,270900000,94500000,138600000,1398600000,Cash,Fleet
501221,2023-10-07,3813,106,54,1,394000000,11900000,42031000,424131000,Credit,Showroom
501222,2021-06-08,1045,117,109,1,189000000,12000000,19470000,196470000,Credit,Showroom
501223,2025-04-13,4270,185,93,1,864500000,46600000,89969000,907869000,Cash,Showroom
501224,2020-11-13,1928,114,30,1,288000000,19100000,29579000,298479000,Cash,Showroom
501225,2022-03-02,3782,123,59,1,784400000,46500000,81169000,819069000,Credit,Event
501226,2022-11-03,4400,140,112,1,175100000,7400000,18447000,186147000,Cash,Showroom
501227,2021-01-28,2319,108,17,1,183500000,5900000,19536000,197136000,Credit,Showroom
501228,2023-10-09,3740,150,107,1,272300000,2500000,29678000,299478000,Cash,Showroom
501229,2022-03-09,1851,113,23,1,171300000,800000,18755000,189255000,Cash,Showroom
501230,2024-02-06,3801,109,90,1,791600000,41800000,82478000,832278000,Credit,Event
501231,2020-06-25,2117,104,16,1,303900000,5700000,32802000,331002000,Credit,Showroom
501232,2022-01-27,2415,139,93,1,246000000,1500000,26895000,271395000,Cash,Event
501233,2025-01-23,2578,111,28,1,226000000,2100000,24629000,248529000,Cash,Showroom
501234,2022-05-19,1072,106,97,1,381400000,3300000,41591000,419691000,Credit,Showroom
501235,2020-11-03,3012,120,98,1,415700000,7600000,44891000,452991000,Credit,Showroom
501236,2024-09-06,4171,111,44,1,230400000,8800000,24376000,245976000,Credit,Showroom
501237,2022-01-18,2885,132,68,1,407600000,8700000,43879000,442779000,Credit,Showroom
501238,2024-01-01,4570,125,93,1,661400000,16300000,70961000,716061000,Credit,Showroom
501239,2023-04-25,2362,108,10,1,173000000,8200000,18128000,182928000,Cash,Showroom
501240,2022-12-22,4328,103,10,1,297000000,3300000,32307000,326007000,Credit,Showroom
501241,2023-05-29,3475,110,59,1,784900000,47900000,81070000,818070000,Credit,Showroom
501242,2021-07-29,4797,104,48,1,294900000,1100000,32318000,326118000,Credit,Showroom
501243,2024-07-09,4611,151,17,1,572900000,8400000,62095000,626595000,Credit,Showroom
501244,2024-12-13,3745,156,115,1,683700000,41100000,70686000,713286000,Credit,Showroom
501245,2022-11-11,2752,144,79,1,759700000,50400000,78023000,787323000,Credit,Event
501246,2021-10-09,5498,128,25,1,307400000,15500000,32109000,324009000,Cash,Showroom
501247,2022-08-25,4625,133,2,1,417500000,300000,45892000,463092000,Credit,Showroom
501248,2025-08-19,4774,109,18,1,783900000,25700000,83402000,841602000,Cash,Showroom
501249,2025-03-07,2328,135,119,1,285400000,2400000,31130000,314130000,Cash,Showroom
501250,2023-12-08,4355,110,47,1,753500000,34200000,79123000,798423000,Credit,Showroom
501251,2020-01-14,3734,112,37,1,235100000,16000000,24101000,243201000,Cash,Online
501252,2021-02-14,3433,128,65,1,294000000,12400000,30976000,312576000,Credit,Showroom
501253,2022-01-29,2246,184,90,1,1245600000,76400000,128612000,1297812000,Cash,Event
501254,2024-07-12,4594,116,118,1,256300000,6700000,27456000,277056000,Credit,Showroom
501255,2025-06-20,4940,163,85,1,574100000,7400000,62337000,629037000,Cash,Showroom
501256,2021-04-17,1150,125,76,1,631900000,5200000,68937000,695637000,Credit,Showroom
501257,2025-03-19,2824,114,75,1,287200000,5800000,30954000,312354000,Credit,Showroom
501258,2025-07-15,3133,103,94,1,301900000,4700000,32692000,329892000,Credit,Showroom
501259,2024-05-06,2263,113,1,1,167900000,11300000,17226000,173826000,Cash,Showroom
501260,2021-10-13,4790,133,7,1,426200000,5900000,46233000,466533000,Cash,Showroom
501261,2024-07-22,5359,106,94,1,383900000,10700000,41052000,414252000,Cash,Showroom
501262,2025-12-11,2475,162,114,1,576000000,8500000,62425000,629925000,Cash,Showroom
501263,2024-11-05,1784,104,33,1,286700000,3200000,31185000,314685000,Cash,Showroom
501264,2023-12-02,1240,132,115,1,417200000,12900000,44473000,448773000,Credit,Online
501265,2022-12-11,1387,120,11,1,418000000,10400000,44836000,452436000,Credit,Showroom
501266,2023-06-16,1361,121,82,1,397800000,18900000,41679000,420579000,Cash,Showroom
501267,2025-06-21,4793,152,67,1,288600000,14100000,30195000,304695000,Credit,Showroom
501268,2024-06-18,4737,161,26,5,416800000,123500000,215655000,2176155000,Cash,Fleet
501269,2025-04-12,3539,108,100,1,178000000,8100000,18689000,188589000,Cash,Online
501270,2023-05-21,5107,107,114,1,395300000,23200000,40931000,413031000,Credit,Showroom
501271,2024-12-10,4073,155,95,1,651000000,10700000,70433000,710733000,Credit,Showroom
501272,2021-07-20,4044,139,48,1,260600000,5400000,28072000,283272000,Credit,Showroom
501273,2020-02-11,1720,107,42,1,371000000,24200000,38148000,384948000,Credit,Event
501274,2020-12-13,1437,103,10,1,300000000,9800000,31922000,322122000,Cash,Showroom
501275,2024-11-21,4892,104,41,1,300100000,10500000,31856000,321456000,Credit,Showroom
501276,2025-03-04,4915,122,34,1,785000000,22500000,83875000,846375000,Credit,Showroom
501277,2021-03-18,4164,117,23,1,191600000,5800000,20438000,206238000,Credit,Showroom
501278,2022-08-22,2222,106,59,1,390400000,600000,42878000,432678000,Cash,Showroom
501279,2023-05-24,2705,163,31,1,555500000,13900000,59576000,601176000,Cash,Showroom
501280,2023-08-12,1167,122,73,1,789300000,30700000,83446000,842046000,Credit,Event
501281,2023-02-04,4101,116,17,1,258300000,5300000,27830000,280830000,Cash,Showroom
501282,2025-02-09,3346,125,34,1,638500000,7400000,69421000,700521000,Cash,Showroom
501283,2021-06-13,4534,101,98,2,242700000,400000,53350000,538350000,Credit,Fleet
501284,2023-01-03,2139,119,102,1,204100000,2100000,22220000,224220000,Cash,Showroom
501285,2021-02-27,5486,105,66,1,544100000,20400000,57607000,581307000,Credit,Showroom
501286,2022-07-12,2177,108,64,1,171600000,4700000,18359000,185259000,Credit,Showroom
501287,2023-01-15,5451,103,97,1,296800000,14200000,31086000,313686000,Credit,Showroom
501288,2020-11-28,4644,178,16,1,1113700000,71300000,114664000,1157064000,Credit,Showroom
501289,2023-11-13,2463,111,88,1,227800000,11300000,23815000,240315000,Cash,Showroom
501290,2022-12-14,5034,180,117,1,1594000000,50400000,169796000,1713396000,Credit,Showroom
501291,2024-11-28,2737,128,68,1,294400000,20500000,30129000,304029000,Credit,Online
501292,2024-11-15,2993,165,63,1,443200000,16000000,46992000,474192000,Cash,Showroom
501293,2025-03-31,3599,166,94,1,632300000,9300000,68530000,691530000,Cash,Showroom
501294,2022-10-07,2511,125,5,1,668400000,13600000,72028000,726828000,Cash,Online
501295,2025-02-21,3372,112,77,1,225000000,11600000,23474000,236874000,Credit,Showroom
501296,2023-12-17,5432,115,36,1,279400000,17000000,28864000,291264000,Cash,Showroom
501297,2020-08-10,2239,150,58,1,269900000,1200000,29557000,298257000,Credit,Event
501298,2022-10-11,4932,117,38,1,180000000,10900000,18601000,187701000,Credit,Showroom
501299,2025-06-22,5022,179,101,1,1092400000,4000000,119724000,1208124000,Credit,Showroom
501300,2022-07-07,1016,143,29,1,750100000,40900000,78012000,787212000,Cash,Event
501301,2022-03-06,2606,138,3,1,259300000,100000,28512000,287712000,Cash,Online
501302,2024-12-11,3043,110,14,1,793800000,1600000,87142000,879342000,Cash,Showroom
501303,2025-08-04,5469,123,66,1,771500000,7400000,84051000,848151000,Credit,Showroom
501304,2024-06-10,5276,125,117,1,650300000,1400000,71379000,720279000,Cash,Showroom
501305,2022-06-30,4398,141,72,1,394400000,20800000,41096000,414696000,Credit,Online
501306,2022-11-16,4334,126,69,1,624000000,4600000,68134000,687534000,Credit,Showroom
501307,2025-08-26,1840,108,95,1,177100000,2100000,19250000,194250000,Credit,Showroom
501308,2021-10-10,4051,107,89,1,379000000,25400000,38896000,392496000,Cash,Showroom
501309,2022-12-27,2978,149,19,1,290200000,3200000,31570000,318570000,Credit,Showroom
501310,2023-01-31,5170,117,15,1,184600000,5000000,19756000,199356000,Cash,Showroom
501311,2022-08-09,3347,128,57,1,306500000,12700000,32318000,326118000,Credit,Showroom
501312,2025-05-21,2031,138,79,3,250200000,39700000,78199000,789099000,Credit,Fleet
501313,2025-05-28,1262,137,3,1,453400000,31400000,46420000,468420000,Credit,Online
501314,2025-06-08,5424,109,76,1,740000000,2900000,81081000,818181000,Credit,Showroom
501315,2022-12-21,3116,106,112,1,398000000,26300000,40887000,412587000,Credit,Online
501316,2020-11-06,4766,110,57,1,793400000,42800000,82566000,833166000,Cash,Showroom
501317,2021-05-09,4080,105,1,1,562400000,7500000,61039000,615939000,Credit,Online
501318,2025-10-21,2674,126,115,2,646000000,15900000,140371000,1416471000,Cash,Fleet
501319,2024-07-20,2322,106,11,1,392800000,3000000,42878000,432678000,Credit,Showroom
501320,2021-02-22,3660,106,91,1,374400000,20200000,38962000,393162000,Cash,Showroom
501321,2025-08-10,2502,110,63,1,781200000,48400000,80608000,813408000,Credit,Showroom
501322,2025-08-11,2284,175,70,1,1057700000,29400000,113113000,1141413000,Credit,Online
501323,2021-11-25,5016,107,13,1,387200000,9400000,41558000,419358000,Credit,Event
501324,2024-04-08,1834,121,39,1,407600000,8200000,43934000,443334000,Credit,Showroom
501325,2023-12-05,4495,181,96,1,1583200000,103700000,162745000,1642245000,Credit,Showroom
501326,2021-02-10,3066,143,89,1,724900000,35900000,75790000,764790000,Cash,Showroom
501327,2023-10-23,2141,126,22,1,658100000,41800000,67793000,684093000,Credit,Showroom
501328,2024-03-07,2383,107,61,1,377200000,24500000,38797000,391497000,Credit,Showroom
501329,2024-10-18,3060,122,43,1,763900000,35600000,80113000,808413000,Credit,Showroom
501330,2024-06-29,1037,115,70,1,285600000,200000,31394000,316794000,Cash,Event
501331,2022-05-04,4761,142,5,1,284400000,9900000,30195000,304695000,Credit,Showroom
501332,2022-10-24,3488,129,46,1,308200000,13100000,32461000,327561000,Credit,Online
501333,2022-01-05,3223,123,10,1,769800000,1800000,84480000,852480000,Credit,Showroom
501334,2025-09-24,3459,103,63,1,285600000,14600000,29810000,300810000,Credit,Event
501335,2022-07-26,3154,164,109,1,441100000,2400000,48257000,486957000,Credit,Showroom
501336,2023-08-30,3153,122,106,1,793300000,24800000,84535000,853035000,Credit,Online
501337,2025-09-02,4985,121,92,1,394200000,13100000,41921000,423021000,Credit,Showroom
501338,2023-09-13,4315,120,6,1,406300000,15700000,42966000,433566000,Credit,Online
501339,2025-09-15,4708,103,82,1,288100000,18600000,29645000,299145000,Credit,Online
501340,2022-02-20,5158,112,44,1,237600000,15700000,24409000,246309000,Credit,Showroom
501341,2024-10-10,3636,103,10,1,292200000,13100000,30701000,309801000,Cash,Showroom
501342,2024-06-30,4193,177,21,1,1478800000,85100000,153307000,1547007000,Credit,Showroom
501343,2024-09-26,4261,123,33,1,784000000,2100000,86009000,867909000,Cash,Event
501344,2021-10-20,2647,115,40,1,284000000,10200000,30118000,303918000,Credit,Showroom
501345,2024-01-04,2268,124,84,1,323400000,11300000,34331000,346431000,Cash,Showroom
501346,2024-06-01,1066,127,96,1,278800000,17800000,28710000,289710000,Cash,Showroom
501347,2020-12-03,1176,102,3,1,479100000,28400000,49577000,500277000,Credit,Showroom
501348,2025-06-14,1570,109,89,1,758200000,40500000,78947000,796647000,Cash,Showroom
501349,2021-09-23,1697,106,8,1,395200000,10100000,42361000,427461000,Credit,Event
501350,2024-06-03,4237,167,60,1,640000000,35200000,66528000,671328000,Credit,Showroom
501351,2024-12-01,1947,148,6,1,288100000,5900000,31042000,313242000,Credit,Showroom
501352,2022-04-08,5486,112,59,1,225500000,5000000,24255000,244755000,Cash,Showroom
501353,2021-12-09,4091,110,64,3,741500000,70400000,236951000,2391051000,Credit,Fleet
501354,2022-02-15,5328,115,50,1,286700000,13000000,30107000,303807000,Credit,Showroom
501355,2024-02-09,4385,131,108,1,388500000,1800000,42537000,429237000,Credit,Showroom
501356,2021-06-13,3851,125,76,1,666100000,44000000,68431000,690531000,Credit,Showroom
501357,2022-11-15,3376,119,44,1,203000000,13200000,20878000,210678000,Credit,Showroom
501358,2020-10-25,4704,118,81,1,205900000,13500000,21164000,213564000,Credit,Online
501359,2025-06-10,5435,102,53,1,459200000,16900000,48653000,490953000,Credit,Online
501360,2024-04-20,5238,132,91,1,413500000,18600000,43439000,438339000,Cash,Event
501361,2020-12-28,4769,110,13,1,760400000,33000000,80014000,807414000,Cash,Showroom
501362,2025-03-22,1270,139,53,1,259100000,8900000,27522000,277722000,Cash,Showroom
501363,2023-09-29,2540,112,68,1,239200000,7700000,25465000,256965000,Credit,Showroom
501364,2025-03-07,2063,164,51,1,447200000,4900000,48653000,490953000,Cash,Showroom
501365,2024-06-04,2919,111,72,1,226000000,13700000,23353000,235653000,Credit,Showroom
501366,2020-01-12,2900,130,18,1,666600000,16900000,71467000,721167000,Cash,Showroom
501367,2023-08-31,1461,102,68,1,479200000,5500000,52107000,525807000,Credit,Showroom
501368,2023-01-12,3264,131,3,1,369600000,1300000,40513000,408813000,Credit,Showroom
501369,2020-03-21,4350,129,108,1,303600000,10700000,32219000,325119000,Cash,Event
501370,2023-05-26,5272,115,42,1,284400000,10400000,30140000,304140000,Credit,Showroom
501371,2025-07-17,2437,111,19,1,223500000,5600000,23969000,241869000,Cash,Showroom
501372,2021-12-09,3289,140,40,1,173200000,6100000,18381000,185481000,Credit,Showroom
501373,2022-06-29,1179,110,96,1,764900000,6400000,83435000,841935000,Credit,Showroom
501374,2025-07-01,2201,169,49,1,259500000,11400000,27291000,275391000,Cash,Showroom
501375,2022-06-10,4537,176,84,1,1496200000,56100000,158411000,1598511000,Credit,Showroom
501376,2020-10-04,4182,157,81,1,336900000,14900000,35420000,357420000,Credit,Showroom
501377,2023-07-01,3199,159,118,1,411600000,5700000,44649000,450549000,Credit,Online
501378,2023-12-17,1644,101,51,1,242200000,9200000,25630000,258630000,Credit,Showroom
501379,2020-04-22,5324,103,72,1,282900000,11700000,29832000,301032000,Cash,Online
501380,2024-08-25,2525,140,94,1,173600000,7800000,18238000,184038000,Credit,Showroom
501381,2024-09-05,4945,137,52,1,448800000,26800000,46420000,468420000,Cash,Showroom
501382,2023-05-03,1551,138,95,1,244100000,11300000,25608000,258408000,Credit,Showroom
501383,2024-02-05,2033,118,32,1,196200000,400000,21538000,217338000,Cash,Showroom
501384,2023-08-22,1504,145,66,1,346500000,21200000,35783000,361083000,Credit,Event
501385,2022-05-08,4237,129,108,1,292600000,15600000,30470000,307470000,Cash,Showroom
501386,2025-07-20,1546,146,84,1,207600000,4300000,22363000,225663000,Credit,Showroom
501387,2025-08-08,3942,173,20,1,1367300000,76600000,141977000,1432677000,Cash,Showroom
501388,2024-08-13,4683,110,1,1,791000000,37700000,82863000,836163000,Cash,Showroom
501389,2024-08-02,2572,127,35,1,274000000,17300000,28237000,284937000,Cash,Online
501390,2025-04-03,1069,135,37,1,299400000,11100000,31713000,320013000,Credit,Showroom
501391,2021-10-23,2083,111,23,1,231900000,1500000,25344000,255744000,Cash,Showroom
501392,2021-06-02,4973,116,56,1,261500000,14900000,27126000,273726000,Credit,Showroom
501393,2023-05-02,5005,102,57,1,448600000,30300000,46013000,464313000,Credit,Online
501394,2025-10-26,1159,133,14,1,418500000,29200000,42823000,432123000,Credit,Event
501395,2025-11-06,4738,109,110,1,768100000,50500000,78936000,796536000,Credit,Showroom
501396,2022-01-15,1216,137,44,1,452500000,200000,49753000,502053000,Credit,Showroom
501397,2025-07-16,5325,148,44,1,297800000,3800000,32340000,326340000,Credit,Showroom
501398,2021-09-07,1101,102,40,1,481900000,1500000,52844000,533244000,Credit,Event
501399,2024-01-10,2722,111,118,1,237700000,12100000,24816000,250416000,Credit,Showroom
501400,2023-10-19,4335,128,25,1,308500000,13000000,32505000,328005000,Credit,Showroom
501401,2023-04-18,3537,142,91,1,298100000,8100000,31900000,321900000,Credit,Showroom
501402,2025-11-21,2713,148,70,1,303300000,6300000,32670000,329670000,Cash,Showroom
501403,2021-02-02,1670,139,78,1,257100000,10800000,27093000,273393000,Credit,Showroom
501404,2024-10-21,1579,129,15,1,297400000,20300000,30481000,307581000,Cash,Showroom
501405,2020-03-12,3241,116,88,1,268900000,4600000,29073000,293373000,Cash,Showroom
501406,2022-06-24,2771,115,106,1,290100000,6700000,31174000,314574000,Credit,Showroom
501407,2024-06-30,4990,140,39,1,172600000,9800000,17908000,180708000,Cash,Event
501408,2022-06-13,3238,116,22,1,271300000,9200000,28831000,290931000,Credit,Showroom
501409,2023-03-18,1827,114,22,1,281500000,6600000,30239000,305139000,Credit,Showroom
501410,2024-05-19,1658,103,94,1,293200000,16900000,30393000,306693000,Cash,Showroom
501411,2025-01-18,5307,117,56,1,179400000,1200000,19602000,197802000,Credit,Showroom
501412,2025-03-27,5081,115,78,1,292700000,11300000,30954000,312354000,Credit,Showroom
501413,2025-12-28,3452,103,9,1,284100000,3300000,30888000,311688000,Credit,Showroom
501414,2025-11-15,2364,113,22,1,171200000,10800000,17644000,178044000,Credit,Showroom
501415,2021-04-22,3262,113,88,1,164100000,2900000,17732000,178932000,Credit,Event
501416,2022-01-01,4749,109,84,1,790200000,28300000,83809000,845709000,Credit,Showroom
501417,2024-01-10,2060,159,100,3,422400000,28500000,136257000,1374957000,Cash,Fleet
501418,2025-12-03,3219,141,50,1,385800000,13500000,40953000,413253000,Credit,Showroom
501419,2023-03-02,5247,116,98,1,255800000,6700000,27401000,276501000,Credit,Showroom
501420,2021-08-09,4800,132,19,1,412000000,6000000,44660000,450660000,Credit,Event
501421,2025-04-06,3625,118,91,1,207500000,4000000,22385000,225885000,Cash,Showroom
501422,2022-11-10,5038,154,65,1,883800000,49700000,91751000,925851000,Credit,Showroom
501423,2025-08-22,4463,105,104,1,584300000,17900000,62304000,628704000,Credit,Event
501424,2022-05-06,2765,136,103,1,459500000,18300000,48532000,489732000,Credit,Online
501425,2021-04-02,4253,158,89,1,431600000,8600000,46530000,469530000,Credit,Showroom
501426,2025-01-25,5297,107,95,1,370800000,14100000,39237000,395937000,Credit,Showroom
501427,2023-05-23,3768,109,53,1,756500000,39600000,78859000,795759000,Credit,Showroom
501428,2022-01-19,2172,108,80,1,172900000,6900000,18260000,184260000,Cash,Event
501429,2024-12-31,5401,151,39,1,552800000,3500000,60423000,609723000,Credit,Online
501430,2025-07-17,2784,139,96,1,256600000,3200000,27874000,281274000,Credit,Showroom
501431,2022-05-06,2920,148,9,1,298500000,5500000,32230000,325230000,Credit,Showroom
501432,2021-09-28,3431,162,91,1,551900000,28900000,57530000,580530000,Credit,Showroom
501433,2024-11-11,5496,108,31,1,181400000,800000,19866000,200466000,Cash,Showroom
501434,2024-02-03,4392,103,64,1,291000000,10900000,30811000,310911000,Credit,Showroom
501435,2022-01-25,2239,126,85,1,632800000,22300000,67155000,677655000,Cash,Showroom
501436,2022-05-11,5282,146,92,1,196300000,13600000,20097000,202797000,Credit,Showroom
501437,2025-07-31,2161,106,19,1,391100000,2400000,42757000,431457000,Cash,Showroom
501438,2025-09-15,1049,111,16,1,226800000,2400000,24684000,249084000,Credit,Showroom
501439,2023-09-20,5106,104,64,1,292300000,11900000,30844000,311244000,Credit,Showroom
501440,2021-01-18,1562,114,117,1,291000000,11700000,30723000,310023000,Cash,Showroom
501441,2021-01-06,3542,159,31,1,432500000,4300000,47102000,475302000,Credit,Online
501442,2024-10-01,2292,155,98,1,655600000,21500000,69751000,703851000,Cash,Event
501443,2024-08-26,5424,138,107,1,251800000,12300000,26345000,265845000,Credit,Showroom
501444,2020-12-26,5474,125,47,1,670200000,1300000,73579000,742479000,Cash,Showroom
501445,2022-05-16,2467,106,118,1,379000000,4200000,41228000,416028000,Cash,Showroom
501446,2025-08-30,2246,150,41,1,272600000,17900000,28017000,282717000,Cash,Online
501447,2024-03-09,1198,110,73,1,767900000,17900000,82500000,832500000,Cash,Showroom
501448,2022-11-27,1118,118,118,1,198500000,7200000,21043000,212343000,Credit,Showroom
501449,2025-11-08,2355,114,21,1,281700000,12800000,29579000,298479000,Cash,Showroom
501450,2022-06-02,1489,130,10,3,645200000,111800000,200618000,2024418000,Credit,Fleet
501451,2023-06-24,4838,101,23,1,247000000,15500000,25465000,256965000,Cash,Showroom
501452,2022-04-06,5349,162,112,1,587700000,15600000,62931000,635031000,Credit,Showroom
501453,2025-08-22,1920,111,117,1,238500000,7500000,25410000,256410000,Credit,Showroom
501454,2020-03-06,3231,179,8,1,1123600000,55200000,117524000,1185924000,Credit,Online
501455,2024-10-26,3812,178,31,1,1060700000,2400000,116413000,1174713000,Cash,Showroom
501456,2022-10-27,1517,139,36,1,251300000,3000000,27313000,275613000,Cash,Showroom
501457,2024-04-09,5345,126,27,1,664600000,15800000,71368000,720168000,Credit,Showroom
501458,2023-05-01,5457,101,25,1,251100000,12200000,26279000,265179000,Credit,Showroom
501459,2024-02-23,3665,134,51,1,264500000,3000000,28765000,290265000,Credit,Showroom
501460,2020-01-23,1150,159,36,1,422300000,12400000,45089000,454989000,Credit,Showroom
501461,2022-09-16,4616,108,15,1,178200000,1100000,19481000,196581000,Credit,Showroom
501462,2022-04-07,3626,118,119,1,209700000,12100000,21736000,219336000,Credit,Event
501463,2020-05-14,1386,150,83,1,264100000,15800000,27313000,275613000,Credit,Showroom
501464,2025-12-13,3191,105,61,1,572000000,10400000,61776000,623376000,Credit,Showroom
501465,2024-11-11,2312,102,107,1,457200000,16300000,48499000,489399000,Credit,Showroom
501466,2025-06-09,2532,118,76,1,200600000,11900000,20757000,209457000,Credit,Showroom
501467,2025-03-20,4006,141,107,1,376200000,19400000,39248000,396048000,Credit,Showroom
501468,2025-10-16,5191,104,116,1,288000000,19100000,29579000,298479000,Credit,Showroom
501469,2020-01-31,1415,108,3,1,171000000,5800000,18172000,183372000,Credit,Showroom
501470,2022-10-30,2761,103,54,1,298400000,1200000,32692000,329892000,Credit,Showroom
501471,2022-07-27,2211,101,66,1,242900000,6700000,25982000,262182000,Credit,Showroom
501472,2025-07-02,1237,130,69,1,663300000,14200000,71401000,720501000,Credit,Showroom
501473,2022-05-29,4393,140,105,1,173400000,5300000,18491000,186591000,Credit,Online
501474,2025-05-26,2039,136,97,1,458400000,15300000,48741000,491841000,Cash,Online
501475,2023-11-05,3889,101,49,1,237800000,3900000,25729000,259629000,Cash,Showroom
501476,2025-08-27,1815,105,65,1,555700000,12600000,59741000,602841000,Cash,Showroom
501477,2025-11-07,5229,104,31,1,292600000,11800000,30888000,311688000,Credit,Showroom
501478,2021-08-13,1541,122,117,1,739500000,14700000,79728000,804528000,Credit,Showroom
501479,2020-08-28,4868,138,32,1,257800000,13500000,26873000,271173000,Credit,Showroom
501480,2025-03-12,3896,104,113,1,296700000,9300000,31614000,319014000,Credit,Showroom
501481,2024-02-06,5362,115,18,1,291000000,15400000,30316000,305916000,Cash,Showroom
501482,2023-07-22,3279,136,58,1,446400000,18100000,47113000,475413000,Cash,Online
501483,2025-06-21,1146,106,48,1,374300000,20900000,38874000,392274000,Credit,Online
501484,2023-04-11,1804,119,24,1,194800000,8200000,20526000,207126000,Credit,Online
501485,2022-06-07,4216,135,70,1,282800000,6300000,30415000,306915000,Cash,Showroom
501486,2022-03-30,3386,110,34,1,767000000,21400000,82016000,827616000,Credit,Showroom
501487,2022-04-13,3289,125,104,1,669200000,13000000,72182000,728382000,Cash,Showroom
501488,2022-06-15,3981,125,26,1,662200000,37000000,68772000,693972000,Cash,Showroom
501489,2025-02-04,4415,110,91,1,795200000,49600000,82016000,827616000,Cash,Online
501490,2022-05-04,1736,134,8,1,264300000,3400000,28699000,289599000,Credit,Showroom
501491,2020-10-01,3269,179,76,1,1089600000,21300000,117513000,1185813000,Credit,Showroom
501492,2024-11-17,1830,125,59,1,661300000,30400000,69399000,700299000,Credit,Showroom
501493,2022-06-04,2703,125,23,1,662900000,21900000,70510000,711510000,Credit,Online
501494,2025-08-24,1889,127,10,1,284000000,2800000,30932000,312132000,Credit,Showroom
501495,2020-07-15,1960,112,87,1,235700000,3500000,25542000,257742000,Credit,Showroom
501496,2022-12-05,4673,102,38,1,478200000,21600000,50226000,506826000,Cash,Showroom
501497,2024-05-08,1813,160,84,1,394800000,16800000,41580000,419580000,Credit,Showroom
501498,2024-10-14,2904,180,50,1,1634800000,42900000,175109000,1767009000,Credit,Showroom
501499,2024-01-19,4710,101,103,1,237700000,11800000,24849000,250749000,Cash,Showroom
501500,2021-02-04,1417,108,65,1,174100000,1500000,18986000,191586000,Cash,Showroom
501501,2025-07-29,1099,149,61,1,296100000,15000000,30921000,312021000,Cash,Showroom
501502,2024-03-10,2427,105,67,1,546200000,6500000,59367000,599067000,Credit,Showroom
501503,2023-04-19,3465,152,23,1,281300000,1800000,30745000,310245000,Cash,Showroom
501504,2024-07-10,4261,113,56,1,166600000,6300000,17633000,177933000,Credit,Online
501505,2021-04-29,1208,133,34,1,420600000,22500000,43791000,441891000,Credit,Showroom
501506,2025-02-14,3582,106,27,1,393300000,1300000,43120000,435120000,Credit,Showroom
501507,2021-03-29,4763,105,53,1,580800000,21900000,61479000,620379000,Credit,Showroom
501508,2025-04-13,4670,101,11,1,240100000,2600000,26125000,263625000,Credit,Showroom
501509,2022-10-13,2119,108,22,4,172200000,4800000,75240000,759240000,Cash,Fleet
501510,2022-01-31,4289,172,84,1,1291800000,15300000,140415000,1416915000,Credit,Online
501511,2023-09-27,4300,103,25,1,284900000,15400000,29645000,299145000,Credit,Showroom
501512,2021-12-24,1214,143,42,1,733800000,25200000,77946000,786546000,Credit,Showroom
501513,2024-07-18,1083,110,26,1,751500000,19200000,80553000,812853000,Credit,Showroom
501514,2021-04-10,4396,124,3,1,313600000,1300000,34353000,346653000,Credit,Showroom
501515,2024-04-25,4473,129,33,1,312500000,20300000,32142000,324342000,Credit,Showroom
501516,2025-08-08,3756,126,5,1,657600000,15600000,70620000,712620000,Cash,Online
501517,2020-08-08,4699,109,24,1,782400000,27000000,83094000,838494000,Credit,Showroom
501518,2021-11-06,2587,109,105,1,779300000,33200000,82071000,828171000,Credit,Showroom
501519,2020-02-27,2156,105,27,1,586600000,15800000,62788000,633588000,Credit,Showroom
501520,2022-07-27,1549,123,68,1,747300000,22900000,79684000,804084000,Credit,Online
501521,2021-03-22,3051,111,91,1,230800000,1300000,25245000,254745000,Credit,Showroom
501522,2021-04-12,4265,109,61,1,740100000,36600000,77385000,780885000,Credit,Showroom
501523,2025-06-27,2279,105,58,1,545600000,30900000,56617000,571317000,Credit,Online
501524,2021-06-23,1843,132,117,1,424300000,2200000,46431000,468531000,Credit,Showroom
501525,2025-10-07,2775,138,6,1,242800000,500000,26653000,268953000,Credit,Showroom
501526,2024-12-13,1958,124,106,1,324100000,11300000,34408000,347208000,Cash,Showroom
501527,2021-09-24,1325,105,116,1,562200000,21000000,59532000,600732000,Credit,Showroom
501528,2024-07-30,1454,104,68,1,302000000,3300000,32857000,331557000,Credit,Showroom
501529,2023-09-30,1901,103,110,1,290300000,12400000,30569000,308469000,Cash,Showroom
501530,2021-06-18,1930,108,10,1,178500000,100000,19624000,198024000,Credit,Showroom
501531,2024-01-05,3618,117,52,1,184700000,3300000,19954000,201354000,Credit,Showroom
501532,2024-05-04,1360,137,110,1,447500000,16100000,47454000,478854000,Credit,Showroom
501533,2023-02-20,3495,141,111,1,380600000,20100000,39655000,400155000,Credit,Showroom
501534,2025-11-26,1863,130,17,1,667600000,23300000,70873000,715173000,Credit,Showroom
501535,2022-04-26,2806,108,21,1,175100000,4200000,18799000,189699000,Credit,Showroom
501536,2025-01-12,2182,104,100,1,283700000,18200000,29205000,294705000,Credit,Showroom
501537,2023-05-29,1143,136,100,1,451700000,3000000,49357000,498057000,Cash,Showroom
501538,2023-05-18,3672,104,96,1,288400000,300000,31691000,319791000,Cash,Showroom
501539,2020-10-15,1600,135,90,1,293600000,5000000,31746000,320346000,Credit,Showroom
501540,2023-05-28,1781,127,43,3,289200000,52500000,89661000,904761000,Credit,Fleet
501541,2021-02-24,3325,138,2,1,251300000,12400000,26279000,265179000,Credit,Showroom
501542,2020-12-13,1268,110,47,1,751700000,22800000,80179000,809079000,Cash,Showroom
501543,2024-04-19,3829,116,57,1,270800000,14600000,28182000,284382000,Credit,Showroom
501544,2025-09-09,4330,121,13,1,394000000,18100000,41349000,417249000,Credit,Online
501545,2025-04-07,5221,114,119,1,277700000,13500000,29062000,293262000,Credit,Showroom
501546,2024-05-08,1731,122,30,6,757400000,233400000,474210000,4785210000,Credit,Fleet
501547,2025-01-08,3500,124,110,1,322900000,3500000,35134000,354534000,Cash,Showroom
501548,2021-11-09,2350,125,92,1,627800000,3100000,68717000,693417000,Credit,Event
501549,2025-01-08,2225,115,105,1,284900000,8100000,30448000,307248000,Credit,Showroom
501550,2022-03-28,1777,148,95,1,286400000,1400000,31350000,316350000,Cash,Showroom
501551,2021-11-24,2519,123,7,1,766000000,3100000,83919000,846819000,Credit,Showroom
501552,2020-08-12,4461,111,20,2,228500000,14000000,48730000,491730000,Credit,Fleet
501553,2025-05-22,2786,167,46,1,631500000,35000000,65615000,662115000,Credit,Showroom
501554,2022-11-18,2444,107,99,1,392300000,18300000,41140000,415140000,Credit,Online
501555,2021-10-15,1866,120,55,1,410800000,13200000,43736000,441336000,Credit,Online
501556,2020-06-01,3553,142,10,1,294000000,8200000,31438000,317238000,Credit,Showroom
501557,2023-08-18,2174,141,25,1,397000000,1900000,43461000,438561000,Credit,Showroom
501558,2024-09-13,2592,113,51,1,160900000,1200000,17567000,177267000,Cash,Showroom
501559,2025-08-14,4961,120,94,1,412000000,3200000,44968000,453768000,Cash,Showroom
501560,2021-09-10,1136,114,18,1,280800000,7800000,30030000,303030000,Cash,Event
501561,2025-04-18,2708,130,10,1,637700000,9000000,69157000,697857000,Credit,Showroom
501562,2022-06-16,4405,111,70,1,229600000,4600000,24750000,249750000,Cash,Showroom
501563,2023-02-10,1469,112,6,1,237600000,12100000,24805000,250305000,Credit,Event
501564,2022-12-05,2282,102,41,1,470200000,20600000,49456000,499056000,Credit,Event
501565,2024-05-18,4373,106,14,1,388700000,16500000,40942000,413142000,Cash,Showroom
501566,2022-11-19,1768,107,113,1,396300000,16300000,41800000,421800000,Cash,Online
501567,2020-10-09,1905,140,62,1,172400000,9100000,17963000,181263000,Cash,Showroom
501568,2023-03-04,2612,111,76,1,228200000,2200000,24860000,250860000,Cash,Showroom
501569,2023-10-29,3198,118,96,1,200900000,10700000,20922000,211122000,Cash,Showroom
501570,2024-08-02,1632,115,83,1,290000000,7500000,31075000,313575000,Credit,Showroom
501571,2024-04-09,4859,134,10,1,270200000,4300000,29249000,295149000,Credit,Showroom
501572,2025-07-25,2097,120,92,1,391500000,17100000,41184000,415584000,Cash,Showroom
501573,2021-09-16,4056,111,108,1,228400000,8800000,24156000,243756000,Cash,Showroom
501574,2024-10-01,2601,122,35,1,787400000,1200000,86482000,872682000,Credit,Showroom
501575,2025-02-04,3898,118,74,1,207800000,6500000,22143000,223443000,Cash,Showroom
501576,2025-12-08,2074,180,83,1,1582200000,87400000,164428000,1659228000,Credit,Showroom
501577,2024-06-03,1740,108,115,1,180600000,2600000,19580000,197580000,Cash,Showroom
501578,2025-03-14,5288,124,51,1,320200000,22000000,32802000,331002000,Credit,Showroom
501579,2024-12-12,3181,113,30,1,161500000,10700000,16588000,167388000,Cash,Showroom
501580,2024-08-16,1479,110,36,1,744300000,42300000,77220000,779220000,Cash,Online
501581,2025-05-21,4439,116,54,1,268300000,15600000,27797000,280497000,Cash,Showroom
501582,2024-04-02,2457,108,104,1,183400000,10200000,19052000,192252000,Credit,Showroom
501583,2020-07-02,1379,135,114,1,294200000,9400000,31328000,316128000,Cash,Showroom
501584,2023-05-20,1707,169,75,1,261900000,11300000,27566000,278166000,Cash,Showroom
501585,2024-01-01,3094,108,87,1,182000000,6200000,19338000,195138000,Credit,Showroom
501586,2020-07-24,2359,115,117,1,283900000,17500000,29304000,295704000,Credit,Showroom
501587,2023-11-20,1429,145,111,1,352800000,7300000,38005000,383505000,Credit,Showroom
501588,2025-03-28,2180,108,37,1,172100000,10000000,17831000,179931000,Credit,Showroom
501589,2025-06-25,1991,167,103,1,628000000,4700000,68563000,691863000,Credit,Showroom
501590,2021-01-28,5419,139,78,1,250800000,14600000,25982000,262182000,Credit,Showroom
501591,2024-03-20,1316,167,111,1,655800000,900000,72039000,726939000,Cash,Showroom
501592,2022-08-25,4121,101,74,1,237700000,8800000,25179000,254079000,Credit,Online
501593,2023-05-21,4637,123,34,1,782200000,50600000,80476000,812076000,Credit,Online
501594,2024-04-28,4517,140,49,1,177900000,2100000,19338000,195138000,Cash,Showroom
501595,2020-02-10,4060,124,24,1,327600000,8800000,35068000,353868000,Credit,Showroom
501596,2025-02-25,1038,139,91,1,255800000,5900000,27489000,277389000,Credit,Online
501597,2020-03-16,1507,108,87,1,178500000,5800000,18997000,191697000,Credit,Showroom
501598,2024-02-06,1272,110,100,1,784100000,4200000,85789000,865689000,Credit,Showroom
501599,2021-03-16,3250,157,24,1,330300000,5700000,35706000,360306000,Cash,Showroom
501600,2023-12-20,1786,111,7,1,234200000,4300000,25289000,255189000,Credit,Showroom
501601,2024-11-04,4277,101,96,1,249100000,2200000,27159000,274059000,Credit,Showroom
501602,2022-02-09,1540,140,50,1,172500000,8300000,18062000,182262000,Credit,Online
501603,2024-03-26,3868,119,36,1,206400000,7600000,21868000,220668000,Credit,Showroom
501604,2022-03-29,1910,121,118,1,418700000,5700000,45430000,458430000,Cash,Showroom
501605,2025-03-16,3933,106,8,1,375300000,15200000,39611000,399711000,Credit,Showroom
501606,2024-10-29,2288,142,96,1,303400000,17100000,31493000,317793000,Credit,Showroom
501607,2025-05-20,2868,154,84,1,892700000,5700000,97570000,984570000,Cash,Showroom
501608,2020-08-07,5076,118,105,1,205600000,6000000,21956000,221556000,Credit,Showroom
501609,2023-05-29,1710,107,98,1,387900000,21900000,40260000,406260000,Cash,Showroom
501610,2025-10-15,3700,142,101,1,286600000,4600000,31020000,313020000,Credit,Showroom
501611,2020-10-25,4780,121,120,1,418100000,24900000,43252000,436452000,Credit,Showroom
501612,2025-02-22,4967,125,2,1,635200000,32700000,66275000,668775000,Credit,Online
501613,2023-08-14,1538,142,99,1,303300000,9700000,32296000,325896000,Credit,Online
501614,2022-07-02,3071,138,46,1,247600000,11300000,25993000,262293000,Cash,Showroom
501615,2021-09-15,1521,138,118,1,244500000,8900000,25916000,261516000,Credit,Showroom
501616,2023-03-23,4551,141,101,5,380600000,90600000,199364000,2011764000,Cash,Fleet
501617,2025-08-03,5063,112,64,1,240500000,12500000,25080000,253080000,Cash,Showroom
501618,2021-06-13,2556,122,48,1,769000000,600000,84524000,852924000,Cash,Showroom
501619,2021-09-11,4499,161,102,1,427800000,7600000,46222000,466422000,Cash,Showroom
501620,2021-01-03,2651,116,99,1,266600000,15500000,27621000,278721000,Credit,Online
501621,2023-02-13,5043,132,3,1,427500000,26100000,44154000,445554000,Credit,Online
501622,2025-05-15,1939,163,2,1,578200000,11800000,62304000,628704000,Cash,Online
501623,2025-03-15,4352,106,110,1,375200000,17000000,39402000,397602000,Credit,Online
501624,2022-02-27,3890,136,62,1,460000000,8700000,49643000,500943000,Credit,Showroom
501625,2024-07-31,1567,108,29,1,174900000,2200000,18997000,191697000,Credit,Showroom
501626,2025-07-27,2599,119,67,1,201500000,4300000,21692000,218892000,Cash,Showroom
501627,2025-08-18,1990,184,110,1,1311100000,67600000,136785000,1380285000,Cash,Online
501628,2023-12-26,3309,116,54,1,264600000,300000,29073000,293373000,Credit,Showroom
501629,2023-06-08,3183,111,48,1,230300000,4800000,24805000,250305000,Credit,Showroom
501630,2020-10-27,1247,101,81,1,245600000,11100000,25795000,260295000,Credit,Showroom
501631,2024-10-19,3899,131,104,1,378900000,5300000,41096000,414696000,Credit,Showroom
501632,2024-11-01,1886,116,75,1,266500000,500000,29260000,295260000,Cash,Event
501633,2023-06-25,5195,134,10,1,265500000,600000,29139000,294039000,Cash,Showroom
501634,2025-02-27,3474,120,68,1,390000000,14300000,41327000,417027000,Credit,Showroom
501635,2022-01-22,1041,116,106,1,255200000,8800000,27104000,273504000,Credit,Showroom
501636,2022-10-12,1569,106,69,1,389800000,2300000,42625000,430125000,Credit,Showroom
501637,2024-03-24,4438,186,81,1,932800000,29900000,99319000,1002219000,Cash,Showroom
501638,2025-10-11,4310,132,58,1,431700000,11600000,46211000,466311000,Cash,Showroom
501639,2023-08-20,2275,110,65,1,788200000,11400000,85448000,862248000,Credit,Online
501640,2021-09-12,4318,117,49,1,194200000,8700000,20405000,205905000,Credit,Showroom
501641,2021-03-20,3361,127,12,1,284700000,14300000,29744000,300144000,Credit,Showroom
501642,2022-08-26,4422,113,106,1,166500000,2700000,18018000,181818000,Credit,Showroom
501643,2023-08-08,2962,109,48,1,753100000,35900000,78892000,796092000,Cash,Showroom
501644,2024-05-04,4315,111,98,1,234300000,12700000,24376000,245976000,Credit,Online
501645,2021-02-06,4060,104,29,1,288200000,12500000,30327000,306027000,Cash,Online
501646,2024-07-03,5175,102,40,1,446400000,8400000,48180000,486180000,Credit,Showroom
501647,2024-02-18,3954,140,60,1,176800000,200000,19426000,196026000,Cash,Showroom
501648,2022-01-02,2094,135,42,2,301700000,15000000,64724000,653124000,Credit,Fleet
501649,2022-06-30,4761,105,14,1,551500000,37200000,56573000,570873000,Cash,Showroom
501650,2025-03-12,3945,130,71,1,647000000,32300000,67617000,682317000,Cash,Showroom
501651,2022-07-14,4744,106,6,1,371600000,13000000,39446000,398046000,Credit,Showroom
501652,2021-10-29,3978,113,96,1,164200000,7300000,17259000,174159000,Credit,Showroom
501653,2023-03-29,1443,109,119,1,767100000,52800000,78573000,792873000,Credit,Showroom
501654,2023-05-07,1974,143,84,1,707200000,2400000,77528000,782328000,Cash,Online
501655,2025-07-28,3034,114,25,1,287500000,19200000,29513000,297813000,Cash,Showroom
501656,2022-04-07,4507,121,1,1,404600000,17700000,42559000,429459000,Cash,Showroom
501657,2023-11-09,4187,129,24,1,311700000,10900000,33088000,333888000,Credit,Showroom
501658,2022-08-29,5308,102,13,1,482900000,8800000,52151000,526251000,Credit,Showroom
501659,2024-10-18,2649,112,31,1,230100000,14100000,23760000,239760000,Credit,Showroom
501660,2024-05-12,3357,102,81,1,459400000,6800000,49786000,502386000,Credit,Showroom
501661,2024-03-19,4402,111,16,1,229900000,3000000,24959000,251859000,Cash,Showroom
501662,2023-04-26,3757,102,46,1,482900000,20300000,50886000,513486000,Credit,Showroom
501663,2020-06-15,2019,103,6,1,292600000,19800000,30008000,302808000,Credit,Showroom
501664,2024-07-08,5232,166,77,1,668000000,19400000,71346000,719946000,Credit,Showroom
501665,2023-08-05,4552,140,12,1,172200000,8000000,18062000,182262000,Credit,Showroom
501666,2024-01-14,1447,143,35,1,755700000,32800000,79519000,802419000,Credit,Showroom
501667,2025-06-18,2759,109,41,1,759500000,48500000,78210000,789210000,Cash,Showroom
501668,2023-02-26,5270,129,48,3,294600000,11200000,95986000,968586000,Credit,Fleet
501669,2024-06-20,5391,105,85,1,548100000,26400000,57387000,579087000,Credit,Showroom
501670,2024-03-23,4822,140,120,1,166100000,1600000,18095000,182595000,Credit,Showroom
501671,2020-12-21,1736,140,81,1,173400000,10800000,17886000,180486000,Credit,Online
501672,2024-07-15,3942,109,68,1,759800000,4700000,83061000,838161000,Credit,Showroom
501673,2024-08-06,3934,108,23,1,172800000,3100000,18667000,188367000,Cash,Showroom
501674,2020-09-04,1608,122,78,1,787700000,9200000,85635000,864135000,Credit,Event
501675,2021-06-28,1231,117,102,1,188000000,6200000,19998000,201798000,Credit,Showroom
501676,2025-06-14,2438,106,62,1,395900000,19600000,41393000,417693000,Credit,Showroom
501677,2022-04-09,1707,123,73,1,743900000,50600000,76263000,769563000,Cash,Showroom
501678,2021-09-17,1618,130,65,1,632800000,19900000,67419000,680319000,Credit,Showroom
501679,2022-05-14,4815,113,76,1,160600000,2400000,17402000,175602000,Cash,Showroom
501680,2024-01-15,2393,106,36,1,383600000,17800000,40238000,406038000,Credit,Showroom
501681,2025-05-23,3138,129,50,1,301400000,2000000,32934000,332334000,Credit,Showroom
501682,2021-01-17,5352,133,111,1,432700000,2100000,47366000,477966000,Credit,Showroom
501683,2022-08-09,2418,102,85,1,480700000,19700000,50710000,511710000,Cash,Showroom
501684,2023-03-18,3167,106,93,1,369100000,17000000,38731000,390831000,Credit,Showroom
501685,2025-04-08,3279,108,21,1,176400000,900000,19305000,194805000,Credit,Showroom
501686,2024-03-12,3244,132,88,1,411500000,6600000,44539000,449439000,Credit,Showroom
501687,2024-02-19,4213,142,59,1,283300000,1400000,31009000,312909000,Credit,Showroom
501688,2024-05-03,4593,159,102,1,409900000,3200000,44737000,451437000,Cash,Showroom
501689,2021-05-29,2312,111,62,1,241200000,3300000,26169000,264069000,Credit,Showroom
501690,2023-01-03,1807,138,113,1,243000000,12500000,25355000,255855000,Cash,Showroom
501691,2021-10-15,3239,129,78,1,314500000,15200000,32923000,332223000,Cash,Showroom
501692,2024-10-10,4794,125,111,1,650200000,25300000,68739000,693639000,Credit,Showroom
501693,2021-05-08,3138,103,58,1,292500000,9600000,31119000,314019000,Cash,Showroom
501694,2025-07-09,4526,121,56,1,405400000,15600000,42878000,432678000,Credit,Showroom
501695,2020-09-04,3449,113,79,1,171400000,8300000,17941000,181041000,Cash,Showroom
501696,2023-10-24,5213,162,52,1,567500000,26900000,59466000,600066000,Cash,Showroom
501697,2025-06-29,5384,119,109,1,202100000,1600000,22055000,222555000,Credit,Showroom
501698,2023-07-20,4119,129,90,1,294300000,4100000,31922000,322122000,Cash,Showroom
501699,2022-03-15,4154,169,88,1,268400000,8600000,28578000,288378000,Cash,Showroom
501700,2025-03-15,3894,139,82,1,244600000,1100000,26785000,270285000,Credit,Showroom
501701,2022-02-13,5392,136,104,1,455800000,12500000,48763000,492063000,Cash,Showroom
501702,2022-01-23,4246,110,74,1,762800000,8000000,83028000,837828000,Cash,Event
501703,2022-04-11,3925,124,92,1,314700000,12100000,33286000,335886000,Credit,Showroom
501704,2024-06-13,4543,105,6,1,586600000,14900000,62887000,634587000,Credit,Showroom
501705,2025-10-16,3093,129,61,1,308200000,5600000,33286000,335886000,Credit,Showroom
501706,2023-05-07,2221,131,63,1,390400000,25600000,40128000,404928000,Credit,Online
501707,2023-01-08,1293,121,4,6,402300000,158300000,248105000,2503605000,Credit,Fleet
501708,2024-12-08,5000,155,102,1,656800000,31500000,68783000,694083000,Cash,Showroom
501709,2021-06-01,1364,110,12,1,750400000,11200000,81312000,820512000,Credit,Showroom
501710,2022-12-15,3791,125,94,1,650900000,23400000,69025000,696525000,Credit,Showroom
501711,2023-05-21,1858,101,59,1,247800000,16100000,25487000,257187000,Cash,Online
501712,2025-07-16,2082,111,4,1,235700000,6500000,25212000,254412000,Credit,Showroom
501713,2024-09-01,3449,120,88,1,396200000,4700000,43065000,434565000,Credit,Showroom
501714,2025-03-06,3283,101,53,1,246100000,8300000,26158000,263958000,Credit,Showroom
501715,2024-11-18,4337,111,7,2,228000000,13800000,48642000,490842000,Credit,Fleet
501716,2024-08-04,1830,141,14,1,380600000,24900000,39127000,394827000,Credit,Showroom
501717,2025-04-04,3223,104,72,1,281700000,15400000,29293000,295593000,Credit,Showroom
501718,2023-05-01,3927,108,75,1,174500000,4700000,18678000,188478000,Credit,Showroom
501719,2025-02-18,3270,157,23,1,323700000,11800000,34309000,346209000,Credit,Showroom
501720,2022-05-13,1142,110,19,1,793800000,32000000,83798000,845598000,Credit,Showroom
501721,2022-11-07,1607,106,81,1,377000000,2000000,41250000,416250000,Credit,Showroom
501722,2025-07-18,1082,105,76,1,566300000,6800000,61545000,621045000,Credit,Showroom
501723,2021-07-01,3436,102,86,1,450900000,23900000,46970000,473970000,Credit,Showroom
501724,2021-10-29,3950,143,116,1,713700000,44700000,73590000,742590000,Cash,Showroom
501725,2024-06-04,4345,113,40,1,166400000,1000000,18194000,183594000,Cash,Showroom
501726,2025-07-16,2975,102,27,1,467400000,19500000,49269000,497169000,Credit,Showroom
501727,2024-06-13,4090,129,64,1,310300000,4700000,33616000,339216000,Cash,Showroom
501728,2020-02-19,3281,104,118,1,288300000,20000000,29513000,297813000,Credit,Showroom
501729,2021-05-06,2092,133,37,6,410500000,88500000,261195000,2635695000,Credit,Fleet
501730,2024-09-26,2573,104,80,1,299000000,12400000,31526000,318126000,Credit,Showroom
501731,2020-05-28,1272,127,74,1,293700000,300000,32274000,325674000,Credit,Showroom
501732,2024-03-05,3650,160,28,1,396200000,20100000,41371000,417471000,Credit,Showroom
501733,2023-08-09,3725,129,72,1,295500000,15600000,30789000,310689000,Cash,Showroom
501734,2024-02-17,3923,113,117,1,162300000,4900000,17314000,174714000,Credit,Showroom
501735,2025-04-10,1895,104,12,1,286000000,3000000,31130000,314130000,Credit,Showroom
501736,2025-04-08,1993,110,106,1,787200000,17100000,84711000,854811000,Cash,Showroom
501737,2024-07-30,1518,122,112,1,794900000,13000000,86009000,867909000,Credit,Showroom
501738,2022-04-16,1341,148,45,1,295800000,4600000,32032000,323232000,Credit,Event
501739,2023-06-25,2513,139,10,1,256600000,2300000,27973000,282273000,Credit,Showroom
501740,2022-11-22,3261,112,76,1,224500000,1700000,24508000,247308000,Credit,Showroom
501741,2024-03-04,4701,110,120,1,749300000,15500000,80718000,814518000,Credit,Showroom
501742,2023-02-01,4512,167,32,1,643400000,100000,70763000,714063000,Cash,Showroom
501743,2022-12-04,2163,114,69,1,286100000,17100000,29590000,298590000,Credit,Online
501744,2022-04-22,3770,126,119,1,658500000,26000000,69575000,702075000,Cash,Online
501745,2022-10-14,4166,130,41,1,641400000,9500000,69509000,701409000,Credit,Online
501746,2023-09-30,4760,109,70,1,738600000,14800000,79618000,803418000,Cash,Showroom
501747,2022-07-20,2564,113,106,1,162100000,9300000,16808000,169608000,Cash,Showroom
501748,2024-09-02,5188,153,69,1,428300000,1600000,46937000,473637000,Credit,Showroom
501749,2022-04-22,1645,114,70,1,287800000,17000000,29788000,300588000,Cash,Showroom
501750,2021-06-19,3327,110,96,1,756900000,16500000,81444000,821844000,Cash,Showroom
501751,2024-05-13,2827,109,103,1,779700000,38300000,81554000,822954000,Credit,Showroom
501752,2025-04-12,5115,156,96,1,681900000,32400000,71445000,720945000,Cash,Showroom
501753,2024-08-12,1998,145,85,1,362600000,15100000,38225000,385725000,Credit,Showroom
501754,2023-04-22,4378,106,83,1,396200000,3600000,43186000,435786000,Credit,Event
501755,2022-07-20,3157,105,96,1,557000000,3700000,60863000,614163000,Credit,Showroom
501756,2022-03-26,4664,104,33,1,295000000,2900000,32131000,324231000,Credit,Showroom
501757,2021-04-25,4623,154,22,4,879100000,80200000,377982000,3814182000,Cash,Fleet
501758,2024-03-06,5446,174,119,1,1810600000,114400000,186582000,1882782000,Cash,Event
501759,2022-07-27,4634,128,40,1,293900000,9600000,31273000,315573000,Credit,Showroom
501760,2024-01-25,2336,136,84,1,464800000,4400000,50644000,511044000,Cash,Showroom
501761,2025-10-07,4016,108,110,1,173100000,7900000,18172000,183372000,Cash,Showroom
501762,2024-11-06,1680,127,43,1,279900000,9900000,29700000,299700000,Credit,Showroom
501763,2025-10-20,5202,157,86,1,340500000,14300000,35882000,362082000,Credit,Online
501764,2023-12-25,3323,125,71,1,636800000,1600000,69872000,705072000,Credit,Showroom
501765,2022-01-31,1907,137,102,1,460100000,14400000,49027000,494727000,Credit,Showroom
501766,2021-08-21,2766,127,96,1,271600000,18500000,27841000,280941000,Cash,Showroom
501767,2024-10-27,4908,170,46,1,345900000,9500000,37004000,373404000,Credit,Online
501768,2024-03-21,3212,143,61,1,714600000,800000,78518000,792318000,Credit,Showroom
501769,2025-02-06,5190,102,50,1,471200000,29900000,48543000,489843000,Credit,Showroom
501770,2022-01-17,3669,115,70,1,288100000,8900000,30712000,309912000,Credit,Showroom
501771,2025-01-21,4062,104,98,1,286700000,11800000,30239000,305139000,Cash,Showroom
501772,2023-10-19,3114,131,57,5,397900000,6900000,218086000,2200686000,Credit,Fleet
501773,2023-08-05,2423,118,10,1,198600000,11700000,20559000,207459000,Credit,Showroom
501774,2020-08-08,2512,105,57,1,567900000,35500000,58564000,590964000,Cash,Event
501775,2022-02-19,3874,150,77,1,268100000,12800000,28083000,283383000,Cash,Showroom
501776,2022-04-20,2204,113,17,1,170500000,6700000,18018000,181818000,Credit,Showroom
501777,2024-04-18,4141,144,63,1,757300000,20300000,81070000,818070000,Credit,Online
501778,2023-12-24,1230,132,38,1,413300000,20100000,43252000,436452000,Credit,Showroom
501779,2022-02-24,5229,101,26,1,234700000,4700000,25300000,255300000,Credit,Showroom
501780,2020-11-19,1547,128,11,1,313400000,12400000,33110000,334110000,Cash,Showroom
501781,2021-12-15,2796,114,70,1,295800000,8400000,31614000,319014000,Credit,Event
501782,2023-08-24,3199,171,79,1,343600000,23100000,35255000,355755000,Cash,Showroom
501783,2025-07-06,4071,147,80,1,203400000,13700000,20867000,210567000,Credit,Showroom
501784,2022-06-10,3089,137,78,1,459900000,27600000,47553000,479853000,Credit,Showroom
501785,2025-05-21,1479,139,30,1,251900000,11500000,26444000,266844000,Cash,Showroom
501786,2024-09-24,2225,156,5,1,644100000,18400000,68827000,694527000,Credit,Showroom
501787,2022-06-16,1798,132,70,1,409200000,0,45012000,454212000,Credit,Showroom
501788,2023-11-30,2099,147,100,1,209500000,9900000,21956000,221556000,Credit,Showroom
501789,2024-07-04,2081,113,88,1,170000000,4800000,18172000,183372000,Credit,Showroom
501790,2025-12-23,1057,101,1,1,242800000,7100000,25927000,261627000,Cash,Showroom
501791,2024-12-28,4751,104,31,1,289800000,11700000,30591000,308691000,Cash,Showroom
501792,2022-08-06,3286,107,108,1,384900000,25000000,39589000,399489000,Credit,Showroom
501793,2025-04-15,4667,133,31,3,410300000,70400000,127655000,1288155000,Credit,Fleet
501794,2022-05-03,2797,144,75,1,790500000,36900000,82896000,836496000,Credit,Event
501795,2025-04-21,4536,109,105,1,772900000,50600000,79453000,801753000,Credit,Showroom
501796,2024-12-04,1385,105,97,1,573700000,23200000,60555000,611055000,Credit,Event
501797,2024-11-29,2830,109,48,1,780700000,7100000,85096000,858696000,Credit,Showroom
501798,2021-12-21,1063,157,101,1,345200000,5000000,37422000,377622000,Credit,Online
501799,2022-01-06,4571,142,105,1,296800000,14200000,31086000,313686000,Credit,Showroom
501800,2024-06-14,2394,129,34,1,308700000,0,33957000,342657000,Credit,Showroom
501801,2022-07-28,5149,124,120,1,311200000,10400000,33088000,333888000,Credit,Showroom
501802,2023-03-06,1116,109,45,4,747400000,143300000,313093000,3159393000,Cash,Fleet
501803,2024-07-15,1791,128,116,1,293200000,15400000,30558000,308358000,Cash,Showroom
501804,2020-08-13,4989,110,13,1,750600000,51300000,76923000,776223000,Cash,Showroom
501805,2020-06-09,1957,109,17,1,790300000,37200000,82841000,835941000,Credit,Showroom
501806,2021-01-31,2080,125,1,1,623400000,19100000,66473000,670773000,Credit,Showroom
501807,2025-03-07,4643,101,97,1,240000000,15400000,24706000,249306000,Cash,Showroom
501808,2025-11-08,3582,108,80,1,183300000,400000,20119000,203019000,Credit,Showroom
501809,2023-12-05,4186,103,38,1,299500000,2900000,32626000,329226000,Credit,Event
501810,2025-04-10,4433,119,66,1,203300000,10100000,21252000,214452000,Cash,Online
501811,2024-11-25,1555,105,4,1,557300000,8500000,60368000,609168000,Cash,Showroom
501812,2022-05-05,4343,123,90,1,790700000,16800000,85129000,859029000,Cash,Online
501813,2024-03-03,2177,109,50,1,760900000,50700000,78122000,788322000,Credit,Showroom
501814,2025-08-08,5416,138,11,1,245800000,7300000,26235000,264735000,Credit,Showroom
501815,2023-11-24,1534,153,90,1,434000000,21700000,45353000,457653000,Credit,Showroom
501816,2023-05-09,1925,180,100,1,1658200000,64800000,175274000,1768674000,Cash,Showroom
501817,2023-05-17,4801,167,105,1,631100000,2800000,69113000,697413000,Credit,Showroom
501818,2021-06-18,1652,168,87,1,259000000,1400000,28336000,285936000,Credit,Showroom
501819,2025-09-02,1141,122,27,1,773800000,24900000,82379000,831279000,Credit,Showroom
501820,2021-02-25,3432,134,120,1,264400000,8800000,28116000,283716000,Cash,Showroom
501821,2022-03-01,1051,112,35,1,227900000,15600000,23353000,235653000,Cash,Showroom
501822,2023-08-01,3085,161,66,1,431300000,8700000,46486000,469086000,Cash,Showroom
501823,2021-11-23,2027,132,104,1,438300000,23000000,45683000,460983000,Cash,Online
501824,2025-12-02,3583,105,113,1,553700000,8200000,60005000,605505000,Credit,Event
501825,2025-07-10,3000,130,90,1,631300000,20700000,67166000,677766000,Cash,Online
501826,2022-05-15,2022,102,24,1,459800000,4800000,50050000,505050000,Cash,Showroom
501827,2022-06-03,1246,103,67,1,282400000,17400000,29150000,294150000,Credit,Showroom
501828,2020-03-27,4464,128,11,1,311600000,12200000,32934000,332334000,Credit,Showroom
501829,2025-10-28,2671,105,31,1,587200000,20700000,62315000,628815000,Credit,Event
501830,2025-08-11,4569,117,85,1,185400000,3600000,19998000,201798000,Credit,Showroom
501831,2023-01-18,4126,121,82,1,388900000,5000000,42229000,426129000,Cash,Showroom
501832,2025-06-07,1332,101,19,1,237700000,2500000,25872000,261072000,Cash,Online
501833,2021-01-06,1303,109,75,1,760700000,43300000,78914000,796314000,Cash,Showroom
501834,2024-05-23,1883,107,87,1,384000000,25400000,39446000,398046000,Credit,Showroom
501835,2022-09-16,3658,148,36,1,294400000,15500000,30679000,309579000,Cash,Showroom
501836,2024-12-27,3823,107,34,1,370700000,22900000,38258000,386058000,Credit,Event
501837,2023-12-06,3197,114,67,1,277400000,200000,30492000,307692000,Credit,Showroom
501838,2025-11-04,3874,116,49,1,255800000,17500000,26213000,264513000,Credit,Showroom
501839,2025-10-06,5376,139,35,1,248200000,6800000,26554000,267954000,Cash,Showroom
501840,2023-08-16,3329,122,64,1,756400000,22800000,80696000,814296000,Credit,Event
501841,2020-07-12,2918,124,61,1,319400000,700000,35057000,353757000,Credit,Online
501842,2020-08-07,4740,160,73,3,378800000,16400000,123200000,1243200000,Cash,Fleet
501843,2025-04-08,2863,163,38,1,586800000,38600000,60302000,608502000,Cash,Showroom
501844,2022-08-18,3918,104,65,1,281700000,16200000,29205000,294705000,Credit,Online
501845,2020-07-07,2387,106,27,1,397600000,25500000,40931000,413031000,Credit,Showroom
501846,2021-07-04,3379,170,48,1,348700000,21300000,36014000,363414000,Credit,Showroom
501847,2021-01-11,5471,103,66,1,291400000,2200000,31812000,321012000,Cash,Showroom
501848,2025-03-12,2035,140,89,1,169700000,1200000,18535000,187035000,Credit,Showroom
501849,2025-03-27,2149,122,98,1,750500000,22700000,80058000,807858000,Credit,Showroom
501850,2022-03-17,5403,121,82,1,396900000,7900000,42790000,431790000,Credit,Online
501851,2022-04-07,4730,162,96,1,574000000,17700000,61193000,617493000,Credit,Showroom
501852,2023-12-23,3717,105,14,1,550300000,26300000,57640000,581640000,Credit,Showroom
501853,2025-12-24,3755,109,90,1,761200000,30000000,80432000,811632000,Cash,Showroom
501854,2025-02-17,2986,171,52,1,350400000,12200000,37202000,375402000,Credit,Showroom
501855,2025-10-30,4984,174,101,1,1862400000,74400000,196680000,1984680000,Cash,Showroom
501856,2022-02-06,4623,154,50,1,881300000,44000000,92103000,929403000,Cash,Showroom
501857,2025-10-27,5047,132,116,1,431400000,28200000,44352000,447552000,Cash,Showroom
501858,2025-08-09,1135,127,105,1,287900000,19600000,29513000,297813000,Credit,Showroom
501859,2023-02-22,2068,107,113,1,391100000,18600000,40975000,413475000,Cash,Showroom
501860,2025-05-27,4238,132,34,1,415800000,5600000,45122000,455322000,Cash,Showroom
501861,2020-04-02,3695,107,120,1,388300000,14100000,41162000,415362000,Cash,Showroom
501862,2024-03-13,1095,120,72,1,396300000,3500000,43208000,436008000,Cash,Showroom
501863,2022-06-23,3489,134,29,1,270200000,3300000,29359000,296259000,Cash,Showroom
501864,2025-03-04,5209,107,65,1,374000000,14400000,39556000,399156000,Credit,Showroom
501865,2025-12-06,2826,116,63,1,265200000,3200000,28820000,290820000,Credit,Event
501866,2020-07-14,5453,138,87,1,242600000,8400000,25762000,259962000,Credit,Showroom
501867,2025-12-29,4801,133,25,1,420400000,12000000,44924000,453324000,Cash,Showroom
501868,2024-01-23,2891,106,106,1,369700000,20100000,38456000,388056000,Cash,Showroom
501869,2021-06-30,5344,101,89,1,248100000,12400000,25927000,261627000,Credit,Showroom
501870,2020-08-12,4981,120,41,1,406500000,21400000,42361000,427461000,Credit,Showroom
501871,2023-03-23,2394,120,24,1,409400000,16500000,43219000,436119000,Credit,Showroom
501872,2022-06-09,1992,106,97,1,387900000,8500000,41734000,421134000,Cash,Showroom
501873,2022-02-03,3320,120,16,1,398100000,7400000,42977000,433677000,Cash,Showroom
501874,2023-10-22,1763,126,51,1,628000000,21000000,66770000,673770000,Credit,Showroom
501875,2022-10-07,1728,158,70,1,435600000,9200000,46904000,473304000,Cash,Showroom
501876,2022-09-16,4837,127,74,1,273900000,16000000,28369000,286269000,Credit,Showroom
501877,2023-05-20,1425,116,58,1,270900000,500000,29744000,300144000,Credit,Showroom
501878,2022-02-10,5482,127,79,1,287400000,2900000,31295000,315795000,Cash,Showroom
501879,2021-06-19,4733,123,27,1,775900000,54200000,79387000,801087000,Credit,Showroom
501880,2021-08-06,4643,147,55,1,206900000,3900000,22330000,225330000,Credit,Showroom
501881,2022-10-13,2656,105,103,1,550500000,31000000,57145000,576645000,Credit,Showroom
501882,2021-04-19,4580,122,61,1,794400000,53000000,81554000,822954000,Credit,Showroom
501883,2024-07-10,2160,102,2,1,461900000,21200000,48477000,489177000,Credit,Event
501884,2022-12-08,3806,129,22,4,291400000,67600000,120780000,1218780000,Cash,Fleet
501885,2020-09-23,4596,122,91,1,766000000,23200000,81708000,824508000,Credit,Showroom
501886,2025-10-03,4279,124,22,1,331400000,8300000,35541000,358641000,Credit,Event
501887,2025-08-30,4717,105,77,1,552000000,6800000,59972000,605172000,Cash,Event
501888,2024-06-26,2252,102,44,3,468800000,25400000,151910000,1532910000,Credit,Fleet
501889,2025-04-12,1647,126,47,1,656500000,43300000,67452000,680652000,Credit,Showroom
501890,2023-02-20,2148,176,73,1,1437800000,52900000,152339000,1537239000,Credit,Showroom
501891,2022-08-27,3408,144,119,1,796200000,25500000,84777000,855477000,Cash,Showroom
501892,2022-06-18,4362,106,117,1,377000000,9000000,40480000,408480000,Credit,Online
501893,2022-03-18,3336,128,49,1,310900000,200000,34177000,344877000,Cash,Online
501894,2023-11-25,2318,112,108,1,239100000,4700000,25784000,260184000,Credit,Showroom
501895,2024-05-17,4022,114,115,1,290700000,19000000,29887000,301587000,Credit,Showroom
501896,2023-11-28,1646,144,6,1,785200000,54000000,80432000,811632000,Credit,Showroom
501897,2022-05-12,4630,160,94,1,397600000,20000000,41536000,419136000,Cash,Showroom
501898,2025-04-27,4020,114,20,1,282400000,15900000,29315000,295815000,Cash,Showroom
501899,2024-05-29,4410,156,47,1,687800000,10200000,74536000,752136000,Credit,Showroom
501900,2025-02-25,4349,103,55,1,295200000,5800000,31834000,321234000,Credit,Event
501901,2025-08-23,2411,107,77,1,371100000,5300000,40238000,406038000,Credit,Showroom
501902,2022-07-03,2768,103,95,1,290900000,19400000,29865000,301365000,Cash,Showroom
501903,2020-07-03,4139,163,62,1,555800000,12700000,59741000,602841000,Credit,Showroom
501904,2023-06-21,3970,139,85,1,260200000,11400000,27368000,276168000,Credit,Showroom
501905,2024-02-28,4084,138,64,1,260500000,400000,28611000,288711000,Cash,Showroom
501906,2023-03-05,2385,147,26,1,206400000,1400000,22550000,227550000,Credit,Showroom
501907,2024-09-11,4566,114,44,1,299200000,16200000,31130000,314130000,Credit,Online
501908,2024-08-20,2600,135,119,1,291600000,14200000,30514000,307914000,Credit,Showroom
501909,2021-10-08,2282,109,115,1,794700000,45400000,82423000,831723000,Credit,Event
501910,2022-12-11,3185,133,23,1,421800000,12400000,45034000,454434000,Credit,Online
501911,2025-10-01,4919,152,44,1,293100000,15600000,30525000,308025000,Credit,Showroom
501912,2020-02-08,4960,115,54,1,295200000,800000,32384000,326784000,Cash,Online
501913,2024-04-27,2633,103,69,1,294400000,12700000,30987000,312687000,Cash,Showroom
501914,2020-09-17,1709,113,95,1,162600000,6600000,17160000,173160000,Cash,Online
501915,2022-11-25,1232,121,28,1,396500000,11200000,42383000,427683000,Credit,Showroom
501916,2023-12-02,5311,107,37,1,371200000,24200000,38170000,385170000,Credit,Showroom
501917,2025-11-11,4920,111,84,1,232800000,13800000,24090000,243090000,Credit,Showroom
501918,2025-02-20,2166,140,69,1,168000000,9700000,17413000,175713000,Cash,Showroom
501919,2020-04-05,5436,112,118,1,236600000,1000000,25916000,261516000,Credit,Showroom
501920,2024-12-28,3889,136,90,1,447100000,7100000,48400000,488400000,Credit,Showroom
501921,2024-11-18,4587,115,107,1,286900000,19900000,29370000,296370000,Credit,Event
501922,2025-01-06,3732,124,82,1,329000000,7500000,35365000,356865000,Credit,Showroom
501923,2022-04-03,2452,116,79,1,260600000,14800000,27038000,272838000,Credit,Showroom
501924,2023-06-24,4993,101,42,1,248500000,0,27335000,275835000,Credit,Showroom
501925,2020-05-16,4679,129,66,1,297000000,6800000,31922000,322122000,Cash,Showroom
501926,2025-04-10,1411,149,87,1,294800000,15800000,30690000,309690000,Cash,Showroom
501927,2025-03-19,4574,114,71,1,281600000,11500000,29711000,299811000,Credit,Event
501928,2024-10-09,3972,132,15,1,420400000,500000,46189000,466089000,Cash,Event
501929,2022-05-22,2341,103,32,1,285700000,3100000,31086000,313686000,Credit,Showroom
501930,2023-11-04,2620,125,6,1,634700000,22500000,67342000,679542000,Credit,Showroom
501931,2021-02-12,3705,149,71,1,296500000,4600000,32109000,324009000,Credit,Showroom
501932,2025-12-03,3836,114,71,1,294700000,7800000,31559000,318459000,Cash,Showroom
501933,2025-12-14,4271,119,120,1,209800000,200000,23056000,232656000,Cash,Showroom
501934,2023-04-05,5048,166,102,1,664200000,15800000,71324000,719724000,Credit,Showroom
501935,2023-11-27,3762,110,116,1,759500000,33400000,79871000,805971000,Credit,Event
501936,2025-02-07,3307,102,100,1,467900000,19300000,49346000,497946000,Credit,Showroom
501937,2025-04-03,5389,140,117,1,174600000,8000000,18326000,184926000,Cash,Showroom
501938,2025-01-23,4079,123,47,1,795200000,47900000,82203000,829503000,Cash,Event
501939,2022-09-08,5218,107,6,1,381100000,22000000,39501000,398601000,Credit,Showroom
501940,2024-02-12,5210,135,101,1,302100000,19300000,31108000,313908000,Credit,Showroom
501941,2020-09-10,4638,109,105,1,778800000,42900000,80949000,816849000,Credit,Showroom
501942,2025-01-09,1055,104,70,1,294500000,4100000,31944000,322344000,Cash,Showroom
501943,2024-05-11,4937,102,67,1,460900000,12200000,49357000,498057000,Credit,Showroom
501944,2025-08-05,1850,120,34,1,409600000,22100000,42625000,430125000,Cash,Event
501945,2024-08-12,4370,102,52,1,477200000,1000000,52382000,528582000,Cash,Event
501946,2024-08-24,5038,112,97,1,227300000,6200000,24321000,245421000,Cash,Showroom
501947,2021-01-30,1231,116,100,1,266200000,8000000,28402000,286602000,Credit,Showroom
501948,2021-02-18,3175,144,39,1,778300000,11000000,84403000,851703000,Credit,Showroom
501949,2025-09-24,1478,141,76,1,375200000,10900000,40073000,404373000,Cash,Showroom
501950,2020-03-24,5175,107,89,1,390100000,21400000,40557000,409257000,Credit,Event
501951,2021-02-24,1802,134,92,1,259300000,15200000,26851000,270951000,Cash,Showroom
501952,2024-02-17,5125,117,9,1,183400000,5900000,19525000,197025000,Credit,Showroom
501953,2021-08-05,4290,121,77,1,416800000,22700000,43351000,437451000,Credit,Showroom
501954,2023-01-04,3298,108,92,1,171500000,8000000,17985000,181485000,Cash,Online
501955,2025-03-17,5442,108,85,1,178700000,10600000,18491000,186591000,Cash,Showroom
501956,2023-04-03,5495,120,41,1,388000000,6800000,41932000,423132000,Credit,Showroom
501957,2022-07-20,3588,112,58,1,230600000,15600000,23650000,238650000,Cash,Showroom
501958,2023-06-10,2066,108,76,1,183500000,11400000,18931000,191031000,Credit,Showroom
501959,2021-01-30,5264,111,7,1,228600000,900000,25047000,252747000,Cash,Showroom
501960,2025-03-30,2151,101,38,1,244500000,1500000,26730000,269730000,Credit,Event
501961,2021-10-30,5349,132,92,1,421900000,28300000,43296000,436896000,Credit,Showroom
501962,2023-03-17,2293,124,49,1,329600000,14400000,34672000,349872000,Cash,Event
501963,2021-09-21,4322,146,46,1,197500000,8400000,20801000,209901000,Credit,Showroom
501964,2024-09-18,4397,109,118,1,740400000,22700000,78947000,796647000,Credit,Event
501965,2025-09-10,2914,119,46,1,209200000,10200000,21890000,220890000,Credit,Showroom
501966,2023-12-06,1588,118,99,1,200400000,10000000,20944000,211344000,Cash,Showroom
501967,2025-08-30,4996,122,65,1,759000000,33500000,79805000,805305000,Credit,Showroom
501968,2025-05-07,4793,102,83,1,477700000,25400000,49753000,502053000,Credit,Online
501969,2020-07-01,3388,132,9,1,418400000,17300000,44121000,445221000,Cash,Showroom
501970,2023-05-24,1034,107,57,1,374800000,22500000,38753000,391053000,Credit,Showroom
501971,2023-01-31,4470,107,84,1,398900000,500000,43824000,442224000,Credit,Showroom
501972,2022-08-15,2331,115,76,1,277600000,5600000,29920000,301920000,Cash,Event
501973,2024-11-25,5091,109,66,1,773200000,27100000,82071000,828171000,Credit,Showroom
501974,2024-02-02,2574,121,43,1,394100000,18500000,41316000,416916000,Credit,Showroom
501975,2023-05-01,2160,145,68,1,356800000,13300000,37785000,381285000,Cash,Showroom
501976,2021-08-31,5028,108,16,1,171500000,2700000,18568000,187368000,Credit,Showroom
501977,2025-04-18,5341,137,113,1,469700000,26200000,48785000,492285000,Credit,Showroom
501978,2023-05-11,2651,110,15,1,794900000,38300000,83226000,839826000,Cash,Showroom
501979,2025-10-07,4762,118,71,1,201900000,5400000,21615000,218115000,Credit,Showroom
501980,2021-07-26,3310,112,78,1,229900000,2600000,25003000,252303000,Credit,Showroom
501981,2023-01-27,3559,117,33,1,186400000,2000000,20284000,204684000,Cash,Showroom
501982,2022-09-18,3377,111,10,1,226000000,1500000,24695000,249195000,Credit,Showroom
501983,2021-07-04,1419,111,120,1,239800000,3900000,25949000,261849000,Cash,Showroom
501984,2024-11-17,1181,132,61,1,414200000,16600000,43736000,441336000,Cash,Showroom
501985,2024-04-06,4510,123,17,1,753100000,48300000,77528000,782328000,Credit,Showroom
501986,2023-09-03,4969,110,39,1,782100000,18200000,84029000,847929000,Credit,Showroom
501987,2025-03-04,2321,116,101,1,270700000,700000,29700000,299700000,Cash,Showroom
501988,2024-01-28,1860,125,63,1,628400000,43700000,64317000,649017000,Credit,Showroom
501989,2021-04-26,2739,124,47,1,332300000,1400000,36399000,367299000,Credit,Event
501990,2020-01-07,4784,122,50,1,764800000,29500000,80883000,816183000,Credit,Online
501991,2025-06-28,3889,180,63,1,1647500000,94900000,170786000,1723386000,Credit,Showroom
501992,2024-07-24,4878,131,45,1,371400000,2600000,40568000,409368000,Cash,Showroom
501993,2021-10-21,2674,141,5,1,380900000,17300000,39996000,403596000,Credit,Showroom
501994,2020-04-28,3501,103,81,1,292900000,12200000,30877000,311577000,Credit,Event
501995,2020-08-11,2259,135,112,1,289300000,15000000,30173000,304473000,Credit,Showroom
501996,2023-11-13,2512,117,75,1,182900000,2800000,19811000,199911000,Credit,Showroom
501997,2025-05-20,1727,102,82,1,465500000,1900000,50996000,514596000,Cash,Showroom
501998,2021-07-11,1716,127,22,1,276000000,15700000,28633000,288933000,Credit,Showroom
501999,2023-09-24,3235,117,82,1,192200000,400000,21098000,212898000,Cash,Showroom
502000,2021-04-23,4781,103,78,1,281900000,1600000,30833000,311133000,Cash,Showroom
502001,2023-05-25,3645,142,110,1,300400000,17600000,31108000,313908000,Credit,Showroom
502002,2022-01-14,5271,160,8,1,392900000,13300000,41756000,421356000,Credit,Showroom
502003,2021-01-16,1881,166,64,1,639700000,31500000,66902000,675102000,Credit,Showroom
502004,2022-07-20,3862,103,73,1,288100000,12000000,30371000,306471000,Cash,Showroom
502005,2024-09-04,2867,118,113,1,198800000,8500000,20933000,211233000,Credit,Showroom
502006,2023-10-14,4904,129,40,1,309500000,19300000,31922000,322122000,Credit,Online
502007,2024-02-20,3213,114,108,1,283900000,7300000,30426000,307026000,Credit,Showroom
502008,2025-03-06,4551,113,55,1,171200000,400000,18788000,189588000,Credit,Showroom
502009,2022-08-16,3859,156,94,1,668100000,29100000,70290000,709290000,Cash,Showroom
502010,2024-04-22,4826,122,2,1,793000000,45600000,82214000,829614000,Credit,Showroom
502011,2021-02-11,5300,135,39,1,302700000,5900000,32648000,329448000,Cash,Showroom
502012,2024-08-23,2430,106,52,1,386700000,18800000,40469000,408369000,Credit,Showroom
502013,2020-11-21,3493,107,118,1,374000000,4100000,40689000,410589000,Credit,Online
502014,2024-05-25,4372,122,78,1,742100000,50200000,76109000,768009000,Cash,Showroom
502015,2024-12-27,5109,130,64,1,644900000,31900000,67430000,680430000,Credit,Showroom
502016,2025-04-17,4693,124,119,1,318500000,1100000,34914000,352314000,Credit,Showroom
502017,2024-07-30,3228,125,99,2,654900000,38100000,139887000,1411587000,Credit,Fleet
502018,2025-11-03,5142,114,21,1,280900000,8600000,29953000,302253000,Credit,Showroom
502019,2025-07-23,1854,140,53,1,166700000,5100000,17776000,179376000,Credit,Showroom
502020,2021-10-18,1460,139,25,1,259400000,8100000,27643000,278943000,Credit,Showroom
502021,2023-04-18,4685,103,100,1,300700000,7900000,32208000,325008000,Credit,Showroom
502022,2025-06-06,1088,132,4,1,424700000,15900000,44968000,453768000,Cash,Showroom
502023,2021-08-09,2184,103,5,1,301100000,14300000,31548000,318348000,Credit,Showroom
502024,2025-09-01,1852,111,60,1,234100000,200000,25729000,259629000,Credit,Showroom
502025,2022-12-04,4673,162,66,1,583000000,4400000,63646000,642246000,Credit,Showroom
502026,2023-09-13,2869,120,11,1,390200000,5300000,42339000,427239000,Cash,Showroom
502027,2024-08-04,4965,116,15,1,272500000,16900000,28116000,283716000,Cash,Showroom
502028,2020-03-29,4095,139,107,1,255500000,6300000,27412000,276612000,Cash,Showroom
502029,2022-12-23,5431,149,45,1,299900000,17500000,31064000,313464000,Cash,Showroom
502030,2022-03-18,5481,109,8,1,777400000,9900000,84425000,851925000,Credit,Showroom
502031,2021-03-19,4708,102,59,1,476700000,10400000,51293000,517593000,Credit,Showroom
502032,2020-09-06,2324,136,26,1,471100000,12900000,50402000,508602000,Cash,Showroom
502033,2021-05-16,1865,108,1,1,175200000,7400000,18458000,186258000,Credit,Showroom
502034,2023-06-24,2795,104,79,1,292700000,1900000,31988000,322788000,Credit,Showroom
502035,2025-07-10,1650,109,26,1,794600000,10000000,86306000,870906000,Credit,Showroom
502036,2024-01-03,4574,116,111,1,259800000,11500000,27313000,275613000,Cash,Showroom
502037,2022-12-29,1510,124,83,1,321200000,1600000,35156000,354756000,Cash,Showroom
502038,2024-11-06,4652,132,39,1,418200000,21700000,43615000,440115000,Cash,Online
502039,2020-12-06,1536,105,32,1,566700000,27800000,59279000,598179000,Credit,Showroom
502040,2022-01-01,2446,116,93,1,262500000,11800000,27577000,278277000,Credit,Showroom
502041,2023-03-25,3355,121,110,1,403800000,7800000,43560000,439560000,Credit,Showroom
502042,2024-02-06,3706,165,74,1,443200000,4800000,48224000,486624000,Credit,Showroom
502043,2025-05-12,1760,106,70,1,383300000,26100000,39292000,396492000,Cash,Showroom
502044,2024-03-30,2542,110,24,1,787700000,600000,86581000,873681000,Credit,Showroom
502045,2021-11-07,1946,132,61,1,440300000,16500000,46618000,470418000,Credit,Showroom
502046,2024-05-23,4587,127,61,1,293200000,11600000,30976000,312576000,Credit,Event
502047,2025-08-18,3971,126,7,1,668900000,33400000,69905000,705405000,Credit,Showroom
502048,2025-11-07,5334,104,112,1,287500000,8500000,30690000,309690000,Cash,Showroom
502049,2025-07-01,3174,126,70,1,624500000,21700000,66308000,669108000,Credit,Showroom
502050,2024-05-29,2122,102,17,1,455300000,9100000,49082000,495282000,Credit,Showroom
502051,2020-02-02,3535,118,22,6,199800000,55800000,125730000,1268730000,Credit,Fleet
502052,2024-01-17,1621,163,4,1,586100000,5500000,63866000,644466000,Credit,Showroom
502053,2025-07-01,2014,140,65,1,173700000,3000000,18777000,189477000,Cash,Showroom
502054,2022-05-18,3069,114,69,1,281500000,14300000,29392000,296592000,Cash,Showroom
502055,2023-02-17,2136,111,61,1,225700000,2100000,24596000,248196000,Cash,Showroom
502056,2025-08-16,2223,110,62,1,776200000,8600000,84436000,852036000,Credit,Showroom
502057,2021-02-14,4076,129,43,1,312300000,4600000,33847000,341547000,Cash,Showroom
502058,2022-06-15,4739,130,10,1,662400000,3800000,72446000,731046000,Cash,Online
502059,2023-03-29,2175,135,92,1,301300000,17900000,31174000,314574000,Credit,Showroom
502060,2025-09-12,5201,114,18,1,277100000,14900000,28842000,291042000,Credit,Showroom
502061,2024-12-18,4339,106,30,1,371100000,20000000,38621000,389721000,Credit,Showroom
502062,2025-06-26,2823,152,60,1,284100000,19300000,29128000,293928000,Credit,Showroom
502063,2025-07-10,2794,179,58,1,1055500000,66500000,108790000,1097790000,Credit,Showroom
502064,2022-10-30,4442,105,118,1,560200000,35700000,57695000,582195000,Cash,Showroom
502065,2025-05-15,1878,102,62,1,469000000,29800000,48312000,487512000,Cash,Showroom
502066,2024-03-03,4240,108,47,1,171400000,1300000,18711000,188811000,Cash,Showroom
502067,2020-12-06,3134,132,32,1,413800000,19100000,43417000,438117000,Credit,Showroom
502068,2024-10-27,5425,108,105,1,170300000,7500000,17908000,180708000,Cash,Showroom
502069,2024-09-21,4391,123,96,6,782800000,319400000,481514000,4858914000,Cash,Fleet
502070,2025-09-18,4339,122,70,1,756200000,30400000,79838000,805638000,Credit,Event
502071,2025-11-22,2055,103,3,1,293500000,11600000,31009000,312909000,Credit,Showroom
502072,2024-06-11,5102,114,38,1,292100000,1600000,31955000,322455000,Credit,Showroom
502073,2021-12-04,2652,112,26,1,230300000,13300000,23870000,240870000,Cash,Showroom
502074,2020-10-29,1909,114,40,1,299100000,16200000,31119000,314019000,Cash,Online
502075,2021-08-26,3730,157,103,1,331000000,10900000,35211000,355311000,Credit,Event
502076,2022-02-06,2632,110,1,6,739600000,156500000,470921000,4752021000,Cash,Fleet
502077,2020-11-27,2555,111,120,1,234500000,13500000,24310000,245310000,Cash,Online
502078,2022-06-26,5334,108,67,1,172000000,10500000,17765000,179265000,Credit,Showroom
502079,2025-07-08,1700,105,5,1,587400000,8500000,63679000,642579000,Credit,Showroom
502080,2025-06-30,4400,135,1,1,288300000,18900000,29634000,299034000,Credit,Showroom
502081,2024-10-13,4321,165,107,1,425300000,28400000,43659000,440559000,Credit,Showroom
502082,2021-11-04,2953,114,96,1,296100000,14000000,31031000,313131000,Credit,Showroom
502083,2024-03-05,4755,105,100,1,572800000,36900000,58949000,594849000,Credit,Showroom
502084,2020-10-28,1075,108,54,1,175800000,9600000,18282000,184482000,Cash,Event
502085,2022-03-30,4973,108,4,1,171800000,4400000,18414000,185814000,Credit,Showroom
502086,2025-10-03,2735,140,14,6,172300000,23200000,111166000,1121766000,Credit,Fleet
502087,2025-12-09,3759,160,30,1,398400000,22900000,41305000,416805000,Cash,Showroom
502088,2020-11-07,3475,105,54,1,555500000,200000,61083000,616383000,Credit,Showroom
502089,2021-03-18,4309,116,94,1,255300000,4200000,27621000,278721000,Credit,Showroom
502090,2020-04-19,2638,122,66,1,743200000,22400000,79288000,800088000,Credit,Showroom
502091,2023-04-10,4896,129,94,1,299200000,17300000,31009000,312909000,Credit,Showroom
502092,2023-08-28,4078,119,103,1,203300000,6000000,21703000,219003000,Credit,Showroom
502093,2025-04-21,2312,172,24,1,1328400000,69900000,138435000,1396935000,Cash,Showroom
502094,2023-07-07,3384,122,43,1,751900000,29300000,79486000,802086000,Credit,Showroom
502095,2025-11-09,2305,120,47,1,409600000,27100000,42075000,424575000,Credit,Showroom
502096,2025-04-30,3765,119,8,1,206700000,12800000,21329000,215229000,Cash,Showroom
502097,2022-02-26,1402,102,93,1,453200000,14700000,48235000,486735000,Cash,Showroom
502098,2024-01-16,1755,133,82,1,413400000,24700000,42757000,431457000,Credit,Showroom
502099,2021-05-20,2006,141,63,1,374600000,7200000,40414000,407814000,Credit,Showroom
502100,2024-09-23,2149,110,56,1,761400000,17000000,81884000,826284000,Cash,Event
502101,2025-05-30,2614,154,108,1,855300000,7100000,93302000,941502000,Credit,Showroom
502102,2020-04-20,1488,121,103,1,404900000,11500000,43274000,436674000,Credit,Showroom
502103,2022-02-01,1960,107,111,1,378400000,5100000,41063000,414363000,Cash,Showroom
502104,2021-09-25,4218,108,6,1,176600000,9900000,18337000,185037000,Credit,Showroom
502105,2022-09-17,1356,116,69,1,269500000,8400000,28721000,289821000,Credit,Showroom
502106,2023-02-14,2938,102,43,1,453100000,19200000,47729000,481629000,Credit,Showroom
502107,2024-09-02,2247,138,57,1,245200000,7600000,26136000,263736000,Credit,Online
502108,2025-11-05,1357,113,82,5,165700000,13500000,89650000,904650000,Credit,Fleet
502109,2021-05-20,2788,153,73,1,437500000,8900000,47146000,475746000,Cash,Showroom
502110,2022-06-18,3202,106,4,1,391100000,22200000,40579000,409479000,Cash,Showroom
502111,2024-08-30,3240,104,39,1,299600000,8600000,32010000,323010000,Credit,Showroom
502112,2025-06-16,1150,118,84,1,203400000,9800000,21296000,214896000,Credit,Showroom
502113,2023-11-09,2141,181,13,1,1575300000,18200000,171281000,1728381000,Credit,Showroom
502114,2024-08-05,1422,103,61,1,295400000,16100000,30723000,310023000,Credit,Showroom
502115,2024-12-30,4694,130,96,1,642300000,29200000,67441000,680541000,Cash,Showroom
502116,2024-07-10,1673,115,4,1,278000000,6400000,29876000,301476000,Cash,Showroom
502117,2020-09-29,4045,113,19,1,170600000,300000,18733000,189033000,Credit,Showroom
502118,2025-08-06,3396,139,118,1,254200000,3700000,27555000,278055000,Cash,Online
502119,2022-12-27,5421,103,36,1,289100000,800000,31713000,320013000,Credit,Showroom
502120,2022-12-28,1834,126,58,1,670400000,16200000,71962000,726162000,Credit,Event
502121,2024-03-16,2380,166,82,1,660100000,45700000,67584000,681984000,Credit,Showroom
502122,2021-06-08,3766,133,21,1,427200000,4800000,46464000,468864000,Credit,Event
502123,2020-11-20,2842,161,109,1,417800000,13200000,44506000,449106000,Cash,Showroom
502124,2025-09-20,5370,140,33,1,178300000,11600000,18337000,185037000,Credit,Online
502125,2022-09-28,3540,112,102,1,226100000,10100000,23760000,239760000,Cash,Showroom
502126,2025-02-19,2713,141,86,1,396500000,12100000,42284000,426684000,Credit,Showroom
502127,2021-11-14,2777,110,57,1,769600000,41900000,80047000,807747000,Credit,Showroom
502128,2020-08-16,3226,124,105,1,320000000,1900000,34991000,353091000,Credit,Event
502129,2024-02-11,4799,154,14,1,888500000,4600000,97229000,981129000,Cash,Showroom
502130,2024-09-13,4530,123,3,1,758400000,19200000,81312000,820512000,Credit,Showroom
502131,2020-12-04,5040,116,114,1,268800000,11400000,28314000,285714000,Credit,Showroom
502132,2024-07-25,4505,127,84,1,274000000,3300000,29777000,300477000,Cash,Showroom
502133,2022-09-16,2477,120,74,1,388700000,16400000,40953000,413253000,Credit,Event
502134,2024-07-27,1836,127,52,1,288900000,700000,31702000,319902000,Credit,Showroom
502135,2024-11-23,4630,138,30,1,260400000,6100000,27973000,282273000,Cash,Showroom
502136,2022-02-20,1351,119,73,1,204400000,1000000,22374000,225774000,Credit,Showroom
502137,2020-04-26,3823,138,22,1,246300000,2600000,26807000,270507000,Credit,Showroom
502138,2025-11-28,2431,172,14,1,1309200000,19900000,141823000,1431123000,Credit,Showroom
502139,2021-01-12,1701,117,112,1,193300000,9000000,20273000,204573000,Credit,Showroom
502140,2023-08-12,3479,108,85,1,179900000,1400000,19635000,198135000,Credit,Showroom
502141,2024-12-22,2561,130,2,1,660700000,22100000,70246000,708846000,Cash,Online
502142,2025-02-08,3714,102,9,1,478400000,17600000,50688000,511488000,Credit,Showroom
502143,2020-09-29,4672,141,47,1,369900000,11000000,39479000,398379000,Credit,Showroom
502144,2023-01-24,1581,118,57,1,209400000,1900000,22825000,230325000,Credit,Showroom
502145,2025-01-23,3258,119,33,1,195000000,7500000,20625000,208125000,Credit,Online
502146,2024-12-26,2407,158,105,1,418500000,5500000,45430000,458430000,Cash,Online
502147,2021-07-20,3248,145,20,1,366800000,18500000,38313000,386613000,Credit,Online
502148,2020-05-28,3564,117,96,1,181600000,3700000,19569000,197469000,Credit,Showroom
502149,2025-05-31,4620,111,16,1,227800000,2700000,24761000,249861000,Credit,Showroom
502150,2025-01-23,4496,104,76,1,299900000,1500000,32824000,331224000,Credit,Showroom
502151,2025-03-12,4711,117,72,1,188400000,5100000,20163000,203463000,Credit,Showroom
502152,2021-07-12,2439,134,63,1,268500000,13900000,28006000,282606000,Credit,Showroom
502153,2024-02-07,3467,120,32,1,417800000,15000000,44308000,447108000,Cash,Event
502154,2022-05-31,1700,107,12,1,390700000,12800000,41569000,419469000,Credit,Showroom
502155,2024-03-10,5395,105,21,1,546600000,33600000,56430000,569430000,Cash,Showroom
502156,2023-04-14,1281,133,80,1,438400000,14400000,46640000,470640000,Credit,Showroom
502157,2025-06-22,4959,120,80,1,417400000,2300000,45661000,460761000,Cash,Showroom
502158,2021-03-10,4701,179,63,1,1111000000,1000000,122100000,1232100000,Credit,Showroom
502159,2024-06-17,3489,109,5,1,784300000,9400000,85239000,860139000,Credit,Showroom
502160,2022-05-18,1652,123,120,1,751100000,39600000,78265000,789765000,Credit,Showroom
502161,2025-11-17,4591,166,56,1,640200000,19400000,68288000,689088000,Credit,Showroom
502162,2021-07-19,2324,102,28,1,470700000,11600000,50501000,509601000,Cash,Showroom
502163,2024-07-09,1156,138,114,1,251600000,3500000,27291000,275391000,Credit,Showroom
502164,2024-08-23,5257,105,63,1,580100000,13100000,62370000,629370000,Credit,Showroom
502165,2025-09-29,4093,104,95,1,301600000,5600000,32560000,328560000,Cash,Showroom
502166,2025-06-05,4738,173,65,1,1354400000,91000000,138974000,1402374000,Cash,Showroom
502167,2025-09-03,5036,105,117,1,575300000,23700000,60676000,612276000,Cash,Showroom
502168,2025-08-16,4439,129,28,1,310600000,1700000,33979000,342879000,Cash,Showroom
502169,2025-11-30,1546,132,51,1,417900000,17700000,44022000,444222000,Cash,Showroom
502170,2025-03-28,4506,132,63,1,434300000,9300000,46750000,471750000,Cash,Online
502171,2024-12-17,4688,116,54,1,271400000,2500000,29579000,298479000,Cash,Showroom
502172,2025-02-17,3316,130,31,1,658700000,33400000,68783000,694083000,Credit,Showroom
502173,2023-07-15,1231,111,56,1,241300000,300000,26510000,267510000,Credit,Showroom
502174,2023-05-28,2176,132,64,1,414100000,100000,45540000,459540000,Credit,Online
502175,2024-10-23,1480,115,10,1,296100000,0,32571000,328671000,Credit,Showroom
502176,2023-08-13,4890,116,30,1,272900000,2900000,29700000,299700000,Credit,Showroom
502177,2024-03-18,2494,150,90,1,262900000,10900000,27720000,279720000,Cash,Showroom
502178,2022-05-25,4960,133,68,1,423200000,9700000,45485000,458985000,Credit,Showroom
502179,2025-07-21,4154,104,68,1,296900000,11100000,31438000,317238000,Cash,Showroom
502180,2020-03-10,4030,142,41,1,292700000,7700000,31350000,316350000,Credit,Showroom
502181,2023-06-26,4230,138,73,1,248000000,13300000,25817000,260517000,Credit,Online
502182,2020-07-25,4492,132,109,1,413300000,28300000,42350000,427350000,Credit,Showroom
502183,2023-05-23,2102,106,49,1,377000000,23400000,38896000,392496000,Cash,Showroom
502184,2025-11-11,3475,180,9,1,1650500000,84100000,172304000,1738704000,Cash,Showroom
502185,2021-09-14,4338,114,39,1,298400000,17700000,30877000,311577000,Credit,Showroom
502186,2025-04-23,2397,118,12,1,194100000,6400000,20647000,208347000,Credit,Showroom
502187,2025-09-09,3081,150,7,1,255100000,12700000,26664000,269064000,Credit,Showroom
502188,2020-09-18,2786,118,76,1,206500000,13700000,21208000,214008000,Credit,Showroom
502189,2020-07-04,2457,116,52,1,270700000,17300000,27874000,281274000,Credit,Showroom
502190,2020-10-08,3489,120,43,1,390400000,2400000,42680000,430680000,Credit,Showroom
502191,2021-09-11,3084,114,102,1,297500000,13400000,31251000,315351000,Credit,Online
502192,2024-11-03,3378,122,53,1,786200000,37500000,82357000,831057000,Cash,Showroom
502193,2020-04-23,4119,131,20,1,395200000,26500000,40557000,409257000,Cash,Showroom
502194,2025-06-14,3266,134,50,1,268100000,3900000,29062000,293262000,Credit,Showroom
502195,2023-07-24,2436,116,5,1,271300000,10700000,28666000,289266000,Cash,Event
502196,2023-09-10,4664,180,82,1,1692500000,95400000,175681000,1772781000,Credit,Showroom
502197,2021-08-21,2580,131,37,1,369500000,18200000,38643000,389943000,Credit,Showroom
502198,2024-11-11,3675,126,32,1,637400000,300000,70081000,707181000,Credit,Online
502199,2025-09-30,4436,138,2,1,243200000,14300000,25179000,254079000,Credit,Showroom
502200,2023-03-09,2544,114,89,1,283400000,12200000,29832000,301032000,Cash,Event
502201,2024-03-12,5180,141,59,1,389800000,15800000,41140000,415140000,Credit,Showroom
502202,2024-03-20,3935,126,8,1,631800000,37100000,65417000,660117000,Cash,Online
502203,2021-02-02,3787,105,89,1,547500000,17900000,58256000,587856000,Credit,Showroom
502204,2024-12-30,4441,157,54,1,327800000,22600000,33572000,338772000,Cash,Showroom
502205,2024-11-12,2279,103,61,1,299100000,7100000,32120000,324120000,Credit,Showroom
502206,2020-08-04,4597,138,12,1,255000000,11100000,26829000,270729000,Credit,Showroom
502207,2022-09-27,3301,138,108,1,248100000,6900000,26532000,267732000,Credit,Showroom
502208,2022-04-19,4269,162,65,1,569200000,10000000,61512000,620712000,Cash,Event
502209,2021-07-14,3981,172,104,1,1308800000,85900000,134519000,1357419000,Credit,Showroom
502210,2024-07-13,3417,167,45,1,639700000,38200000,66165000,667665000,Credit,Showroom
502211,2020-05-31,3030,109,80,1,786200000,15300000,84799000,855699000,Cash,Showroom
502212,2024-02-14,1969,104,61,1,285700000,14100000,29876000,301476000,Cash,Showroom
502213,2021-03-02,1541,164,101,1,420600000,27100000,43285000,436785000,Credit,Online
502214,2020-06-10,5058,101,76,1,249400000,4000000,26994000,272394000,Credit,Showroom
502215,2022-03-07,4520,122,99,1,755100000,42000000,78441000,791541000,Cash,Showroom
502216,2023-07-04,3472,114,58,1,298000000,5200000,32208000,325008000,Credit,Showroom
502217,2021-03-24,2625,103,4,1,299300000,2700000,32626000,329226000,Credit,Showroom
502218,2023-01-18,4907,102,18,1,455500000,11700000,48818000,492618000,Credit,Showroom
502219,2023-05-24,4853,173,2,1,1351200000,15400000,146938000,1482738000,Cash,Showroom
502220,2021-06-21,2550,133,66,1,437100000,23100000,45540000,459540000,Cash,Showroom
502221,2024-11-12,4556,134,116,1,266600000,15000000,27676000,279276000,Credit,Online
502222,2020-06-20,4679,116,94,1,255200000,9500000,27027000,272727000,Credit,Showroom
502223,2020-09-04,1509,109,6,1,778900000,52100000,79948000,806748000,Credit,Showroom
502224,2023-05-01,2354,108,57,1,180600000,400000,19822000,200022000,Cash,Showroom
502225,2023-06-01,2711,120,115,1,408900000,5200000,44407000,448107000,Cash,Showroom
502226,2025-04-21,2633,106,41,1,377500000,20000000,39325000,396825000,Credit,Showroom
502227,2024-07-15,3348,105,46,1,544900000,13800000,58421000,589521000,Credit,Showroom
502228,2020-09-12,5337,104,116,1,287500000,5500000,31020000,313020000,Credit,Event
502229,2020-10-14,1860,126,99,1,623500000,32100000,65054000,656454000,Cash,Showroom
502230,2025-01-27,4497,151,14,1,559100000,17800000,59543000,600843000,Cash,Showroom
502231,2025-10-19,2213,104,4,1,287000000,6500000,30855000,311355000,Cash,Showroom
502232,2023-03-06,1014,129,13,1,309200000,14100000,32461000,327561000,Credit,Showroom
502233,2020-08-05,3015,102,101,1,480500000,32100000,49324000,497724000,Credit,Showroom
502234,2022-05-13,2980,106,113,1,392100000,18600000,41085000,414585000,Credit,Showroom
502235,2025-11-16,5285,101,39,1,236800000,6700000,25311000,255411000,Cash,Showroom
502236,2025-05-06,4940,127,8,1,285100000,2500000,31086000,313686000,Credit,Showroom
502237,2020-02-16,4989,112,5,6,237300000,28300000,153505000,1549005000,Credit,Fleet
502238,2025-09-30,3560,105,17,1,570800000,35000000,58938000,594738000,Credit,Showroom
502239,2024-06-09,5425,186,30,1,933700000,700000,102630000,1035630000,Credit,Showroom
502240,2020-06-09,2160,115,61,1,286500000,18500000,29480000,297480000,Credit,Event
502241,2025-11-25,4958,107,44,1,388000000,20000000,40480000,408480000,Cash,Online
502242,2020-07-18,3508,157,29,1,330000000,9100000,35299000,356199000,Credit,Showroom
502243,2023-02-02,3776,160,38,1,384900000,100000,42328000,427128000,Credit,Showroom
502244,2021-11-11,2582,103,98,1,287900000,1300000,31526000,318126000,Cash,Showroom
502245,2023-10-06,2062,165,46,1,425000000,22700000,44253000,446553000,Cash,Showroom
502246,2022-02-27,3630,112,118,1,233600000,15800000,23958000,241758000,Credit,Event
502247,2025-08-13,3048,118,26,1,204000000,12300000,21087000,212787000,Credit,Showroom
502248,2024-04-24,2834,118,35,1,202000000,3400000,21846000,220446000,Credit,Showroom
502249,2024-11-10,1053,134,41,1,264400000,17500000,27159000,274059000,Credit,Showroom
502250,2022-08-10,3830,130,83,1,627000000,17800000,67012000,676212000,Cash,Showroom
502251,2024-05-20,3072,137,58,1,456200000,31100000,46761000,471861000,Credit,Showroom
502252,2021-12-04,1811,117,89,1,183200000,10900000,18953000,191253000,Credit,Showroom
502253,2024-08-03,1534,108,77,1,176500000,11800000,18117000,182817000,Credit,Showroom
502254,2025-12-18,2691,109,116,1,743800000,1800000,81620000,823620000,Credit,Showroom
502255,2022-03-12,3083,102,85,1,457100000,1100000,50160000,506160000,Credit,Event
502256,2022-03-15,1280,153,83,1,411800000,22900000,42779000,431679000,Credit,Showroom
502257,2024-08-04,5072,135,81,1,284700000,8000000,30437000,307137000,Credit,Showroom
502258,2022-02-12,2360,129,16,1,310800000,17900000,32219000,325119000,Credit,Event
502259,2023-12-03,2971,130,52,4,646800000,10000000,283492000,2860692000,Credit,Fleet
502260,2022-10-20,5201,163,22,1,553000000,25600000,58014000,585414000,Cash,Showroom
502261,2025-05-09,1699,107,85,1,384300000,3000000,41943000,423243000,Credit,Showroom
502262,2025-05-10,1177,112,107,1,224300000,3400000,24299000,245199000,Credit,Showroom
502263,2023-08-10,1986,152,49,6,282800000,30200000,183326000,1849926000,Credit,Fleet
502264,2024-07-27,3518,114,77,3,294300000,13400000,95645000,965145000,Credit,Fleet
502265,2022-09-25,2827,164,81,1,450600000,17300000,47663000,480963000,Cash,Showroom
502266,2023-12-21,2201,107,39,1,370400000,12900000,39325000,396825000,Cash,Showroom
502267,2024-03-12,4059,130,16,1,668100000,26900000,70532000,711732000,Credit,Showroom
502268,2025-11-11,4312,101,14,1,250900000,17500000,25674000,259074000,Cash,Showroom
502269,2021-05-17,4155,103,17,1,296800000,2400000,32384000,326784000,Cash,Showroom
502270,2025-04-15,4194,105,74,1,561900000,20100000,59598000,601398000,Credit,Showroom
502271,2023-05-29,2763,108,77,1,174800000,6600000,18502000,186702000,Credit,Showroom
502272,2023-04-10,4359,104,43,1,297300000,14800000,31075000,313575000,Cash,Showroom
502273,2025-12-27,1876,125,30,1,667900000,27400000,70455000,710955000,Credit,Showroom
502274,2024-10-30,2227,107,77,1,393300000,3000000,42933000,433233000,Cash,Showroom
502275,2021-03-27,2699,105,58,1,572700000,9500000,61952000,625152000,Credit,Event
502276,2024-06-20,3799,112,21,1,239200000,1700000,26125000,263625000,Credit,Showroom
502277,2024-02-23,5179,164,100,1,435400000,26100000,45023000,454323000,Credit,Showroom
502278,2025-10-13,4232,132,36,1,422000000,24100000,43769000,441669000,Credit,Showroom
502279,2025-07-12,2092,110,20,1,795500000,26400000,84601000,853701000,Cash,Showroom
502280,2022-08-17,1285,139,21,1,253400000,900000,27775000,280275000,Credit,Showroom
502281,2021-12-22,5463,164,108,1,433900000,26500000,44814000,452214000,Credit,Showroom
502282,2021-03-17,1018,114,81,1,287700000,18000000,29667000,299367000,Credit,Showroom
502283,2023-02-14,2025,148,64,1,281500000,18700000,28908000,291708000,Credit,Event
502284,2021-06-29,3922,108,20,1,174600000,7700000,18359000,185259000,Cash,Showroom
502285,2021-05-17,5210,160,53,1,394000000,9800000,42262000,426462000,Cash,Showroom
502286,2022-10-29,2998,131,45,1,392800000,16300000,41415000,417915000,Credit,Showroom
502287,2022-07-19,2759,129,47,1,306600000,11900000,32417000,327117000,Credit,Showroom
502288,2025-04-15,1795,122,2,1,761300000,36700000,79706000,804306000,Cash,Event
502289,2022-05-14,2989,122,67,1,780000000,14200000,84238000,850038000,Credit,Showroom
502290,2025-09-08,3334,105,72,1,545900000,17700000,58102000,586302000,Credit,Online
502291,2022-06-16,4780,104,84,1,298400000,6800000,32076000,323676000,Credit,Showroom
502292,2022-08-18,3981,110,87,1,749100000,10700000,81224000,819624000,Credit,Showroom
502293,2023-10-22,5350,151,21,1,565700000,400000,62183000,627483000,Cash,Showroom
502294,2024-08-08,3804,112,45,1,230500000,2900000,25036000,252636000,Credit,Event
502295,2025-05-15,5293,102,104,1,476900000,32300000,48906000,493506000,Cash,Showroom
502296,2021-07-31,1891,122,79,1,792100000,10800000,85943000,867243000,Credit,Showroom
502297,2025-01-10,3083,120,120,1,391600000,12400000,41712000,420912000,Cash,Showroom
502298,2025-03-31,1889,154,76,1,866900000,27100000,92378000,932178000,Credit,Online
502299,2024-02-14,2361,174,55,1,1836200000,19100000,199881000,2016981000,Credit,Showroom
502300,2024-07-16,1558,128,96,1,291700000,6200000,31405000,316905000,Cash,Showroom
502301,2022-11-01,2307,124,64,1,319100000,5700000,34474000,347874000,Cash,Showroom
502302,2023-12-01,5167,108,50,1,169800000,3300000,18315000,184815000,Credit,Showroom
502303,2022-08-09,4860,103,7,1,290700000,13500000,30492000,307692000,Cash,Showroom
502304,2025-02-05,4181,169,22,1,269900000,13800000,28171000,284271000,Credit,Online
502305,2022-01-16,1241,117,71,1,184100000,6200000,19569000,197469000,Cash,Showroom
502306,2025-12-02,4389,106,18,1,398900000,5300000,43296000,436896000,Cash,Showroom
502307,2025-09-07,5306,141,44,1,392200000,8800000,42174000,425574000,Credit,Showroom
502308,2023-10-16,1955,107,97,1,392600000,8100000,42295000,426795000,Credit,Event
502309,2021-12-03,3794,111,11,1,234500000,5000000,25245000,254745000,Credit,Showroom
502310,2020-04-14,1056,108,23,1,180200000,2300000,19569000,197469000,Credit,Showroom
502311,2020-02-09,4809,106,36,1,384400000,26400000,39380000,397380000,Credit,Showroom
502312,2024-12-18,2942,112,72,1,233500000,4500000,25190000,254190000,Credit,Showroom
502313,2024-11-19,2104,134,119,1,256600000,12600000,26840000,270840000,Cash,Showroom
502314,2021-07-11,4469,118,67,1,205800000,7100000,21857000,220557000,Credit,Showroom
502315,2024-07-04,2153,101,34,1,232900000,7500000,24794000,250194000,Credit,Showroom
502316,2021-05-16,5220,103,54,1,285700000,13300000,29964000,302364000,Credit,Showroom
502317,2025-12-11,1170,101,73,1,244200000,7500000,26037000,262737000,Credit,Showroom
502318,2025-08-12,5427,150,72,1,252400000,16100000,25993000,262293000,Credit,Showroom
502319,2024-07-28,2086,121,39,1,410700000,22400000,42713000,431013000,Credit,Showroom
502320,2022-08-02,4206,104,98,1,288100000,14300000,30118000,303918000,Credit,Showroom
502321,2025-04-22,3308,120,44,1,394700000,16500000,41602000,419802000,Cash,Showroom
502322,2022-09-01,3564,139,46,1,253000000,6100000,27159000,274059000,Cash,Showroom
502323,2025-04-15,1248,103,102,1,287600000,9700000,30569000,308469000,Credit,Showroom
502324,2022-08-20,2184,161,16,1,422600000,4600000,45980000,463980000,Cash,Showroom
502325,2025-12-26,5109,131,68,1,370300000,11200000,39501000,398601000,Credit,Showroom
502326,2023-03-22,5295,104,97,1,281800000,17900000,29029000,292929000,Cash,Showroom
502327,2023-10-13,4785,118,83,1,196200000,8700000,20625000,208125000,Credit,Showroom
502328,2025-10-09,4861,122,92,1,794400000,38700000,83127000,838827000,Credit,Showroom
502329,2024-11-20,1435,134,71,1,272700000,10200000,28875000,291375000,Cash,Showroom
502330,2025-01-15,2073,111,43,1,234800000,300000,25795000,260295000,Cash,Showroom
502331,2021-10-17,2643,155,23,1,655300000,27700000,69036000,696636000,Credit,Showroom
502332,2024-10-16,1582,108,93,1,177800000,4000000,19118000,192918000,Credit,Showroom
502333,2020-11-04,1247,128,10,1,299300000,15800000,31185000,314685000,Cash,Showroom
502334,2025-07-28,1188,110,63,1,786800000,50000000,81048000,817848000,Cash,Showroom
502335,2022-09-25,2496,136,79,1,449800000,12400000,48114000,485514000,Credit,Showroom
502336,2021-11-13,4786,131,90,1,396200000,19800000,41404000,417804000,Cash,Online
502337,2025-11-04,1830,137,23,1,458100000,8400000,49467000,499167000,Cash,Showroom
502338,2022-11-07,2096,119,24,1,194900000,10800000,20251000,204351000,Credit,Online
502339,2022-11-09,3516,108,118,1,173200000,12000000,17732000,178932000,Credit,Online
502340,2025-07-01,4715,103,29,1,285200000,12800000,29964000,302364000,Credit,Showroom
502341,2021-05-24,4763,111,90,1,225000000,5500000,24145000,243645000,Cash,Showroom
502342,2021-07-03,4903,106,39,1,370900000,20500000,38544000,388944000,Credit,Showroom
502343,2023-11-30,4729,124,51,1,318000000,10300000,33847000,341547000,Cash,Showroom
502344,2022-08-07,2380,141,49,1,389800000,12100000,41547000,419247000,Cash,Showroom
502345,2025-07-14,1043,116,24,1,260700000,14300000,27104000,273504000,Credit,Showroom
502346,2021-05-24,1697,125,45,1,654600000,36700000,67969000,685869000,Credit,Event
502347,2022-11-24,2178,127,52,1,287400000,12200000,30272000,305472000,Cash,Showroom
502348,2020-08-08,3783,123,75,1,794900000,53000000,81609000,823509000,Cash,Event
502349,2022-07-24,1887,114,109,1,298500000,9400000,31801000,320901000,Cash,Online
502350,2021-12-24,1581,111,39,1,224400000,14900000,23045000,232545000,Credit,Showroom
502351,2025-03-16,3541,117,99,1,181100000,7400000,19107000,192807000,Cash,Showroom
502352,2023-05-27,5156,118,25,1,202300000,12000000,20933000,211233000,Credit,Showroom
502353,2025-12-17,1831,119,49,1,198600000,6300000,21153000,213453000,Credit,Showroom
502354,2022-03-01,1206,111,52,1,231700000,3900000,25058000,252858000,Credit,Showroom
502355,2025-05-19,4026,106,102,1,385800000,20300000,40205000,405705000,Credit,Showroom
502356,2025-02-01,5346,103,1,1,289600000,10100000,30745000,310245000,Cash,Showroom
502357,2025-02-25,3899,101,61,1,251300000,9100000,26642000,268842000,Cash,Showroom
502358,2021-05-08,3247,117,25,1,187400000,6900000,19855000,200355000,Credit,Showroom
502359,2020-03-30,4678,127,111,1,287800000,10700000,30481000,307581000,Credit,Showroom
502360,2022-12-07,3555,105,70,1,570900000,6600000,62073000,626373000,Credit,Showroom
502361,2023-11-11,5417,119,91,1,197000000,1500000,21505000,217005000,Credit,Showroom
502362,2025-03-11,2471,122,75,1,774800000,27700000,82181000,829281000,Cash,Showroom
502363,2022-04-08,4722,124,114,1,325600000,12100000,34485000,347985000,Cash,Showroom
502364,2024-07-29,3641,133,67,1,412200000,6200000,44660000,450660000,Cash,Online
502365,2024-03-30,4900,127,68,1,293900000,2500000,32054000,323454000,Credit,Showroom
502366,2023-05-31,4074,158,85,1,407500000,10400000,43681000,440781000,Credit,Online
502367,2022-07-03,5366,123,3,1,760000000,12900000,82181000,829281000,Cash,Event
502368,2020-03-07,4620,154,24,1,892200000,62300000,91289000,921189000,Cash,Showroom
502369,2021-02-07,4862,103,86,1,303300000,12900000,31944000,322344000,Credit,Event
502370,2022-09-30,2481,124,31,1,315300000,8800000,33715000,340215000,Credit,Event
502371,2021-05-03,2754,180,62,3,1671100000,305700000,517836000,5225436000,Credit,Fleet
502372,2021-06-09,1783,110,87,1,751900000,800000,82621000,833721000,Cash,Online
502373,2023-04-05,3624,122,32,1,748400000,41700000,77737000,784437000,Credit,Showroom
502374,2022-07-02,4084,134,115,1,270200000,7200000,28930000,291930000,Credit,Showroom
502375,2025-04-19,1077,121,4,1,412700000,11800000,44099000,444999000,Credit,Showroom
502376,2024-05-14,3040,117,32,1,182900000,7000000,19349000,195249000,Credit,Showroom
502377,2023-10-10,1666,159,45,1,433300000,13300000,46200000,466200000,Credit,Showroom
502378,2025-01-19,2804,108,18,1,179600000,11100000,18535000,187035000,Credit,Showroom
502379,2023-09-09,1685,126,90,1,632400000,9900000,68475000,690975000,Cash,Showroom
502380,2024-01-17,4471,107,18,1,387200000,1900000,42383000,427683000,Credit,Event
502381,2024-05-06,1511,111,77,1,239900000,10900000,25190000,254190000,Cash,Showroom
502382,2024-04-12,1324,110,72,1,738800000,5800000,80630000,813630000,Cash,Showroom
502383,2024-08-17,2137,142,61,1,286200000,10800000,30294000,305694000,Cash,Event
502384,2022-03-23,4944,117,20,1,185200000,700000,20295000,204795000,Credit,Showroom
502385,2025-09-21,1133,104,116,1,301700000,12700000,31790000,320790000,Credit,Event
502386,2023-05-19,4046,164,76,5,438900000,62300000,234542000,2366742000,Credit,Fleet
502387,2020-01-31,4183,115,41,1,291200000,8000000,31152000,314352000,Credit,Showroom
502388,2021-03-22,3723,160,106,1,369200000,8800000,39644000,400044000,Credit,Showroom
502389,2021-08-10,4429,115,112,1,285900000,16900000,29590000,298590000,Credit,Showroom
502390,2022-08-20,2291,114,64,1,282300000,5500000,30448000,307248000,Credit,Showroom
502391,2023-06-21,5029,132,79,1,418300000,19900000,43824000,442224000,Credit,Showroom
502392,2022-11-23,5190,138,24,1,252100000,1800000,27533000,277833000,Cash,Showroom
502393,2023-12-30,2856,119,56,1,208000000,7700000,22033000,222333000,Cash,Showroom
502394,2021-09-14,1313,104,25,1,282200000,11300000,29799000,300699000,Cash,Showroom
502395,2022-08-26,3375,121,4,6,403800000,161900000,248699000,2509599000,Cash,Fleet
502396,2024-11-18,1303,120,43,1,391700000,25300000,40304000,406704000,Credit,Showroom
502397,2022-01-22,4560,133,12,1,438800000,23200000,45716000,461316000,Credit,Showroom
502398,2023-06-30,3495,157,37,1,322500000,7100000,34694000,350094000,Credit,Showroom
502399,2020-02-12,4614,167,11,1,669300000,29700000,70356000,709956000,Credit,Showroom
502400,2022-06-13,5438,103,86,1,300500000,11000000,31845000,321345000,Cash,Online
502401,2023-05-20,1326,139,104,1,244500000,100000,26884000,271284000,Credit,Online
502402,2020-10-16,3881,120,113,1,418100000,1600000,45815000,462315000,Cash,Online
502403,2023-10-10,1422,110,113,1,793100000,16300000,85448000,862248000,Credit,Showroom
502404,2020-11-04,3143,137,18,1,469500000,28600000,48499000,489399000,Credit,Showroom
502405,2025-07-21,3635,106,102,1,385300000,26200000,39501000,398601000,Credit,Showroom
502406,2022-04-28,2533,108,47,1,170900000,3000000,18469000,186369000,Cash,Showroom
502407,2022-01-14,2114,136,56,1,465200000,4400000,50688000,511488000,Credit,Showroom
502408,2024-09-09,3282,107,42,1,383700000,5800000,41569000,419469000,Credit,Showroom
502409,2025-03-20,3184,132,36,1,413500000,9300000,44462000,448662000,Credit,Showroom
502410,2025-12-04,3337,111,14,1,226800000,13700000,23441000,236541000,Credit,Showroom
502411,2021-04-09,5036,111,35,1,235700000,8100000,25036000,252636000,Cash,Showroom
502412,2023-09-06,3239,124,119,1,335900000,900000,36850000,371850000,Credit,Showroom
502413,2023-08-26,1845,155,37,1,653200000,10100000,70741000,713841000,Credit,Event
502414,2023-08-26,1484,107,85,1,374000000,21300000,38797000,391497000,Cash,Showroom
502415,2020-11-09,4568,108,85,1,177700000,3400000,19173000,193473000,Credit,Showroom
502416,2020-07-27,3573,139,46,1,259700000,10100000,27456000,277056000,Credit,Online
502417,2024-07-31,2059,123,84,1,751300000,40500000,78188000,788988000,Credit,Showroom
502418,2024-08-07,2305,103,85,1,281700000,8900000,30008000,302808000,Credit,Showroom
502419,2025-12-10,5416,136,33,1,471000000,16700000,49973000,504273000,Cash,Showroom
502420,2021-01-10,5251,110,21,1,765200000,40400000,79728000,804528000,Credit,Showroom
502421,2022-02-14,3170,126,83,1,655600000,21100000,69795000,704295000,Credit,Showroom
502422,2024-02-23,3716,141,93,1,381500000,16300000,40172000,405372000,Credit,Showroom
502423,2022-06-04,3216,112,90,1,234700000,8400000,24893000,251193000,Credit,Online
502424,2022-02-04,5495,103,5,1,300500000,1100000,32934000,332334000,Credit,Showroom
502425,2022-05-14,3031,127,102,1,289000000,17100000,29909000,301809000,Credit,Showroom
502426,2025-08-24,2717,145,13,1,364400000,2600000,39798000,401598000,Cash,Showroom
502427,2024-06-15,5094,104,53,1,291700000,20200000,29865000,301365000,Cash,Showroom
502428,2025-10-24,3018,113,49,1,171900000,1900000,18700000,188700000,Credit,Online
502429,2025-12-21,1272,117,31,1,188000000,5900000,20031000,202131000,Credit,Online
502430,2024-09-27,3124,130,93,1,640600000,3900000,70037000,706737000,Cash,Showroom
502431,2021-06-19,1584,139,49,1,257100000,13200000,26829000,270729000,Credit,Online
502432,2021-09-02,3132,104,76,1,302600000,2500000,33011000,333111000,Credit,Showroom
502433,2021-01-12,2742,101,84,1,247700000,12800000,25839000,260739000,Credit,Showroom
502434,2021-04-04,1506,157,20,1,341500000,17500000,35640000,359640000,Credit,Showroom
502435,2021-08-20,4858,102,41,1,453100000,10700000,48664000,491064000,Credit,Showroom
502436,2024-01-12,1057,141,37,1,368600000,19400000,38412000,387612000,Credit,Showroom
502437,2025-01-18,1791,113,21,1,162400000,10500000,16709000,168609000,Credit,Showroom
502438,2023-01-19,3465,119,70,1,204500000,3400000,22121000,223221000,Credit,Showroom
502439,2021-02-11,1106,109,1,1,780900000,36500000,81884000,826284000,Credit,Showroom
502440,2020-04-06,4079,113,45,1,161200000,9500000,16687000,168387000,Credit,Event
502441,2024-04-11,3844,106,4,1,389400000,1600000,42658000,430458000,Cash,Showroom
502442,2023-04-06,5325,179,67,1,1068200000,53600000,111606000,1126206000,Credit,Online
502443,2025-02-06,1215,134,113,1,261700000,14200000,27225000,274725000,Cash,Showroom
502444,2025-09-05,4734,106,10,1,381000000,13300000,40447000,408147000,Credit,Showroom
502445,2025-08-19,4530,115,89,1,282600000,17300000,29183000,294483000,Cash,Online
502446,2023-07-21,1672,158,56,1,427400000,13600000,45518000,459318000,Credit,Showroom
502447,2025-03-15,3095,120,116,1,413800000,4500000,45023000,454323000,Cash,Showroom
502448,2024-07-25,3371,119,101,1,200800000,10400000,20944000,211344000,Cash,Showroom
502449,2020-07-31,2014,110,67,1,777400000,31800000,82016000,827616000,Cash,Showroom
502450,2021-08-25,2190,116,26,1,270800000,11300000,28545000,288045000,Credit,Showroom
502451,2024-11-12,1347,119,96,1,205600000,900000,22517000,227217000,Credit,Showroom
502452,2025-05-24,2418,109,80,1,795200000,30300000,84139000,849039000,Credit,Showroom
502453,2023-04-15,2573,149,2,1,300600000,1500000,32901000,332001000,Cash,Showroom
502454,2020-08-02,5229,122,72,1,782200000,33500000,82357000,831057000,Credit,Showroom
502455,2024-11-22,4237,114,83,1,282000000,1600000,30844000,311244000,Cash,Showroom
502456,2025-11-03,3246,119,65,1,199900000,8400000,21065000,212565000,Cash,Online
502457,2021-09-09,1428,118,114,1,200000000,11600000,20724000,209124000,Credit,Showroom
502458,2025-02-09,3615,103,26,1,290900000,2200000,31757000,320457000,Credit,Showroom
502459,2021-02-25,2251,112,37,1,239300000,11800000,25025000,252525000,Credit,Showroom
502460,2023-01-19,3281,128,18,1,301500000,17600000,31229000,315129000,Credit,Showroom
502461,2025-10-22,3314,129,12,1,312500000,13300000,32912000,332112000,Cash,Event
502462,2025-12-26,4123,107,87,1,368800000,23800000,37950000,382950000,Credit,Showroom
502463,2022-09-01,1239,113,117,1,164900000,7800000,17281000,174381000,Cash,Online
502464,2024-08-30,1420,131,97,1,369500000,19700000,38478000,388278000,Credit,Showroom
502465,2022-05-25,3240,101,69,1,250400000,4300000,27071000,273171000,Credit,Showroom
502466,2021-04-12,4457,164,32,1,440400000,16200000,46662000,470862000,Credit,Showroom
502467,2024-11-04,1903,107,1,1,369800000,2600000,40392000,407592000,Credit,Showroom
502468,2025-06-08,1659,112,58,4,239600000,62900000,98505000,994005000,Cash,Fleet
502469,2025-01-21,1890,113,84,1,167600000,3800000,18018000,181818000,Credit,Showroom
502470,2022-04-07,3170,113,85,1,163400000,1900000,17765000,179265000,Cash,Showroom
502471,2022-03-26,3477,157,87,1,323800000,4500000,35123000,354423000,Cash,Showroom
502472,2022-09-05,1599,108,81,1,183400000,100000,20163000,203463000,Credit,Showroom
502473,2025-10-04,2884,111,116,1,238500000,10600000,25069000,252969000,Credit,Showroom
502474,2023-10-22,3499,114,68,1,297500000,15100000,31064000,313464000,Credit,Showroom
502475,2025-09-09,1603,102,9,1,471300000,13100000,50402000,508602000,Credit,Showroom
502476,2020-09-03,3563,101,3,1,251100000,16500000,25806000,260406000,Cash,Showroom
502477,2023-12-20,4921,115,103,1,298200000,7300000,31999000,322899000,Cash,Online
502478,2024-11-08,2030,101,35,1,241200000,6700000,25795000,260295000,Credit,Event
502479,2023-05-23,2511,118,17,1,194200000,11500000,20097000,202797000,Credit,Showroom
502480,2024-08-18,1093,143,34,1,725300000,18100000,77792000,784992000,Credit,Showroom
502481,2024-12-14,1750,163,85,1,544800000,29900000,56639000,571539000,Credit,Showroom
502482,2021-06-07,2783,110,27,1,751900000,46500000,77594000,782994000,Credit,Showroom
502483,2022-03-25,2058,101,4,1,243900000,3100000,26488000,267288000,Credit,Showroom
502484,2024-01-03,3668,142,23,1,286200000,8700000,30525000,308025000,Credit,Showroom
502485,2025-07-14,2893,118,39,1,194100000,5700000,20724000,209124000,Cash,Showroom
502486,2025-06-30,1287,115,2,1,281600000,2700000,30679000,309579000,Credit,Showroom
502487,2021-01-22,1727,109,71,1,790200000,42900000,82203000,829503000,Credit,Showroom
502488,2025-12-03,2922,111,14,1,228700000,11300000,23914000,241314000,Credit,Showroom
502489,2023-02-28,2536,109,97,1,769800000,46200000,79596000,803196000,Credit,Showroom
502490,2021-08-31,3750,129,100,1,309200000,1900000,33803000,341103000,Credit,Showroom
502491,2022-12-07,4321,152,46,1,272300000,2300000,29700000,299700000,Credit,Showroom
502492,2025-10-17,5486,129,101,1,309900000,5700000,33462000,337662000,Credit,Showroom
502493,2022-07-20,1569,102,55,1,460500000,27700000,47608000,480408000,Credit,Event
502494,2024-02-03,1997,112,53,1,235100000,3700000,25454000,256854000,Credit,Showroom
502495,2025-02-08,3430,165,71,1,440500000,17800000,46497000,469197000,Credit,Online
502496,2020-08-17,4289,108,29,1,176700000,8400000,18513000,186813000,Credit,Showroom
502497,2020-05-02,4159,103,21,1,293000000,14800000,30602000,308802000,Cash,Showroom
502498,2024-10-22,1212,135,14,1,293100000,3900000,31812000,321012000,Cash,Showroom
502499,2025-09-19,4252,130,66,1,623900000,42300000,63976000,645576000,Credit,Event
502500,2022-01-08,3148,162,43,1,575200000,39900000,58883000,594183000,Credit,Showroom
502501,2025-04-25,1982,107,94,1,391100000,18800000,40953000,413253000,Credit,Online
502502,2025-06-01,4331,138,85,1,256800000,5200000,27676000,279276000,Cash,Showroom
502503,2025-12-08,4870,115,58,1,286500000,1600000,31339000,316239000,Credit,Showroom
502504,2022-03-26,4635,150,68,1,265200000,8200000,28270000,285270000,Cash,Showroom
502505,2025-10-26,2735,136,57,1,451500000,19400000,47531000,479631000,Credit,Showroom
502506,2023-08-11,2443,174,106,1,1854900000,83200000,194887000,1966587000,Cash,Showroom
502507,2021-06-12,1890,105,44,1,579800000,10900000,62579000,631479000,Credit,Showroom
502508,2021-04-25,3801,109,100,1,755800000,3200000,82786000,835386000,Credit,Showroom
502509,2020-10-10,3857,105,5,1,554400000,11700000,59697000,602397000,Cash,Showroom
502510,2022-02-07,2122,137,85,1,446700000,26900000,46178000,465978000,Cash,Showroom
502511,2020-02-14,4435,105,8,1,572100000,33300000,59268000,598068000,Credit,Showroom
502512,2022-08-18,1382,119,108,1,196100000,900000,21472000,216672000,Credit,Showroom
502513,2021-03-07,1654,106,89,1,369600000,16000000,38896000,392496000,Credit,Showroom
502514,2021-10-02,1312,105,22,1,544700000,37800000,55759000,562659000,Credit,Showroom
502515,2025-11-11,4869,141,16,1,379000000,22400000,39226000,395826000,Credit,Showroom
502516,2023-10-16,4162,110,86,1,754400000,200000,82962000,837162000,Cash,Showroom
502517,2023-12-05,5242,159,21,1,432800000,9300000,46585000,470085000,Credit,Showroom
502518,2024-08-09,1604,169,104,1,268200000,4500000,29007000,292707000,Credit,Showroom
502519,2023-06-22,3622,133,37,1,436900000,24500000,45364000,457764000,Cash,Showroom
502520,2025-04-25,3287,123,3,1,742600000,11700000,80399000,811299000,Credit,Showroom
502521,2025-03-10,2318,112,1,1,224000000,0,24640000,248640000,Credit,Showroom
502522,2024-04-18,1712,142,84,4,284800000,22600000,122826000,1239426000,Credit,Fleet
502523,2021-03-13,3764,123,111,1,753300000,51900000,77154000,778554000,Credit,Showroom
502524,2023-11-07,3879,107,32,1,374800000,22200000,38786000,391386000,Cash,Showroom
502525,2020-07-02,5199,119,80,1,206100000,700000,22594000,227994000,Credit,Showroom
502526,2020-04-24,3883,134,99,1,260500000,9300000,27632000,278832000,Credit,Showroom
502527,2020-08-06,2847,162,31,1,548000000,23000000,57750000,582750000,Credit,Showroom
502528,2025-03-10,3290,171,66,1,346400000,9300000,37081000,374181000,Cash,Showroom
502529,2024-09-22,1092,152,78,1,271900000,4400000,29425000,296925000,Cash,Showroom
502530,2022-05-08,2210,156,98,1,677500000,21700000,72138000,727938000,Credit,Showroom
502531,2024-12-24,3597,112,17,1,230400000,7100000,24563000,247863000,Credit,Online
502532,2025-08-20,2555,120,16,2,403800000,22100000,86405000,871905000,Credit,Fleet
502533,2024-12-04,3899,122,49,1,772800000,25100000,82247000,829947000,Cash,Showroom
502534,2025-07-17,1538,101,96,1,232900000,11700000,24332000,245532000,Credit,Showroom
502535,2020-10-14,2676,101,46,4,250400000,48600000,104830000,1057830000,Credit,Fleet
502536,2022-01-23,3403,129,72,1,300500000,1300000,32912000,332112000,Cash,Online
502537,2025-01-22,2791,164,39,1,420400000,5500000,45639000,460539000,Credit,Event
502538,2024-02-08,2895,114,46,1,291800000,3800000,31680000,319680000,Cash,Online
502539,2023-09-05,2506,102,98,1,467600000,22100000,49005000,494505000,Credit,Showroom
502540,2025-09-15,5175,111,104,1,227400000,4800000,24486000,247086000,Cash,Showroom
502541,2023-07-01,2918,119,40,1,199000000,13100000,20449000,206349000,Credit,Showroom
502542,2021-10-19,5107,132,112,1,409000000,22600000,42504000,428904000,Credit,Showroom
502543,2022-04-08,1626,112,5,1,238100000,300000,26158000,263958000,Cash,Online
502544,2022-11-28,1693,110,110,1,783100000,48200000,80839000,815739000,Credit,Showroom
502545,2022-06-20,2712,112,57,1,228000000,8600000,24134000,243534000,Credit,Showroom
502546,2022-12-24,1897,114,109,1,295300000,16300000,30690000,309690000,Cash,Showroom
502547,2024-07-26,3610,164,103,1,421200000,13800000,44814000,452214000,Credit,Event
502548,2025-04-26,2667,120,101,1,395000000,24700000,40733000,411033000,Credit,Showroom
502549,2021-05-18,1763,122,116,1,753900000,800000,82841000,835941000,Credit,Showroom
502550,2023-11-02,2376,101,109,1,241500000,3300000,26202000,264402000,Credit,Online
502551,2023-11-18,4709,102,30,1,459600000,8100000,49665000,501165000,Cash,Showroom
502552,2025-02-27,4421,139,13,1,249700000,16300000,25674000,259074000,Credit,Showroom
502553,2023-08-01,5144,122,46,1,745100000,38800000,77693000,783993000,Cash,Event
502554,2021-03-07,3132,110,42,1,783700000,9100000,85206000,859806000,Cash,Event
502555,2023-12-16,1550,138,51,1,243000000,8200000,25828000,260628000,Cash,Showroom
502556,2023-05-09,3570,132,73,5,430900000,27600000,233959000,2360859000,Credit,Fleet
502557,2025-03-19,1637,139,43,1,258500000,10800000,27247000,274947000,Credit,Showroom
502558,2025-06-08,3299,132,83,1,440000000,13300000,46937000,473637000,Cash,Showroom
502559,2021-06-08,3632,119,49,1,203200000,7900000,21483000,216783000,Cash,Online
502560,2025-08-24,3665,133,21,1,412000000,17200000,43428000,438228000,Credit,Showroom
502561,2023-11-09,3201,110,33,1,762200000,13900000,82313000,830613000,Cash,Showroom
502562,2025-11-03,4891,130,78,1,657300000,44500000,67408000,680208000,Credit,Showroom
502563,2024-04-05,1830,132,15,1,417900000,12000000,44649000,450549000,Credit,Showroom
502564,2020-08-31,4236,126,65,1,638900000,8400000,69355000,699855000,Credit,Online
502565,2022-01-30,4421,106,104,1,369000000,13100000,39149000,395049000,Credit,Showroom
502566,2022-07-04,4662,118,41,1,200000000,2100000,21769000,219669000,Credit,Showroom
502567,2024-03-03,2051,135,87,1,288700000,15200000,30085000,303585000,Credit,Online
502568,2023-04-05,4338,137,86,1,454400000,6900000,49225000,496725000,Credit,Showroom
502569,2021-03-26,2256,119,33,1,208700000,7000000,22187000,223887000,Cash,Showroom
502570,2020-03-03,1940,137,39,1,446000000,9300000,48037000,484737000,Cash,Showroom
502571,2021-08-24,2201,121,107,1,408900000,12200000,43637000,440337000,Credit,Showroom
502572,2020-02-24,1471,144,112,1,794800000,700000,87351000,881451000,Credit,Showroom
502573,2025-03-18,4539,104,48,1,299800000,8600000,32032000,323232000,Credit,Event
502574,2020-04-28,3912,110,100,1,796900000,49900000,82170000,829170000,Credit,Showroom
502575,2024-01-25,5024,122,60,1,778500000,7200000,84843000,856143000,Cash,Online
502576,2021-08-17,3423,120,64,1,393100000,21400000,40887000,412587000,Cash,Event
502577,2021-03-10,1091,138,2,1,246200000,13100000,25641000,258741000,Credit,Showroom
502578,2022-06-18,3688,119,28,1,197000000,7000000,20900000,210900000,Credit,Showroom
502579,2022-05-03,1417,104,35,1,286600000,17700000,29579000,298479000,Cash,Showroom
502580,2022-04-05,4877,152,46,1,279600000,9500000,29711000,299811000,Cash,Showroom
502581,2025-08-21,2950,130,120,1,639100000,1100000,70180000,708180000,Credit,Showroom
502582,2025-11-15,2763,102,102,1,474100000,30700000,48774000,492174000,Credit,Showroom
502583,2025-10-31,4294,112,97,1,240300000,1200000,26301000,265401000,Cash,Online
502584,2020-12-12,5153,149,21,1,283100000,16500000,29326000,295926000,Credit,Showroom
502585,2024-11-27,3700,115,67,1,279900000,14400000,29205000,294705000,Credit,Showroom
502586,2025-05-25,3343,114,58,1,284100000,3600000,30855000,311355000,Cash,Showroom
502587,2021-04-21,5413,103,19,1,281600000,13500000,29491000,297591000,Credit,Showroom
502588,2023-06-01,3160,112,50,1,240100000,4400000,25927000,261627000,Cash,Showroom
502589,2022-12-10,3549,114,64,1,282800000,11300000,29865000,301365000,Credit,Showroom
502590,2022-01-29,4694,135,33,1,284300000,600000,31207000,314907000,Credit,Showroom
502591,2021-10-01,1681,108,88,1,183000000,3200000,19778000,199578000,Credit,Showroom
502592,2022-01-12,3425,135,61,1,284000000,1700000,31053000,313353000,Cash,Showroom
502593,2023-12-07,4954,108,80,5,182600000,54500000,94435000,952935000,Cash,Fleet
502594,2025-12-30,3194,145,12,1,350700000,16000000,36817000,371517000,Credit,Showroom
502595,2021-07-06,3575,104,93,1,291300000,5100000,31482000,317682000,Cash,Event
502596,2021-09-18,2018,114,41,1,287500000,13800000,30107000,303807000,Cash,Showroom
502597,2025-01-19,2218,115,77,1,282900000,12700000,29722000,299922000,Credit,Showroom
502598,2021-02-19,1870,120,14,1,397600000,15100000,42075000,424575000,Credit,Online
502599,2025-03-11,1967,102,18,1,450900000,26800000,46651000,470751000,Cash,Showroom
502600,2024-09-28,4410,102,11,1,457800000,26600000,47432000,478632000,Credit,Online
502601,2020-07-27,3099,116,112,1,263600000,15100000,27335000,275835000,Cash,Event
502602,2022-12-24,3557,122,37,1,740700000,26200000,78595000,793095000,Credit,Showroom
502603,2023-07-19,3400,179,96,1,1083600000,31500000,115731000,1167831000,Cash,Showroom
502604,2023-11-06,1890,117,31,1,183400000,12700000,18777000,189477000,Cash,Online
502605,2021-03-23,4112,103,20,5,293300000,22000000,158895000,1603395000,Credit,Fleet
502606,2020-09-16,4972,125,118,1,639600000,37400000,66242000,668442000,Cash,Showroom
502607,2023-05-24,2936,107,118,1,377800000,14000000,40018000,403818000,Credit,Showroom
502608,2022-01-15,4231,103,27,1,303600000,18500000,31361000,316461000,Credit,Showroom
502609,2025-03-28,5109,132,35,1,421200000,13700000,44825000,452325000,Cash,Showroom
502610,2021-05-29,4077,103,94,1,291800000,3700000,31691000,319791000,Credit,Online
502611,2025-04-07,4562,126,29,1,671000000,40600000,69344000,699744000,Credit,Showroom
502612,2024-03-10,3080,145,81,1,346000000,15800000,36322000,366522000,Credit,Event
502613,2021-05-22,5279,115,79,1,283800000,8500000,30283000,305583000,Cash,Showroom
502614,2020-01-28,4871,138,40,1,247800000,4500000,26763000,270063000,Credit,Event
502615,2021-01-13,4907,138,44,1,251100000,8900000,26642000,268842000,Cash,Showroom
502616,2023-01-11,3215,110,79,1,765400000,24200000,81532000,822732000,Credit,Showroom
502617,2023-03-13,3433,134,10,1,271300000,10200000,28721000,289821000,Cash,Showroom
502618,2025-11-20,5170,108,15,1,171800000,1300000,18755000,189255000,Credit,Showroom
502619,2025-11-21,1413,104,67,1,296400000,19400000,30470000,307470000,Credit,Showroom
502620,2023-06-28,3988,167,89,1,633300000,40700000,65186000,657786000,Credit,Showroom
502621,2021-02-18,1369,174,117,1,1798300000,86900000,188254000,1899654000,Credit,Showroom
502622,2024-04-02,2936,105,82,1,577500000,27900000,60456000,610056000,Cash,Showroom
502623,2022-06-06,3128,155,115,1,662800000,26500000,69993000,706293000,Credit,Showroom
502624,2025-04-26,4241,137,22,1,471200000,9000000,50842000,513042000,Credit,Online
502625,2024-11-28,1222,109,95,5,762700000,155100000,402424000,4060824000,Cash,Fleet
502626,2024-11-25,4861,103,111,1,287500000,3000000,31295000,315795000,Cash,Showroom
502627,2022-11-03,3023,171,30,1,345200000,100000,37961000,383061000,Credit,Showroom
502628,2025-07-31,1565,114,26,1,284900000,8300000,30426000,307026000,Cash,Showroom
502629,2022-06-04,2046,127,34,1,292600000,11100000,30965000,312465000,Credit,Online
502630,2022-02-04,3791,101,60,1,244500000,6000000,26235000,264735000,Cash,Showroom
502631,2022-02-12,1850,103,83,1,290100000,2500000,31636000,319236000,Credit,Showroom
502632,2025-02-21,5289,127,36,1,289000000,6500000,31075000,313575000,Credit,Showroom
502633,2024-03-24,1425,111,82,1,234200000,8600000,24816000,250416000,Credit,Showroom
502634,2020-08-05,4235,126,32,1,645600000,34600000,67210000,678210000,Credit,Showroom
502635,2021-07-02,5186,117,27,1,184600000,10000000,19206000,193806000,Credit,Showroom
502636,2020-09-05,2527,104,32,1,287300000,3200000,31251000,315351000,Credit,Showroom
502637,2022-11-30,2169,108,9,6,169800000,20500000,109813000,1108113000,Cash,Fleet
502638,2023-03-12,1828,109,71,1,772600000,45400000,79992000,807192000,Credit,Showroom
502639,2022-04-07,1652,109,48,1,758400000,10900000,82225000,829725000,Credit,Showroom
502640,2021-05-01,4984,140,53,1,166700000,11000000,17127000,172827000,Cash,Showroom
502641,2023-09-27,4833,123,85,1,796200000,36200000,83600000,843600000,Credit,Showroom
502642,2021-11-19,2779,115,19,1,295800000,19000000,30448000,307248000,Cash,Showroom
502643,2025-07-15,2087,121,62,1,399200000,1500000,43747000,441447000,Cash,Showroom
502644,2025-02-15,4701,132,95,1,425600000,14700000,45199000,456099000,Credit,Showroom
502645,2022-06-02,2834,183,61,1,1827000000,76000000,192610000,1943610000,Cash,Showroom
502646,2021-06-21,1245,139,24,1,260300000,9800000,27555000,278055000,Cash,Showroom
502647,2024-09-05,3125,105,105,1,547100000,30400000,56837000,573537000,Credit,Online
502648,2021-07-09,3368,116,88,1,258900000,13400000,27005000,272505000,Credit,Showroom
502649,2023-09-23,2528,104,51,1,301900000,5200000,32637000,329337000,Credit,Online
502650,2025-04-01,1209,102,35,1,470300000,29900000,48444000,488844000,Credit,Showroom
502651,2025-09-30,3491,125,14,1,651900000,0,71709000,723609000,Credit,Showroom
502652,2024-09-14,4414,135,9,1,303900000,300000,33396000,336996000,Credit,Online
502653,2022-11-01,2874,103,83,1,300600000,5400000,32472000,327672000,Credit,Online
502654,2022-09-19,4289,106,47,1,390200000,22800000,40414000,407814000,Credit,Showroom
502655,2024-09-18,1775,136,30,1,471100000,32200000,48279000,487179000,Cash,Online
502656,2025-05-01,5458,159,1,1,430000000,8600000,46354000,467754000,Cash,Showroom
502657,2023-12-25,2353,102,114,1,446500000,23200000,46563000,469863000,Credit,Online
502658,2023-07-07,5090,119,62,1,196500000,8700000,20658000,208458000,Credit,Showroom
502659,2024-02-16,1256,125,1,1,631900000,500000,69454000,700854000,Credit,Showroom
502660,2024-02-22,3463,107,35,1,374600000,17000000,39336000,396936000,Credit,Online
502661,2024-07-23,3219,110,79,1,755500000,17500000,81180000,819180000,Credit,Showroom
502662,2025-08-23,5307,101,18,1,247900000,15800000,25531000,257631000,Credit,Showroom
502663,2025-10-10,2405,118,108,1,202700000,8200000,21395000,215895000,Credit,Showroom
502664,2025-12-12,4551,148,43,1,292500000,19600000,30019000,302919000,Credit,Showroom
502665,2024-07-23,2253,105,86,1,566600000,17100000,60445000,609945000,Credit,Showroom
502666,2025-04-24,3620,120,120,1,413700000,9100000,44506000,449106000,Cash,Showroom
502667,2025-02-17,3951,130,5,1,648800000,5400000,70774000,714174000,Credit,Showroom
502668,2024-02-29,3140,113,23,1,166300000,5900000,17644000,178044000,Credit,Showroom
502669,2020-07-30,5049,106,67,1,384400000,1800000,42086000,424686000,Credit,Showroom
502670,2024-01-17,4057,148,18,1,284900000,14000000,29799000,300699000,Credit,Showroom
502671,2025-11-02,5349,105,80,1,545900000,24100000,57398000,579198000,Credit,Showroom
502672,2024-09-08,1309,127,97,1,283100000,13900000,29612000,298812000,Credit,Showroom
502673,2023-04-06,2721,132,92,1,423500000,13900000,45056000,454656000,Credit,Showroom
502674,2021-04-05,1326,109,57,1,787400000,51300000,80971000,817071000,Credit,Showroom
502675,2022-09-17,3197,134,103,1,263300000,6600000,28237000,284937000,Credit,Showroom
502676,2025-09-26,1793,151,19,1,554800000,3300000,60665000,612165000,Credit,Showroom
502677,2023-12-04,1223,120,12,1,413400000,28200000,42372000,427572000,Credit,Showroom
502678,2023-08-22,2484,107,58,1,369000000,24800000,37862000,382062000,Cash,Showroom
502679,2024-01-24,2165,101,23,1,248300000,13900000,25784000,260184000,Credit,Showroom
502680,2020-01-18,1817,139,120,1,245700000,6100000,26356000,265956000,Credit,Showroom
502681,2023-10-04,4521,111,105,1,237600000,14600000,24530000,247530000,Cash,Showroom
502682,2025-09-12,2807,103,51,1,288500000,3300000,31372000,316572000,Cash,Online
502683,2021-08-09,4996,153,82,1,439200000,13100000,46871000,472971000,Cash,Showroom
502684,2022-02-18,4113,133,77,1,410000000,18000000,43120000,435120000,Cash,Showroom
502685,2025-12-14,1490,103,111,1,300400000,7100000,32263000,325563000,Cash,Showroom
502686,2024-02-04,1517,122,94,1,749400000,32300000,78881000,795981000,Credit,Showroom
502687,2025-12-20,3716,110,78,1,786500000,22500000,84040000,848040000,Cash,Showroom
502688,2022-01-27,4742,111,85,1,236100000,10000000,24871000,250971000,Credit,Showroom
502689,2025-09-15,4373,121,84,1,393900000,16900000,41470000,418470000,Cash,Showroom
502690,2024-07-07,4655,102,40,1,479400000,9100000,51733000,522033000,Credit,Showroom
502691,2024-01-28,3764,149,20,1,284900000,19200000,29227000,294927000,Credit,Event
502692,2021-04-05,2518,126,111,5,652300000,97700000,348018000,3511818000,Credit,Fleet
502693,2022-01-09,1960,113,7,1,160800000,7600000,16852000,170052000,Credit,Showroom
502694,2025-05-09,1936,130,63,1,652700000,11900000,70488000,711288000,Cash,Showroom
502695,2024-10-01,2241,110,119,1,781000000,10300000,84777000,855477000,Cash,Showroom
502696,2021-06-14,1113,131,32,1,377700000,6600000,40821000,411921000,Credit,Showroom
502697,2021-08-23,2329,113,6,1,165400000,7100000,17413000,175713000,Credit,Showroom
502698,2023-04-22,5265,148,114,1,301900000,11200000,31977000,322677000,Credit,Showroom
502699,2025-09-19,2089,135,42,1,288400000,2200000,31482000,317682000,Credit,Showroom
502700,2021-05-19,2477,145,76,1,367100000,12800000,38973000,393273000,Credit,Showroom
502701,2021-07-22,1517,114,43,1,288000000,2200000,31438000,317238000,Cash,Showroom
502702,2025-01-23,1069,112,32,1,223600000,3100000,24255000,244755000,Credit,Event
502703,2025-02-24,3768,122,69,1,750400000,33400000,78870000,795870000,Credit,Showroom
502704,2021-11-25,2584,152,32,1,288100000,14500000,30096000,303696000,Cash,Showroom
502705,2022-09-23,5311,115,97,4,288200000,72700000,118811000,1198911000,Credit,Fleet
502706,2024-03-26,4225,101,101,1,238700000,6700000,25520000,257520000,Credit,Showroom
502707,2023-07-18,3923,115,65,1,287300000,2000000,31383000,316683000,Cash,Showroom
502708,2025-07-27,2855,116,51,1,266700000,5700000,28710000,289710000,Credit,Showroom
502709,2024-09-08,2808,142,23,4,288300000,10000000,125752000,1268952000,Credit,Fleet
502710,2020-04-11,1277,120,35,1,409200000,19100000,42911000,433011000,Credit,Showroom
502711,2021-03-22,5324,174,84,1,1903100000,47400000,204127000,2059827000,Credit,Online
502712,2024-03-03,4411,110,41,1,746800000,36000000,78188000,788988000,Cash,Showroom
502713,2024-01-02,3076,161,110,1,411800000,19800000,43120000,435120000,Credit,Showroom
502714,2025-02-20,4898,130,56,1,642900000,5900000,70070000,707070000,Cash,Showroom
502715,2023-10-30,4657,115,57,1,284600000,5900000,30657000,309357000,Credit,Showroom
502716,2021-01-10,1755,175,57,1,1117400000,76800000,114466000,1155066000,Cash,Showroom
502717,2025-03-27,4259,172,72,1,1361800000,12400000,148434000,1497834000,Credit,Showroom
502718,2025-04-16,4108,112,95,1,226800000,7500000,24123000,243423000,Credit,Online
502719,2023-11-16,3132,102,75,1,449300000,12800000,48015000,484515000,Cash,Showroom
502720,2023-08-20,5450,131,83,1,386000000,23300000,39897000,402597000,Credit,Showroom
502721,2022-07-05,1133,132,48,1,407800000,0,44858000,452658000,Credit,Showroom
502722,2021-06-27,1517,144,86,1,802100000,13300000,86768000,875568000,Credit,Showroom
502723,2022-05-18,3848,106,53,1,387300000,16800000,40755000,411255000,Credit,Showroom
502724,2025-06-21,4461,104,68,1,287700000,13800000,30129000,304029000,Cash,Showroom
502725,2020-02-28,4542,143,85,1,699000000,36000000,72930000,735930000,Credit,Showroom
502726,2025-01-02,1274,130,61,1,622000000,33000000,64790000,653790000,Credit,Showroom
502727,2023-02-05,4932,103,20,1,284800000,2400000,31064000,313464000,Credit,Showroom
502728,2025-07-06,5495,102,97,1,459100000,3400000,50127000,505827000,Cash,Event
502729,2024-10-01,1202,133,3,1,432000000,15500000,45815000,462315000,Credit,Showroom
502730,2025-12-30,3412,114,111,1,291600000,11400000,30822000,311022000,Credit,Showroom
502731,2023-03-21,3570,106,3,4,370400000,10600000,161810000,1632810000,Credit,Fleet
502732,2022-02-15,2241,111,59,1,237100000,1700000,25894000,261294000,Credit,Event
502733,2020-09-30,3825,108,26,1,173200000,4400000,18568000,187368000,Credit,Showroom
502734,2024-08-02,4753,148,99,1,291100000,13100000,30580000,308580000,Credit,Showroom
502735,2025-05-09,2516,117,118,1,181200000,10000000,18832000,190032000,Credit,Showroom
502736,2023-04-14,1983,107,47,1,393200000,14900000,41613000,419913000,Credit,Showroom
502737,2024-03-30,2398,159,8,1,439600000,28300000,45243000,456543000,Credit,Showroom
502738,2023-06-04,3025,165,72,1,424400000,13400000,45210000,456210000,Credit,Showroom
502739,2020-07-14,4984,117,104,1,184100000,10800000,19063000,192363000,Credit,Showroom
502740,2022-04-29,3329,152,86,1,288600000,3000000,31416000,317016000,Credit,Showroom
502741,2023-01-29,1855,144,17,1,788300000,9300000,85690000,864690000,Credit,Showroom
502742,2021-10-27,5210,122,50,1,765500000,5300000,83622000,843822000,Credit,Showroom
502743,2025-01-07,2130,139,50,1,245400000,3500000,26609000,268509000,Credit,Event
502744,2023-05-09,1347,132,50,1,414100000,14100000,44000000,444000000,Cash,Event
502745,2020-08-27,5318,116,83,1,269400000,10200000,28512000,287712000,Credit,Showroom
502746,2021-08-19,1424,113,4,1,165300000,8800000,17215000,173715000,Credit,Showroom
502747,2023-06-13,3604,132,3,1,432300000,3000000,47223000,476523000,Credit,Showroom
502748,2021-02-21,2258,124,20,1,333100000,12600000,35255000,355755000,Credit,Showroom
502749,2025-10-07,2428,125,87,1,655400000,19800000,69916000,705516000,Cash,Online
502750,2022-08-23,1476,125,55,1,670200000,12800000,72314000,729714000,Cash,Showroom
502751,2020-08-01,3719,133,16,1,421200000,28900000,43153000,435453000,Cash,Showroom
502752,2025-08-05,1108,147,97,1,200400000,13400000,20570000,207570000,Credit,Showroom
502753,2020-03-25,4808,111,85,1,225500000,4700000,24288000,245088000,Credit,Showroom
502754,2025-02-15,3134,102,58,1,449600000,7600000,48620000,490620000,Cash,Showroom
502755,2022-07-29,3615,134,96,1,260300000,1100000,28512000,287712000,Credit,Showroom
502756,2023-04-25,3070,104,10,1,281800000,16000000,29238000,295038000,Credit,Showroom
502757,2021-05-26,1388,104,14,1,290200000,12400000,30558000,308358000,Cash,Showroom
502758,2023-02-08,3817,184,10,1,1305000000,36600000,139524000,1407924000,Cash,Showroom
502759,2023-05-06,2654,101,76,1,233900000,5500000,25124000,253524000,Cash,Showroom
502760,2023-06-23,4898,107,82,1,372900000,13000000,39589000,399489000,Credit,Event
502761,2024-05-04,2626,123,12,1,764100000,18200000,82049000,827949000,Cash,Showroom
502762,2020-08-31,2192,146,78,1,197800000,1800000,21560000,217560000,Credit,Showroom
502763,2025-10-10,3683,108,12,1,174300000,3300000,18810000,189810000,Credit,Showroom
502764,2025-11-20,2499,131,111,1,371400000,12100000,39523000,398823000,Credit,Online
502765,2024-01-08,3628,106,20,1,395500000,7600000,42669000,430569000,Cash,Online
502766,2025-10-08,2425,134,24,1,265500000,16500000,27390000,276390000,Cash,Showroom
502767,2020-12-04,3212,124,89,1,314500000,8800000,33627000,339327000,Credit,Event
502768,2023-03-28,2789,114,41,1,284600000,5600000,30690000,309690000,Credit,Showroom
502769,2024-02-13,3269,116,57,1,256200000,2100000,27951000,282051000,Credit,Showroom
502770,2022-02-13,4245,146,1,1,203400000,12500000,20999000,211899000,Cash,Showroom
502771,2022-07-22,4089,164,22,1,430400000,13200000,45892000,463092000,Credit,Showroom
502772,2023-07-19,5111,118,92,1,208600000,13500000,21461000,216561000,Credit,Showroom
502773,2023-07-05,2708,137,107,1,437200000,100000,48081000,485181000,Credit,Showroom
502774,2021-03-10,3295,109,31,1,758700000,8000000,82577000,833277000,Credit,Online
502775,2024-05-07,5428,103,6,1,289900000,6900000,31130000,314130000,Cash,Online
502776,2021-02-04,1480,132,111,1,419100000,23800000,43483000,438783000,Credit,Online
502777,2025-07-08,3148,119,40,1,208800000,4800000,22440000,226440000,Credit,Showroom
502778,2024-06-22,4628,128,75,1,304600000,8400000,32582000,328782000,Credit,Showroom
502779,2023-11-27,1598,101,115,1,233800000,14100000,24167000,243867000,Credit,Showroom
502780,2023-05-31,3268,112,4,1,231600000,10400000,24332000,245532000,Credit,Online
502781,2023-05-15,2114,141,32,1,374900000,14000000,39699000,400599000,Credit,Showroom
502782,2024-04-19,1820,109,66,1,782500000,50000000,80575000,813075000,Credit,Showroom
502783,2023-01-20,2586,124,74,1,335400000,3400000,36520000,368520000,Credit,Showroom
502784,2024-08-19,4597,104,90,1,283400000,17200000,29282000,295482000,Credit,Event
502785,2023-09-25,5364,111,23,1,223400000,15200000,22902000,231102000,Credit,Event
502786,2022-01-24,5291,123,41,1,793300000,2900000,86944000,877344000,Credit,Showroom
502787,2025-04-29,2903,135,115,1,303300000,13300000,31900000,321900000,Cash,Showroom
502788,2022-09-22,4587,102,78,1,464600000,24500000,48411000,488511000,Credit,Showroom
502789,2022-01-08,3956,144,67,1,761900000,7800000,82951000,837051000,Cash,Showroom
502790,2025-05-12,3777,141,49,1,373400000,20000000,38874000,392274000,Credit,Online
502791,2025-08-15,4777,131,80,1,380800000,14000000,40348000,407148000,Credit,Showroom
502792,2024-01-04,4605,121,114,1,391900000,11900000,41800000,421800000,Credit,Showroom
502793,2023-11-26,4507,105,63,1,546100000,22400000,57607000,581307000,Credit,Showroom
502794,2021-02-25,2297,170,30,1,353500000,24600000,36179000,365079000,Cash,Online
502795,2024-04-07,5190,109,42,1,759600000,35500000,79651000,803751000,Credit,Showroom
502796,2025-10-03,1675,110,47,1,763100000,21900000,81532000,822732000,Cash,Showroom
502797,2024-02-01,4704,148,13,1,284200000,12200000,29920000,301920000,Cash,Showroom
502798,2022-07-31,3020,121,14,1,403000000,23100000,41789000,421689000,Credit,Showroom
502799,2024-10-23,1459,143,81,1,698800000,34700000,73051000,737151000,Credit,Showroom
502800,2024-10-20,3642,121,11,1,404300000,5400000,43879000,442779000,Cash,Event
502801,2022-10-13,4224,151,33,1,555000000,600000,60984000,615384000,Credit,Event
502802,2021-04-04,1543,140,36,1,177200000,500000,19437000,196137000,Credit,Showroom
502803,2025-08-09,4272,150,35,1,271800000,17100000,28017000,282717000,Credit,Showroom
502804,2021-09-14,5329,166,9,1,621000000,5100000,67749000,683649000,Credit,Showroom
502805,2021-10-30,1329,118,1,1,209200000,3200000,22660000,228660000,Credit,Online
502806,2023-04-17,4922,109,5,1,776300000,800000,85305000,860805000,Credit,Showroom
502807,2022-10-14,3147,118,53,1,197400000,12700000,20317000,205017000,Credit,Event
502808,2025-02-02,3808,102,101,1,463800000,29700000,47751000,481851000,Credit,Showroom
502809,2023-01-07,5237,111,84,1,224500000,10800000,23507000,237207000,Credit,Showroom
502810,2025-12-30,4273,123,22,1,783800000,18000000,84238000,850038000,Credit,Event
502811,2021-01-19,1134,101,37,1,236400000,15600000,24288000,245088000,Credit,Showroom
502812,2025-10-13,5274,105,112,1,558300000,1100000,61292000,618492000,Credit,Showroom
502813,2021-11-24,3435,114,74,1,293500000,200000,32263000,325563000,Credit,Showroom
502814,2023-07-22,3655,125,116,1,628700000,5000000,68607000,692307000,Credit,Showroom
502815,2025-05-14,2549,131,55,1,372700000,14100000,39446000,398046000,Credit,Showroom
502816,2022-07-09,1278,140,11,1,174900000,3600000,18843000,190143000,Credit,Showroom
502817,2025-12-24,2562,111,47,1,227500000,1900000,24816000,250416000,Credit,Showroom
502818,2025-11-25,2742,179,40,1,1060500000,73700000,108548000,1095348000,Cash,Showroom
502819,2025-03-22,1361,114,113,1,293800000,14200000,30756000,310356000,Credit,Showroom
502820,2024-03-23,5101,108,81,1,172700000,2700000,18700000,188700000,Cash,Showroom
502821,2023-09-18,5302,129,20,1,303000000,11500000,32065000,323565000,Credit,Showroom
502822,2024-07-31,5356,133,29,1,425000000,8900000,45771000,461871000,Credit,Showroom
502823,2022-10-02,4601,172,95,1,1294500000,8800000,141427000,1427127000,Credit,Showroom
502824,2025-08-28,5034,111,108,1,239500000,600000,26279000,265179000,Cash,Showroom
502825,2023-05-25,5139,150,78,1,266700000,3400000,28963000,292263000,Credit,Showroom
502826,2025-04-07,2373,146,95,1,202800000,7000000,21538000,217338000,Cash,Showroom
502827,2022-10-01,2074,104,87,1,291300000,20100000,29832000,301032000,Cash,Online
502828,2025-07-12,5469,110,33,1,774200000,50300000,79629000,803529000,Credit,Showroom
502829,2025-02-12,2314,123,60,1,757600000,30200000,80014000,807414000,Cash,Showroom
502830,2023-04-01,5008,137,65,1,472400000,5300000,51381000,518481000,Credit,Showroom
502831,2023-11-25,3336,127,91,1,281700000,3500000,30602000,308802000,Cash,Showroom
502832,2023-11-05,2414,114,100,1,295800000,7600000,31702000,319902000,Credit,Showroom
502833,2025-09-08,2457,105,91,1,545600000,28600000,56870000,573870000,Credit,Showroom
502834,2024-12-24,5136,106,28,1,398000000,25900000,40931000,413031000,Cash,Showroom
502835,2025-01-20,1022,105,54,5,561900000,182600000,288959000,2915859000,Credit,Fleet
502836,2024-02-27,1844,102,63,1,468700000,2800000,51249000,517149000,Credit,Online
502837,2023-11-23,1023,134,95,1,253700000,16200000,26125000,263625000,Credit,Showroom
502838,2023-06-05,5049,115,91,5,283800000,31100000,152669000,1540569000,Credit,Fleet
502839,2024-02-01,3613,120,82,1,419900000,16700000,44352000,447552000,Credit,Showroom
502840,2022-06-01,4039,131,55,1,373700000,3900000,40678000,410478000,Credit,Showroom
502841,2023-03-31,4932,101,73,1,233200000,11200000,24420000,246420000,Cash,Showroom
502842,2022-04-28,2620,123,86,1,747100000,23700000,79574000,802974000,Cash,Showroom
502843,2020-06-07,4661,103,88,1,293300000,20200000,30041000,303141000,Cash,Showroom
502844,2022-09-25,3817,147,84,1,205200000,12100000,21241000,214341000,Cash,Showroom
502845,2021-03-13,4808,113,109,1,162100000,6000000,17171000,173271000,Credit,Showroom
502846,2022-10-30,3008,113,4,1,165800000,10900000,17039000,171939000,Credit,Showroom
502847,2023-02-11,5037,119,17,1,194600000,5900000,20757000,209457000,Cash,Showroom
502848,2020-09-23,1987,116,81,1,271000000,6400000,29106000,293706000,Cash,Showroom
502849,2025-10-21,2838,128,25,4,294500000,40400000,125136000,1262736000,Credit,Fleet
502850,2020-04-21,1871,103,43,1,288700000,13200000,30305000,305805000,Credit,Event
502851,2022-02-16,1572,156,119,1,663700000,8800000,72039000,726939000,Credit,Online
502852,2025-05-08,5009,112,45,1,238900000,900000,26180000,264180000,Cash,Event
502853,2023-11-02,3626,139,23,1,247800000,9200000,26246000,264846000,Cash,Showroom
502854,2025-07-20,2594,102,108,1,467300000,12800000,49995000,504495000,Credit,Showroom
502855,2023-06-06,1868,130,3,1,627100000,7400000,68167000,687867000,Credit,Online
502856,2024-06-18,4902,115,90,1,290800000,16500000,30173000,304473000,Credit,Event
502857,2023-06-06,3659,154,116,1,882500000,10600000,95909000,967809000,Cash,Showroom
502858,2024-04-25,5370,101,38,1,244700000,3200000,26565000,268065000,Credit,Online
502859,2020-11-27,4307,180,92,1,1573600000,21500000,170731000,1722831000,Credit,Showroom
502860,2022-12-19,5003,109,21,1,767900000,20400000,82225000,829725000,Credit,Showroom
502861,2020-04-05,2512,163,59,1,562700000,27300000,58894000,594294000,Credit,Showroom
502862,2020-02-16,1483,121,111,6,400600000,119000000,251306000,2535906000,Cash,Fleet
502863,2025-09-13,1253,175,35,1,1095900000,71100000,112728000,1137528000,Credit,Showroom
502864,2023-07-22,2460,112,72,1,238200000,8200000,25300000,255300000,Credit,Showroom
502865,2022-08-09,5024,138,58,1,261500000,4100000,28314000,285714000,Credit,Showroom
502866,2023-02-25,5313,104,110,1,298000000,12200000,31438000,317238000,Credit,Showroom
502867,2022-04-30,4900,112,14,4,235800000,25000000,101002000,1019202000,Credit,Fleet
502868,2025-11-04,3509,163,63,1,563500000,8200000,61083000,616383000,Cash,Showroom
502869,2022-09-26,1797,107,97,1,369100000,2200000,40359000,407259000,Cash,Online
502870,2022-05-06,2266,109,82,1,792900000,10200000,86097000,868797000,Credit,Showroom
502871,2025-08-31,1128,173,110,1,1286500000,36600000,137489000,1387389000,Credit,Online
502872,2025-05-13,4026,140,106,1,165700000,7000000,17457000,176157000,Cash,Showroom
502873,2023-11-27,4406,118,73,1,197800000,11500000,20493000,206793000,Cash,Showroom
502874,2022-04-16,1380,116,68,1,266200000,10400000,28138000,283938000,Cash,Online
502875,2024-04-23,4560,123,53,1,738400000,14500000,79629000,803529000,Cash,Showroom
502876,2024-12-15,1586,122,27,1,766700000,36600000,80311000,810411000,Credit,Showroom
502877,2020-03-31,2807,119,87,1,196000000,6100000,20889000,210789000,Cash,Showroom
502878,2022-05-23,3280,174,23,1,1826500000,60500000,194260000,1960260000,Cash,Showroom
502879,2021-03-23,1152,103,83,1,292500000,2800000,31867000,321567000,Credit,Showroom
502880,2024-01-17,1085,114,88,1,278100000,18600000,28545000,288045000,Credit,Showroom
502881,2022-09-28,4938,122,54,1,753900000,3300000,82566000,833166000,Credit,Showroom
502882,2020-06-20,1506,176,119,1,1452200000,10700000,158565000,1600065000,Credit,Showroom
502883,2024-10-29,3306,135,32,1,291000000,16000000,30250000,305250000,Credit,Showroom
502884,2022-12-26,1157,108,46,1,170400000,8200000,17842000,180042000,Credit,Showroom
502885,2025-02-04,1303,115,32,1,284600000,12100000,29975000,302475000,Cash,Showroom
502886,2021-12-10,4395,107,118,1,387000000,18700000,40513000,408813000,Cash,Showroom
502887,2022-10-11,2791,108,33,1,180500000,2700000,19558000,197358000,Credit,Showroom
502888,2020-09-09,4826,132,86,1,428000000,21800000,44682000,450882000,Cash,Online
502889,2020-09-27,4816,128,71,1,300200000,4200000,32560000,328560000,Credit,Showroom
502890,2025-01-19,2050,130,34,1,627500000,38500000,64790000,653790000,Cash,Showroom
502891,2025-03-08,2461,120,38,1,402600000,23700000,41679000,420579000,Cash,Showroom
502892,2024-12-12,4429,115,40,1,295300000,11800000,31185000,314685000,Credit,Event
502893,2025-10-02,5101,163,113,1,564500000,34100000,58344000,588744000,Credit,Showroom
502894,2020-07-04,4232,104,116,1,288800000,1300000,31625000,319125000,Cash,Showroom
502895,2021-12-16,2407,136,1,1,441300000,17700000,46596000,470196000,Credit,Showroom
502896,2022-09-29,4990,101,120,1,243600000,15300000,25113000,253413000,Cash,Showroom
502897,2021-11-28,2670,101,104,1,235100000,13800000,24343000,245643000,Credit,Showroom
502898,2025-09-28,3203,102,52,1,452000000,700000,49643000,500943000,Cash,Showroom
502899,2025-03-13,2433,106,2,1,390100000,22400000,40447000,408147000,Cash,Online
502900,2024-11-07,2528,102,72,1,451000000,19500000,47465000,478965000,Credit,Online
502901,2023-04-01,5013,107,116,1,382000000,10200000,40898000,412698000,Credit,Showroom
502902,2024-08-11,1078,107,83,1,378600000,3100000,41305000,416805000,Cash,Event
502903,2020-07-21,5357,121,98,1,418000000,8900000,45001000,454101000,Credit,Online
502904,2022-08-13,2112,104,108,1,303000000,7800000,32472000,327672000,Credit,Showroom
502905,2022-12-08,2576,117,88,1,190800000,3700000,20581000,207681000,Credit,Showroom
502906,2024-03-30,5183,107,83,1,376100000,12500000,39996000,403596000,Credit,Showroom
502907,2021-07-17,2403,102,104,1,452000000,14400000,48136000,485736000,Cash,Showroom
502908,2021-02-24,3948,138,75,1,257200000,8800000,27324000,275724000,Cash,Online
502909,2022-08-10,1170,119,82,1,196900000,9200000,20647000,208347000,Credit,Showroom
502910,2021-11-20,2421,102,73,1,446300000,28700000,45936000,463536000,Credit,Showroom
502911,2024-10-08,2316,118,75,1,209600000,13200000,21604000,218004000,Credit,Online
502912,2025-09-20,2820,150,48,1,264000000,12200000,27698000,279498000,Credit,Showroom
502913,2022-07-17,5262,107,18,1,389700000,8900000,41888000,422688000,Credit,Online
502914,2024-07-16,4211,106,38,1,383300000,4100000,41712000,420912000,Cash,Showroom
502915,2022-07-05,1120,142,3,1,283500000,12700000,29788000,300588000,Credit,Showroom
502916,2021-10-19,1091,109,32,1,794800000,51500000,81763000,825063000,Credit,Showroom
502917,2025-08-09,3867,106,29,1,379400000,25800000,38896000,392496000,Credit,Showroom
502918,2024-01-23,1921,122,66,1,754100000,38800000,78683000,793983000,Credit,Showroom
502919,2023-11-16,1866,133,75,1,424000000,16300000,44847000,452547000,Credit,Showroom
502920,2021-08-06,1943,123,50,1,775600000,25100000,82555000,833055000,Cash,Showroom
502921,2022-07-27,3619,127,90,1,279600000,14300000,29183000,294483000,Credit,Showroom
502922,2020-03-25,4634,103,24,1,299000000,20400000,30646000,309246000,Cash,Showroom
502923,2023-05-10,4454,153,55,1,423200000,28700000,43395000,437895000,Credit,Showroom
502924,2025-08-03,4389,145,67,1,345600000,15500000,36311000,366411000,Credit,Showroom
502925,2025-09-27,3624,137,20,1,457000000,5300000,49687000,501387000,Cash,Showroom
502926,2022-10-10,1241,112,72,1,237500000,13300000,24662000,248862000,Credit,Showroom
502927,2023-09-29,5148,105,39,1,586900000,31600000,61083000,616383000,Cash,Showroom
502928,2021-06-11,4364,126,24,1,650800000,11200000,70356000,709956000,Credit,Showroom
502929,2024-10-03,5213,107,118,1,368600000,25400000,37752000,380952000,Cash,Showroom
502930,2021-05-09,1843,172,115,1,1337200000,62400000,140228000,1415028000,Cash,Showroom
502931,2024-07-13,5471,113,82,1,172800000,11500000,17743000,179043000,Credit,Event
502932,2022-03-08,5406,145,97,1,358700000,1500000,39292000,396492000,Credit,Showroom
502933,2023-06-19,1909,104,97,1,302300000,900000,33154000,334554000,Credit,Showroom
502934,2025-11-15,4869,116,20,1,264300000,7900000,28204000,284604000,Cash,Showroom
502935,2023-08-20,3779,103,74,1,297900000,3700000,32362000,326562000,Cash,Showroom
502936,2021-02-20,3570,107,89,1,387900000,18400000,40645000,410145000,Cash,Online
502937,2020-09-27,2814,109,100,1,750600000,300000,82533000,832833000,Credit,Online
502938,2023-07-04,2662,121,21,1,414500000,21700000,43208000,436008000,Cash,Showroom
502939,2020-09-30,2887,122,101,1,773200000,26800000,82104000,828504000,Credit,Showroom
502940,2020-07-28,1921,137,20,1,467800000,31900000,47949000,483849000,Credit,Showroom
502941,2020-03-29,2735,106,1,1,395100000,16800000,41613000,419913000,Cash,Showroom
502942,2021-03-27,1833,120,100,1,389000000,24500000,40095000,404595000,Credit,Online
502943,2021-08-05,1060,149,51,1,292600000,3400000,31812000,321012000,Credit,Showroom
502944,2023-02-19,3649,147,77,1,200000000,13800000,20482000,206682000,Credit,Showroom
502945,2022-03-26,4249,138,48,1,243000000,8600000,25784000,260184000,Credit,Showroom
502946,2022-12-25,2920,114,11,1,280800000,4600000,30382000,306582000,Credit,Event
502947,2023-11-21,1094,105,103,1,570200000,11600000,61446000,620046000,Cash,Showroom
502948,2020-11-20,1729,135,16,1,288600000,1800000,31548000,318348000,Credit,Showroom
502949,2021-08-06,4427,115,69,1,295500000,8100000,31614000,319014000,Cash,Showroom
502950,2023-02-28,3929,101,47,4,236700000,20500000,101893000,1028193000,Credit,Fleet
502951,2025-04-27,2426,162,65,1,572100000,18700000,60874000,614274000,Credit,Event
502952,2023-12-17,4322,128,19,1,292200000,15400000,30448000,307248000,Credit,Showroom
502953,2025-06-15,3764,107,55,1,371700000,18600000,38841000,391941000,Credit,Showroom
502954,2020-10-30,1158,160,72,1,381800000,21800000,39600000,399600000,Credit,Online
502955,2022-01-13,5393,112,95,1,233400000,5200000,25102000,253302000,Cash,Showroom
502956,2021-10-02,4490,124,22,1,324700000,21200000,33385000,336885000,Cash,Showroom
502957,2025-04-08,1948,119,20,1,207000000,8500000,21835000,220335000,Credit,Showroom
502958,2025-04-01,1709,110,29,1,740600000,33400000,77792000,784992000,Credit,Online
502959,2023-03-21,4641,147,80,1,208000000,3100000,22539000,227439000,Cash,Event
502960,2022-03-30,1060,137,100,1,472000000,27800000,48862000,493062000,Cash,Showroom
502961,2022-11-11,1540,121,42,1,415600000,11300000,44473000,448773000,Credit,Showroom
502962,2025-05-07,1005,104,90,1,285000000,15400000,29656000,299256000,Credit,Showroom
502963,2024-05-26,5306,107,116,1,389300000,13200000,41371000,417471000,Credit,Showroom
502964,2025-08-23,4241,161,120,1,425800000,27800000,43780000,441780000,Cash,Showroom
502965,2022-02-17,1473,124,100,1,328100000,12400000,34727000,350427000,Cash,Showroom
502966,2022-10-20,1741,124,110,1,312000000,7100000,33539000,338439000,Cash,Showroom
502967,2025-04-26,4195,114,76,1,286800000,11600000,30272000,305472000,Credit,Online
502968,2023-02-15,3910,133,17,4,428600000,39600000,184228000,1859028000,Credit,Fleet
502969,2024-08-05,4429,109,11,1,771100000,49600000,79365000,800865000,Credit,Showroom
502970,2021-07-25,1369,168,34,1,269400000,15600000,27918000,281718000,Credit,Showroom
502971,2023-10-11,5422,101,29,1,237900000,5500000,25564000,257964000,Credit,Showroom
502972,2025-03-08,2161,107,90,1,380700000,2300000,41624000,420024000,Credit,Showroom
502973,2021-09-24,2117,115,88,1,296600000,6100000,31955000,322455000,Cash,Showroom
502974,2025-11-05,1456,110,102,1,762900000,47000000,78749000,794649000,Cash,Showroom
502975,2025-01-16,4124,108,97,1,176800000,9000000,18458000,186258000,Credit,Showroom
502976,2022-07-03,1204,132,63,1,437400000,6400000,47410000,478410000,Credit,Showroom
502977,2024-01-07,4896,121,51,1,406700000,26100000,41866000,422466000,Cash,Showroom
502978,2021-03-05,3110,119,60,1,198700000,8700000,20900000,210900000,Credit,Online
502979,2020-09-28,2461,106,4,1,393700000,21100000,40986000,413586000,Cash,Event
502980,2023-10-06,1560,109,8,1,765000000,7300000,83347000,841047000,Credit,Showroom
502981,2024-05-04,4048,122,60,1,768300000,28300000,81400000,821400000,Cash,Online
502982,2022-08-22,4767,121,55,1,394300000,14000000,41833000,422133000,Credit,Showroom
502983,2021-03-10,2491,106,44,1,394600000,16700000,41569000,419469000,Credit,Showroom
502984,2025-01-26,4860,143,75,1,713800000,39200000,74206000,748806000,Cash,Showroom
502985,2025-10-01,5342,103,27,1,293000000,20000000,30030000,303030000,Credit,Showroom
502986,2020-11-14,5471,112,89,1,223300000,12700000,23166000,233766000,Cash,Showroom
502987,2021-04-26,1888,133,70,1,411100000,6800000,44473000,448773000,Cash,Showroom
502988,2023-10-20,1740,173,14,1,1310300000,70400000,136389000,1376289000,Credit,Online
502989,2020-06-09,4764,124,8,1,315600000,16100000,32945000,332445000,Credit,Online
502990,2021-03-31,1488,122,26,1,762800000,13500000,82423000,831723000,Credit,Showroom
502991,2024-07-02,4043,109,77,1,762500000,36700000,79838000,805638000,Cash,Showroom
502992,2023-06-11,1156,126,72,1,652300000,33200000,68101000,687201000,Credit,Showroom
502993,2020-05-18,1321,117,51,1,187100000,7200000,19789000,199689000,Cash,Showroom
502994,2025-10-15,1659,130,100,1,669300000,3400000,73249000,739149000,Credit,Showroom
502995,2023-12-18,1985,102,87,1,459200000,5300000,49929000,503829000,Cash,Showroom
502996,2020-11-14,5456,108,108,1,176700000,200000,19415000,195915000,Cash,Showroom
502997,2024-11-30,3708,136,106,1,464500000,10300000,49962000,504162000,Cash,Online
502998,2025-07-25,4171,137,116,1,449100000,4600000,48895000,493395000,Credit,Showroom
502999,2023-09-21,5175,101,102,1,251100000,6700000,26884000,271284000,Credit,Online
503000,2023-06-25,2170,112,1,1,235200000,15500000,24167000,243867000,Cash,Showroom
503001,2024-05-20,3758,137,23,1,452500000,16600000,47949000,483849000,Credit,Showroom
503002,2025-08-24,2165,164,101,1,437600000,9300000,47113000,475413000,Credit,Showroom
503003,2020-12-08,4593,126,23,1,626400000,35300000,65021000,656121000,Credit,Showroom
503004,2020-09-15,4501,136,10,1,467700000,32100000,47916000,483516000,Cash,Showroom
503005,2022-08-26,2252,137,63,1,465700000,16500000,49412000,498612000,Cash,Online
503006,2025-09-03,4349,148,98,1,284200000,2000000,31042000,313242000,Credit,Showroom
503007,2022-12-30,4850,137,28,1,447400000,700000,49137000,495837000,Credit,Showroom
503008,2021-11-02,3811,115,1,1,291700000,9900000,30998000,312798000,Cash,Showroom
503009,2023-03-17,1894,130,104,1,634400000,3500000,69399000,700299000,Cash,Showroom
503010,2023-06-06,5100,136,54,1,464100000,10200000,49929000,503829000,Credit,Showroom
503011,2021-05-29,4826,135,78,4,288600000,79700000,118217000,1192917000,Credit,Fleet
503012,2021-11-25,1086,103,40,1,296800000,12300000,31295000,315795000,Credit,Showroom
503013,2025-02-03,3595,110,48,1,749700000,47400000,77253000,779553000,Credit,Showroom
503014,2021-10-11,4782,102,93,1,460100000,5000000,50061000,505161000,Credit,Showroom
503015,2020-06-18,3204,112,4,1,224000000,3400000,24266000,244866000,Credit,Event
503016,2022-03-13,1868,160,3,1,371900000,24600000,38203000,385503000,Credit,Showroom
503017,2024-07-15,5347,115,54,1,298400000,18100000,30833000,311133000,Cash,Showroom
503018,2022-01-19,1707,151,103,1,584300000,28500000,61138000,616938000,Cash,Showroom
503019,2024-09-14,3595,152,5,1,277500000,13600000,29029000,292929000,Cash,Showroom
503020,2022-12-02,4120,109,93,5,780700000,3800000,428967000,4328667000,Credit,Fleet
503021,2021-01-19,4358,102,22,1,466600000,22000000,48906000,493506000,Credit,Showroom
503022,2021-07-31,2242,115,69,1,277300000,4900000,29964000,302364000,Credit,Showroom
503023,2025-07-15,3775,128,85,1,296200000,20000000,30382000,306582000,Credit,Showroom
503024,2024-01-03,4634,106,108,1,368600000,25400000,37752000,380952000,Cash,Showroom
503025,2025-06-03,1204,104,25,1,304300000,13300000,32010000,323010000,Cash,Event
503026,2020-08-13,4651,137,105,1,459200000,28300000,47399000,478299000,Credit,Online
503027,2021-07-10,1819,132,89,1,408100000,16800000,43043000,434343000,Cash,Showroom
503028,2022-11-09,2693,103,9,1,295100000,11700000,31174000,314574000,Cash,Online
503029,2022-05-21,3728,122,119,1,741800000,50800000,76010000,767010000,Cash,Showroom
503030,2023-08-21,2517,114,1,1,290600000,2100000,31735000,320235000,Credit,Showroom
503031,2025-12-28,5050,112,113,1,237500000,4800000,25597000,258297000,Credit,Showroom
503032,2024-03-01,3913,108,65,1,174100000,6500000,18436000,186036000,Credit,Showroom
503033,2024-09-30,1664,156,16,1,692800000,44100000,71357000,720057000,Credit,Showroom
503034,2024-10-31,4372,105,108,1,583400000,32100000,60643000,611943000,Cash,Showroom
503035,2025-08-23,2432,102,60,1,450500000,3600000,49159000,496059000,Credit,Showroom
503036,2020-06-23,4942,110,73,1,751400000,46000000,77594000,782994000,Credit,Showroom
503037,2025-09-10,4869,108,120,1,182600000,12600000,18700000,188700000,Credit,Showroom
503038,2021-06-09,1978,156,4,1,680700000,2400000,74613000,752913000,Credit,Showroom
503039,2021-10-18,4984,169,33,1,263600000,7100000,28215000,284715000,Credit,Showroom
503040,2024-04-05,3357,154,42,1,870700000,26400000,92873000,937173000,Credit,Showroom
503041,2022-12-11,2808,134,83,1,261600000,8900000,27797000,280497000,Credit,Showroom
503042,2022-09-02,4861,105,83,1,562600000,35400000,57992000,585192000,Credit,Event
503043,2023-10-10,1336,140,12,1,171600000,8800000,17908000,180708000,Credit,Online
503044,2023-07-27,3145,140,30,1,170700000,11700000,17490000,176490000,Credit,Showroom
503045,2024-08-27,2351,160,22,1,392000000,15000000,41470000,418470000,Cash,Showroom
503046,2020-07-13,4167,133,79,1,440400000,16700000,46607000,470307000,Cash,Showroom
503047,2025-09-02,4824,105,105,1,547200000,33500000,56507000,570207000,Credit,Showroom
503048,2025-03-27,1662,121,18,1,416700000,2800000,45529000,459429000,Credit,Showroom
503049,2025-11-01,1864,165,55,1,419800000,4300000,45705000,461205000,Credit,Showroom
503050,2024-12-30,3537,104,52,1,289000000,10900000,30591000,308691000,Credit,Showroom
503051,2022-12-05,3633,121,27,1,417300000,25800000,43065000,434565000,Credit,Showroom
503052,2023-12-22,1874,150,103,1,266900000,500000,29304000,295704000,Credit,Showroom
503053,2023-04-18,4048,102,58,1,463800000,30900000,47619000,480519000,Credit,Showroom
503054,2025-04-22,1846,140,89,1,168900000,1300000,18436000,186036000,Cash,Showroom
503055,2025-06-16,3491,106,22,1,374700000,11100000,39996000,403596000,Credit,Showroom
503056,2021-07-22,2074,109,44,1,792400000,24600000,84458000,852258000,Credit,Event
503057,2025-12-26,2411,102,105,1,472900000,14900000,50380000,508380000,Credit,Showroom
503058,2021-01-11,1944,109,91,1,771900000,1800000,84711000,854811000,Credit,Showroom
503059,2023-10-31,1198,134,50,1,270900000,200000,29777000,300477000,Credit,Online
503060,2025-08-05,2463,112,88,1,223100000,14100000,22990000,231990000,Credit,Showroom
503061,2023-11-16,1100,136,43,1,467500000,18300000,49412000,498612000,Credit,Showroom
503062,2024-11-01,3263,121,38,1,412700000,8800000,44429000,448329000,Cash,Showroom
503063,2022-02-03,4837,120,113,1,412500000,24600000,42669000,430569000,Cash,Online
503064,2025-09-18,1882,140,12,1,178400000,8000000,18744000,189144000,Cash,Showroom
503065,2020-05-27,5446,129,29,1,296100000,13300000,31108000,313908000,Cash,Showroom
503066,2024-10-14,2114,126,30,1,670300000,17600000,71797000,724497000,Credit,Showroom
503067,2024-09-07,4971,123,92,1,795700000,13000000,86097000,868797000,Credit,Event
503068,2021-01-05,2114,102,3,4,451200000,64500000,191433000,1931733000,Cash,Fleet
503069,2025-11-05,4248,174,28,1,1804100000,35300000,194568000,1963368000,Credit,Showroom
503070,2024-03-17,2209,128,102,1,312900000,18600000,32373000,326673000,Cash,Showroom
503071,2022-02-25,2462,181,25,1,1593500000,20600000,173019000,1745919000,Credit,Showroom
503072,2020-02-19,1204,110,83,1,750300000,48800000,77165000,778665000,Cash,Showroom
503073,2025-08-11,2093,120,93,1,392900000,5400000,42625000,430125000,Credit,Showroom
503074,2025-06-25,3350,138,34,1,260600000,2700000,28369000,286269000,Cash,Showroom
503075,2025-07-25,3362,124,40,1,320300000,9700000,34166000,344766000,Cash,Showroom
503076,2020-04-10,3051,127,98,1,289500000,1800000,31647000,319347000,Credit,Showroom
503077,2025-08-30,1886,123,98,1,788900000,15200000,85107000,858807000,Cash,Showroom
503078,2024-06-23,3640,114,37,1,285100000,13900000,29832000,301032000,Credit,Showroom
503079,2022-08-31,3561,110,94,1,772500000,24800000,82247000,829947000,Credit,Showroom
503080,2023-05-07,3534,125,85,1,649300000,14500000,69828000,704628000,Credit,Showroom
503081,2023-01-18,3879,114,113,1,278300000,11600000,29337000,296037000,Credit,Showroom
503082,2024-03-07,5462,112,95,1,233400000,1300000,25531000,257631000,Credit,Showroom
503083,2024-12-12,3541,121,15,1,413900000,27200000,42537000,429237000,Credit,Showroom
503084,2021-09-27,1109,102,85,1,464500000,18600000,49049000,494949000,Cash,Showroom
503085,2025-08-09,3542,126,31,1,651600000,14600000,70070000,707070000,Credit,Showroom
503086,2022-08-16,3444,115,107,1,279600000,14200000,29194000,294594000,Cash,Showroom
503087,2020-05-21,2112,142,90,1,282000000,16400000,29216000,294816000,Cash,Showroom
503088,2025-05-18,4033,135,64,1,285500000,7800000,30547000,308247000,Credit,Showroom
503089,2025-04-09,3639,114,85,1,293800000,4000000,31878000,321678000,Credit,Showroom
503090,2022-11-06,1877,122,99,1,797300000,51300000,82060000,828060000,Credit,Showroom
503091,2022-03-19,3993,113,7,1,165100000,0,18161000,183261000,Credit,Showroom
503092,2021-01-16,1989,110,17,1,751000000,20200000,80388000,811188000,Cash,Showroom
503093,2023-06-17,4369,109,92,3,739200000,146500000,227821000,2298921000,Credit,Fleet
503094,2020-04-13,3511,135,36,1,298000000,17200000,30888000,311688000,Cash,Showroom
503095,2021-09-17,1270,105,66,1,572300000,5700000,62326000,628926000,Credit,Showroom
503096,2020-01-02,4217,102,77,1,452100000,21700000,47344000,477744000,Credit,Showroom
503097,2025-10-15,2145,115,63,1,279500000,18400000,28721000,289821000,Credit,Showroom
503098,2022-01-16,1373,159,33,1,425300000,400000,46739000,471639000,Credit,Showroom
503099,2022-05-15,3138,113,44,1,171800000,7900000,18029000,181929000,Credit,Showroom
503100,2023-05-09,3325,111,50,1,235200000,6300000,25179000,254079000,Cash,Showroom
503101,2020-12-07,1579,133,81,1,431900000,11700000,46222000,466422000,Credit,Showroom
503102,2025-10-01,1660,129,95,1,305300000,18300000,31570000,318570000,Credit,Online
503103,2020-12-19,3611,128,65,1,313400000,17100000,32593000,328893000,Credit,Showroom
503104,2021-04-05,3177,102,45,1,465900000,8600000,50303000,507603000,Credit,Showroom
503105,2022-02-18,1265,109,67,1,740200000,400000,81378000,821178000,Credit,Showroom
503106,2023-09-21,2277,106,29,5,387700000,82700000,204138000,2059938000,Credit,Fleet
503107,2022-09-29,1792,144,56,1,785700000,49100000,81026000,817626000,Credit,Showroom
503108,2020-01-30,5207,126,41,1,655800000,10400000,70994000,716394000,Cash,Showroom
503109,2025-09-30,4258,134,95,1,268200000,2900000,29183000,294483000,Cash,Showroom
503110,2020-02-16,1139,118,63,1,195700000,13200000,20075000,202575000,Credit,Event
503111,2025-08-07,4085,139,16,1,242900000,3100000,26378000,266178000,Cash,Showroom
503112,2025-10-03,4829,135,8,1,287600000,13400000,30162000,304362000,Credit,Showroom
503113,2023-01-20,2780,122,44,1,775800000,20300000,83105000,838605000,Credit,Showroom
503114,2025-10-02,1964,131,116,1,391900000,27200000,40117000,404817000,Credit,Showroom
503115,2021-04-11,4538,140,25,1,177300000,7700000,18656000,188256000,Cash,Showroom
503116,2025-02-20,1618,152,88,1,292800000,10100000,31097000,313797000,Credit,Online
503117,2022-05-09,3179,104,55,1,294600000,5500000,31801000,320901000,Cash,Showroom
503118,2024-10-21,3287,131,115,1,388600000,15300000,41063000,414363000,Credit,Showroom
503119,2021-06-13,1193,163,61,1,583700000,33800000,60489000,610389000,Cash,Showroom
503120,2025-07-08,5215,136,59,1,455900000,24400000,47465000,478965000,Credit,Event
503121,2025-10-02,3322,160,48,1,397600000,6300000,43043000,434343000,Credit,Showroom
503122,2020-01-23,2618,108,43,1,174500000,2600000,18909000,190809000,Cash,Showroom
503123,2021-03-08,2918,125,81,1,657000000,1600000,72094000,727494000,Cash,Showroom
503124,2025-06-05,1345,122,43,1,771600000,50900000,79277000,799977000,Credit,Showroom
503125,2023-09-27,5236,117,114,1,193000000,8500000,20295000,204795000,Credit,Showroom
503126,2020-04-29,4239,108,3,1,176600000,800000,19338000,195138000,Credit,Showroom
503127,2022-10-17,4853,133,8,1,435500000,11500000,46640000,470640000,Credit,Showroom
503128,2025-08-29,4627,124,31,1,311900000,100000,34298000,346098000,Cash,Showroom
503129,2021-11-29,3069,149,113,1,297900000,18100000,30778000,310578000,Cash,Showroom
503130,2025-06-30,3530,138,7,1,243100000,5000000,26191000,264291000,Cash,Showroom
503131,2024-10-24,1856,108,13,1,180700000,900000,19778000,199578000,Credit,Showroom
503132,2022-10-05,2374,130,38,1,655000000,17000000,70180000,708180000,Credit,Showroom
503133,2020-11-30,3502,140,24,1,176500000,3600000,19019000,191919000,Credit,Showroom
503134,2020-03-03,2984,117,29,1,185700000,12100000,19096000,192696000,Credit,Event
503135,2020-03-21,3626,103,106,1,291000000,4200000,31548000,318348000,Cash,Showroom
503136,2020-12-11,1916,104,63,1,303900000,20100000,31218000,315018000,Cash,Showroom
503137,2023-02-01,4672,102,46,5,470400000,137200000,243628000,2458428000,Credit,Fleet
503138,2020-02-02,3249,105,99,1,584100000,10300000,63118000,636918000,Cash,Showroom
503139,2020-11-30,3180,102,43,1,479500000,15700000,51018000,514818000,Cash,Event
503140,2024-08-10,2142,118,38,1,197600000,2100000,21505000,217005000,Credit,Showroom
503141,2024-02-19,3545,103,113,1,302600000,9900000,32197000,324897000,Cash,Showroom
503142,2024-09-19,4316,106,9,1,396800000,2400000,43384000,437784000,Cash,Online
503143,2025-08-24,4699,115,71,1,287200000,14600000,29986000,302586000,Cash,Online
503144,2025-04-19,3773,174,64,1,1910600000,71200000,202334000,2041734000,Credit,Showroom
503145,2025-06-16,2579,108,8,1,179200000,10100000,18601000,187701000,Credit,Event
503146,2022-01-08,2195,104,111,1,289400000,19700000,29667000,299367000,Cash,Showroom
503147,2025-05-16,1857,111,25,1,228500000,13100000,23694000,239094000,Credit,Showroom
503148,2023-09-15,1887,142,78,1,297200000,9400000,31658000,319458000,Credit,Showroom
503149,2021-11-23,5483,108,18,1,176700000,3000000,19107000,192807000,Credit,Event
503150,2024-09-12,2278,105,116,1,565300000,8600000,61237000,617937000,Credit,Online
503151,2023-02-27,2991,126,101,1,648700000,11100000,70136000,707736000,Credit,Event
503152,2023-03-02,1115,104,33,1,291400000,9900000,30965000,312465000,Credit,Showroom
503153,2024-03-07,1443,144,41,1,814600000,24500000,86911000,877011000,Credit,Event
503154,2024-04-12,1154,108,37,1,179800000,5200000,19206000,193806000,Cash,Showroom
503155,2025-06-05,3692,139,9,1,248200000,6800000,26554000,267954000,Cash,Showroom
503156,2025-04-05,5178,116,28,1,256700000,15600000,26521000,267621000,Credit,Event
503157,2021-11-02,3964,153,105,1,432000000,24400000,44836000,452436000,Credit,Showroom
503158,2025-01-19,1213,115,91,1,296600000,6500000,31911000,322011000,Cash,Showroom
503159,2022-12-22,1190,126,91,1,625200000,17500000,66847000,674547000,Cash,Showroom
503160,2023-04-11,4734,121,30,1,404500000,6700000,43758000,441558000,Credit,Online
503161,2025-09-02,5132,125,20,1,653700000,14500000,70312000,709512000,Credit,Online
503162,2024-11-27,3047,107,35,1,396600000,20300000,41393000,417693000,Credit,Showroom
503163,2024-08-28,1976,136,78,1,462000000,18000000,48840000,492840000,Credit,Showroom
503164,2023-07-06,3408,111,75,1,240500000,14500000,24860000,250860000,Credit,Showroom
503165,2022-11-11,3756,110,81,1,737600000,23900000,78507000,792207000,Credit,Showroom
503166,2022-03-31,1796,137,58,1,457800000,12200000,49016000,494616000,Cash,Online
503167,2022-03-31,5171,114,88,1,292800000,15100000,30547000,308247000,Cash,Showroom
503168,2023-02-19,3698,137,24,1,454300000,17900000,48004000,484404000,Cash,Showroom
503169,2025-12-23,1492,116,40,1,254100000,4200000,27489000,277389000,Credit,Event
503170,2025-12-17,4901,110,119,1,759200000,46700000,78375000,790875000,Credit,Showroom
503171,2021-06-27,4703,106,102,1,391700000,8500000,42152000,425352000,Cash,Showroom
503172,2020-05-17,4650,102,68,1,456900000,700000,50182000,506382000,Cash,Showroom
503173,2025-05-17,2234,165,104,1,429500000,26700000,44308000,447108000,Cash,Showroom
503174,2020-07-09,3933,105,2,1,544900000,10100000,58828000,593628000,Credit,Showroom
503175,2023-11-14,3285,148,44,1,285300000,8300000,30470000,307470000,Cash,Showroom
503176,2024-12-21,3439,125,25,1,650400000,4700000,71027000,716727000,Credit,Showroom
503177,2025-11-15,4700,115,96,1,293200000,8800000,31284000,315684000,Credit,Showroom
503178,2024-02-28,2504,109,90,1,766600000,1700000,84139000,849039000,Credit,Showroom
503179,2022-02-23,3255,129,119,1,304600000,9200000,32494000,327894000,Credit,Showroom
503180,2024-06-22,4874,112,88,1,236900000,13600000,24563000,247863000,Credit,Showroom
503181,2021-09-25,1240,101,65,1,242500000,11700000,25388000,256188000,Cash,Showroom
503182,2023-10-14,4412,111,4,1,229900000,7400000,24475000,246975000,Cash,Showroom
503183,2021-05-06,2172,123,17,1,751200000,46700000,77495000,781995000,Credit,Showroom
503184,2025-04-24,3450,104,43,1,289500000,8900000,30866000,311466000,Credit,Showroom
503185,2021-12-18,1493,104,37,1,291100000,12700000,30624000,309024000,Cash,Showroom
503186,2020-08-17,4215,142,91,1,293100000,11000000,31031000,313131000,Credit,Showroom
503187,2025-05-26,1574,120,81,1,395700000,13200000,42075000,424575000,Cash,Showroom
503188,2024-07-17,5099,131,34,1,393300000,21100000,40942000,413142000,Cash,Showroom
503189,2023-09-14,2137,105,98,1,561700000,33400000,58113000,586413000,Credit,Showroom
503190,2024-09-24,4438,110,85,1,742200000,25300000,78859000,795759000,Cash,Showroom
503191,2021-02-03,1641,110,112,1,762600000,10600000,82720000,834720000,Credit,Showroom
503192,2022-10-23,4220,130,37,1,669500000,25200000,70873000,715173000,Credit,Showroom
503193,2021-12-28,2947,119,3,1,204100000,12300000,21098000,212898000,Credit,Showroom
503194,2021-03-22,4750,111,16,1,225400000,15700000,23067000,232767000,Credit,Showroom
503195,2025-07-31,4727,111,77,1,223500000,14100000,23034000,232434000,Credit,Online
503196,2022-12-18,5337,107,107,1,387900000,18000000,40689000,410589000,Cash,Online
503197,2023-03-02,1972,116,28,1,256500000,3000000,27885000,281385000,Credit,Showroom
503198,2020-06-17,5373,111,64,1,223600000,5600000,23980000,241980000,Credit,Showroom
503199,2020-09-15,1505,116,68,1,265300000,11100000,27962000,282162000,Cash,Online
503200,2024-01-16,2521,109,87,1,759100000,33600000,79805000,805305000,Credit,Showroom
503201,2022-04-15,2063,125,19,1,650500000,7200000,70763000,714063000,Credit,Showroom
503202,2020-01-30,4512,104,88,1,290200000,800000,31834000,321234000,Credit,Event
503203,2025-08-31,2204,134,77,1,253300000,13500000,26378000,266178000,Cash,Showroom
503204,2024-02-28,5338,131,115,1,390300000,8900000,41954000,423354000,Credit,Showroom
503205,2023-11-19,2269,107,62,1,386700000,4500000,42042000,424242000,Cash,Showroom
503206,2024-02-13,4026,122,88,1,751200000,10600000,81466000,822066000,Credit,Showroom
503207,2020-11-23,2019,104,53,1,289300000,15000000,30173000,304473000,Credit,Showroom
503208,2024-08-22,2323,109,40,1,747100000,38800000,77913000,786213000,Credit,Showroom
503209,2020-01-29,4338,110,89,1,761700000,30700000,80410000,811410000,Credit,Showroom
503210,2025-03-29,3776,135,85,1,292500000,11900000,30866000,311466000,Credit,Showroom
503211,2025-06-04,2593,129,49,1,292900000,9700000,31152000,314352000,Credit,Showroom
503212,2025-04-25,4792,116,90,1,255000000,1700000,27863000,281163000,Cash,Showroom
503213,2025-05-29,2308,101,118,1,239500000,3600000,25949000,261849000,Credit,Event
503214,2025-08-01,3012,107,54,1,374000000,14100000,39589000,399489000,Credit,Showroom
503215,2024-07-13,1635,130,106,1,671400000,44100000,69003000,696303000,Cash,Showroom
503216,2022-09-13,5467,122,33,1,775600000,45400000,80322000,810522000,Cash,Showroom
503217,2021-04-06,3158,130,61,1,662300000,13800000,71335000,719835000,Credit,Showroom
503218,2025-04-13,1699,101,49,1,237500000,7000000,25355000,255855000,Credit,Showroom
503219,2024-04-16,3894,126,68,1,644500000,36800000,66847000,674547000,Credit,Showroom
503220,2022-02-15,2455,143,76,1,755300000,22100000,80652000,813852000,Cash,Showroom
503221,2024-08-31,1205,105,30,1,586100000,7400000,63657000,642357000,Credit,Showroom
503222,2025-03-19,3691,103,115,1,283300000,16600000,29337000,296037000,Cash,Showroom
503223,2020-06-07,2490,122,50,1,765700000,39500000,79882000,806082000,Credit,Showroom
503224,2025-03-01,2464,104,69,1,297900000,10400000,31625000,319125000,Credit,Showroom
503225,2025-12-26,5496,114,91,1,289700000,11100000,30646000,309246000,Credit,Showroom
503226,2024-11-02,1774,101,25,1,242000000,5800000,25982000,262182000,Cash,Showroom
503227,2020-10-23,3836,122,59,1,791200000,19300000,84909000,856809000,Credit,Showroom
503228,2021-06-21,2191,121,115,1,402300000,27500000,41228000,416028000,Credit,Showroom
503229,2023-11-26,4873,134,81,1,260100000,12000000,27291000,275391000,Credit,Showroom
503230,2021-09-02,3533,156,106,1,653100000,26200000,68959000,695859000,Cash,Showroom
503231,2023-01-13,3445,122,54,1,795500000,50200000,81983000,827283000,Credit,Showroom
503232,2022-01-11,2331,106,72,1,381700000,10000000,40887000,412587000,Credit,Showroom
503233,2022-09-19,1735,113,38,1,166800000,7500000,17523000,176823000,Credit,Showroom
503234,2022-11-04,1921,133,95,1,417400000,4000000,45474000,458874000,Credit,Showroom
503235,2024-04-23,3527,107,47,1,385700000,12400000,41063000,414363000,Credit,Showroom
503236,2023-04-21,1764,123,108,2,780500000,7800000,170852000,1724052000,Credit,Fleet
503237,2023-12-17,5047,167,112,1,666100000,3000000,72941000,736041000,Credit,Showroom
503238,2024-12-09,3924,115,60,1,287000000,1400000,31416000,317016000,Cash,Showroom
503239,2022-04-14,4710,121,50,1,402200000,19200000,42130000,425130000,Credit,Online
503240,2023-12-31,4025,103,51,1,288900000,15400000,30085000,303585000,Credit,Showroom
503241,2021-07-04,4969,111,13,1,234000000,2100000,25509000,257409000,Cash,Online
503242,2021-06-25,3098,117,20,1,182300000,1800000,19855000,200355000,Cash,Showroom
503243,2022-09-03,2429,152,16,1,289000000,0,31790000,320790000,Cash,Showroom
503244,2023-03-12,2207,173,29,1,1347900000,26200000,145387000,1467087000,Cash,Online
503245,2023-02-26,4670,104,85,1,293800000,16300000,30525000,308025000,Credit,Showroom
503246,2023-06-08,3079,112,20,1,224000000,11000000,23430000,236430000,Cash,Showroom
503247,2020-12-25,2150,107,102,1,373600000,20400000,38852000,392052000,Credit,Showroom
503248,2021-12-04,4073,104,97,1,304300000,9700000,32406000,327006000,Credit,Showroom
503249,2020-09-08,4984,137,39,1,443000000,27500000,45705000,461205000,Credit,Showroom
503250,2024-02-20,2342,108,86,1,172900000,11500000,17754000,179154000,Cash,Showroom
503251,2025-02-10,2931,117,116,1,193400000,6100000,20603000,207903000,Credit,Showroom
503252,2024-09-28,1221,107,49,1,386100000,21100000,40150000,405150000,Credit,Showroom
503253,2021-02-09,3709,147,99,1,197900000,13700000,20262000,204462000,Cash,Showroom
503254,2024-01-03,4342,105,74,1,550200000,20300000,58289000,588189000,Credit,Event
503255,2021-10-14,1894,110,67,1,779700000,52300000,80014000,807414000,Cash,Showroom
503256,2025-10-27,3664,183,24,1,1917200000,107200000,199100000,2009100000,Credit,Showroom
503257,2021-10-24,1367,146,111,1,208800000,5300000,22385000,225885000,Credit,Event
503258,2020-10-10,1687,123,73,1,777000000,900000,85371000,861471000,Credit,Showroom
503259,2022-07-29,1333,112,69,1,231400000,12600000,24068000,242868000,Cash,Showroom
503260,2025-11-02,2674,150,99,1,260600000,6100000,27995000,282495000,Credit,Showroom
503261,2023-06-24,3419,107,61,1,384900000,25800000,39501000,398601000,Credit,Online
503262,2024-09-21,1893,175,74,1,1122900000,32800000,119911000,1210011000,Cash,Event
503263,2025-06-27,2952,104,116,1,291200000,3500000,31647000,319347000,Credit,Showroom
503264,2024-02-01,5198,123,20,2,772500000,106600000,158224000,1596624000,Credit,Fleet
503265,2022-11-19,2106,107,103,1,391300000,12200000,41701000,420801000,Cash,Showroom
503266,2025-06-29,2260,138,44,1,243400000,2700000,26477000,267177000,Credit,Showroom
503267,2024-08-07,1346,130,109,1,661400000,45200000,67782000,683982000,Cash,Showroom
503268,2022-06-17,2678,104,50,1,300200000,12600000,31636000,319236000,Cash,Showroom
503269,2022-02-09,1552,105,6,1,552300000,20900000,58454000,589854000,Credit,Showroom
503270,2021-05-30,2840,106,38,1,395000000,15800000,41712000,420912000,Cash,Showroom
503271,2024-01-14,3408,110,90,1,773200000,10500000,83897000,846597000,Cash,Showroom
503272,2023-10-31,2021,110,32,1,752100000,22000000,80311000,810411000,Credit,Showroom
503273,2020-08-12,4107,124,77,1,316500000,17600000,32879000,331779000,Credit,Showroom
503274,2023-12-04,4449,136,61,1,446600000,4100000,48675000,491175000,Cash,Showroom
503275,2024-12-12,3520,128,58,1,305500000,20700000,31328000,316128000,Credit,Showroom
503276,2025-04-02,2851,139,33,1,243900000,8300000,25916000,261516000,Cash,Showroom
503277,2021-04-26,3996,164,17,1,436300000,16600000,46167000,465867000,Credit,Showroom
503278,2025-02-02,5030,118,86,1,197400000,12900000,20295000,204795000,Credit,Showroom
503279,2023-12-08,4029,124,77,1,311900000,13500000,32824000,331224000,Cash,Showroom
503280,2022-09-13,3725,106,59,1,397200000,26600000,40766000,411366000,Credit,Showroom
503281,2023-01-21,3597,110,47,1,741600000,39800000,77198000,778998000,Credit,Showroom
503282,2024-12-08,2243,129,68,1,306300000,15100000,32032000,323232000,Credit,Online
503283,2023-04-21,3260,120,42,1,401100000,16300000,42328000,427128000,Credit,Event
503284,2024-10-25,4882,123,115,1,784600000,51700000,80619000,813519000,Cash,Event
503285,2025-06-11,4515,142,13,1,289700000,14200000,30305000,305805000,Credit,Showroom
503286,2023-10-10,2771,115,32,1,296700000,10900000,31438000,317238000,Credit,Online
503287,2022-04-20,1436,139,71,1,259800000,1800000,28380000,286380000,Credit,Showroom
503288,2020-07-04,2933,144,15,1,757900000,14700000,81752000,824952000,Credit,Showroom
503289,2022-07-22,1001,143,40,1,748900000,7800000,81521000,822621000,Credit,Showroom
503290,2023-07-29,1162,163,85,1,545900000,2200000,59807000,603507000,Credit,Showroom
503291,2023-10-10,3708,115,75,1,282200000,18600000,28996000,292596000,Cash,Showroom
503292,2025-03-06,4665,104,112,1,303600000,20100000,31185000,314685000,Credit,Showroom
503293,2023-12-25,1358,134,39,1,258000000,16100000,26609000,268509000,Credit,Showroom
503294,2025-03-28,2529,135,97,1,300000000,1500000,32835000,331335000,Credit,Showroom
503295,2021-03-17,2553,113,57,1,167100000,6600000,17655000,178155000,Credit,Showroom
503296,2021-12-12,1367,104,78,1,301800000,16500000,31383000,316683000,Credit,Showroom
503297,2025-08-01,1205,140,59,1,169100000,10600000,17435000,175935000,Credit,Showroom
503298,2021-08-12,2885,102,50,1,472500000,18600000,49929000,503829000,Cash,Showroom
503299,2023-03-21,2358,107,14,1,387100000,14700000,40964000,413364000,Cash,Online
503300,2022-10-25,1048,114,106,1,285900000,300000,31416000,317016000,Credit,Showroom
503301,2022-11-18,4228,105,10,1,570800000,15900000,61039000,615939000,Cash,Showroom
503302,2025-01-04,5465,135,87,1,294400000,16100000,30613000,308913000,Credit,Showroom
503303,2023-01-07,4932,110,42,1,765900000,21100000,81928000,826728000,Credit,Showroom
503304,2023-12-06,3685,108,120,1,178400000,4500000,19129000,193029000,Credit,Showroom
503305,2024-02-27,3536,103,114,1,290500000,14300000,30382000,306582000,Cash,Showroom
503306,2024-07-27,3686,125,117,1,628500000,22700000,66638000,672438000,Cash,Showroom
503307,2022-12-12,4549,131,77,1,377300000,13400000,40029000,403929000,Cash,Showroom
503308,2021-11-09,2264,152,18,1,285800000,8200000,30536000,308136000,Credit,Showroom
503309,2020-12-10,3696,125,43,1,657000000,33300000,68607000,692307000,Cash,Showroom
503310,2020-01-20,1431,110,106,1,773500000,5100000,84524000,852924000,Credit,Event
503311,2024-11-18,1884,177,9,1,1423400000,4600000,156068000,1574868000,Credit,Online
503312,2022-08-06,1043,132,84,1,429400000,200000,47212000,476412000,Cash,Showroom
503313,2023-05-09,1311,126,96,4,629600000,72700000,269027000,2714727000,Credit,Fleet
503314,2022-10-23,3976,113,22,1,160800000,6900000,16929000,170829000,Cash,Showroom
503315,2025-02-04,3230,138,38,1,249900000,2100000,27258000,275058000,Credit,Showroom
503316,2021-03-03,1045,132,42,1,414500000,8700000,44638000,450438000,Credit,Event
503317,2023-06-13,4182,104,30,1,285900000,19100000,29348000,296148000,Credit,Showroom
503318,2020-07-04,4490,160,63,1,396800000,19100000,41547000,419247000,Credit,Showroom
503319,2023-10-28,4065,175,59,1,1098200000,10400000,119658000,1207458000,Credit,Showroom
503320,2025-02-17,2591,150,69,1,254900000,12100000,26708000,269508000,Credit,Showroom
503321,2020-06-21,3351,111,52,1,238900000,6200000,25597000,258297000,Credit,Showroom
503322,2023-11-18,3526,108,58,1,177700000,10700000,18370000,185370000,Cash,Showroom
503323,2023-02-27,4633,109,6,1,796800000,32600000,84062000,848262000,Credit,Showroom
503324,2020-05-07,3737,112,85,1,225600000,8200000,23914000,241314000,Cash,Showroom
503325,2025-10-16,2729,166,25,1,642200000,42400000,65978000,665778000,Cash,Showroom
503326,2021-07-18,1253,137,116,1,445600000,27000000,46046000,464646000,Credit,Showroom
503327,2025-02-22,2565,136,102,1,458500000,1900000,50226000,506826000,Credit,Showroom
503328,2024-03-25,3453,117,111,1,191700000,6500000,20372000,205572000,Cash,Showroom
503329,2022-07-17,1850,110,113,1,796700000,47300000,82434000,831834000,Credit,Showroom
503330,2025-02-15,3063,101,32,1,245000000,16200000,25168000,253968000,Cash,Showroom
503331,2023-04-01,2771,114,37,1,286200000,7600000,30646000,309246000,Credit,Showroom
503332,2022-04-16,1118,133,29,1,437400000,26200000,45232000,456432000,Credit,Showroom
503333,2021-07-25,3277,143,10,1,719300000,20300000,76890000,775890000,Credit,Online
503334,2024-08-09,3035,103,96,1,304300000,13300000,32010000,323010000,Cash,Online
503335,2025-03-09,3704,132,112,1,426900000,17900000,44990000,453990000,Cash,Showroom
503336,2020-08-23,3799,125,17,1,624800000,9400000,67694000,683094000,Credit,Showroom
503337,2024-05-13,3621,104,70,1,298100000,8500000,31856000,321456000,Cash,Event
503338,2022-03-08,1692,131,83,1,372000000,20600000,38654000,390054000,Credit,Showroom
503339,2020-11-21,4112,112,95,1,226600000,1800000,24728000,249528000,Credit,Showroom
503340,2021-08-02,4546,102,5,1,454600000,25400000,47212000,476412000,Credit,Showroom
503341,2024-09-24,3602,163,46,1,547100000,21100000,57860000,583860000,Credit,Online
503342,2020-09-15,2037,123,80,1,738800000,36400000,77264000,779664000,Cash,Showroom
503343,2024-04-12,2641,108,55,1,176300000,4300000,18920000,190920000,Credit,Showroom
503344,2023-05-26,3603,106,84,1,397900000,12500000,42394000,427794000,Credit,Online
503345,2024-01-01,5124,154,108,1,865000000,60100000,88539000,893439000,Credit,Showroom
503346,2024-04-02,5313,110,49,1,748200000,35200000,78430000,791430000,Credit,Showroom
503347,2022-12-02,2159,121,65,1,411600000,17200000,43384000,437784000,Credit,Showroom
503348,2022-03-19,3473,169,103,1,269500000,17900000,27676000,279276000,Credit,Showroom
503349,2022-12-29,2538,132,45,1,407600000,13200000,43384000,437784000,Credit,Showroom
503350,2024-03-15,2559,114,64,1,290700000,18100000,29986000,302586000,Credit,Showroom
503351,2023-06-27,4085,105,14,1,570600000,19700000,60599000,611499000,Cash,Showroom
503352,2025-03-19,5197,149,90,1,300000000,10500000,31845000,321345000,Cash,Showroom
503353,2024-11-15,5224,112,59,1,227900000,3500000,24684000,249084000,Credit,Showroom
503354,2020-02-01,1435,107,33,1,379800000,11600000,40502000,408702000,Credit,Online
503355,2023-01-08,1588,143,50,1,716300000,21000000,76483000,771783000,Cash,Showroom
503356,2025-09-26,4549,152,110,1,278600000,10300000,29513000,297813000,Credit,Online
503357,2023-01-12,2982,139,53,1,255800000,5500000,27533000,277833000,Cash,Showroom
503358,2024-07-28,4489,106,7,1,383500000,10200000,41063000,414363000,Credit,Showroom
503359,2024-06-29,5087,178,115,1,1117700000,33500000,119262000,1203462000,Credit,Showroom
503360,2024-02-04,4593,107,3,1,378900000,12400000,40315000,406815000,Cash,Showroom
503361,2020-03-19,1400,114,72,1,281100000,9100000,29920000,301920000,Cash,Showroom
503362,2023-08-20,2103,135,10,1,289200000,7500000,30987000,312687000,Credit,Showroom
503363,2024-06-28,1496,103,78,1,301800000,9200000,32186000,324786000,Cash,Showroom
503364,2025-03-22,4728,110,108,1,773300000,48100000,79772000,804972000,Cash,Event
503365,2025-05-30,2430,102,14,1,460000000,29000000,47410000,478410000,Credit,Showroom
503366,2024-06-03,1680,132,60,1,432900000,27800000,44561000,449661000,Cash,Showroom
503367,2025-11-17,2615,102,72,1,452600000,29900000,46497000,469197000,Credit,Showroom
503368,2024-08-23,4620,106,109,1,382500000,25000000,39325000,396825000,Credit,Showroom
503369,2025-07-13,3880,117,109,1,184800000,9100000,19327000,195027000,Credit,Showroom
503370,2025-01-01,5449,122,40,1,765400000,14500000,82599000,833499000,Credit,Showroom
503371,2025-09-04,1180,133,67,1,417300000,21300000,43560000,439560000,Credit,Showroom
503372,2025-09-26,4834,145,10,1,364000000,17200000,38148000,384948000,Credit,Showroom
503373,2025-01-28,3418,160,70,1,370900000,13700000,39292000,396492000,Credit,Showroom
503374,2024-12-27,4198,123,35,1,758500000,11800000,82137000,828837000,Credit,Online
503375,2020-12-19,5390,141,17,1,377000000,2400000,41206000,415806000,Cash,Showroom
503376,2022-05-17,3671,125,14,1,666700000,7500000,72512000,731712000,Credit,Showroom
503377,2023-08-29,5234,136,65,1,454800000,16700000,48191000,486291000,Credit,Showroom
503378,2020-09-24,3431,115,111,1,287500000,11000000,30415000,306915000,Credit,Showroom
503379,2025-12-18,5352,120,50,1,403800000,23300000,41855000,422355000,Credit,Showroom
503380,2024-02-12,2661,154,17,1,872800000,40500000,91553000,923853000,Cash,Showroom
503381,2022-02-20,4631,120,73,1,398900000,5400000,43285000,436785000,Cash,Showroom
503382,2023-04-08,2153,101,43,1,243800000,3500000,26433000,266733000,Cash,Showroom
503383,2025-01-16,4729,168,99,1,269300000,7100000,28842000,291042000,Credit,Showroom
503384,2025-04-15,2889,120,66,1,394800000,3500000,43043000,434343000,Cash,Showroom
503385,2025-07-01,2375,109,82,1,787800000,49500000,81213000,819513000,Credit,Showroom
503386,2022-07-08,1390,146,12,1,204300000,2200000,22231000,224331000,Cash,Showroom
503387,2022-11-10,3079,152,60,1,293400000,8400000,31350000,316350000,Credit,Showroom
503388,2022-06-15,4296,107,56,1,385000000,22000000,39930000,402930000,Credit,Showroom
503389,2022-07-07,3053,119,53,1,197000000,10700000,20493000,206793000,Credit,Showroom
503390,2022-11-24,3963,106,32,1,371600000,13400000,39402000,397602000,Credit,Showroom
503391,2024-11-09,2334,137,113,1,458700000,19100000,48356000,487956000,Credit,Event
503392,2022-08-28,4082,150,45,1,268900000,16300000,27786000,280386000,Cash,Showroom
503393,2021-08-05,5181,120,47,1,389900000,6800000,42141000,425241000,Cash,Showroom
503394,2025-03-21,3049,139,116,1,247000000,11500000,25905000,261405000,Credit,Showroom
503395,2025-08-19,3083,109,101,1,762400000,19800000,81686000,824286000,Cash,Online
503396,2025-03-05,1018,113,61,1,166700000,6700000,17600000,177600000,Cash,Event
503397,2022-12-08,4813,121,94,1,413800000,7700000,44671000,450771000,Credit,Online
503398,2020-03-09,1661,104,114,2,285100000,7300000,61919000,624819000,Cash,Fleet
503399,2024-09-03,4645,169,4,1,257200000,17700000,26345000,265845000,Credit,Showroom
503400,2021-03-02,2338,107,68,1,379300000,19700000,39556000,399156000,Credit,Showroom
503401,2022-10-18,2089,137,43,1,455600000,21500000,47751000,481851000,Cash,Showroom
503402,2025-05-10,4443,128,63,1,308000000,4900000,33341000,336441000,Cash,Showroom
503403,2024-06-15,5285,124,118,5,311800000,101800000,160292000,1617492000,Credit,Fleet
503404,2024-09-12,4743,128,8,1,307700000,4500000,33352000,336552000,Credit,Showroom
503405,2025-11-02,2124,111,73,1,238400000,5800000,25586000,258186000,Credit,Event
503406,2024-10-05,1937,119,1,1,201400000,3700000,21747000,219447000,Cash,Showroom
503407,2024-08-18,5029,111,116,1,233800000,4800000,25190000,254190000,Credit,Showroom
503408,2025-11-08,3837,108,18,1,175400000,1500000,19129000,193029000,Credit,Showroom
503409,2021-03-07,4245,128,119,1,307700000,18100000,31856000,321456000,Cash,Showroom
503410,2021-01-03,5119,172,20,1,1368500000,92300000,140382000,1416582000,Credit,Showroom
503411,2021-05-18,3195,109,39,3,788300000,88000000,250459000,2527359000,Credit,Fleet
503412,2020-11-27,1638,113,93,1,162300000,7100000,17072000,172272000,Cash,Showroom
503413,2024-02-19,5277,159,22,1,413200000,6600000,44726000,451326000,Cash,Showroom
503414,2022-11-04,1614,106,10,1,394400000,24900000,40645000,410145000,Cash,Showroom
503415,2020-06-21,1698,114,105,1,286300000,7400000,30679000,309579000,Credit,Online
503416,2024-11-20,5079,102,56,1,462200000,30900000,47443000,478743000,Cash,Showroom
503417,2021-09-22,3004,127,66,1,280000000,2400000,30536000,308136000,Credit,Showroom
503418,2025-11-18,2351,128,100,1,302500000,15700000,31548000,318348000,Cash,Showroom
503419,2022-05-11,2945,128,111,1,310100000,13900000,32582000,328782000,Credit,Showroom
503420,2020-07-11,5483,111,64,1,232400000,9600000,24508000,247308000,Credit,Showroom
503421,2022-05-09,4435,119,50,1,205600000,3800000,22198000,223998000,Cash,Showroom
503422,2025-03-28,1590,175,85,1,1077600000,20600000,116270000,1173270000,Cash,Event
503423,2020-08-05,4428,114,86,1,286100000,11000000,30261000,305361000,Credit,Showroom
503424,2024-07-12,3344,103,76,1,296700000,13700000,31130000,314130000,Credit,Event
503425,2021-03-16,4293,118,116,1,194600000,8600000,20460000,206460000,Cash,Showroom
503426,2021-01-05,3491,105,98,1,575100000,11000000,62051000,626151000,Cash,Showroom
503427,2024-04-26,2887,127,101,1,277500000,14300000,28952000,292152000,Credit,Showroom
503428,2024-03-07,5248,141,39,1,381400000,15600000,40238000,406038000,Credit,Showroom
503429,2021-12-30,5302,102,110,1,475400000,20400000,50050000,505050000,Credit,Showroom
503430,2025-01-01,1683,124,80,1,314800000,19900000,32439000,327339000,Credit,Showroom
503431,2025-09-28,1511,132,120,1,432600000,15000000,45936000,463536000,Credit,Showroom
503432,2025-03-19,2722,154,119,1,881100000,36700000,92884000,937284000,Credit,Showroom
503433,2022-03-31,1064,111,76,1,234000000,4100000,25289000,255189000,Credit,Event
503434,2024-08-26,3060,112,45,1,226300000,4300000,24420000,246420000,Cash,Showroom
503435,2025-10-28,1850,181,2,1,1604700000,8300000,175604000,1772004000,Credit,Showroom
503436,2021-07-01,2143,136,64,1,449400000,18100000,47443000,478743000,Credit,Showroom
503437,2024-01-28,3092,121,119,1,393100000,1800000,43043000,434343000,Credit,Showroom
503438,2021-01-14,3966,113,99,1,162900000,7600000,17083000,172383000,Cash,Showroom
503439,2023-09-28,2267,105,70,1,567900000,28500000,59334000,598734000,Cash,Online
503440,2021-09-22,5098,119,53,1,198300000,8800000,20845000,210345000,Credit,Showroom
503441,2025-12-19,1960,134,73,6,262700000,84800000,164054000,1655454000,Credit,Fleet
503442,2025-06-02,2325,116,50,1,261800000,3400000,28424000,286824000,Cash,Showroom
503443,2024-07-31,1918,125,24,1,650300000,16300000,69740000,703740000,Cash,Showroom
503444,2020-12-02,4328,139,25,1,250300000,3800000,27115000,273615000,Cash,Showroom
503445,2023-04-07,2263,120,112,1,411600000,7600000,44440000,448440000,Cash,Online
503446,2023-08-13,2335,178,111,4,1132300000,199400000,476278000,4806078000,Cash,Fleet
503447,2022-01-28,2575,126,92,1,636600000,7300000,69223000,698523000,Cash,Event
503448,2020-12-30,2319,140,65,1,173300000,11700000,17776000,179376000,Credit,Showroom
503449,2022-02-06,4206,104,15,1,302700000,2900000,32978000,332778000,Credit,Showroom
503450,2022-12-16,3496,126,2,1,621900000,37300000,64306000,648906000,Cash,Showroom
503451,2021-05-28,2099,115,10,1,278900000,3900000,30250000,305250000,Cash,Showroom
503452,2023-06-08,4504,127,89,1,280400000,6000000,30184000,304584000,Credit,Showroom
503453,2022-05-13,4103,114,94,1,279000000,13700000,29183000,294483000,Cash,Showroom
503454,2022-02-22,4718,181,26,1,1591300000,33400000,171369000,1729269000,Credit,Showroom
503455,2022-12-20,3254,117,95,1,185900000,10400000,19305000,194805000,Cash,Showroom
503456,2024-09-07,2717,157,16,1,340500000,21500000,35090000,354090000,Cash,Showroom
503457,2022-04-16,5305,168,14,1,259400000,10500000,27379000,276279000,Credit,Showroom
503458,2024-01-09,2282,128,91,1,298700000,14800000,31229000,315129000,Credit,Showroom
503459,2021-04-07,2189,123,24,1,760300000,27700000,80586000,813186000,Cash,Showroom
503460,2020-03-04,2426,107,36,1,371600000,18400000,38852000,392052000,Cash,Event
503461,2024-12-22,1977,110,55,1,762600000,11500000,82621000,833721000,Credit,Showroom
503462,2023-08-04,5277,122,98,1,791100000,6500000,86306000,870906000,Credit,Showroom
503463,2023-08-28,5228,148,15,1,296700000,6400000,31933000,322233000,Credit,Showroom
503464,2020-11-08,4913,101,82,1,244100000,9300000,25828000,260628000,Credit,Showroom
503465,2021-01-25,1177,132,69,1,424300000,21400000,44319000,447219000,Cash,Showroom
503466,2024-05-07,1295,112,27,1,239900000,5700000,25762000,259962000,Credit,Showroom
503467,2023-06-10,1697,107,99,1,369000000,24900000,37851000,381951000,Cash,Showroom
503468,2024-11-21,1898,105,70,1,585500000,20100000,62194000,627594000,Credit,Showroom
503469,2021-06-22,3895,109,89,1,792900000,37100000,83138000,838938000,Cash,Showroom
503470,2021-10-17,3548,155,84,1,659200000,41500000,67947000,685647000,Cash,Event
503471,2021-05-05,3858,118,103,1,204200000,13600000,20966000,211566000,Credit,Showroom
503472,2021-09-04,3449,123,12,1,768000000,21400000,82126000,828726000,Cash,Showroom
503473,2023-09-13,3635,109,119,1,790900000,53600000,81103000,818403000,Cash,Showroom
503474,2025-05-31,3321,142,41,1,286900000,18700000,29502000,297702000,Credit,Showroom
503475,2024-08-12,4635,140,111,1,169300000,800000,18535000,187035000,Cash,Showroom
503476,2023-11-30,3308,114,37,1,283800000,3900000,30789000,310689000,Credit,Showroom
503477,2020-06-14,3294,158,106,1,408400000,23800000,42306000,426906000,Credit,Showroom
503478,2021-11-20,4197,116,84,1,259500000,13700000,27038000,272838000,Credit,Showroom
503479,2023-10-23,1328,109,81,1,778700000,52800000,79849000,805749000,Cash,Showroom
503480,2021-04-18,2057,114,112,1,290300000,17600000,29997000,302697000,Credit,Showroom
503481,2021-02-23,3495,112,40,1,226400000,12400000,23540000,237540000,Credit,Event
503482,2020-11-06,1087,103,18,1,288400000,18600000,29678000,299478000,Credit,Showroom
503483,2025-06-26,1223,103,76,1,285700000,11200000,30195000,304695000,Cash,Showroom
503484,2021-07-25,5012,138,88,1,254500000,11700000,26708000,269508000,Cash,Online
503485,2023-09-26,1119,148,24,1,286200000,19800000,29304000,295704000,Credit,Showroom
503486,2022-02-22,3350,127,51,6,276200000,13100000,180851000,1824951000,Cash,Fleet
503487,2020-11-17,1353,107,2,1,383700000,8800000,41239000,416139000,Credit,Showroom
503488,2024-04-23,4439,181,5,1,1617700000,84600000,168641000,1701741000,Credit,Showroom
503489,2024-10-02,2142,115,8,1,283700000,6600000,30481000,307581000,Cash,Showroom
503490,2021-10-14,1057,160,35,1,370600000,12500000,39391000,397491000,Credit,Showroom
503491,2025-10-27,1543,123,34,1,763200000,45100000,78991000,797091000,Cash,Event
503492,2023-08-24,5260,111,86,1,234300000,15700000,24046000,242646000,Credit,Showroom
503493,2023-11-26,4138,135,103,1,300700000,6200000,32395000,326895000,Credit,Showroom
503494,2025-08-19,3697,135,10,1,281500000,3400000,30591000,308691000,Credit,Showroom
503495,2025-10-22,3663,123,98,1,758800000,45100000,78507000,792207000,Cash,Showroom
503496,2022-01-07,2705,128,52,1,307900000,6200000,33187000,334887000,Credit,Showroom
503497,2024-02-16,2031,134,29,1,272400000,3900000,29535000,298035000,Credit,Showroom
503498,2023-07-12,4115,121,20,1,407200000,10800000,43604000,440004000,Credit,Showroom
503499,2022-10-09,2527,103,33,1,298700000,15900000,31108000,313908000,Credit,Showroom
503500,2024-06-24,3484,144,93,1,815000000,25800000,86812000,876012000,Credit,Showroom
503501,2022-06-28,4477,127,107,1,284500000,10900000,30096000,303696000,Cash,Showroom
503502,2022-12-27,4747,101,114,1,242900000,10500000,25564000,257964000,Cash,Online
503503,2022-09-26,2196,101,66,1,250800000,16600000,25762000,259962000,Credit,Showroom
503504,2023-12-02,1411,106,16,1,395600000,19200000,41404000,417804000,Cash,Showroom
503505,2023-12-23,4585,110,81,1,774700000,21400000,82863000,836163000,Credit,Showroom
503506,2023-10-21,1076,121,99,1,396400000,13400000,42130000,425130000,Credit,Showroom
503507,2025-08-14,5362,115,4,1,297300000,17800000,30745000,310245000,Credit,Online
503508,2025-05-30,2270,101,34,1,238000000,2100000,25949000,261849000,Credit,Online
503509,2023-12-05,3390,104,108,1,301700000,12400000,31823000,321123000,Cash,Showroom
503510,2025-03-21,3287,126,31,1,667200000,20900000,71093000,717393000,Credit,Showroom
503511,2020-08-21,1333,132,9,1,428600000,14200000,45584000,459984000,Credit,Showroom
503512,2021-06-25,2273,136,54,1,469700000,16800000,49819000,502719000,Cash,Event
503513,2024-01-24,3460,123,115,1,787500000,42600000,81939000,826839000,Credit,Showroom
503514,2023-11-13,4387,125,117,1,669400000,21400000,71280000,719280000,Credit,Showroom
503515,2025-02-26,2211,131,22,1,374800000,9300000,40205000,405705000,Credit,Event
503516,2025-07-03,4789,133,53,1,427800000,2700000,46761000,471861000,Cash,Showroom
503517,2021-01-12,5192,144,104,1,763400000,12400000,82610000,833610000,Cash,Showroom
503518,2024-01-22,1334,120,83,1,388400000,17900000,40755000,411255000,Credit,Showroom
503519,2025-01-17,1246,177,73,1,1458100000,30500000,157036000,1584636000,Credit,Showroom
503520,2021-04-01,1539,109,74,1,747300000,23300000,79640000,803640000,Credit,Showroom
503521,2025-01-18,5180,151,84,1,583000000,24700000,61413000,619713000,Credit,Showroom
503522,2025-06-06,4546,138,14,1,243900000,11900000,25520000,257520000,Cash,Online
503523,2025-08-05,1971,109,101,1,773200000,13600000,83556000,843156000,Credit,Showroom
503524,2022-01-02,1002,138,99,1,251200000,4300000,27159000,274059000,Cash,Event
503525,2024-01-09,1913,125,7,1,658100000,41800000,67793000,684093000,Credit,Showroom
503526,2023-04-02,4968,140,110,1,171500000,9600000,17809000,179709000,Credit,Showroom
503527,2024-12-04,1496,139,45,1,262000000,13200000,27368000,276168000,Credit,Showroom
503528,2024-06-11,1739,173,81,1,1366200000,8500000,149347000,1507047000,Credit,Showroom
503529,2023-10-29,5263,110,56,1,771300000,52200000,79101000,798201000,Cash,Showroom
503530,2022-11-04,2146,130,43,1,643300000,30400000,67419000,680319000,Cash,Showroom
503531,2022-04-08,3715,117,17,1,191000000,11800000,19712000,198912000,Cash,Showroom
503532,2022-01-09,4697,124,100,1,334900000,13100000,35398000,357198000,Credit,Event
503533,2021-03-04,3308,103,91,1,289700000,7200000,31075000,313575000,Cash,Event
503534,2021-02-09,5434,116,43,1,264400000,2000000,28864000,291264000,Credit,Showroom
503535,2022-10-19,1678,113,79,1,167000000,8000000,17490000,176490000,Cash,Online
503536,2023-01-01,1975,107,15,1,392600000,19000000,41096000,414696000,Cash,Showroom
503537,2025-05-12,5059,102,81,1,475500000,9100000,51304000,517704000,Credit,Online
503538,2022-02-14,1747,154,96,1,857600000,19400000,92202000,930402000,Credit,Showroom
503539,2024-07-18,4182,110,63,1,779900000,49900000,80300000,810300000,Credit,Showroom
503540,2024-07-06,2024,115,106,1,286100000,19700000,29304000,295704000,Credit,Showroom
503541,2023-03-11,2225,135,49,1,303100000,13300000,31878000,321678000,Cash,Showroom
503542,2021-03-16,1543,133,55,1,438400000,27800000,45166000,455766000,Credit,Showroom
503543,2023-07-07,2891,111,27,1,235500000,300000,25872000,261072000,Credit,Showroom
503544,2021-08-26,1594,105,117,1,565300000,17300000,60280000,608280000,Cash,Showroom
503545,2022-01-17,3671,137,31,1,452000000,26300000,46827000,472527000,Cash,Showroom
503546,2025-12-06,4716,137,118,1,450400000,9400000,48510000,489510000,Credit,Showroom
503547,2025-09-07,5266,143,61,1,726100000,25700000,77044000,777444000,Cash,Event
503548,2025-07-01,4013,123,49,1,793600000,15100000,85635000,864135000,Credit,Showroom
503549,2025-12-30,4124,106,77,1,397300000,16300000,41910000,422910000,Cash,Showroom
503550,2025-06-06,2794,131,15,1,384000000,17300000,40337000,407037000,Cash,Showroom
503551,2020-12-21,4596,140,84,1,174200000,2300000,18909000,190809000,Credit,Showroom
503552,2023-11-01,2001,109,19,1,748200000,37500000,78177000,788877000,Credit,Online
503553,2020-07-16,4948,153,10,1,418500000,14100000,44484000,448884000,Credit,Showroom
503554,2024-12-02,5279,114,17,1,293200000,10500000,31097000,313797000,Cash,Showroom
503555,2021-03-26,1498,115,77,1,297500000,2000000,32505000,328005000,Credit,Showroom
503556,2020-11-18,4717,109,114,1,758900000,9900000,82390000,831390000,Credit,Showroom
503557,2022-11-17,3330,147,42,1,209300000,4800000,22495000,226995000,Cash,Showroom
503558,2023-09-30,4969,106,86,1,370900000,12600000,39413000,397713000,Credit,Showroom
503559,2020-05-27,5229,116,81,1,260500000,6300000,27962000,282162000,Credit,Showroom
503560,2024-01-11,2477,107,89,1,398700000,27200000,40865000,412365000,Credit,Online
503561,2021-12-12,1287,102,106,1,449000000,4000000,48950000,493950000,Credit,Showroom
503562,2025-06-27,5452,119,72,1,198000000,400000,21736000,219336000,Credit,Showroom
503563,2020-12-19,3179,102,100,1,447900000,20100000,47058000,474858000,Credit,Event
503564,2022-11-08,2227,185,109,1,924800000,16300000,99935000,1008435000,Credit,Online
503565,2022-06-22,1933,103,84,1,287500000,5300000,31042000,313242000,Credit,Showroom
503566,2025-10-02,3166,111,25,1,229800000,5500000,24673000,248973000,Credit,Showroom
503567,2025-11-06,2992,124,56,1,318000000,19500000,32835000,331335000,Credit,Showroom
503568,2024-10-04,3869,148,57,1,292100000,2800000,31823000,321123000,Credit,Event
503569,2024-12-10,1495,123,9,1,746200000,24900000,79343000,800643000,Cash,Showroom
503570,2025-06-04,4844,137,118,1,464400000,8400000,50160000,506160000,Credit,Online
503571,2022-04-20,2149,110,71,1,777100000,6600000,84755000,855255000,Credit,Showroom
503572,2025-07-21,4518,103,8,1,285800000,8500000,30503000,307803000,Credit,Online
503573,2025-10-17,2032,135,74,1,297800000,17200000,30866000,311466000,Cash,Showroom
503574,2020-03-17,1289,128,102,1,296200000,9200000,31570000,318570000,Cash,Online
503575,2022-10-31,2172,110,34,1,792800000,46800000,82060000,828060000,Credit,Online
503576,2025-11-28,4817,109,21,1,763000000,10800000,82742000,834942000,Credit,Showroom
503577,2025-01-27,4778,117,7,1,185900000,1400000,20295000,204795000,Cash,Showroom
503578,2025-09-21,5005,127,19,1,279100000,10200000,29579000,298479000,Credit,Event
503579,2024-01-04,4344,131,112,1,375500000,17300000,39402000,397602000,Credit,Showroom
503580,2025-07-22,5193,132,8,1,424300000,20000000,44473000,448773000,Cash,Showroom
503581,2024-11-04,2842,122,59,1,741800000,11000000,80388000,811188000,Credit,Showroom
503582,2020-08-02,1501,105,65,1,580000000,21300000,61457000,620157000,Cash,Showroom
503583,2022-09-22,4312,102,69,1,449000000,10800000,48202000,486402000,Credit,Showroom
503584,2020-02-15,1344,150,67,1,266500000,8800000,28347000,286047000,Credit,Showroom
503585,2022-09-04,2284,105,105,1,550900000,3200000,60247000,607947000,Credit,Showroom
503586,2024-01-16,5203,148,21,1,298900000,9200000,31867000,321567000,Credit,Showroom
503587,2025-11-09,2034,139,4,1,260600000,17600000,26730000,269730000,Cash,Showroom
503588,2025-08-08,3509,131,30,1,373000000,3700000,40623000,409923000,Cash,Showroom
503589,2021-10-09,3300,179,2,1,1092700000,8000000,119317000,1204017000,Credit,Showroom
503590,2020-07-24,1199,128,26,1,291700000,14800000,30459000,307359000,Credit,Showroom
503591,2020-08-04,3304,101,115,1,236900000,8200000,25157000,253857000,Credit,Showroom
503592,2023-07-07,1612,103,79,1,289500000,8400000,30921000,312021000,Cash,Showroom
503593,2023-04-09,2993,118,51,1,196400000,5800000,20966000,211566000,Cash,Showroom
503594,2023-10-03,4357,126,25,1,646800000,5800000,70510000,711510000,Credit,Event
503595,2022-04-19,4416,127,99,1,293300000,19100000,30162000,304362000,Credit,Showroom
503596,2025-02-15,2374,132,86,1,416100000,12300000,44418000,448218000,Credit,Showroom
503597,2023-12-24,4337,148,97,1,295800000,6500000,31823000,321123000,Credit,Online
503598,2022-01-18,2971,111,39,1,233200000,13100000,24211000,244311000,Credit,Event
503599,2025-04-23,5408,127,108,1,288700000,11100000,30536000,308136000,Credit,Showroom
503600,2025-09-29,3827,106,66,1,373200000,1200000,40920000,412920000,Cash,Showroom
503601,2024-05-04,3395,129,52,1,313300000,11300000,33220000,335220000,Credit,Showroom
503602,2025-11-12,3839,102,12,1,454100000,29200000,46739000,471639000,Cash,Online
503603,2024-09-06,4524,103,66,1,300300000,5600000,32417000,327117000,Cash,Showroom
503604,2025-03-27,5074,132,64,1,408900000,4400000,44495000,448995000,Credit,Showroom
503605,2025-09-24,5384,126,98,1,669000000,14400000,72006000,726606000,Cash,Showroom
503606,2023-10-22,1209,114,27,1,277200000,4200000,30030000,303030000,Credit,Online
503607,2021-07-25,3452,164,112,1,435300000,1500000,47718000,481518000,Cash,Showroom
503608,2025-09-19,4857,113,63,1,163000000,7400000,17116000,172716000,Cash,Online
503609,2025-12-21,1832,177,97,1,1489300000,22300000,161370000,1628370000,Cash,Online
503610,2023-12-18,4477,142,22,1,292400000,6500000,31449000,317349000,Credit,Showroom
503611,2025-12-19,1396,169,15,1,253000000,4700000,27313000,275613000,Credit,Event
503612,2022-04-17,1631,182,20,1,1823600000,10700000,199419000,2012319000,Cash,Showroom
503613,2021-10-15,2208,127,28,1,275000000,100000,30239000,305139000,Credit,Showroom
503614,2022-12-08,4681,106,39,1,378700000,22400000,39193000,395493000,Cash,Showroom
503615,2022-04-07,2685,153,48,1,437600000,3700000,47729000,481629000,Credit,Showroom
503616,2025-06-14,5436,121,57,1,402200000,28000000,41162000,415362000,Credit,Showroom
503617,2022-08-23,4111,108,108,1,181900000,100000,19998000,201798000,Cash,Online
503618,2025-09-22,3419,136,114,1,439700000,6600000,47641000,480741000,Credit,Showroom
503619,2023-11-22,3311,110,12,1,781500000,18800000,83897000,846597000,Credit,Showroom
503620,2022-12-28,2847,136,50,1,452500000,2600000,49489000,499389000,Credit,Showroom
503621,2023-08-25,3403,109,84,1,787600000,47300000,81433000,821733000,Cash,Showroom
503622,2022-05-20,1805,130,112,1,671100000,19300000,71698000,723498000,Credit,Event
503623,2022-08-08,4815,155,22,1,675400000,22000000,71874000,725274000,Credit,Showroom
503624,2025-07-21,2019,142,34,1,288800000,13300000,30305000,305805000,Cash,Online
503625,2022-10-11,3925,131,43,1,385300000,1900000,42174000,425574000,Cash,Showroom
503626,2022-12-28,4289,111,12,1,232800000,4900000,25069000,252969000,Credit,Showroom
503627,2025-10-07,1178,106,11,1,389700000,7100000,42086000,424686000,Cash,Showroom
503628,2021-11-16,3541,113,95,1,171100000,10300000,17688000,178488000,Cash,Showroom
503629,2020-02-21,3736,108,103,1,175900000,2700000,19052000,192252000,Credit,Showroom
503630,2022-12-31,2475,108,82,1,173100000,5600000,18425000,185925000,Credit,Showroom
503631,2023-01-05,2051,116,10,1,264400000,2000000,28864000,291264000,Cash,Showroom
503632,2025-05-03,4879,110,62,1,784800000,11400000,85074000,858474000,Credit,Showroom
503633,2023-02-23,4712,117,38,1,184300000,11100000,19052000,192252000,Cash,Showroom
503634,2024-01-15,1549,117,59,1,190700000,9000000,19987000,201687000,Credit,Showroom
503635,2021-12-27,1671,132,100,1,424300000,11100000,45452000,458652000,Cash,Showroom
503636,2025-08-21,3729,147,22,1,202700000,12700000,20900000,210900000,Credit,Showroom
503637,2021-03-30,3551,115,103,1,285100000,11300000,30118000,303918000,Credit,Showroom
503638,2023-04-23,1964,108,76,1,173300000,6100000,18392000,185592000,Credit,Showroom
503639,2024-12-07,1589,125,13,1,652200000,39800000,67364000,679764000,Credit,Showroom
503640,2023-02-12,2060,137,119,1,469400000,6500000,50919000,513819000,Credit,Online
503641,2024-04-09,1068,112,9,1,231500000,6900000,24706000,249306000,Cash,Showroom
503642,2022-10-06,2796,107,100,1,377900000,9900000,40480000,408480000,Credit,Showroom
503643,2025-08-24,1164,145,71,1,357500000,9300000,38302000,386502000,Credit,Showroom
503644,2021-11-21,2077,150,27,1,256200000,400000,28138000,283938000,Credit,Showroom
503645,2023-11-11,1072,142,86,1,293000000,3700000,31823000,321123000,Credit,Showroom
503646,2024-09-11,4353,142,110,1,287900000,14800000,30041000,303141000,Cash,Event
503647,2021-12-29,5343,120,90,1,405100000,19600000,42405000,427905000,Credit,Showroom
503648,2024-05-16,4545,115,37,1,292200000,6800000,31394000,316794000,Cash,Online
503649,2024-04-16,3237,103,34,1,293900000,1000000,32219000,325119000,Cash,Showroom
503650,2021-09-12,4384,178,80,1,1079100000,36700000,114664000,1157064000,Credit,Event
503651,2021-07-30,1629,123,111,1,737300000,32600000,77517000,782217000,Credit,Showroom
503652,2024-03-30,5191,140,42,1,167000000,5500000,17765000,179265000,Credit,Showroom
503653,2025-07-10,1653,108,32,1,172200000,11100000,17721000,178821000,Credit,Showroom
503654,2025-05-26,1132,136,59,5,445800000,135300000,230307000,2324007000,Credit,Fleet
503655,2024-04-02,4877,111,115,1,231100000,14100000,23870000,240870000,Cash,Showroom
503656,2025-02-20,1572,117,101,1,187700000,6000000,19987000,201687000,Cash,Showroom
503657,2020-05-05,5281,174,119,4,1801000000,201400000,770286000,7772886000,Credit,Fleet
503658,2025-07-14,2232,132,29,1,424900000,19300000,44616000,450216000,Credit,Showroom
503659,2024-08-03,4522,142,47,1,285900000,14400000,29865000,301365000,Cash,Online
503660,2024-04-03,5035,128,119,1,295600000,18400000,30492000,307692000,Credit,Online
503661,2023-09-09,2202,137,37,1,455200000,23400000,47498000,479298000,Cash,Showroom
503662,2024-06-01,5403,113,6,1,165900000,1500000,18084000,182484000,Credit,Showroom
503663,2025-03-06,3245,138,110,1,258700000,2900000,28138000,283938000,Credit,Showroom
503664,2020-06-02,4219,128,31,1,304700000,9000000,32527000,328227000,Cash,Online
503665,2023-01-26,3101,116,120,1,268300000,17600000,27577000,278277000,Cash,Showroom
503666,2020-09-12,4694,142,45,1,304200000,10800000,32274000,325674000,Credit,Showroom
503667,2023-07-20,1739,117,66,1,183800000,7000000,19448000,196248000,Cash,Showroom
503668,2024-12-30,3966,135,19,1,291100000,3400000,31647000,319347000,Credit,Showroom
503669,2025-05-16,5348,169,33,1,252400000,17200000,25872000,261072000,Credit,Online
503670,2024-07-06,3136,107,76,1,374500000,14300000,39622000,399822000,Credit,Showroom
503671,2023-09-18,2152,172,76,1,1324600000,49600000,140250000,1415250000,Cash,Event
503672,2024-12-27,2524,117,84,1,185300000,0,20383000,205683000,Cash,Showroom
503673,2022-12-20,2911,103,65,1,285100000,16900000,29502000,297702000,Cash,Showroom
503674,2025-12-23,4974,120,89,1,416800000,16800000,44000000,444000000,Credit,Showroom
503675,2023-09-18,3541,106,38,1,370400000,15800000,39006000,393606000,Cash,Online
503676,2020-08-27,4851,116,78,1,267300000,10400000,28259000,285159000,Credit,Showroom
503677,2022-04-28,4177,113,83,1,163500000,2000000,17765000,179265000,Credit,Showroom
503678,2023-07-17,3683,136,76,1,450000000,29800000,46222000,466422000,Credit,Showroom
503679,2025-07-27,2889,131,69,1,374500000,10200000,40073000,404373000,Cash,Showroom
503680,2022-04-26,2372,118,67,1,205800000,8000000,21758000,219558000,Credit,Showroom
503681,2021-07-30,2965,125,118,1,644800000,12800000,69520000,701520000,Credit,Showroom
503682,2020-06-15,5325,137,17,1,463200000,25300000,48169000,486069000,Credit,Showroom
503683,2024-12-17,3336,109,40,1,746100000,25200000,79299000,800199000,Credit,Event
503684,2021-07-01,3990,115,110,4,281800000,19200000,121880000,1229880000,Cash,Fleet
503685,2024-01-13,3173,106,54,1,369800000,24800000,37950000,382950000,Cash,Showroom
503686,2021-02-23,3022,109,94,1,785100000,43300000,81598000,823398000,Credit,Event
503687,2023-11-04,3461,138,73,1,246200000,16200000,25300000,255300000,Cash,Showroom
503688,2025-02-13,3866,103,78,1,298700000,10300000,31724000,320124000,Credit,Online
503689,2022-03-05,3365,184,14,1,1246500000,44800000,132187000,1333887000,Cash,Showroom
503690,2025-07-08,1862,149,22,1,293300000,1500000,32098000,323898000,Credit,Showroom
503691,2025-05-01,4204,135,72,1,289000000,9300000,30767000,310467000,Credit,Showroom
503692,2025-06-22,3535,143,22,1,752600000,36300000,78793000,795093000,Credit,Showroom
503693,2023-06-25,2825,105,65,1,568700000,17700000,60610000,611610000,Credit,Showroom
503694,2021-04-24,3608,165,32,1,433400000,24800000,44946000,453546000,Credit,Online
503695,2023-09-22,1778,106,23,1,396300000,16800000,41745000,421245000,Cash,Showroom
503696,2023-09-20,4640,110,88,1,787400000,35300000,82731000,834831000,Credit,Showroom
503697,2021-11-03,2157,134,3,1,263700000,16300000,27214000,274614000,Credit,Event
503698,2022-10-27,1895,129,101,1,300700000,700000,33000000,333000000,Cash,Showroom
503699,2021-01-03,3231,152,52,1,284700000,10600000,30151000,304251000,Cash,Showroom
503700,2024-10-20,2008,125,9,1,626600000,19800000,66748000,673548000,Credit,Event
503701,2021-05-16,1236,121,73,1,391200000,2400000,42768000,431568000,Credit,Event
503702,2020-06-25,2253,132,58,1,412200000,18200000,43340000,437340000,Credit,Showroom
503703,2021-04-16,4860,114,92,1,296300000,10800000,31405000,316905000,Credit,Showroom
503704,2022-07-28,4841,104,90,1,296900000,18100000,30668000,309468000,Credit,Showroom
503705,2021-04-05,5109,106,105,1,386500000,10100000,41404000,417804000,Cash,Showroom
503706,2025-08-13,1190,112,93,1,234500000,9000000,24805000,250305000,Credit,Event
503707,2024-11-10,4163,115,118,1,277700000,2700000,30250000,305250000,Credit,Showroom
503708,2020-05-28,1421,180,88,1,1645000000,63200000,173998000,1755798000,Credit,Showroom
503709,2025-06-28,2317,126,104,1,633700000,12500000,68332000,689532000,Credit,Online
503710,2025-06-10,2276,146,45,1,206700000,2400000,22473000,226773000,Credit,Showroom
503711,2020-01-24,4422,112,58,1,231800000,6200000,24816000,250416000,Cash,Showroom
503712,2023-02-01,4200,101,78,1,242600000,9700000,25619000,258519000,Credit,Showroom
503713,2024-10-18,3739,137,103,1,470800000,3700000,51381000,518481000,Credit,Showroom
503714,2021-04-07,3848,107,114,6,397900000,62000000,255794000,2581194000,Credit,Fleet
503715,2021-03-02,4742,120,39,1,399800000,14300000,42405000,427905000,Cash,Showroom
503716,2025-10-08,5421,104,47,1,282700000,1800000,30899000,311799000,Credit,Showroom
503717,2022-03-20,2396,102,60,1,480500000,27200000,49863000,503163000,Credit,Showroom
503718,2024-04-18,2430,144,27,3,807800000,90800000,256586000,2589186000,Cash,Fleet
503719,2024-07-06,4021,136,69,1,461300000,9500000,49698000,501498000,Credit,Showroom
503720,2023-10-08,4112,114,114,1,276700000,12800000,29029000,292929000,Cash,Showroom
503721,2023-06-20,3918,115,109,1,285900000,2300000,31196000,314796000,Credit,Showroom
503722,2022-07-16,4801,107,73,1,388600000,16800000,40898000,412698000,Credit,Showroom
503723,2023-11-02,1998,113,113,1,160400000,4700000,17127000,172827000,Credit,Online
503724,2021-03-09,3652,161,40,1,414700000,25000000,42867000,432567000,Credit,Online
503725,2022-10-03,1869,106,20,1,385500000,5800000,41767000,421467000,Credit,Showroom
503726,2023-08-17,2740,127,88,1,285000000,15200000,29678000,299478000,Cash,Showroom
503727,2025-11-04,3959,117,40,1,185100000,4200000,19899000,200799000,Cash,Event
503728,2024-08-26,1905,107,13,1,384800000,9000000,41338000,417138000,Cash,Showroom
503729,2023-03-09,5006,146,107,1,208500000,8200000,22033000,222333000,Credit,Showroom
503730,2021-01-31,2826,111,31,1,233500000,14900000,24046000,242646000,Credit,Showroom
503731,2024-03-27,3702,150,9,1,267700000,12500000,28072000,283272000,Credit,Showroom
503732,2025-09-20,4169,110,50,1,777500000,52400000,79761000,804861000,Credit,Showroom
503733,2021-05-05,2394,124,57,1,335200000,11900000,35563000,358863000,Credit,Showroom
503734,2022-05-27,4490,176,58,1,1515600000,75200000,158444000,1598844000,Cash,Showroom
503735,2020-06-29,3825,130,58,1,668500000,45100000,68574000,691974000,Credit,Showroom
503736,2025-06-11,3554,113,62,1,167900000,2100000,18238000,184038000,Credit,Showroom
503737,2025-07-04,2808,102,92,1,472200000,1000000,51832000,523032000,Cash,Online
503738,2025-06-01,5162,175,15,1,1089400000,11600000,118558000,1196358000,Cash,Event
503739,2024-11-14,4197,181,94,1,1604300000,65700000,169246000,1707846000,Credit,Online
503740,2021-02-15,3673,128,72,1,292600000,5500000,31581000,318681000,Cash,Event
503741,2023-02-13,4474,113,24,1,171100000,6700000,18084000,182484000,Credit,Showroom
503742,2024-05-23,3307,106,14,1,370100000,16300000,38918000,392718000,Credit,Showroom
503743,2020-06-03,3547,141,54,1,372500000,19700000,38808000,391608000,Credit,Showroom
503744,2025-12-18,2264,139,58,1,254800000,8300000,27115000,273615000,Credit,Showroom
503745,2025-02-03,5468,102,98,4,472100000,17300000,205821000,2076921000,Credit,Fleet
503746,2025-07-02,4606,160,58,1,383300000,6300000,41470000,418470000,Cash,Showroom
503747,2025-07-31,4734,101,16,1,244500000,14900000,25256000,254856000,Credit,Showroom
503748,2025-09-20,4200,108,26,1,183400000,1300000,20031000,202131000,Credit,Showroom
503749,2023-03-14,4911,109,71,1,745100000,47100000,76780000,774780000,Cash,Showroom
503750,2023-04-03,1960,112,39,1,232700000,4900000,25058000,252858000,Cash,Showroom
503751,2023-01-05,3502,121,58,1,389700000,11500000,41602000,419802000,Credit,Online
503752,2023-05-06,3599,135,21,1,298100000,3700000,32384000,326784000,Cash,Showroom
503753,2022-11-09,1685,124,112,1,330300000,4300000,35860000,361860000,Credit,Showroom
503754,2023-11-01,3627,173,57,1,1365000000,79500000,141405000,1426905000,Credit,Showroom
503755,2020-03-25,1225,167,111,1,631600000,39600000,65120000,657120000,Credit,Showroom
503756,2020-10-07,5048,115,80,1,276600000,16100000,28655000,289155000,Credit,Showroom
503757,2020-12-13,3125,167,27,1,623400000,20800000,66286000,668886000,Credit,Showroom
503758,2024-05-18,2188,112,90,1,235400000,16200000,24112000,243312000,Credit,Showroom
503759,2023-12-18,1075,106,115,1,396000000,10700000,42383000,427683000,Cash,Showroom
503760,2021-02-25,4610,158,19,1,411900000,23500000,42724000,431124000,Credit,Showroom
503761,2025-12-28,4681,150,110,1,261300000,6300000,28050000,283050000,Cash,Showroom
503762,2025-03-14,2512,141,34,1,369600000,19900000,38467000,388167000,Credit,Showroom
503763,2022-06-21,3664,171,97,1,341200000,14700000,35915000,362415000,Credit,Showroom
503764,2023-02-03,1437,157,62,1,329000000,17000000,34320000,346320000,Credit,Showroom
503765,2020-11-05,1604,157,49,1,343000000,13200000,36278000,366078000,Credit,Showroom
503766,2020-09-09,3879,127,59,1,273200000,500000,29997000,302697000,Credit,Showroom
503767,2021-10-01,5382,133,6,1,422100000,27300000,43428000,438228000,Cash,Showroom
503768,2025-08-09,1351,119,107,1,200500000,11800000,20757000,209457000,Credit,Showroom
503769,2024-09-12,1309,124,97,1,324600000,1100000,35585000,359085000,Credit,Showroom
503770,2025-04-01,2497,139,61,1,243900000,400000,26785000,270285000,Credit,Showroom
503771,2021-09-15,1743,113,41,1,169500000,6000000,17985000,181485000,Credit,Event
503772,2021-08-03,3059,105,53,1,579600000,19600000,61600000,621600000,Cash,Showroom
503773,2022-09-05,3307,113,13,1,170100000,5600000,18095000,182595000,Credit,Showroom
503774,2024-07-27,3839,136,77,1,441400000,9600000,47498000,479298000,Credit,Event
503775,2024-12-26,2176,104,5,1,295300000,9900000,31394000,316794000,Credit,Event
503776,2022-03-02,3501,102,119,1,480000000,6400000,52096000,525696000,Credit,Showroom
503777,2021-06-13,4708,106,70,1,392300000,2900000,42834000,432234000,Cash,Showroom
503778,2022-03-23,1878,145,87,1,345700000,10800000,36839000,371739000,Credit,Showroom
503779,2021-11-03,2304,147,18,1,200000000,8600000,21054000,212454000,Cash,Online
503780,2024-04-02,2114,107,86,1,371700000,10200000,39765000,401265000,Cash,Online
503781,2021-01-12,3360,101,104,1,246100000,10100000,25960000,261960000,Credit,Showroom
503782,2025-07-29,4293,111,14,1,230200000,5800000,24684000,249084000,Credit,Showroom
503783,2025-08-24,5152,101,102,1,233800000,10800000,24530000,247530000,Cash,Showroom
503784,2023-12-23,2764,102,26,1,461900000,20700000,48532000,489732000,Credit,Showroom
503785,2025-02-06,4003,104,97,1,296100000,20400000,30327000,306027000,Cash,Showroom
503786,2020-07-06,4437,112,108,1,230100000,7400000,24497000,247197000,Credit,Showroom
503787,2021-05-13,2801,117,113,1,180800000,12400000,18524000,186924000,Credit,Showroom
503788,2020-07-08,2267,144,89,1,777500000,43800000,80707000,814407000,Credit,Online
503789,2022-05-29,3873,127,4,1,281200000,10900000,29733000,300033000,Cash,Showroom
503790,2024-03-26,2732,125,47,1,641900000,41300000,66066000,666666000,Credit,Showroom
503791,2025-12-18,4878,104,7,1,303000000,5000000,32780000,330780000,Cash,Showroom
503792,2020-05-13,4554,131,76,1,379400000,9500000,40689000,410589000,Credit,Showroom
503793,2025-05-04,5456,141,46,1,372700000,13400000,39523000,398823000,Credit,Event
503794,2023-05-25,4839,101,51,1,242700000,11200000,25465000,256965000,Credit,Showroom
503795,2020-07-01,2557,103,114,1,290400000,11100000,30723000,310023000,Credit,Online
503796,2022-04-20,3170,118,17,1,199700000,5800000,21329000,215229000,Credit,Showroom
503797,2022-10-17,4957,102,113,1,468900000,1000000,51469000,519369000,Credit,Showroom
503798,2025-05-10,3520,119,69,1,203400000,8000000,21494000,216894000,Credit,Showroom
503799,2023-11-26,4229,134,49,1,272500000,7600000,29139000,294039000,Cash,Showroom
503800,2024-12-27,1880,145,15,1,343700000,12200000,36465000,367965000,Credit,Showroom
503801,2020-06-29,2498,144,28,1,787400000,19600000,84458000,852258000,Credit,Online
503802,2022-05-30,3594,121,16,1,419200000,15700000,44385000,447885000,Credit,Showroom
503803,2020-11-14,3165,145,46,1,360200000,1300000,39479000,398379000,Credit,Showroom
503804,2021-02-24,1151,108,60,1,176900000,8900000,18480000,186480000,Cash,Showroom
503805,2023-09-26,5389,115,41,1,294300000,10100000,31262000,315462000,Cash,Showroom
503806,2020-08-12,2377,132,110,1,408600000,20700000,42669000,430569000,Credit,Showroom
503807,2024-02-03,4440,139,43,1,259200000,2200000,28270000,285270000,Credit,Showroom
503808,2022-08-04,4194,112,97,1,234300000,6900000,25014000,252414000,Cash,Showroom
503809,2025-02-21,2489,118,61,1,202700000,10100000,21186000,213786000,Credit,Showroom
503810,2025-10-05,2876,113,58,1,171300000,7200000,18051000,182151000,Cash,Showroom
503811,2023-05-11,3687,127,108,1,280600000,10200000,29744000,300144000,Credit,Showroom
503812,2024-10-03,4312,139,100,1,243400000,6700000,26037000,262737000,Credit,Event
503813,2020-12-31,4636,116,55,1,264100000,17900000,27082000,273282000,Credit,Online
503814,2024-02-19,3690,162,112,1,544900000,28700000,56782000,572982000,Cash,Showroom
503815,2021-06-04,4245,110,27,1,774800000,14100000,83677000,844377000,Credit,Showroom
503816,2025-11-08,4307,106,95,1,372300000,14000000,39413000,397713000,Credit,Showroom
503817,2024-02-23,2337,127,89,1,283700000,6800000,30459000,307359000,Credit,Online
503818,2020-01-23,2743,111,51,1,223700000,1700000,24420000,246420000,Cash,Showroom
503819,2021-12-13,1901,117,116,1,179500000,900000,19646000,198246000,Credit,Showroom
503820,2023-02-26,3487,126,98,1,633800000,7800000,68860000,694860000,Cash,Showroom
503821,2025-08-03,1289,127,37,1,292100000,10400000,30987000,312687000,Cash,Showroom
503822,2023-07-10,3984,109,92,2,784700000,69400000,165000000,1665000000,Credit,Fleet
503823,2020-02-05,4989,125,67,1,645900000,15100000,69388000,700188000,Credit,Showroom
503824,2022-10-15,2897,102,113,1,451100000,22500000,47146000,475746000,Credit,Showroom
503825,2023-07-01,5075,104,88,1,286800000,19000000,29458000,297258000,Cash,Showroom
503826,2021-06-19,1762,136,13,1,463500000,16000000,49225000,496725000,Cash,Showroom
503827,2024-05-29,3134,109,91,1,766700000,30800000,80949000,816849000,Credit,Showroom
503828,2025-12-19,1353,163,118,1,582900000,33000000,60489000,610389000,Credit,Showroom
503829,2024-03-12,5166,125,78,1,668400000,36400000,69520000,701520000,Credit,Showroom
503830,2025-03-25,2167,134,118,1,256600000,6500000,27511000,277611000,Credit,Showroom
503831,2021-07-01,1135,130,21,1,642300000,33500000,66968000,675768000,Credit,Showroom
503832,2020-02-16,2528,161,87,1,429600000,24900000,44517000,449217000,Credit,Event
503833,2025-05-18,1308,152,62,1,275000000,5300000,29667000,299367000,Credit,Online
503834,2023-08-06,3320,123,91,1,750500000,34700000,78738000,794538000,Credit,Showroom
503835,2025-08-26,3234,119,22,2,198200000,20900000,41305000,416805000,Credit,Fleet
503836,2023-02-04,3412,140,53,1,174600000,900000,19107000,192807000,Cash,Showroom
503837,2023-11-25,3995,110,44,1,764000000,45700000,79013000,797313000,Cash,Showroom
503838,2024-03-05,2947,103,20,1,296200000,7800000,31724000,320124000,Credit,Online
503839,2022-08-13,2346,151,31,1,577700000,17500000,61622000,621822000,Credit,Showroom
503840,2024-05-25,2016,137,113,1,456400000,28300000,47091000,475191000,Credit,Showroom
503841,2025-12-27,3756,111,120,1,233600000,500000,25641000,258741000,Credit,Online
503842,2020-06-16,4425,133,113,1,428200000,8000000,46222000,466422000,Credit,Showroom
503843,2024-02-22,1092,119,30,1,206500000,11200000,21483000,216783000,Cash,Showroom
503844,2020-02-08,1934,116,75,1,267000000,17700000,27423000,276723000,Cash,Showroom
503845,2021-03-07,2695,105,108,1,554900000,5700000,60412000,609612000,Cash,Showroom
503846,2024-03-14,3748,145,74,1,347800000,7500000,37433000,377733000,Credit,Online
503847,2022-06-03,3207,115,48,1,278700000,12100000,29326000,295926000,Cash,Showroom
503848,2022-12-17,1512,117,38,1,184700000,2500000,20042000,202242000,Cash,Showroom
503849,2022-08-07,2424,128,50,1,298600000,11300000,31603000,318903000,Cash,Online
503850,2025-03-12,3830,119,40,1,207600000,9700000,21769000,219669000,Credit,Showroom
503851,2021-01-04,3772,121,118,1,391900000,22800000,40601000,409701000,Credit,Showroom
503852,2023-07-29,3345,117,21,1,183600000,4400000,19712000,198912000,Credit,Online
503853,2022-11-06,5183,102,40,1,459600000,25000000,47806000,482406000,Credit,Event
503854,2023-07-20,3430,141,95,1,384200000,20000000,40062000,404262000,Credit,Online
503855,2023-08-19,4021,114,61,1,291000000,2100000,31779000,320679000,Credit,Showroom
503856,2025-04-20,4729,113,25,1,169900000,6700000,17952000,181152000,Credit,Showroom
503857,2021-12-07,2339,161,117,1,440200000,25900000,45573000,459873000,Credit,Event
503858,2023-08-01,3405,148,35,1,302000000,9500000,32175000,324675000,Credit,Event
503859,2022-09-09,3878,126,92,1,650600000,9800000,70488000,711288000,Credit,Online
503860,2024-05-01,5038,125,62,1,643200000,5000000,70202000,708402000,Cash,Showroom
503861,2021-03-18,3549,131,21,1,392900000,22800000,40711000,410811000,Credit,Showroom
503862,2024-10-12,4161,105,53,1,581100000,28500000,60786000,613386000,Credit,Showroom
503863,2025-01-03,3162,135,32,1,282900000,8000000,30239000,305139000,Credit,Showroom
503864,2021-04-16,4187,108,6,1,173600000,4400000,18612000,187812000,Credit,Showroom
503865,2020-04-16,3729,116,109,1,265300000,11600000,27907000,281607000,Credit,Showroom
503866,2023-01-29,4624,102,42,1,455700000,400000,50083000,505383000,Credit,Showroom
503867,2024-05-24,2814,134,40,1,272300000,14500000,28358000,286158000,Credit,Showroom
503868,2021-02-01,5199,101,58,1,246700000,1800000,26939000,271839000,Credit,Online
503869,2023-12-04,3558,110,26,1,793800000,54900000,81279000,820179000,Credit,Showroom
503870,2023-03-12,4895,116,62,1,264700000,15300000,27434000,276834000,Credit,Online
503871,2025-08-09,3439,113,44,1,163500000,900000,17886000,180486000,Cash,Showroom
503872,2025-11-01,4932,120,54,1,417500000,16400000,44121000,445221000,Cash,Showroom
503873,2025-05-02,2661,159,82,1,408700000,28300000,41844000,422244000,Cash,Showroom
503874,2021-10-02,2908,113,84,1,162500000,3500000,17490000,176490000,Credit,Showroom
503875,2024-07-30,3332,165,88,1,438600000,4600000,47740000,481740000,Cash,Showroom
503876,2021-08-16,2817,134,17,1,257500000,12400000,26961000,272061000,Credit,Showroom
503877,2021-03-09,5213,143,116,1,735900000,1300000,80806000,815406000,Credit,Showroom
503878,2020-08-10,4498,101,25,1,232900000,5700000,24992000,252192000,Cash,Showroom
503879,2023-02-08,5295,132,90,1,423300000,24000000,43923000,443223000,Credit,Showroom
503880,2025-09-29,2849,124,14,1,316100000,5000000,34221000,345321000,Cash,Showroom
503881,2021-12-21,4436,112,93,1,223400000,11900000,23265000,234765000,Cash,Showroom
503882,2020-07-19,4122,177,104,1,1415500000,5700000,155078000,1564878000,Credit,Showroom
503883,2024-05-05,2786,129,81,1,291900000,7500000,31284000,315684000,Cash,Showroom
503884,2020-06-25,2247,115,34,1,279000000,11200000,29458000,297258000,Cash,Showroom
503885,2023-04-12,3044,140,73,1,166300000,7600000,17457000,176157000,Credit,Online
503886,2024-02-06,1739,140,38,1,176000000,4600000,18854000,190254000,Cash,Showroom
503887,2024-01-12,2486,113,73,1,162000000,3500000,17435000,175935000,Cash,Showroom
503888,2023-08-17,3927,131,57,1,373800000,20000000,38918000,392718000,Credit,Showroom
503889,2025-10-18,2474,112,67,1,223800000,4900000,24079000,242979000,Credit,Showroom
503890,2021-06-20,4672,103,112,1,286600000,6000000,30866000,311466000,Credit,Online
503891,2024-08-29,3626,148,53,1,295700000,600000,32461000,327561000,Credit,Showroom
503892,2022-11-08,2662,114,30,1,280200000,14400000,29238000,295038000,Cash,Showroom
503893,2022-02-13,4056,127,44,1,283100000,8900000,30162000,304362000,Cash,Showroom
503894,2022-06-14,4803,109,38,1,757900000,22800000,80861000,815961000,Cash,Showroom
503895,2024-04-30,2652,105,89,1,548600000,26600000,57420000,579420000,Cash,Online
503896,2023-01-20,1020,113,90,1,166700000,10100000,17226000,173826000,Credit,Online
503897,2025-04-03,4578,180,2,1,1622200000,74800000,170214000,1717614000,Credit,Showroom
503898,2024-12-16,5289,129,9,1,310600000,12100000,32835000,331335000,Credit,Showroom
503899,2020-03-03,5201,140,31,1,167900000,9000000,17479000,176379000,Credit,Showroom
503900,2023-10-16,2852,101,2,1,247100000,15900000,25432000,256632000,Credit,Event
503901,2022-08-27,4381,162,100,1,557900000,29700000,58102000,586302000,Cash,Showroom
503902,2023-10-26,4255,127,25,1,282500000,1600000,30899000,311799000,Credit,Showroom
503903,2020-12-12,1438,146,120,1,204200000,1400000,22308000,225108000,Credit,Showroom
503904,2025-10-12,3960,101,97,1,233500000,16000000,23925000,241425000,Credit,Showroom
503905,2025-03-03,1027,132,33,4,428000000,32700000,184723000,1864023000,Credit,Fleet
503906,2021-01-18,5259,133,41,1,419700000,12100000,44836000,452436000,Cash,Online
503907,2024-12-30,2656,101,72,1,248000000,9400000,26246000,264846000,Credit,Showroom
503908,2025-10-16,2591,102,58,1,447600000,13700000,47729000,481629000,Cash,Online
503909,2023-04-26,1780,145,21,1,352000000,7800000,37862000,382062000,Credit,Showroom
503910,2023-02-02,2973,114,62,1,287600000,11600000,30360000,306360000,Credit,Showroom
503911,2025-05-26,1378,130,57,1,658900000,7200000,71687000,723387000,Cash,Showroom
503912,2024-07-07,3984,110,23,1,796000000,28400000,84436000,852036000,Credit,Showroom
503913,2021-10-14,2896,123,93,1,752800000,24400000,80124000,808524000,Cash,Showroom
503914,2022-11-23,2705,115,86,1,294500000,18100000,30404000,306804000,Credit,Showroom
503915,2022-05-14,3755,143,34,1,715500000,18400000,76681000,773781000,Cash,Showroom
503916,2022-08-15,1890,173,112,1,1375400000,71900000,143385000,1446885000,Credit,Showroom
503917,2023-06-08,3243,133,69,1,431100000,14900000,45782000,461982000,Cash,Showroom
503918,2020-05-27,3239,113,116,1,168300000,7800000,17655000,178155000,Credit,Showroom
503919,2020-04-09,3992,115,51,1,293700000,5100000,31746000,320346000,Credit,Showroom
503920,2022-06-20,5408,120,36,1,418400000,1900000,45815000,462315000,Credit,Showroom
503921,2021-06-14,4288,169,102,1,265500000,7500000,28380000,286380000,Credit,Showroom
503922,2023-04-16,4178,117,2,1,192000000,400000,21076000,212676000,Cash,Showroom
503923,2025-04-28,1810,135,88,1,282900000,9200000,30107000,303807000,Cash,Showroom
503924,2023-04-23,5440,149,92,1,291400000,16900000,30195000,304695000,Credit,Showroom
503925,2025-04-07,1762,110,36,1,758000000,31800000,79882000,806082000,Credit,Showroom
503926,2025-10-11,1491,125,10,1,661000000,44000000,67870000,684870000,Credit,Showroom
503927,2022-05-25,3294,113,26,1,160600000,8200000,16764000,169164000,Credit,Showroom
503928,2021-02-24,3340,107,21,1,377500000,8800000,40557000,409257000,Credit,Showroom
503929,2022-04-23,5300,104,3,1,303100000,19100000,31240000,315240000,Credit,Showroom
503930,2021-05-07,3058,138,47,1,255900000,10900000,26950000,271950000,Cash,Showroom
503931,2021-01-22,2746,127,104,1,280700000,9300000,29854000,301254000,Credit,Showroom
503932,2024-08-13,5116,140,38,1,177100000,6200000,18799000,189699000,Credit,Event
503933,2020-08-02,3530,114,69,1,291200000,4200000,31570000,318570000,Credit,Showroom
503934,2022-06-21,2710,148,30,1,285700000,10900000,30228000,305028000,Credit,Event
503935,2023-06-16,5010,107,70,1,384600000,7200000,41514000,418914000,Credit,Online
503936,2025-03-12,4424,104,113,1,287800000,300000,31625000,319125000,Cash,Showroom
503937,2020-11-17,3259,104,95,1,294400000,17400000,30470000,307470000,Cash,Event
503938,2022-08-25,4175,105,111,1,564100000,18200000,60049000,605949000,Cash,Showroom
503939,2024-04-12,3682,139,45,1,254400000,17200000,26092000,263292000,Credit,Event
503940,2024-12-06,4522,123,110,1,751600000,1600000,82500000,832500000,Credit,Online
503941,2025-08-07,4083,137,21,1,468100000,27200000,48499000,489399000,Credit,Showroom
503942,2022-04-30,3326,141,56,1,376800000,21300000,39105000,394605000,Credit,Showroom
503943,2024-12-11,3589,128,13,2,309900000,7500000,67353000,679653000,Cash,Fleet
503944,2022-03-14,3455,101,19,1,249200000,200000,27390000,276390000,Credit,Event
503945,2023-03-18,4277,108,29,1,172200000,8000000,18062000,182262000,Credit,Showroom
503946,2020-09-16,4919,127,109,1,286600000,8700000,30569000,308469000,Cash,Showroom
503947,2023-05-16,3199,133,58,1,424800000,9400000,45694000,461094000,Cash,Showroom
503948,2024-06-15,2809,149,100,1,282200000,16900000,29183000,294483000,Cash,Showroom
503949,2025-04-12,4722,113,69,1,172400000,5300000,18381000,185481000,Credit,Showroom
503950,2024-03-27,5420,119,53,1,207500000,500000,22770000,229770000,Credit,Showroom
503951,2022-05-28,1605,124,86,1,310400000,900000,34045000,343545000,Cash,Event
503952,2024-05-12,1649,128,60,1,306500000,21200000,31383000,316683000,Credit,Showroom
503953,2022-02-20,2618,127,64,1,291700000,900000,31988000,322788000,Credit,Showroom
503954,2021-10-30,4046,106,53,1,374600000,20500000,38951000,393051000,Credit,Showroom
503955,2023-12-13,2321,114,70,1,282500000,3600000,30679000,309579000,Credit,Showroom
503956,2021-02-20,4030,108,29,1,175200000,5600000,18656000,188256000,Credit,Showroom
503957,2024-02-08,5277,130,87,1,630800000,22800000,66880000,674880000,Credit,Event
503958,2024-10-06,4719,126,56,1,655500000,20500000,69850000,704850000,Credit,Event
503959,2025-09-15,1401,101,116,1,234000000,6800000,24992000,252192000,Cash,Showroom
503960,2025-08-25,2193,140,116,1,176700000,4000000,18997000,191697000,Credit,Showroom
503961,2024-02-04,4513,113,1,1,168600000,10700000,17369000,175269000,Credit,Event
503962,2021-06-30,2725,113,86,1,168200000,8600000,17556000,177156000,Credit,Online
503963,2023-12-21,4362,153,55,1,417300000,11000000,44693000,450993000,Cash,Showroom
503964,2020-10-04,5236,117,116,1,183700000,10600000,19041000,192141000,Cash,Online
503965,2021-04-30,2800,110,114,1,749300000,3900000,81994000,827394000,Cash,Showroom
503966,2023-02-15,3724,116,46,6,268500000,31100000,173789000,1753689000,Credit,Fleet
503967,2024-08-14,3502,128,76,1,303600000,6400000,32692000,329892000,Credit,Showroom
503968,2023-01-09,4728,130,46,1,621600000,21800000,65978000,665778000,Cash,Showroom
503969,2024-11-14,3103,107,24,3,374600000,58200000,117216000,1182816000,Credit,Fleet
503970,2022-08-12,2407,103,58,1,294200000,6900000,31603000,318903000,Cash,Showroom
503971,2022-02-12,5148,113,54,1,169500000,6500000,17930000,180930000,Credit,Showroom
503972,2024-05-26,3569,134,117,1,270400000,10000000,28644000,289044000,Credit,Event
503973,2023-09-09,4939,114,86,1,286300000,12600000,30107000,303807000,Credit,Showroom
503974,2023-08-06,4123,138,79,1,260200000,7200000,27830000,280830000,Credit,Showroom
503975,2022-06-22,5159,108,5,5,177100000,58300000,90992000,918192000,Credit,Fleet
503976,2025-06-02,5351,139,47,1,242900000,2500000,26444000,266844000,Credit,Showroom
503977,2022-01-07,4127,111,57,1,230500000,9500000,24310000,245310000,Credit,Showroom
503978,2025-05-27,4746,104,109,1,287900000,16200000,29887000,301587000,Cash,Showroom
503979,2023-01-01,2805,101,118,1,236700000,8400000,25113000,253413000,Credit,Online
503980,2025-05-19,4451,104,72,1,283400000,6000000,30514000,307914000,Credit,Showroom
503981,2025-11-04,4223,109,103,1,742500000,14500000,80080000,808080000,Credit,Showroom
503982,2022-08-08,2783,120,80,1,408800000,16100000,43197000,435897000,Credit,Showroom
503983,2021-08-03,1923,111,67,1,234800000,6400000,25124000,253524000,Credit,Showroom
503984,2025-06-16,1003,121,93,1,397200000,5700000,43065000,434565000,Cash,Showroom
503985,2022-03-14,4125,130,104,1,661500000,29900000,69476000,701076000,Credit,Showroom
503986,2025-04-26,4332,121,86,1,417600000,16100000,44165000,445665000,Credit,Showroom
503987,2025-08-30,2210,110,16,1,748800000,44200000,77506000,782106000,Credit,Showroom
503988,2022-12-28,3129,138,24,1,261800000,2100000,28567000,288267000,Cash,Showroom
503989,2024-02-07,1404,114,69,1,277500000,6500000,29810000,300810000,Cash,Event
503990,2022-09-28,3607,120,2,3,396100000,37100000,126632000,1277832000,Credit,Fleet
503991,2023-02-10,3568,117,50,1,187200000,10400000,19448000,196248000,Cash,Online
503992,2021-10-29,1330,134,66,5,252700000,82100000,129954000,1311354000,Cash,Fleet
503993,2024-10-24,2105,116,93,1,262600000,15200000,27214000,274614000,Credit,Showroom
503994,2020-02-22,5047,146,117,1,202400000,9800000,21186000,213786000,Credit,Online
503995,2022-10-21,4387,135,34,1,295000000,13800000,30932000,312132000,Credit,Showroom
503996,2024-03-09,3127,124,42,6,311800000,3000000,205458000,2073258000,Credit,Fleet
503997,2025-07-25,2145,110,37,2,787300000,64100000,166155000,1676655000,Credit,Fleet
503998,2021-04-14,1311,133,66,1,415500000,17600000,43769000,441669000,Credit,Showroom
503999,2023-11-29,5001,123,60,1,795000000,48900000,82071000,828171000,Credit,Showroom
504000,2024-08-14,1008,103,96,1,293700000,4000000,31867000,321567000,Credit,Showroom
504001,2023-06-04,3585,114,26,1,293500000,4400000,31801000,320901000,Credit,Showroom
504002,2023-09-03,1300,112,37,1,226600000,12600000,23540000,237540000,Cash,Showroom
504003,2021-07-30,4012,123,48,1,779500000,6900000,84986000,857586000,Cash,Showroom
504004,2023-03-31,1532,109,51,1,744900000,13200000,80487000,812187000,Cash,Showroom
504005,2021-04-10,3945,150,108,1,259700000,17500000,26642000,268842000,Cash,Showroom
504006,2022-11-25,5383,132,62,1,439200000,23600000,45716000,461316000,Credit,Showroom
504007,2024-09-18,2117,106,75,1,394700000,24400000,40733000,411033000,Cash,Showroom
504008,2025-09-13,2554,109,88,1,764200000,15700000,82335000,830835000,Credit,Showroom
504009,2024-08-02,4817,117,34,1,189000000,11000000,19580000,197580000,Credit,Showroom
504010,2021-06-15,4165,116,113,1,255700000,12800000,26719000,269619000,Credit,Showroom
504011,2023-09-19,4960,128,33,1,297800000,4100000,32307000,326007000,Credit,Showroom
504012,2020-04-25,2091,101,114,1,236700000,7900000,25168000,253968000,Credit,Showroom
504013,2025-08-01,3880,139,110,1,255100000,17700000,26114000,263514000,Cash,Showroom
504014,2024-09-26,1388,161,9,1,421700000,12900000,44968000,453768000,Credit,Showroom
504015,2021-07-01,3400,101,90,1,235300000,10700000,24706000,249306000,Credit,Showroom
504016,2021-05-22,3254,108,72,1,173700000,7800000,18249000,184149000,Credit,Showroom
504017,2020-01-18,2879,115,15,1,285300000,14700000,29766000,300366000,Credit,Showroom
504018,2021-04-26,4266,106,120,1,393000000,7100000,42449000,428349000,Cash,Showroom
504019,2022-05-28,2823,118,10,1,208600000,600000,22880000,230880000,Cash,Showroom
504020,2023-09-24,3046,105,93,1,568700000,20100000,60346000,608946000,Credit,Showroom
504021,2023-01-02,2508,111,8,1,234100000,6500000,25036000,252636000,Credit,Showroom
504022,2022-05-13,5304,107,119,1,392600000,26200000,40304000,406704000,Credit,Event
504023,2021-08-04,2008,103,41,1,288900000,0,31779000,320679000,Credit,Showroom
504024,2025-12-20,4116,136,36,1,464000000,13000000,49610000,500610000,Cash,Showroom
504025,2021-04-23,5118,101,99,1,244000000,4600000,26334000,265734000,Credit,Showroom
504026,2023-05-25,3366,110,12,1,772900000,12700000,83622000,843822000,Credit,Showroom
504027,2024-09-13,2893,146,97,1,205600000,7600000,21780000,219780000,Cash,Showroom
504028,2020-02-17,4045,102,113,1,477200000,18600000,50446000,509046000,Credit,Showroom
504029,2025-04-29,2894,138,43,1,253100000,9300000,26818000,270618000,Cash,Showroom
504030,2024-05-08,5381,116,15,1,263000000,5100000,28369000,286269000,Credit,Showroom
504031,2021-10-29,1818,121,62,1,392900000,100000,43208000,436008000,Cash,Showroom
504032,2023-10-21,2846,124,83,1,322800000,13400000,34034000,343434000,Cash,Showroom
504033,2021-12-10,1320,114,88,1,278600000,9100000,29645000,299145000,Cash,Online
504034,2021-05-06,2843,133,2,1,433800000,16000000,45958000,463758000,Cash,Showroom
504035,2022-10-11,3574,121,3,1,418000000,9800000,44902000,453102000,Credit,Online
504036,2021-08-04,3991,109,11,1,763500000,44900000,79046000,797646000,Cash,Showroom
504037,2025-05-08,3107,128,87,1,303400000,19300000,31251000,315351000,Credit,Showroom
504038,2021-07-04,3325,120,49,1,407300000,21400000,42449000,428349000,Credit,Showroom
504039,2021-01-31,2346,101,62,1,236000000,11900000,24651000,248751000,Credit,Showroom
504040,2023-01-21,4346,104,70,1,286700000,5800000,30899000,311799000,Credit,Showroom
504041,2025-10-15,4042,101,64,1,246800000,13900000,25619000,258519000,Cash,Showroom
504042,2024-06-09,4944,129,68,1,304400000,13200000,32032000,323232000,Credit,Showroom
504043,2020-12-07,2730,150,78,1,261900000,14400000,27225000,274725000,Credit,Event
504044,2021-03-15,3407,116,75,1,256000000,10400000,27016000,272616000,Credit,Showroom
504045,2021-04-13,4248,107,46,2,395600000,13600000,85536000,863136000,Credit,Fleet
504046,2021-07-12,1147,115,38,1,279600000,17900000,28787000,290487000,Credit,Showroom
504047,2023-07-28,3242,114,22,1,296400000,18000000,30624000,309024000,Credit,Showroom
504048,2024-11-26,2434,137,83,1,445200000,6000000,48312000,487512000,Cash,Showroom
504049,2023-04-21,3596,125,33,1,621600000,33700000,64669000,652569000,Credit,Showroom
504050,2023-10-20,4802,114,110,1,292300000,20000000,29953000,302253000,Credit,Showroom
504051,2025-04-17,1848,127,96,1,276900000,11000000,29249000,295149000,Credit,Showroom
504052,2020-12-25,4326,111,35,1,234600000,1600000,25630000,258630000,Cash,Showroom
504053,2024-02-21,2285,147,18,1,200700000,14000000,20537000,207237000,Credit,Event
504054,2022-06-30,3251,165,55,1,434500000,30100000,44484000,448884000,Credit,Showroom
504055,2024-06-02,5124,165,72,1,443400000,25000000,46024000,464424000,Credit,Showroom
504056,2020-10-26,2069,109,5,1,774900000,31800000,81741000,824841000,Cash,Showroom
504057,2021-02-27,4588,104,12,1,283100000,6300000,30448000,307248000,Credit,Event
504058,2020-02-14,2423,103,33,1,297200000,4000000,32252000,325452000,Cash,Showroom
504059,2024-11-14,2529,101,8,3,249500000,50400000,76791000,774891000,Credit,Fleet
504060,2024-07-07,4479,149,117,1,300400000,1900000,32835000,331335000,Credit,Showroom
504061,2025-02-03,3154,136,81,1,437600000,30200000,44814000,452214000,Credit,Showroom
504062,2023-01-17,5367,179,90,1,1121100000,76100000,114950000,1159950000,Cash,Showroom
504063,2020-01-29,3597,120,52,1,392100000,26100000,40260000,406260000,Credit,Showroom
504064,2023-01-02,5474,112,107,1,235500000,7300000,25102000,253302000,Credit,Showroom
504065,2024-09-22,3386,122,30,1,789900000,51000000,81279000,820179000,Credit,Showroom
504066,2022-06-26,3197,138,72,1,258000000,2100000,28149000,284049000,Cash,Showroom
504067,2022-01-03,4059,134,31,1,271800000,15800000,28160000,284160000,Credit,Showroom
504068,2023-08-21,2296,120,87,1,397200000,24300000,41019000,413919000,Credit,Showroom
504069,2022-05-10,4959,107,115,1,372200000,15000000,39292000,396492000,Cash,Showroom
504070,2024-02-02,3187,147,7,6,208900000,62300000,131021000,1322121000,Cash,Fleet
504071,2023-02-10,5358,121,88,1,414900000,13800000,44121000,445221000,Credit,Showroom
504072,2025-09-03,1074,133,107,1,428800000,15700000,45441000,458541000,Credit,Showroom
504073,2025-05-20,5233,116,113,1,264000000,600000,28974000,292374000,Credit,Showroom
504074,2022-11-05,2183,145,65,1,351500000,8400000,37741000,380841000,Cash,Event
504075,2024-05-05,1483,108,10,1,176400000,6500000,18689000,188589000,Cash,Showroom
504076,2025-09-06,4461,125,22,1,670600000,17200000,71874000,725274000,Credit,Showroom
504077,2024-08-03,1629,116,98,1,254500000,13500000,26510000,267510000,Credit,Showroom
504078,2021-02-12,5254,113,113,1,160600000,8600000,16720000,168720000,Credit,Showroom
504079,2021-11-13,3784,101,111,1,239400000,15100000,24673000,248973000,Credit,Event
504080,2025-05-03,1373,170,44,1,349100000,12200000,37059000,373959000,Cash,Showroom
504081,2021-06-21,4730,109,45,1,770700000,38100000,80586000,813186000,Credit,Showroom
504082,2022-03-04,1387,136,107,1,448900000,18900000,47300000,477300000,Credit,Online
504083,2022-07-17,1235,132,97,1,438700000,20700000,45980000,463980000,Cash,Showroom
504084,2024-01-14,3967,109,120,1,753100000,7400000,82027000,827727000,Credit,Showroom
504085,2023-01-07,4744,125,36,1,630200000,5600000,68706000,693306000,Credit,Showroom
504086,2020-08-20,2150,112,53,1,231700000,1800000,25289000,255189000,Credit,Showroom
504087,2020-06-26,3135,106,108,1,392400000,13800000,41646000,420246000,Cash,Showroom
504088,2024-01-23,3506,125,3,1,629000000,10700000,68013000,686313000,Credit,Online
504089,2022-09-15,4115,108,66,1,182000000,5400000,19426000,196026000,Cash,Showroom
504090,2020-09-13,3195,119,57,1,196000000,7300000,20757000,209457000,Credit,Showroom
504091,2025-09-18,1484,152,117,1,290000000,7500000,31075000,313575000,Cash,Showroom
504092,2025-06-02,3860,136,73,1,448200000,1600000,49126000,495726000,Credit,Showroom
504093,2021-11-29,2845,101,110,1,241500000,2100000,26334000,265734000,Cash,Showroom
504094,2025-11-30,3542,115,30,1,289300000,4500000,31328000,316128000,Credit,Showroom
504095,2024-11-29,4740,116,79,1,266400000,13000000,27874000,281274000,Credit,Showroom
504096,2020-06-11,4634,125,9,1,645000000,15700000,69223000,698523000,Credit,Showroom
504097,2022-05-27,5307,137,33,1,463500000,24400000,48301000,487401000,Credit,Showroom
504098,2023-08-03,4530,114,97,1,295800000,16900000,30679000,309579000,Cash,Showroom
504099,2022-01-30,3794,140,83,1,166300000,3200000,17941000,181041000,Credit,Showroom
504100,2024-07-30,1504,135,111,1,292000000,5600000,31504000,317904000,Credit,Online
504101,2025-02-10,3487,113,9,1,168700000,6000000,17897000,180597000,Cash,Showroom
504102,2024-11-10,2369,133,16,1,414900000,100000,45628000,460428000,Cash,Showroom
504103,2025-04-17,2905,101,24,1,241000000,1400000,26356000,265956000,Credit,Showroom
504104,2022-09-23,2458,174,96,1,1914400000,72300000,202631000,2044731000,Credit,Showroom
504105,2023-07-20,3840,135,44,1,304100000,1400000,33297000,335997000,Cash,Showroom
504106,2024-04-17,3200,141,114,1,379500000,20900000,39446000,398046000,Credit,Showroom
504107,2020-03-12,4396,147,68,1,199700000,2900000,21648000,218448000,Credit,Showroom
504108,2022-11-26,1873,120,89,1,396900000,15600000,41943000,423243000,Cash,Showroom
504109,2023-08-16,4903,122,110,1,779000000,25400000,82896000,836496000,Cash,Showroom
504110,2023-06-02,4668,111,11,1,225000000,9300000,23727000,239427000,Cash,Showroom
504111,2025-02-26,3170,135,95,1,286300000,1600000,31317000,316017000,Credit,Event
504112,2020-09-11,3128,143,79,1,755800000,5200000,82566000,833166000,Credit,Showroom
504113,2022-11-13,1993,138,108,1,257200000,11200000,27060000,273060000,Credit,Showroom
504114,2025-08-21,2267,133,7,1,419100000,25200000,43329000,437229000,Credit,Showroom
504115,2022-04-25,2175,108,86,1,173200000,3000000,18722000,188922000,Credit,Showroom
504116,2020-09-30,4869,134,102,6,260500000,42100000,167299000,1688199000,Credit,Fleet
504117,2022-10-30,1792,125,58,1,643000000,28600000,67584000,681984000,Cash,Showroom
504118,2024-05-17,5211,101,74,2,232800000,25500000,48411000,488511000,Credit,Fleet
504119,2020-12-24,3755,107,62,1,390400000,26700000,40007000,403707000,Credit,Showroom
504120,2024-06-19,1190,113,99,1,167500000,6600000,17699000,178599000,Credit,Showroom
504121,2024-09-09,4687,173,117,1,1380300000,50100000,146322000,1476522000,Cash,Showroom
504122,2022-10-02,1404,104,48,1,299100000,13800000,31383000,316683000,Credit,Showroom
504123,2022-01-31,3129,105,97,1,576400000,16800000,61556000,621156000,Credit,Online
504124,2025-08-02,1148,106,6,1,389700000,18200000,40865000,412365000,Credit,Showroom
504125,2025-03-12,1947,124,102,1,311100000,18600000,32175000,324675000,Credit,Showroom
504126,2022-04-01,2463,109,81,1,797500000,41500000,83160000,839160000,Cash,Showroom
504127,2025-10-08,5247,109,94,1,790300000,44200000,82071000,828171000,Credit,Online
504128,2023-12-20,3223,130,79,1,655000000,38600000,67804000,684204000,Cash,Showroom
504129,2023-09-12,1602,136,57,1,440500000,500000,48400000,488400000,Cash,Showroom
504130,2025-07-12,2784,137,104,1,465300000,30600000,47817000,482517000,Cash,Online
504131,2024-10-08,4254,105,60,1,549100000,500000,60346000,608946000,Cash,Showroom
504132,2020-07-07,3525,110,95,1,753800000,13300000,81455000,821955000,Credit,Showroom
504133,2023-02-17,4435,127,52,1,272600000,14000000,28446000,287046000,Credit,Showroom
504134,2023-09-23,2973,129,17,1,308500000,10300000,32802000,331002000,Credit,Showroom
504135,2023-09-30,5342,105,9,1,566100000,33000000,58641000,591741000,Credit,Online
504136,2022-02-07,4831,113,86,1,172200000,11500000,17677000,178377000,Cash,Event
504137,2022-02-01,3121,126,42,1,640800000,42100000,65857000,664557000,Credit,Showroom
504138,2025-10-22,1887,115,63,1,293500000,17600000,30349000,306249000,Credit,Showroom
504139,2025-03-16,1144,107,17,1,382000000,7400000,41206000,415806000,Cash,Showroom
504140,2022-09-06,3108,157,25,1,344300000,16800000,36025000,363525000,Cash,Showroom
504141,2022-05-18,1749,156,60,1,684800000,11700000,74041000,747141000,Credit,Online
504142,2024-06-18,3504,122,62,1,764000000,38300000,79827000,805527000,Cash,Showroom
504143,2025-12-17,3889,109,5,1,793200000,47200000,82060000,828060000,Credit,Showroom
504144,2025-03-10,2246,121,24,1,412100000,2400000,45067000,454767000,Cash,Showroom
504145,2023-06-08,2961,134,113,1,254400000,7000000,27214000,274614000,Credit,Showroom
504146,2025-02-03,1103,176,85,1,1460900000,69900000,153010000,1544010000,Cash,Showroom
504147,2020-06-10,3838,110,57,1,748000000,52100000,76549000,772449000,Credit,Showroom
504148,2025-10-01,4142,106,9,1,395500000,13700000,41998000,423798000,Credit,Showroom
504149,2024-11-06,1656,122,53,1,773500000,43000000,80355000,810855000,Credit,Showroom
504150,2021-10-23,5239,124,67,1,328200000,18100000,34111000,344211000,Cash,Showroom
504151,2022-10-05,1280,143,96,1,741700000,49300000,76164000,768564000,Credit,Showroom
504152,2022-09-19,1377,115,107,1,285300000,4500000,30888000,311688000,Cash,Showroom
504153,2025-11-07,5454,180,59,1,1658900000,115500000,169774000,1713174000,Credit,Online
504154,2020-07-03,4508,105,118,1,562100000,34400000,58047000,585747000,Credit,Showroom
504155,2023-07-09,1296,132,83,1,409800000,2400000,44814000,452214000,Credit,Showroom
504156,2022-06-04,2450,109,92,1,768500000,35000000,80685000,814185000,Cash,Showroom
504157,2024-12-15,1819,173,13,1,1324200000,75900000,137313000,1385613000,Credit,Showroom
504158,2024-09-16,4679,125,72,1,635900000,11100000,68728000,693528000,Cash,Showroom
504159,2021-06-25,2080,144,110,6,759900000,105500000,489929000,4943829000,Credit,Fleet
504160,2025-10-07,4529,163,63,1,579500000,27300000,60742000,612942000,Cash,Showroom
504161,2020-12-28,3001,139,32,1,253400000,9900000,26785000,270285000,Credit,Showroom
504162,2025-03-16,1324,111,81,1,226600000,13100000,23485000,236985000,Credit,Showroom
504163,2025-08-16,4263,123,41,1,770200000,17200000,82830000,835830000,Cash,Showroom
504164,2025-06-16,4361,135,53,2,290800000,400000,63932000,645132000,Cash,Fleet
504165,2025-03-31,3013,123,4,1,783900000,34500000,82434000,831834000,Cash,Event
504166,2023-01-03,2134,116,29,1,270800000,4400000,29304000,295704000,Credit,Showroom
504167,2021-11-14,3225,139,60,1,245900000,7500000,26224000,264624000,Credit,Showroom
504168,2024-08-06,3069,122,90,1,744700000,13500000,80432000,811632000,Cash,Showroom
504169,2025-10-01,4090,145,31,1,349400000,14800000,36806000,371406000,Credit,Showroom
504170,2024-03-30,5066,113,99,1,164600000,11100000,16885000,170385000,Credit,Showroom
504171,2025-04-03,1578,138,43,1,244300000,12700000,25476000,257076000,Cash,Event
504172,2020-01-07,3570,115,31,1,296100000,15700000,30844000,311244000,Cash,Showroom
504173,2024-07-31,4997,137,65,1,444100000,6200000,48169000,486069000,Credit,Showroom
504174,2025-04-06,2731,106,95,1,385800000,23200000,39886000,402486000,Cash,Showroom
504175,2023-04-30,1023,172,52,1,1366400000,80800000,141416000,1427016000,Credit,Showroom
504176,2024-09-22,2404,108,70,1,174400000,7800000,18326000,184926000,Credit,Event
504177,2025-05-08,3772,134,83,1,268800000,500000,29513000,297813000,Credit,Showroom
504178,2024-07-07,1437,127,59,1,273400000,4000000,29634000,299034000,Cash,Showroom
504179,2024-09-08,4896,106,91,1,391700000,6600000,42361000,427461000,Credit,Event
504180,2025-09-16,3270,123,118,1,771100000,16300000,83028000,837828000,Credit,Online
504181,2022-09-04,1728,144,8,1,818300000,4500000,89518000,903318000,Credit,Showroom
504182,2021-01-29,3453,133,47,1,418000000,14700000,44363000,447663000,Cash,Showroom
504183,2024-03-20,4353,111,4,1,225000000,3600000,24354000,245754000,Credit,Showroom
504184,2025-06-25,4488,136,73,1,461600000,6300000,50083000,505383000,Credit,Showroom
504185,2021-10-10,4413,105,25,1,575300000,6100000,62612000,631812000,Credit,Online
504186,2022-08-02,2848,119,16,1,201600000,9800000,21098000,212898000,Cash,Event
504187,2024-12-12,2557,101,106,4,240500000,58900000,99341000,1002441000,Credit,Fleet
504188,2022-09-04,4313,148,51,1,298000000,8500000,31845000,321345000,Credit,Showroom
504189,2025-06-23,4792,125,50,1,621200000,24300000,65659000,662559000,Credit,Showroom
504190,2022-10-11,1249,116,115,1,271800000,7300000,29095000,293595000,Cash,Showroom
504191,2021-05-02,4554,102,2,1,480800000,7100000,52107000,525807000,Credit,Showroom
504192,2024-07-30,5171,109,103,1,776100000,9300000,84348000,851148000,Credit,Showroom
504193,2024-03-11,3895,115,57,1,297600000,15400000,31042000,313242000,Credit,Showroom
504194,2024-06-19,2941,147,93,1,203900000,3400000,22055000,222555000,Credit,Online
504195,2025-02-06,3091,104,115,1,288500000,11800000,30437000,307137000,Credit,Showroom
504196,2025-02-05,3139,123,95,1,768600000,53000000,78716000,794316000,Cash,Showroom
504197,2023-11-08,3216,104,104,1,290000000,10300000,30767000,310467000,Cash,Online
504198,2025-08-20,1809,110,110,1,782300000,32300000,82500000,832500000,Credit,Showroom
504199,2025-02-21,1293,159,33,1,439800000,16400000,46574000,469974000,Cash,Showroom
504200,2025-06-25,1035,103,9,1,301700000,21000000,30877000,311577000,Credit,Showroom
504201,2024-12-30,5116,135,117,1,295000000,5900000,31801000,320901000,Cash,Showroom
504202,2020-04-27,2436,137,24,1,469100000,17800000,49643000,500943000,Credit,Showroom
504203,2023-07-21,3019,118,95,1,206200000,5200000,22110000,223110000,Cash,Showroom
504204,2025-04-20,4547,134,3,1,253800000,16800000,26070000,263070000,Cash,Showroom
504205,2025-11-07,1581,133,29,1,411100000,19600000,43065000,434565000,Cash,Showroom
504206,2025-09-01,4657,125,27,1,637600000,12000000,68816000,694416000,Credit,Showroom
504207,2025-08-30,1460,148,98,1,293800000,11400000,31064000,313464000,Credit,Showroom
504208,2024-07-11,2682,110,16,1,762800000,29900000,80619000,813519000,Credit,Showroom
504209,2020-11-23,3606,103,1,1,302600000,2600000,33000000,333000000,Cash,Showroom
504210,2024-04-21,2351,105,88,1,564600000,32300000,58553000,590853000,Cash,Showroom
504211,2023-10-13,5310,101,102,1,245000000,5800000,26312000,265512000,Credit,Showroom
504212,2020-10-01,4548,159,103,1,429900000,28700000,44132000,445332000,Credit,Showroom
504213,2023-05-31,4979,108,87,1,175400000,8700000,18337000,185037000,Cash,Showroom
504214,2025-03-06,3916,125,102,1,620900000,24100000,65648000,662448000,Cash,Showroom
504215,2022-09-04,1557,107,85,1,375300000,4000000,40843000,412143000,Credit,Showroom
504216,2020-04-25,3560,112,55,1,230500000,12800000,23947000,241647000,Credit,Showroom
504217,2025-01-19,1303,103,14,1,290000000,19100000,29799000,300699000,Credit,Showroom
504218,2025-03-03,3141,125,54,1,625100000,12100000,67430000,680430000,Cash,Showroom
504219,2025-11-10,3513,116,78,1,253500000,8800000,26917000,271617000,Cash,Event
504220,2025-06-02,1288,142,59,1,285600000,8800000,30448000,307248000,Credit,Showroom
504221,2023-08-07,2874,137,95,1,469400000,9400000,50600000,510600000,Credit,Showroom
504222,2024-04-16,2276,116,97,1,272000000,14600000,28314000,285714000,Cash,Showroom
504223,2022-06-17,3996,120,117,1,404000000,24900000,41701000,420801000,Cash,Showroom
504224,2023-01-15,4895,103,91,1,284400000,17200000,29392000,296592000,Credit,Showroom
504225,2023-06-03,2931,123,71,1,780500000,40100000,81444000,821844000,Cash,Showroom
504226,2024-01-24,3656,110,16,1,766200000,47900000,79013000,797313000,Credit,Showroom
504227,2023-08-29,3827,126,49,1,671500000,38400000,69641000,702741000,Credit,Showroom
504228,2024-04-09,2528,124,96,1,312800000,19200000,32296000,325896000,Credit,Showroom
504229,2021-11-20,1424,107,50,1,391200000,5600000,42416000,428016000,Credit,Showroom
504230,2022-11-09,1147,141,8,1,397800000,16700000,41921000,423021000,Credit,Event
504231,2023-08-29,2879,118,118,1,207800000,3700000,22451000,226551000,Credit,Showroom
504232,2024-05-24,3643,132,48,1,423800000,21400000,44264000,446664000,Cash,Showroom
504233,2021-05-28,3253,120,100,1,416800000,15300000,44165000,445665000,Credit,Showroom
504234,2025-11-03,3195,107,83,1,377700000,4800000,41019000,413919000,Credit,Showroom
504235,2024-08-01,2241,129,109,1,306800000,19200000,31636000,319236000,Credit,Online
504236,2024-01-24,2701,106,29,1,389900000,17600000,40953000,413253000,Credit,Online
504237,2024-03-22,5202,105,67,1,564000000,23600000,59444000,599844000,Cash,Online
504238,2022-10-04,3432,115,95,1,290200000,18400000,29898000,301698000,Credit,Online
504239,2025-02-25,3227,125,30,1,644900000,16400000,69135000,697635000,Cash,Showroom
504240,2024-10-19,1464,120,29,1,414600000,18400000,43582000,439782000,Credit,Showroom
504241,2020-10-02,4982,138,107,1,252200000,13000000,26312000,265512000,Cash,Showroom
504242,2025-05-01,1228,105,33,1,585600000,20700000,62139000,627039000,Cash,Showroom
504243,2021-11-17,2449,116,6,1,270400000,9500000,28699000,289599000,Credit,Showroom
504244,2022-08-01,2941,115,109,1,284700000,7200000,30525000,308025000,Credit,Showroom
504245,2023-07-15,4540,131,69,1,398900000,5500000,43274000,436674000,Cash,Online
504246,2025-01-26,1491,114,42,1,295200000,13800000,30954000,312354000,Credit,Showroom
504247,2024-01-11,1358,127,29,1,279400000,3400000,30360000,306360000,Credit,Online
504248,2023-11-30,4803,105,4,1,560600000,33600000,57970000,584970000,Credit,Showroom
504249,2023-02-15,5366,107,102,1,372900000,1600000,40843000,412143000,Credit,Showroom
504250,2022-04-08,3407,150,48,1,255400000,3300000,27731000,279831000,Credit,Showroom
504251,2024-07-15,2390,145,13,1,362500000,7800000,39017000,393717000,Credit,Online
504252,2020-10-17,5191,146,41,1,200200000,11300000,20779000,209679000,Cash,Showroom
504253,2023-03-14,4852,109,4,1,779800000,11500000,84513000,852813000,Cash,Showroom
504254,2024-03-11,4023,106,85,1,382200000,20400000,39798000,401598000,Credit,Online
504255,2020-08-12,1948,149,1,1,283200000,12900000,29733000,300033000,Cash,Showroom
504256,2025-03-18,5318,101,12,1,246800000,4200000,26686000,269286000,Credit,Showroom
504257,2022-07-31,4735,165,76,1,435300000,7200000,47091000,475191000,Cash,Showroom
504258,2022-04-16,4694,129,93,1,308600000,17300000,32043000,323343000,Credit,Event
504259,2021-08-05,3593,128,70,1,313500000,11300000,33242000,335442000,Cash,Event
504260,2023-01-03,5125,127,31,1,293700000,12400000,30943000,312243000,Credit,Showroom
504261,2025-04-18,2678,112,96,1,237100000,16000000,24321000,245421000,Cash,Showroom
504262,2022-06-07,3994,106,94,1,388300000,22600000,40227000,405927000,Credit,Showroom
504263,2025-08-27,3187,178,6,1,1097600000,20200000,118514000,1195914000,Cash,Showroom
504264,2022-01-13,5028,110,86,2,761200000,13600000,165968000,1674768000,Cash,Fleet
504265,2022-09-21,4689,103,56,1,292500000,19200000,30063000,303363000,Credit,Showroom
504266,2023-04-12,1842,101,83,1,239700000,5700000,25740000,259740000,Credit,Showroom
504267,2020-11-14,4273,129,116,1,302600000,11800000,31988000,322788000,Credit,Showroom
504268,2025-05-22,5212,104,26,1,284600000,12000000,29986000,302586000,Cash,Showroom
504269,2025-07-05,1073,104,18,3,294500000,9800000,96107000,969807000,Credit,Fleet
504270,2020-07-27,4853,108,98,1,179700000,7800000,18909000,190809000,Credit,Showroom
504271,2023-05-18,3616,129,12,1,291700000,18100000,30096000,303696000,Cash,Showroom
504272,2023-12-03,4452,124,27,1,325800000,12700000,34441000,347541000,Credit,Showroom
504273,2025-05-28,1893,103,23,1,298200000,5300000,32219000,325119000,Credit,Showroom
504274,2023-09-20,1206,104,31,1,284200000,15500000,29557000,298257000,Cash,Event
504275,2023-12-11,5256,162,27,1,560700000,34200000,57915000,584415000,Credit,Showroom
504276,2024-05-27,3908,109,55,1,768400000,13900000,82995000,837495000,Cash,Showroom
504277,2024-01-09,1594,131,79,1,369400000,22200000,38192000,385392000,Credit,Showroom
504278,2024-03-14,4846,112,4,1,229600000,14900000,23617000,238317000,Credit,Showroom
504279,2022-03-13,3328,116,5,1,266700000,5600000,28721000,289821000,Credit,Showroom
504280,2024-05-02,3042,167,7,1,642500000,9200000,69663000,702963000,Credit,Event
504281,2023-02-27,4032,107,58,1,378300000,18300000,39600000,399600000,Cash,Showroom
504282,2020-12-02,3297,132,17,1,425900000,19600000,44693000,450993000,Credit,Showroom
504283,2023-09-21,3651,108,69,1,169800000,9700000,17611000,177711000,Credit,Showroom
504284,2021-04-07,3552,110,2,1,759400000,7800000,82676000,834276000,Credit,Showroom
504285,2025-01-22,1320,123,82,1,744300000,1400000,81719000,824619000,Cash,Showroom
504286,2024-03-20,3957,105,108,1,557700000,36900000,57288000,578088000,Cash,Showroom
504287,2025-12-22,1691,158,53,1,428100000,8200000,46189000,466089000,Credit,Showroom
504288,2021-07-08,2127,105,117,1,557900000,26200000,58487000,590187000,Credit,Showroom
504289,2025-06-09,3150,120,114,1,402500000,17400000,42361000,427461000,Credit,Showroom
504290,2024-07-20,4949,101,103,1,238800000,4100000,25817000,260517000,Credit,Showroom
504291,2022-02-01,3029,156,78,1,655500000,5300000,71522000,721722000,Cash,Showroom
504292,2025-03-27,1706,112,67,1,237000000,11000000,24860000,250860000,Credit,Showroom
504293,2023-11-22,2651,104,8,1,285300000,19200000,29271000,295371000,Credit,Showroom
504294,2021-01-06,4312,114,61,1,281500000,1700000,30778000,310578000,Cash,Showroom
504295,2022-06-29,3962,159,14,1,437500000,6900000,47366000,477966000,Credit,Showroom
504296,2022-02-26,2253,110,70,1,766000000,11500000,82995000,837495000,Cash,Showroom
504297,2022-02-26,3570,102,111,1,475600000,22000000,49896000,503496000,Credit,Showroom
504298,2025-05-31,2933,101,73,1,248300000,9500000,26268000,265068000,Cash,Showroom
504299,2020-12-23,2247,118,17,1,207800000,13100000,21417000,216117000,Credit,Showroom
504300,2024-03-05,4888,144,38,1,803600000,53800000,82478000,832278000,Credit,Showroom
504301,2020-03-18,2176,139,103,1,242600000,9700000,25619000,258519000,Credit,Showroom
504302,2021-04-16,2750,171,71,1,330600000,7300000,35563000,358863000,Credit,Showroom
504303,2023-11-07,2071,130,102,1,642600000,6300000,69993000,706293000,Cash,Showroom
504304,2023-03-23,1779,130,89,1,633600000,13100000,68255000,688755000,Cash,Showroom
504305,2023-05-19,1513,120,29,1,418100000,5800000,45353000,457653000,Credit,Showroom
504306,2023-02-11,4815,111,35,1,228500000,5600000,24519000,247419000,Cash,Event
504307,2021-06-08,1664,128,89,1,298400000,6900000,32065000,323565000,Credit,Online
504308,2023-02-24,1973,129,2,1,296500000,2300000,32362000,326562000,Credit,Showroom
504309,2022-03-14,2538,101,82,1,250000000,12400000,26136000,263736000,Cash,Showroom
504310,2025-07-04,1278,101,23,1,232900000,6300000,24926000,251526000,Cash,Showroom
504311,2022-04-05,3431,124,11,1,312000000,8100000,33429000,337329000,Credit,Event
504312,2024-11-27,3255,113,117,1,169900000,6900000,17930000,180930000,Credit,Showroom
504313,2023-03-17,3401,181,8,1,1673500000,86600000,174559000,1761459000,Credit,Showroom
504314,2021-02-15,1835,130,35,1,654100000,5600000,71335000,719835000,Credit,Showroom
504315,2020-04-05,1234,126,13,1,628100000,42000000,64471000,650571000,Credit,Online
504316,2024-07-14,2169,165,5,1,438800000,17800000,46310000,467310000,Credit,Showroom
504317,2021-05-01,4802,114,68,1,284500000,4000000,30855000,311355000,Credit,Showroom
504318,2024-04-26,4144,103,40,1,301800000,5100000,32637000,329337000,Cash,Showroom
504319,2025-04-13,4890,159,51,1,439800000,17100000,46497000,469197000,Cash,Showroom
504320,2023-12-23,3221,150,11,1,258000000,3000000,28050000,283050000,Credit,Showroom
504321,2022-09-03,1586,123,49,1,764400000,35300000,80201000,809301000,Cash,Showroom
504322,2024-08-23,5441,151,71,1,564000000,31400000,58586000,591186000,Cash,Showroom
504323,2024-12-14,2783,155,62,1,661600000,5600000,72160000,728160000,Credit,Showroom
504324,2025-08-13,2786,125,83,1,634800000,16500000,68013000,686313000,Credit,Showroom
504325,2021-04-11,4740,114,22,1,293600000,16100000,30525000,308025000,Credit,Showroom
504326,2023-05-09,4490,111,115,1,231900000,2100000,25278000,255078000,Credit,Showroom
504327,2022-08-10,3535,135,50,1,291700000,7600000,31251000,315351000,Credit,Showroom
504328,2020-01-08,2346,117,100,1,184400000,3300000,19921000,201021000,Credit,Showroom
504329,2024-11-18,2607,111,46,1,237000000,11100000,24849000,250749000,Credit,Showroom
504330,2022-08-20,5436,105,29,1,565700000,11600000,60951000,615051000,Credit,Showroom
504331,2021-07-30,4048,163,29,1,579700000,3700000,63360000,639360000,Credit,Showroom
504332,2024-05-20,5000,125,94,1,651200000,1700000,71445000,720945000,Credit,Showroom
504333,2025-06-22,1054,134,84,1,267700000,6200000,28765000,290265000,Credit,Showroom
504334,2024-05-09,4940,118,49,1,198400000,13600000,20328000,205128000,Credit,Showroom
504335,2021-05-13,1960,110,37,1,740000000,16100000,79629000,803529000,Credit,Showroom
504336,2024-11-07,5046,109,70,1,781500000,27800000,82907000,836607000,Cash,Showroom
504337,2022-09-20,2134,136,19,1,470300000,22000000,49313000,497613000,Cash,Showroom
504338,2024-08-11,1278,134,37,1,268100000,11600000,28215000,284715000,Credit,Showroom
504339,2023-11-20,5364,104,58,1,301600000,1400000,33022000,333222000,Credit,Showroom
504340,2025-07-16,5205,117,20,1,184400000,3000000,19954000,201354000,Credit,Showroom
504341,2025-10-23,3150,125,85,1,650500000,200000,71533000,721833000,Cash,Showroom
504342,2021-02-11,3201,115,39,1,298200000,1100000,32681000,329781000,Credit,Showroom
504343,2024-01-28,3219,131,54,1,390800000,16000000,41228000,416028000,Cash,Showroom
504344,2022-02-18,2880,138,30,1,258400000,9100000,27423000,276723000,Cash,Showroom
504345,2024-06-24,1841,134,47,1,257400000,10500000,27159000,274059000,Credit,Showroom
504346,2024-11-28,5248,101,39,1,245500000,3200000,26653000,268953000,Credit,Event
504347,2021-04-24,3215,105,69,1,587300000,16100000,62832000,634032000,Credit,Showroom
504348,2023-04-23,2588,137,23,1,448500000,25000000,46585000,470085000,Credit,Showroom
504349,2021-11-22,3115,117,83,1,188900000,1300000,20636000,208236000,Cash,Event
504350,2022-12-14,2802,110,95,1,738800000,23500000,78683000,793983000,Cash,Showroom
504351,2023-03-22,3811,141,70,1,370800000,7000000,40018000,403818000,Credit,Showroom
504352,2020-03-07,3762,138,86,1,258500000,3200000,28083000,283383000,Credit,Showroom
504353,2025-02-25,4847,153,85,1,428800000,22800000,44660000,450660000,Credit,Showroom
504354,2024-07-04,4162,129,48,1,302800000,15200000,31636000,319236000,Cash,Showroom
504355,2025-07-22,1625,108,32,1,171300000,3600000,18447000,186147000,Cash,Showroom
504356,2024-08-27,1548,139,22,1,253900000,7700000,27082000,273282000,Credit,Online
504357,2024-11-08,2570,133,25,1,420300000,900000,46134000,465534000,Cash,Showroom
504358,2025-09-02,3703,169,89,1,256300000,15600000,26477000,267177000,Credit,Online
504359,2022-08-24,4934,165,64,5,433100000,12600000,236819000,2389719000,Credit,Fleet
504360,2025-08-24,3839,105,107,1,565200000,8100000,61281000,618381000,Cash,Showroom
504361,2024-09-19,1154,102,70,1,472800000,19100000,49907000,503607000,Cash,Showroom
504362,2023-08-26,4540,147,81,1,206200000,13900000,21153000,213453000,Cash,Showroom
504363,2025-05-30,3056,125,88,1,656700000,20500000,69982000,706182000,Cash,Showroom
504364,2020-03-07,3702,125,105,1,621200000,25600000,65516000,661116000,Credit,Showroom
504365,2024-11-15,3776,110,87,1,760300000,0,83633000,843933000,Cash,Showroom
504366,2021-01-12,1021,120,66,1,397700000,9900000,42658000,430458000,Cash,Showroom
504367,2025-05-18,4791,121,52,1,393000000,10800000,42042000,424242000,Credit,Showroom
504368,2023-07-09,2426,101,12,1,243300000,11900000,25454000,256854000,Credit,Showroom
504369,2022-05-23,4785,110,22,1,761100000,46900000,78562000,792762000,Credit,Showroom
504370,2021-07-18,3536,150,62,1,262700000,13100000,27456000,277056000,Cash,Showroom
504371,2022-04-25,1602,139,26,1,258200000,3700000,27995000,282495000,Credit,Showroom
504372,2022-02-17,2202,133,11,1,413000000,10200000,44308000,447108000,Credit,Showroom
504373,2020-05-25,3438,138,19,1,258500000,14700000,26818000,270618000,Credit,Showroom
504374,2023-02-14,5258,109,91,1,791300000,3900000,86614000,874014000,Credit,Showroom
504375,2021-05-10,3698,137,34,1,472200000,12200000,50600000,510600000,Cash,Showroom
504376,2020-07-16,4624,121,113,1,408300000,15400000,43219000,436119000,Cash,Showroom
504377,2024-10-08,1285,134,101,1,268900000,5600000,28963000,292263000,Credit,Showroom
504378,2022-07-29,2485,106,37,1,389700000,12500000,41492000,418692000,Credit,Event
504379,2022-08-20,1833,139,98,1,245000000,12100000,25619000,258519000,Cash,Showroom
504380,2021-07-10,2215,115,105,1,289800000,300000,31845000,321345000,Credit,Showroom
504381,2021-07-10,3175,127,113,1,284300000,3100000,30932000,312132000,Credit,Showroom
504382,2025-12-12,5167,112,68,1,235700000,3200000,25575000,258075000,Credit,Showroom
504383,2023-03-31,3199,110,7,1,759000000,28700000,80333000,810633000,Credit,Showroom
504384,2024-01-10,3412,103,80,1,297300000,9800000,31625000,319125000,Credit,Online
504385,2025-04-29,1988,106,55,1,387900000,9400000,41635000,420135000,Credit,Showroom
504386,2025-10-20,4649,106,99,1,369200000,21600000,38236000,385836000,Cash,Showroom
504387,2025-09-20,3222,178,77,1,1090700000,73000000,111947000,1129647000,Credit,Showroom
504388,2022-03-21,4551,104,49,1,293200000,2500000,31977000,322677000,Credit,Showroom
504389,2025-04-22,5050,123,14,1,779100000,15400000,84007000,847707000,Credit,Showroom
504390,2024-01-25,3609,135,111,1,281900000,8200000,30107000,303807000,Cash,Showroom
504391,2024-03-09,1508,123,106,1,752800000,36700000,78771000,794871000,Credit,Showroom
504392,2024-02-07,4869,112,78,1,237700000,15800000,24409000,246309000,Cash,Event
504393,2025-08-30,4983,136,71,1,468900000,26700000,48642000,490842000,Cash,Showroom
504394,2022-12-05,3295,180,23,1,1693400000,15900000,184525000,1862025000,Credit,Showroom
504395,2025-09-03,3427,122,94,1,793100000,14300000,85668000,864468000,Cash,Showroom
504396,2025-06-24,5048,185,34,1,915700000,26900000,97768000,986568000,Cash,Showroom
504397,2022-03-06,5252,106,42,1,377600000,11600000,40260000,406260000,Credit,Showroom
504398,2022-09-21,3948,151,26,1,553400000,18900000,58795000,593295000,Credit,Showroom
504399,2023-11-06,2425,108,113,1,170300000,8800000,17765000,179265000,Credit,Showroom
504400,2025-07-14,4186,103,80,1,286900000,16400000,29755000,300255000,Credit,Showroom
504401,2023-05-07,4580,101,119,1,251500000,2400000,27401000,276501000,Cash,Showroom
504402,2020-10-02,1123,135,106,1,288000000,11800000,30382000,306582000,Cash,Showroom
504403,2022-11-19,3343,110,73,1,739000000,48700000,75933000,766233000,Cash,Online
504404,2020-01-22,1264,139,18,1,254000000,15700000,26213000,264513000,Cash,Event
504405,2024-07-08,2313,111,78,1,224000000,15300000,22957000,231657000,Credit,Showroom
504406,2024-10-16,3065,108,43,1,177400000,9700000,18447000,186147000,Credit,Showroom
504407,2021-08-26,2976,152,73,1,291000000,4400000,31526000,318126000,Credit,Showroom
504408,2022-08-19,5256,128,97,1,309300000,13500000,32538000,328338000,Credit,Showroom
504409,2024-05-28,3917,116,22,1,259000000,14900000,26851000,270951000,Credit,Showroom
504410,2021-05-10,3106,147,13,1,204000000,14100000,20889000,210789000,Credit,Online
504411,2025-08-19,5291,121,113,1,403400000,17900000,42405000,427905000,Credit,Showroom
504412,2021-10-08,3418,106,81,1,376400000,17000000,39534000,398934000,Credit,Showroom
504413,2021-06-25,5361,116,39,1,255900000,4500000,27654000,279054000,Credit,Event
504414,2023-11-22,2700,111,17,1,228300000,8700000,24156000,243756000,Credit,Showroom
504415,2023-02-23,1546,121,64,1,418300000,20300000,43780000,441780000,Credit,Showroom
504416,2024-02-04,3980,102,40,1,459900000,12500000,49214000,496614000,Credit,Showroom
504417,2023-04-26,3040,120,30,5,404800000,101700000,211453000,2133753000,Credit,Fleet
504418,2022-04-03,1425,118,42,1,208900000,12600000,21593000,217893000,Cash,Showroom
504419,2020-03-01,1933,119,75,1,198800000,7900000,20999000,211899000,Credit,Showroom
504420,2025-08-13,3998,134,28,1,262400000,16200000,27082000,273282000,Credit,Online
504421,2025-06-27,3038,102,110,1,482200000,3800000,52624000,531024000,Credit,Showroom
504422,2025-01-12,3563,115,8,1,281500000,13600000,29469000,297369000,Credit,Showroom
504423,2023-10-22,3215,122,12,1,779600000,18800000,83688000,844488000,Cash,Showroom
504424,2025-09-06,4600,118,60,1,196800000,300000,21615000,218115000,Credit,Showroom
504425,2022-10-30,4284,106,2,1,371800000,19500000,38753000,391053000,Credit,Showroom
504426,2021-06-14,2282,110,3,1,781000000,28000000,82830000,835830000,Credit,Showroom
504427,2023-07-11,5039,141,100,1,398900000,25800000,41041000,414141000,Cash,Online
504428,2023-08-17,2356,153,9,1,410600000,22900000,42647000,430347000,Cash,Showroom
504429,2024-06-08,4605,131,51,1,376800000,23500000,38863000,392163000,Credit,Event
504430,2025-11-10,4338,136,24,1,463000000,10200000,49808000,502608000,Credit,Event
504431,2025-11-17,3268,177,72,1,1485500000,43400000,158631000,1600731000,Credit,Online
504432,2022-11-11,1078,107,89,1,394700000,12700000,42020000,424020000,Cash,Showroom
504433,2024-06-16,3539,134,92,1,260400000,16600000,26818000,270618000,Cash,Showroom
504434,2020-08-05,3201,176,5,1,1459400000,61500000,153769000,1551669000,Credit,Showroom
504435,2021-03-05,1045,107,83,1,391700000,21600000,40711000,410811000,Credit,Showroom
504436,2022-04-24,3936,118,44,1,206200000,9300000,21659000,218559000,Cash,Showroom
504437,2023-11-25,4524,137,62,6,450800000,21400000,295174000,2978574000,Cash,Fleet
504438,2022-07-22,1992,106,114,1,386400000,26900000,39545000,399045000,Credit,Showroom
504439,2025-06-02,4261,111,114,1,238100000,13500000,24706000,249306000,Credit,Showroom
504440,2020-02-26,4167,122,100,1,786300000,42500000,81818000,825618000,Cash,Showroom
504441,2022-08-24,1724,108,34,1,176200000,5200000,18810000,189810000,Cash,Showroom
504442,2020-09-03,3153,134,55,1,261300000,17000000,26873000,271173000,Credit,Showroom
504443,2021-11-28,4955,103,82,1,281500000,1900000,30756000,310356000,Credit,Showroom
504444,2025-02-19,4691,137,107,1,440400000,23500000,45859000,462759000,Cash,Online
504445,2022-04-04,1784,111,58,1,238300000,3200000,25861000,260961000,Credit,Showroom
504446,2023-11-20,4065,133,80,1,437300000,28600000,44957000,453657000,Cash,Showroom
504447,2025-03-18,1336,112,113,1,234300000,3700000,25366000,255966000,Credit,Online
504448,2022-05-01,3074,102,60,1,480100000,10100000,51700000,521700000,Credit,Showroom
504449,2023-10-11,5170,104,78,1,290700000,1900000,31768000,320568000,Credit,Showroom
504450,2022-02-01,4197,112,107,1,241400000,5800000,25916000,261516000,Credit,Showroom
504451,2024-11-28,1617,138,31,1,252900000,2100000,27588000,278388000,Credit,Showroom
504452,2024-11-20,1902,108,99,1,170300000,8900000,17754000,179154000,Credit,Showroom
504453,2021-03-13,1805,113,32,1,162000000,2300000,17567000,177267000,Credit,Showroom
504454,2025-09-21,2959,111,80,1,231200000,1900000,25223000,254523000,Credit,Showroom
504455,2023-12-14,2771,103,107,1,283000000,1600000,30954000,312354000,Cash,Showroom
504456,2025-08-12,1167,114,37,1,295500000,600000,32439000,327339000,Cash,Event
504457,2025-08-01,2331,141,52,1,372800000,1400000,40854000,412254000,Credit,Online
504458,2023-05-23,3772,108,9,1,177600000,10700000,18359000,185259000,Credit,Showroom
504459,2024-01-21,1871,143,118,1,726900000,48400000,74635000,753135000,Cash,Showroom
504460,2022-04-24,3735,109,99,1,740800000,46300000,76395000,770895000,Credit,Event
504461,2022-01-15,4445,115,45,1,285100000,6000000,30701000,309801000,Credit,Showroom
504462,2025-03-05,3842,134,26,1,268900000,1700000,29392000,296592000,Cash,Showroom
504463,2025-01-22,1688,134,111,1,257900000,7600000,27533000,277833000,Cash,Showroom
504464,2024-11-27,3295,166,91,1,654500000,200000,71973000,726273000,Credit,Showroom
504465,2025-04-07,2935,103,40,1,283800000,10500000,30063000,303363000,Cash,Showroom
504466,2025-06-23,2172,117,59,1,184400000,4200000,19822000,200022000,Cash,Showroom
504467,2023-03-03,3184,133,21,1,438800000,22200000,45826000,462426000,Cash,Showroom
504468,2023-04-21,4708,108,52,1,173500000,5200000,18513000,186813000,Credit,Showroom
504469,2024-01-30,1509,157,23,1,338300000,12900000,35794000,361194000,Cash,Showroom
504470,2025-09-21,1525,136,93,1,440700000,16500000,46662000,470862000,Credit,Showroom
504471,2025-09-26,4632,102,15,1,461700000,600000,50721000,511821000,Cash,Showroom
504472,2020-10-13,2297,127,101,1,286900000,6400000,30855000,311355000,Credit,Showroom
504473,2022-02-16,3998,169,69,1,254200000,9500000,26917000,271617000,Cash,Showroom
504474,2024-08-18,3362,140,61,1,176600000,11400000,18172000,183372000,Cash,Showroom
504475,2021-03-11,1342,105,109,1,561400000,18700000,59697000,602397000,Cash,Showroom
504476,2024-06-07,2419,110,114,1,777300000,40200000,81081000,818181000,Cash,Showroom
504477,2025-07-02,4389,107,111,1,379700000,24300000,39094000,394494000,Credit,Showroom
504478,2021-02-15,1651,104,74,1,283400000,15500000,29469000,297369000,Credit,Event
504479,2024-05-13,3361,133,1,1,411000000,2500000,44935000,453435000,Credit,Event
504480,2024-03-02,4011,103,42,1,281600000,8700000,30019000,302919000,Credit,Event
504481,2022-06-09,2095,112,60,1,228300000,0,25113000,253413000,Credit,Showroom
504482,2021-10-09,4584,111,115,1,225000000,12000000,23430000,236430000,Credit,Showroom
504483,2025-12-29,3801,123,102,1,756600000,23400000,80652000,813852000,Credit,Showroom
504484,2025-08-12,4952,133,56,1,412300000,6300000,44660000,450660000,Credit,Showroom
504485,2020-06-29,3331,103,80,1,282700000,15900000,29348000,296148000,Cash,Showroom
504486,2023-05-12,1515,117,41,1,183100000,4000000,19701000,198801000,Credit,Event
504487,2024-08-20,5166,101,75,1,250700000,3800000,27159000,274059000,Credit,Showroom
504488,2023-05-20,1609,106,30,1,395000000,4900000,42911000,433011000,Cash,Showroom
504489,2025-07-01,2553,113,8,1,166600000,2100000,18095000,182595000,Cash,Online
504490,2024-05-10,3761,140,74,1,174700000,6100000,18546000,187146000,Cash,Showroom
504491,2024-10-19,4165,103,94,1,282500000,4100000,30624000,309024000,Credit,Showroom
504492,2023-11-14,3303,112,120,1,227300000,11500000,23738000,239538000,Credit,Event
504493,2020-12-18,5489,102,114,1,479900000,7000000,52019000,524919000,Credit,Showroom
504494,2021-07-10,3875,120,7,1,400800000,12600000,42702000,430902000,Credit,Showroom
504495,2025-05-29,4844,104,77,1,301600000,7900000,32307000,326007000,Credit,Event
504496,2024-04-17,5423,178,33,1,1084800000,47400000,114114000,1151514000,Credit,Online
504497,2022-10-05,1479,105,104,1,556700000,11600000,59961000,605061000,Cash,Showroom
504498,2020-08-18,2154,130,4,1,637600000,12600000,68750000,693750000,Cash,Event
504499,2024-02-27,4161,140,60,1,165700000,4200000,17765000,179265000,Credit,Event
504500,2025-10-13,2799,125,115,1,650600000,1200000,71434000,720834000,Cash,Showroom
504501,2024-12-29,4585,109,8,1,738700000,34700000,77440000,781440000,Credit,Showroom
504502,2021-05-20,3385,112,94,1,237300000,13500000,24618000,248418000,Credit,Showroom
504503,2023-02-20,5226,147,11,1,202800000,2000000,22088000,222888000,Cash,Showroom
504504,2024-09-14,1221,125,55,1,662700000,23700000,70290000,709290000,Credit,Showroom
504505,2021-04-08,4606,110,106,1,784300000,8600000,85327000,861027000,Credit,Event
504506,2024-07-25,5178,129,4,1,296800000,12300000,31295000,315795000,Credit,Showroom
504507,2023-05-09,1570,140,4,1,169400000,11500000,17369000,175269000,Cash,Showroom
504508,2024-06-19,1409,108,108,1,173400000,1200000,18942000,191142000,Cash,Showroom
504509,2023-11-04,2641,138,86,1,261500000,14100000,27214000,274614000,Cash,Showroom
504510,2025-12-05,4116,118,21,1,208400000,10200000,21802000,220002000,Credit,Showroom
504511,2020-12-13,3889,129,26,1,291200000,6100000,31361000,316461000,Credit,Showroom
504512,2024-03-07,3585,108,72,1,170800000,3600000,18392000,185592000,Credit,Showroom
504513,2021-05-09,4747,164,25,1,450600000,27200000,46574000,469974000,Cash,Showroom
504514,2024-02-03,4242,167,55,1,654100000,13000000,70521000,711621000,Credit,Showroom
504515,2024-04-13,3154,109,2,1,763400000,35800000,80036000,807636000,Credit,Showroom
504516,2020-10-18,4954,148,113,1,299100000,11700000,31614000,319014000,Cash,Showroom
504517,2025-10-28,5120,174,37,1,1919400000,58500000,204699000,2065599000,Credit,Showroom
504518,2023-06-12,4255,172,22,1,1353400000,6300000,148181000,1495281000,Cash,Showroom
504519,2025-11-26,1800,103,35,1,286400000,11000000,30294000,305694000,Credit,Online
504520,2024-06-29,3436,111,19,1,224500000,3200000,24343000,245643000,Credit,Showroom
504521,2023-09-26,1074,138,89,1,244700000,1100000,26796000,270396000,Cash,Showroom
504522,2023-02-07,4028,131,79,1,383600000,5200000,41624000,420024000,Credit,Showroom
504523,2022-02-02,2242,165,7,1,427200000,25600000,44176000,445776000,Credit,Showroom
504524,2024-02-18,2924,128,62,1,297500000,13500000,31240000,315240000,Cash,Online
504525,2024-04-03,1906,117,5,1,188400000,5300000,20141000,203241000,Credit,Online
504526,2025-12-01,1565,111,27,1,225600000,15100000,23155000,233655000,Cash,Showroom
504527,2024-01-22,5435,135,114,1,294300000,14800000,30745000,310245000,Cash,Showroom
504528,2022-01-16,1764,113,52,1,167900000,5700000,17842000,180042000,Credit,Online
504529,2022-10-31,2639,117,46,1,179500000,10000000,18645000,188145000,Credit,Event
504530,2023-09-09,5248,101,88,1,251000000,13300000,26147000,263847000,Cash,Showroom
504531,2023-07-12,2002,171,29,1,344800000,5800000,37290000,376290000,Cash,Showroom
504532,2021-10-21,2656,141,67,1,398100000,8400000,42867000,432567000,Cash,Showroom
504533,2021-12-14,1758,107,88,1,388200000,12200000,41360000,417360000,Cash,Showroom
504534,2022-06-15,1386,104,107,1,293200000,12800000,30844000,311244000,Credit,Event
504535,2022-06-16,1328,101,41,1,246400000,4500000,26609000,268509000,Cash,Showroom
504536,2020-04-13,4968,151,89,1,577200000,22300000,61039000,615939000,Credit,Showroom
504537,2025-09-17,2684,104,7,1,293600000,3700000,31889000,321789000,Credit,Online
504538,2022-05-21,2244,113,63,1,170900000,5000000,18249000,184149000,Credit,Showroom
504539,2024-06-20,5235,176,75,1,1493400000,26600000,161348000,1628148000,Credit,Showroom
504540,2020-04-09,4254,140,99,1,173200000,9800000,17974000,181374000,Cash,Showroom
504541,2023-01-01,1124,119,115,1,194000000,10400000,20196000,203796000,Cash,Showroom
504542,2025-08-16,2253,104,19,1,294200000,16700000,30525000,308025000,Credit,Showroom
504543,2022-01-23,1526,111,25,1,238500000,9700000,25168000,253968000,Credit,Showroom
504544,2021-09-20,5462,101,51,5,248700000,34200000,133023000,1342323000,Credit,Fleet
504545,2023-03-07,4160,110,24,1,741100000,35700000,77594000,782994000,Credit,Showroom
504546,2022-10-17,3045,144,26,1,806100000,53900000,82742000,834942000,Credit,Online
504547,2021-04-13,2101,119,32,1,199600000,9000000,20966000,211566000,Credit,Showroom
504548,2024-07-02,3498,129,15,1,297700000,18000000,30767000,310467000,Credit,Showroom
504549,2025-11-21,3018,106,39,1,377500000,26300000,38632000,389832000,Credit,Showroom
504550,2020-07-18,2226,118,59,1,209800000,9700000,22011000,222111000,Credit,Showroom
504551,2021-01-14,2747,120,24,1,406900000,4000000,44319000,447219000,Cash,Showroom
504552,2022-05-11,4610,123,76,1,762600000,4000000,83446000,842046000,Credit,Showroom
504553,2020-12-30,3895,128,107,1,308500000,21300000,31592000,318792000,Cash,Online
504554,2025-05-29,2514,112,61,1,241200000,0,26532000,267732000,Credit,Event
504555,2022-07-13,3279,131,41,1,378500000,5300000,41052000,414252000,Credit,Showroom
504556,2024-07-30,4885,120,24,1,391900000,21200000,40777000,411477000,Credit,Showroom
504557,2025-06-10,1433,139,80,1,249500000,900000,27346000,275946000,Credit,Online
504558,2023-10-22,5233,117,19,1,187200000,11000000,19382000,195582000,Credit,Showroom
504559,2025-12-26,2375,103,109,1,282300000,14300000,29480000,297480000,Credit,Event
504560,2022-10-21,3336,112,70,1,227800000,8000000,24178000,243978000,Credit,Showroom
504561,2023-09-29,2167,105,66,1,544600000,35100000,56045000,565545000,Cash,Event
504562,2024-08-17,1423,125,34,1,622400000,10300000,67331000,679431000,Cash,Showroom
504563,2024-04-28,2623,102,80,1,464300000,30500000,47718000,481518000,Cash,Online
504564,2022-07-15,4746,106,25,1,396400000,12900000,42185000,425685000,Cash,Showroom
504565,2025-05-05,3976,101,83,1,249900000,15400000,25795000,260295000,Credit,Showroom
504566,2020-11-23,2318,123,11,1,755800000,41900000,78529000,792429000,Credit,Showroom
504567,2020-09-26,1297,143,7,1,729800000,14200000,78716000,794316000,Credit,Showroom
504568,2022-11-30,3894,104,76,1,284800000,17500000,29403000,296703000,Cash,Showroom
504569,2023-12-05,1761,132,57,6,439100000,31200000,286374000,2889774000,Cash,Fleet
504570,2021-08-09,1907,142,16,1,283500000,9700000,30118000,303918000,Credit,Showroom
504571,2022-04-08,4182,187,59,1,1297100000,28200000,139579000,1408479000,Credit,Showroom
504572,2025-01-14,1563,128,39,1,299800000,6900000,32219000,325119000,Credit,Showroom
504573,2024-10-31,1692,107,4,1,397800000,11400000,42504000,428904000,Credit,Showroom
504574,2022-07-28,4271,113,97,1,172600000,500000,18931000,191031000,Credit,Showroom
504575,2024-11-16,2326,106,28,1,379100000,12800000,40293000,406593000,Credit,Showroom
504576,2025-12-02,2883,151,33,1,545000000,6500000,59235000,597735000,Cash,Showroom
504577,2024-01-13,1260,121,35,1,392500000,11200000,41943000,423243000,Credit,Showroom
504578,2025-05-17,5089,114,5,1,286200000,15900000,29733000,300033000,Credit,Showroom
504579,2021-03-08,4697,132,50,1,439600000,5900000,47707000,481407000,Credit,Showroom
504580,2025-06-24,4374,107,92,1,396400000,11100000,42383000,427683000,Credit,Showroom
504581,2025-03-03,1054,124,82,1,329100000,12900000,34782000,350982000,Credit,Showroom
504582,2020-06-04,4385,109,50,1,774100000,35000000,81301000,820401000,Credit,Showroom
504583,2020-01-18,1383,110,46,1,761600000,39200000,79464000,801864000,Credit,Online
504584,2020-08-07,4678,105,22,1,551100000,13500000,59136000,596736000,Cash,Showroom
504585,2022-11-28,3784,108,80,1,171000000,4700000,18293000,184593000,Credit,Showroom
504586,2022-07-24,5208,128,42,1,305100000,8900000,32582000,328782000,Credit,Event
504587,2024-02-06,4193,101,61,1,249500000,8000000,26565000,268065000,Credit,Showroom
504588,2021-04-19,3201,111,105,1,224100000,5000000,24101000,243201000,Credit,Showroom
504589,2025-03-06,1864,133,34,1,426300000,6500000,46178000,465978000,Credit,Showroom
504590,2022-01-09,5163,120,89,1,411400000,28200000,42152000,425352000,Cash,Showroom
504591,2022-03-31,4322,126,3,1,645200000,41900000,66363000,669663000,Credit,Showroom
504592,2021-09-27,3545,130,100,1,633500000,5500000,69080000,697080000,Cash,Showroom
504593,2025-09-14,5432,148,114,1,293000000,2700000,31933000,322233000,Credit,Showroom
504594,2021-01-22,4190,140,105,1,166700000,1600000,18161000,183261000,Credit,Showroom
504595,2022-08-28,5265,131,116,1,389100000,17200000,40909000,412809000,Credit,Showroom
504596,2023-11-03,5192,109,46,1,760900000,35300000,79816000,805416000,Credit,Event
504597,2021-02-16,3924,104,42,1,291800000,9900000,31009000,312909000,Credit,Showroom
504598,2022-12-18,5230,124,84,1,332100000,9600000,35475000,357975000,Credit,Showroom
504599,2020-02-25,2587,104,23,1,293300000,5100000,31702000,319902000,Credit,Event
504600,2024-06-11,2702,138,90,1,262100000,13300000,27368000,276168000,Cash,Showroom
504601,2025-01-01,2603,113,110,1,169300000,6500000,17908000,180708000,Cash,Showroom
504602,2022-08-29,2969,122,45,1,793100000,41000000,82731000,834831000,Credit,Showroom
504603,2022-09-06,1573,168,52,1,257800000,3000000,28028000,282828000,Credit,Showroom
504604,2025-11-29,4521,117,102,1,189200000,500000,20757000,209457000,Cash,Showroom
504605,2022-03-06,1345,101,87,1,236300000,9600000,24937000,251637000,Credit,Online
504606,2024-04-08,3655,143,40,1,707300000,31300000,74360000,750360000,Cash,Showroom
504607,2024-04-11,3480,104,49,1,302100000,4700000,32714000,330114000,Credit,Online
504608,2024-12-29,3503,130,4,1,657100000,7700000,71434000,720834000,Credit,Showroom
504609,2020-07-08,2799,146,46,1,195400000,11800000,20196000,203796000,Credit,Event
504610,2020-08-12,3015,138,84,1,246600000,4800000,26598000,268398000,Credit,Showroom
504611,2022-02-06,1425,127,79,1,293000000,8300000,31317000,316017000,Cash,Showroom
504612,2021-07-25,4875,123,119,1,776000000,2600000,85074000,858474000,Credit,Showroom
504613,2024-09-07,4177,130,13,1,627400000,4700000,68497000,691197000,Credit,Showroom
504614,2021-10-16,2731,107,20,1,398300000,8500000,42878000,432678000,Credit,Showroom
504615,2025-03-08,2620,109,8,1,788300000,47000000,81543000,822843000,Cash,Showroom
504616,2023-03-08,1017,104,31,1,283900000,17400000,29315000,295815000,Credit,Event
504617,2022-12-20,1570,143,51,1,748000000,30300000,78947000,796647000,Credit,Showroom
504618,2020-09-03,1831,130,87,1,660800000,26200000,69806000,704406000,Credit,Showroom
504619,2024-11-17,4191,134,114,1,263500000,16200000,27203000,274503000,Credit,Event
504620,2023-07-20,3321,121,43,1,410700000,15900000,43428000,438228000,Credit,Showroom
504621,2024-10-15,4852,128,118,1,304000000,14100000,31889000,321789000,Credit,Showroom
504622,2024-01-10,1521,106,93,1,393900000,13300000,41866000,422466000,Cash,Online
504623,2024-11-17,4843,142,33,1,293300000,900000,32164000,324564000,Cash,Showroom
504624,2025-05-01,2883,102,51,1,463300000,4900000,50424000,508824000,Cash,Showroom
504625,2021-05-30,3329,123,39,1,791000000,43700000,82203000,829503000,Credit,Online
504626,2023-12-17,5217,133,107,1,418400000,23200000,43472000,438672000,Credit,Showroom
504627,2022-10-26,2642,121,77,1,394300000,26000000,40513000,408813000,Cash,Showroom
504628,2020-01-20,1419,120,74,1,391100000,5600000,42405000,427905000,Credit,Showroom
504629,2021-05-29,2710,111,25,1,230400000,14800000,23716000,239316000,Credit,Showroom
504630,2023-11-14,3121,138,100,1,249200000,11500000,26147000,263847000,Credit,Showroom
504631,2024-12-10,1029,142,76,1,299800000,15900000,31229000,315129000,Cash,Showroom
504632,2022-01-28,4223,133,104,1,434900000,18300000,45826000,462426000,Cash,Showroom
504633,2022-01-02,3841,112,92,1,238900000,14400000,24695000,249195000,Credit,Showroom
504634,2023-01-27,4311,103,23,1,283100000,2700000,30844000,311244000,Credit,Event
504635,2024-01-04,1765,132,70,1,419200000,12400000,44748000,451548000,Cash,Event
504636,2023-08-31,5344,109,7,1,782700000,6300000,85404000,861804000,Cash,Showroom
504637,2020-07-01,2395,116,93,1,270800000,17400000,27874000,281274000,Cash,Online
504638,2024-01-24,5161,134,105,1,259300000,3500000,28138000,283938000,Cash,Showroom
504639,2024-11-20,3497,149,55,1,288000000,4700000,31163000,314463000,Credit,Showroom
504640,2021-12-21,4034,110,46,1,746600000,6800000,81378000,821178000,Cash,Showroom
504641,2025-02-20,2459,109,4,1,796900000,13300000,86196000,869796000,Credit,Showroom
504642,2024-04-23,4134,105,97,1,578800000,2900000,63349000,639249000,Credit,Showroom
504643,2022-11-10,3762,123,53,1,756700000,24200000,80575000,813075000,Credit,Online
504644,2022-03-21,3389,136,3,1,460900000,2900000,50380000,508380000,Credit,Online
504645,2021-07-19,2337,102,61,1,474700000,33000000,48587000,490287000,Credit,Showroom
504646,2020-05-11,5494,132,102,1,428800000,1300000,47025000,474525000,Credit,Event
504647,2024-01-23,3191,187,105,1,1291100000,60900000,135322000,1365522000,Credit,Showroom
504648,2025-01-04,2030,157,56,2,342000000,21900000,72831000,734931000,Credit,Fleet
504649,2020-03-01,1644,107,70,1,395900000,2800000,43241000,436341000,Credit,Showroom
504650,2023-08-03,4251,124,88,1,331300000,13300000,34980000,352980000,Cash,Event
504651,2024-10-07,1717,105,43,1,553600000,21200000,58564000,590964000,Credit,Showroom
504652,2025-04-28,4048,104,18,1,288100000,15800000,29953000,302253000,Cash,Showroom
504653,2024-11-11,3187,103,26,1,299700000,18900000,30888000,311688000,Credit,Showroom
504654,2024-05-09,2421,115,27,1,276600000,2300000,30173000,304473000,Cash,Showroom
504655,2023-11-11,2292,135,96,1,298400000,900000,32725000,330225000,Credit,Online
504656,2025-09-17,1399,127,57,1,286700000,2500000,31262000,315462000,Credit,Showroom
504657,2022-10-19,5338,105,75,1,556400000,17900000,59235000,597735000,Credit,Showroom
504658,2022-01-18,4251,112,60,1,231100000,14900000,23782000,239982000,Credit,Showroom
504659,2025-03-19,2638,144,58,1,802500000,3700000,87868000,886668000,Credit,Showroom
504660,2025-10-13,5380,112,96,1,225100000,12500000,23386000,235986000,Credit,Showroom
504661,2025-02-27,1489,124,112,1,322800000,20100000,33297000,335997000,Cash,Showroom
504662,2023-09-08,5049,120,18,1,405800000,22000000,42218000,426018000,Credit,Showroom
504663,2025-04-13,4770,149,18,1,283200000,6900000,30393000,306693000,Credit,Showroom
504664,2021-08-09,3486,111,26,1,230800000,8100000,24497000,247197000,Credit,Showroom
504665,2024-12-31,2204,115,99,1,294500000,0,32395000,326895000,Cash,Showroom
504666,2020-03-28,5327,114,120,1,276400000,1200000,30272000,305472000,Credit,Showroom
504667,2024-07-14,4949,132,77,1,428200000,14700000,45485000,458985000,Credit,Showroom
504668,2022-07-10,2590,106,16,1,370400000,4100000,40293000,406593000,Cash,Showroom
504669,2025-03-14,4510,103,73,1,286200000,200000,31460000,317460000,Credit,Showroom
504670,2020-05-17,3223,181,82,1,1627700000,66900000,171688000,1732488000,Credit,Showroom
504671,2024-08-08,5115,138,26,1,250300000,11000000,26323000,265623000,Credit,Online
504672,2021-12-31,5413,183,90,1,1932800000,85100000,203247000,2050947000,Credit,Showroom
504673,2021-11-12,3375,136,116,1,456300000,29800000,46915000,473415000,Credit,Showroom
504674,2025-02-26,3638,128,13,1,314600000,21600000,32230000,325230000,Cash,Showroom
504675,2023-07-13,2119,118,53,1,200000000,12900000,20581000,207681000,Cash,Showroom
504676,2024-03-15,3309,114,59,1,288100000,16700000,29854000,301254000,Credit,Showroom
504677,2022-02-19,2438,102,117,1,447900000,17900000,47300000,477300000,Credit,Event
504678,2022-04-29,1789,114,21,1,292000000,5300000,31537000,318237000,Credit,Showroom
504679,2022-11-03,5440,116,83,1,260500000,6200000,27973000,282273000,Credit,Event
504680,2025-12-08,1961,112,105,1,240000000,14600000,24794000,250194000,Credit,Online
504681,2025-06-22,2365,114,21,1,292100000,900000,32032000,323232000,Credit,Showroom
504682,2021-03-05,1258,102,56,1,456000000,22600000,47674000,481074000,Cash,Showroom
504683,2022-05-29,4671,165,10,1,447500000,20200000,47003000,474303000,Credit,Showroom
504684,2021-02-28,2834,105,70,1,568900000,29100000,59378000,599178000,Credit,Event
504685,2025-01-26,2847,102,8,1,482300000,17500000,51128000,515928000,Credit,Showroom
504686,2023-05-12,1179,118,23,1,201200000,8700000,21175000,213675000,Cash,Showroom
504687,2022-07-16,2980,136,38,1,451800000,16500000,47883000,483183000,Credit,Showroom
504688,2023-05-09,2597,115,13,1,297200000,2200000,32450000,327450000,Credit,Showroom
504689,2024-01-14,3376,106,116,1,371300000,12200000,39501000,398601000,Credit,Showroom
504690,2024-06-29,2518,126,28,1,639500000,12300000,68992000,696192000,Cash,Showroom
504691,2023-11-28,3468,121,30,1,408800000,18200000,42966000,433566000,Credit,Online
504692,2021-12-25,3236,128,57,1,296100000,500000,32516000,328116000,Cash,Online
504693,2023-10-19,2767,124,119,1,332000000,10300000,35387000,357087000,Cash,Online
504694,2021-07-20,3678,117,116,1,187600000,2600000,20350000,205350000,Cash,Online
504695,2023-06-26,4459,118,83,1,197500000,5600000,21109000,213009000,Credit,Showroom
504696,2021-05-22,4749,116,72,1,264800000,15800000,27390000,276390000,Credit,Event
504697,2024-01-23,4458,119,120,1,195000000,1400000,21296000,214896000,Cash,Showroom
504698,2023-03-28,4334,128,70,1,313900000,8300000,33616000,339216000,Credit,Showroom
504699,2025-07-19,3556,126,10,1,637200000,39000000,65802000,664002000,Credit,Showroom
504700,2024-06-19,2718,106,36,1,369700000,13300000,39204000,395604000,Cash,Showroom
504701,2021-04-25,3878,147,24,1,203300000,300000,22330000,225330000,Credit,Online
504702,2025-05-19,2962,140,95,1,168800000,5900000,17919000,180819000,Credit,Showroom
504703,2022-12-12,4612,154,30,1,900800000,53700000,93181000,940281000,Credit,Showroom
504704,2020-11-02,1406,131,99,1,374200000,7600000,40326000,406926000,Cash,Showroom
504705,2021-06-07,2566,124,87,1,310800000,9200000,33176000,334776000,Cash,Showroom
504706,2024-06-19,4235,132,118,1,440900000,24100000,45848000,462648000,Credit,Showroom
504707,2022-04-12,1842,133,22,1,411200000,11900000,43923000,443223000,Credit,Showroom
504708,2024-10-31,3277,121,1,1,403300000,1300000,44220000,446220000,Credit,Showroom
504709,2021-10-31,5348,112,4,1,236900000,14300000,24486000,247086000,Cash,Showroom
504710,2025-12-23,2650,122,2,1,785100000,51300000,80718000,814518000,Credit,Online
504711,2023-04-26,1868,109,23,1,788500000,36200000,82753000,835053000,Credit,Showroom
504712,2021-02-27,2907,101,114,1,234300000,4200000,25311000,255411000,Credit,Showroom
504713,2025-02-17,4227,121,81,1,411500000,11300000,44022000,444222000,Cash,Showroom
504714,2025-03-25,4912,110,99,1,761400000,15500000,82049000,827949000,Credit,Showroom
504715,2023-08-15,3294,136,65,1,459500000,7700000,49698000,501498000,Credit,Showroom
504716,2021-03-12,3215,103,14,1,295200000,14800000,30844000,311244000,Cash,Showroom
504717,2024-07-19,4841,135,12,1,286700000,10500000,30382000,306582000,Credit,Event
504718,2025-08-22,4551,136,76,1,440900000,16600000,46673000,470973000,Cash,Showroom
504719,2022-11-21,4187,109,112,1,739500000,32700000,77748000,784548000,Credit,Showroom
504720,2022-03-03,3313,125,74,1,669200000,12800000,72204000,728604000,Credit,Showroom
504721,2025-04-11,1345,148,90,1,292700000,1700000,32010000,323010000,Credit,Showroom
504722,2024-07-14,4871,125,114,1,646800000,3000000,70818000,714618000,Credit,Showroom
504723,2024-09-10,1108,122,110,1,762800000,41100000,79387000,801087000,Cash,Showroom
504724,2023-08-18,2844,133,37,1,436000000,29400000,44726000,451326000,Credit,Showroom
504725,2021-07-09,4850,131,36,1,370100000,25400000,37917000,382617000,Cash,Showroom
504726,2024-12-29,2770,104,28,1,293900000,3400000,31955000,322455000,Credit,Showroom
504727,2022-12-10,3283,159,12,6,414500000,165200000,255398000,2577198000,Credit,Fleet
504728,2023-03-21,5152,103,106,1,288000000,1800000,31482000,317682000,Cash,Showroom
504729,2022-09-24,4166,106,39,1,383600000,1700000,42009000,423909000,Cash,Showroom
504730,2024-04-27,4193,112,73,1,228300000,14200000,23551000,237651000,Credit,Online
504731,2023-07-11,1506,139,83,1,257300000,3900000,27874000,281274000,Cash,Showroom
504732,2022-04-22,5393,101,69,1,248000000,5000000,26730000,269730000,Cash,Showroom
504733,2021-05-19,1776,105,68,1,582400000,7300000,63261000,638361000,Credit,Showroom
504734,2025-03-21,2463,147,17,1,206300000,7600000,21857000,220557000,Credit,Showroom
504735,2022-01-15,2862,108,63,1,172200000,7400000,18128000,182928000,Cash,Showroom
504736,2020-01-26,3305,111,86,1,231600000,5300000,24893000,251193000,Cash,Online
504737,2020-10-29,3262,116,64,1,270300000,15200000,28061000,283161000,Cash,Showroom
504738,2023-10-12,1730,123,36,1,749100000,51000000,76791000,774891000,Cash,Showroom
504739,2023-09-30,1463,119,82,1,195200000,200000,21450000,216450000,Cash,Showroom
504740,2022-04-11,3241,125,80,1,633000000,3500000,69245000,698745000,Cash,Showroom
504741,2023-10-31,1954,111,73,1,234000000,5700000,25113000,253413000,Credit,Showroom
504742,2025-05-28,4515,113,91,2,172900000,7400000,37224000,375624000,Credit,Fleet
504743,2024-08-18,1792,130,110,1,659200000,34200000,68750000,693750000,Credit,Showroom
504744,2024-06-06,1405,171,91,1,345700000,3300000,37664000,380064000,Credit,Event
504745,2025-11-10,1557,127,87,1,289200000,1300000,31669000,319569000,Cash,Showroom
504746,2021-02-27,1604,114,25,1,289800000,18100000,29887000,301587000,Credit,Showroom
504747,2025-09-08,1847,129,119,1,295600000,500000,32461000,327561000,Credit,Showroom
504748,2022-08-12,3968,120,47,1,389000000,6600000,42064000,424464000,Cash,Online
504749,2020-07-17,4507,109,72,1,788600000,50000000,81246000,819846000,Credit,Event
504750,2025-05-30,2816,110,115,1,788700000,20000000,84557000,853257000,Credit,Showroom
504751,2023-01-06,1889,141,87,1,370700000,7700000,39930000,402930000,Cash,Showroom
504752,2021-07-26,1828,104,63,1,285300000,2100000,31152000,314352000,Credit,Showroom
504753,2021-02-28,2460,123,10,1,753500000,22900000,80366000,810966000,Credit,Showroom
504754,2025-05-13,1920,107,28,1,375400000,9700000,40227000,405927000,Credit,Showroom
504755,2024-07-22,4127,110,56,1,777300000,16900000,83644000,844044000,Cash,Showroom
504756,2024-06-10,1708,105,24,1,578300000,23600000,61017000,615717000,Credit,Showroom
504757,2022-11-19,1269,179,36,1,1118500000,25400000,120241000,1213341000,Cash,Showroom
504758,2022-04-28,2019,110,70,1,773300000,48500000,79728000,804528000,Cash,Showroom
504759,2025-03-17,1666,129,69,1,309200000,12400000,32648000,329448000,Cash,Showroom
504760,2022-04-03,4108,148,103,1,300000000,4700000,32483000,327783000,Cash,Showroom
504761,2023-09-30,2497,137,29,1,442500000,7400000,47861000,482961000,Credit,Showroom
504762,2020-06-30,1572,119,104,1,195000000,4100000,20999000,211899000,Cash,Showroom
504763,2023-03-07,4855,123,79,1,747800000,18000000,80278000,810078000,Credit,Showroom
504764,2024-01-31,1849,102,19,1,477900000,100000,52558000,530358000,Cash,Showroom
504765,2024-12-06,1131,116,72,1,260500000,15300000,26972000,272172000,Credit,Showroom
504766,2025-08-21,1413,119,35,1,207500000,6400000,22121000,223221000,Credit,Showroom
504767,2022-02-15,4624,115,72,1,282800000,1700000,30921000,312021000,Cash,Showroom
504768,2021-09-08,1615,130,17,1,663800000,400000,72974000,736374000,Cash,Showroom
504769,2021-08-24,1090,105,52,1,550200000,600000,60456000,610056000,Credit,Showroom
504770,2024-06-15,2224,125,98,1,623600000,38900000,64317000,649017000,Cash,Showroom
504771,2022-06-24,4078,130,78,1,647200000,31300000,67749000,683649000,Cash,Event
504772,2020-12-01,3346,123,21,1,786200000,51500000,80817000,815517000,Cash,Showroom
504773,2023-11-25,1214,126,68,1,642900000,13400000,69245000,698745000,Credit,Showroom
504774,2025-12-29,2381,178,58,1,1120700000,50100000,117766000,1188366000,Cash,Showroom
504775,2020-07-06,5039,101,36,1,235100000,1700000,25674000,259074000,Credit,Showroom
504776,2022-02-01,3445,142,42,1,291500000,18400000,30041000,303141000,Cash,Showroom
504777,2025-06-22,2939,111,36,1,239900000,6600000,25663000,258963000,Cash,Showroom
504778,2021-02-07,1690,133,70,1,415800000,23700000,43131000,435231000,Cash,Showroom
504779,2021-06-08,5182,109,14,1,762400000,5400000,83270000,840270000,Credit,Showroom
504780,2021-06-26,1603,105,69,1,548200000,12600000,58916000,594516000,Credit,Showroom
504781,2022-01-03,1571,116,100,1,256800000,2800000,27940000,281940000,Cash,Showroom
504782,2024-07-30,4132,124,19,1,327100000,7600000,35145000,354645000,Credit,Showroom
504783,2024-10-02,4606,116,19,1,255700000,12000000,26807000,270507000,Cash,Showroom
504784,2021-04-21,2537,103,28,1,298400000,16900000,30965000,312465000,Credit,Showroom
504785,2022-06-17,4979,101,1,1,238000000,7300000,25377000,256077000,Credit,Showroom
504786,2022-02-21,4167,115,81,1,278300000,17900000,28644000,289044000,Credit,Showroom
504787,2021-02-10,3634,128,113,1,312400000,5800000,33726000,340326000,Credit,Showroom
504788,2025-08-12,1745,166,24,1,656400000,1600000,72028000,726828000,Credit,Showroom
504789,2025-01-25,3975,109,94,1,737800000,8000000,80278000,810078000,Credit,Online
504790,2025-12-03,2346,126,119,1,649000000,1600000,71214000,718614000,Cash,Online
504791,2024-06-05,3891,112,70,1,232300000,12300000,24200000,244200000,Credit,Showroom
504792,2025-11-30,4563,106,14,1,389100000,12800000,41393000,417693000,Cash,Showroom
504793,2022-08-22,1572,101,59,1,247200000,5700000,26565000,268065000,Credit,Showroom
504794,2021-03-10,3081,105,8,1,551100000,9500000,59576000,601176000,Credit,Showroom
504795,2025-03-21,1146,126,6,1,633000000,39900000,65241000,658341000,Credit,Showroom
504796,2021-09-11,2668,109,109,1,790200000,30600000,83556000,843156000,Cash,Showroom
504797,2023-12-06,2034,167,91,1,635100000,8400000,68937000,695637000,Credit,Showroom
504798,2021-05-01,2012,111,43,1,237200000,7800000,25234000,254634000,Cash,Showroom
504799,2023-02-15,2504,106,43,1,395700000,9800000,42449000,428349000,Credit,Showroom
504800,2024-03-25,4766,107,107,1,391500000,2100000,42834000,432234000,Credit,Event
504801,2025-11-02,4695,144,66,1,810900000,50200000,83677000,844377000,Cash,Showroom
504802,2020-02-09,5020,115,32,1,279900000,10400000,29645000,299145000,Credit,Showroom
504803,2024-10-17,2864,116,26,1,267100000,5100000,28820000,290820000,Credit,Showroom
504804,2021-09-05,3870,110,81,1,763200000,24000000,81312000,820512000,Credit,Showroom
504805,2023-03-25,2076,136,27,1,452700000,11900000,48488000,489288000,Credit,Showroom
504806,2023-08-29,3970,120,70,1,399500000,1100000,43824000,442224000,Cash,Showroom
504807,2024-05-04,1493,107,63,1,393400000,7500000,42449000,428349000,Credit,Showroom
504808,2024-06-30,2644,182,62,1,1877600000,70000000,198836000,2006436000,Credit,Showroom
504809,2022-12-16,1715,123,58,1,774500000,45900000,80146000,808746000,Cash,Showroom
504810,2024-06-21,4260,116,50,1,266600000,4600000,28820000,290820000,Credit,Showroom
504811,2022-12-10,5323,144,104,1,779800000,33100000,82137000,828837000,Credit,Showroom
504812,2020-06-08,2869,108,45,1,174700000,8500000,18282000,184482000,Cash,Online
504813,2024-02-18,4446,177,56,1,1496300000,19500000,162448000,1639248000,Cash,Showroom
504814,2024-01-10,4255,136,22,1,457000000,25900000,47421000,478521000,Credit,Showroom
504815,2020-07-21,5126,117,102,1,184600000,7500000,19481000,196581000,Credit,Showroom
504816,2022-08-26,3189,130,37,1,621000000,10800000,67122000,677322000,Cash,Showroom
504817,2025-06-12,5173,134,76,1,268600000,14700000,27929000,281829000,Credit,Online
504818,2022-11-20,1554,130,102,1,668000000,42700000,68783000,694083000,Credit,Showroom
504819,2020-06-22,1999,128,77,1,314000000,4800000,34012000,343212000,Cash,Showroom
504820,2021-12-18,1850,114,109,1,294800000,14100000,30877000,311577000,Credit,Event
504821,2021-07-07,5190,169,106,1,262500000,6800000,28127000,283827000,Cash,Showroom
504822,2024-06-15,4142,160,45,1,379700000,0,41767000,421467000,Credit,Showroom
504823,2025-08-13,1090,108,64,1,172300000,4800000,18425000,185925000,Credit,Showroom
504824,2021-10-20,5243,104,43,1,292300000,15300000,30470000,307470000,Credit,Showroom
504825,2024-04-21,4719,143,47,1,710400000,48400000,72820000,734820000,Credit,Showroom
504826,2022-01-12,1029,126,50,1,622400000,1300000,68321000,689421000,Credit,Showroom
504827,2025-10-04,2696,102,95,4,453700000,61300000,192885000,1946385000,Credit,Fleet
504828,2021-05-03,1323,102,11,1,478600000,14500000,51051000,515151000,Credit,Showroom
504829,2024-01-06,2641,128,84,1,301300000,16600000,31317000,316017000,Credit,Showroom
504830,2024-11-05,3671,133,5,1,431100000,13300000,45958000,463758000,Credit,Showroom
504831,2021-08-24,3508,117,85,1,191000000,1000000,20900000,210900000,Credit,Showroom
504832,2025-08-23,2762,107,51,1,379500000,15300000,40062000,404262000,Credit,Showroom
504833,2025-12-17,1955,121,55,1,394500000,3100000,43054000,434454000,Cash,Showroom
504834,2023-09-17,1017,174,108,1,1906500000,60600000,203049000,2048949000,Credit,Showroom
504835,2025-11-01,5075,101,1,1,244300000,15500000,25168000,253968000,Credit,Showroom
504836,2025-10-01,4933,109,16,1,770300000,37800000,80575000,813075000,Cash,Showroom
504837,2021-08-20,1454,105,28,1,566100000,35600000,58355000,588855000,Cash,Showroom
504838,2022-03-08,4434,128,104,1,302500000,8800000,32307000,326007000,Credit,Showroom
504839,2022-03-05,5040,139,69,1,244400000,4100000,26433000,266733000,Cash,Showroom
504840,2025-11-30,1147,106,1,1,368800000,100000,40557000,409257000,Cash,Showroom
504841,2024-09-12,1895,144,62,1,771500000,18200000,82863000,836163000,Credit,Event
504842,2021-11-06,5072,139,114,1,253600000,400000,27852000,281052000,Cash,Online
504843,2023-10-16,4657,107,66,1,393800000,26400000,40414000,407814000,Credit,Showroom
504844,2025-01-13,1374,111,7,1,224100000,6500000,23936000,241536000,Credit,Showroom
504845,2020-12-18,2565,121,89,1,406300000,18400000,42669000,430569000,Credit,Showroom
504846,2020-09-13,2755,111,24,1,239900000,8100000,25498000,257298000,Credit,Showroom
504847,2020-06-14,1578,127,18,1,273600000,11400000,28842000,291042000,Credit,Showroom
504848,2024-07-03,3010,150,88,1,266000000,6300000,28567000,288267000,Credit,Showroom
504849,2025-12-26,1886,112,54,1,240500000,9700000,25388000,256188000,Cash,Showroom
504850,2020-06-16,2727,105,84,1,570000000,200000,62678000,632478000,Cash,Showroom
504851,2024-06-02,4560,104,30,1,286400000,11500000,30239000,305139000,Cash,Showroom
504852,2025-08-13,5322,136,41,1,465700000,23100000,48686000,491286000,Credit,Showroom
504853,2022-11-15,3781,112,62,1,234900000,9200000,24827000,250527000,Cash,Online
504854,2025-07-14,4686,108,107,1,172000000,4300000,18447000,186147000,Cash,Showroom
504855,2023-01-21,2141,145,98,1,353600000,5000000,38346000,386946000,Cash,Online
504856,2025-04-23,4751,107,19,1,388100000,9800000,41613000,419913000,Credit,Online
504857,2024-12-01,2866,116,13,1,271800000,17700000,27951000,282051000,Cash,Showroom
504858,2025-05-28,3212,101,50,1,240100000,9600000,25355000,255855000,Credit,Showroom
504859,2022-05-22,2507,126,35,1,640900000,20300000,68266000,688866000,Credit,Showroom
504860,2022-08-05,3512,136,70,1,457100000,19100000,48180000,486180000,Cash,Showroom
504861,2023-10-08,4914,121,94,1,396900000,23300000,41096000,414696000,Cash,Showroom
504862,2023-12-29,2481,129,48,1,292800000,15500000,30503000,307803000,Credit,Online
504863,2023-07-29,3207,103,89,1,299600000,4900000,32417000,327117000,Cash,Online
504864,2022-05-06,2664,168,60,1,270100000,10500000,28556000,288156000,Cash,Showroom
504865,2024-01-19,4233,125,19,1,651600000,36200000,67694000,683094000,Credit,Showroom
504866,2022-08-12,2833,107,9,1,376000000,6100000,40689000,410589000,Credit,Showroom
504867,2025-05-18,1960,108,56,1,172400000,2000000,18744000,189144000,Credit,Showroom
504868,2025-06-21,4715,114,70,1,291700000,16600000,30261000,305361000,Cash,Showroom
504869,2020-01-04,4486,118,60,1,196600000,3200000,21274000,214674000,Credit,Showroom
504870,2023-01-05,1355,139,101,1,258500000,16400000,26631000,268731000,Credit,Showroom
504871,2023-10-07,1156,128,89,1,311600000,4300000,33803000,341103000,Credit,Showroom
504872,2020-11-27,3727,153,46,1,435700000,27700000,44880000,452880000,Cash,Showroom
504873,2024-05-29,2584,156,31,1,650300000,15100000,69872000,705072000,Credit,Event
504874,2022-06-03,2138,145,20,1,363400000,11100000,38753000,391053000,Credit,Showroom
504875,2024-09-04,5204,122,29,1,775600000,26900000,82357000,831057000,Credit,Showroom
504876,2024-02-28,5097,132,14,1,420500000,3000000,45925000,463425000,Cash,Event
504877,2022-01-05,3140,147,35,1,203100000,5100000,21780000,219780000,Credit,Showroom
504878,2022-11-23,1869,119,43,1,196800000,9800000,20570000,207570000,Credit,Showroom
504879,2025-09-29,3062,116,51,1,264300000,1200000,28941000,292041000,Cash,Showroom
504880,2024-01-27,1346,140,94,1,175700000,3200000,18975000,191475000,Cash,Online
504881,2022-06-16,3682,109,110,1,778000000,21600000,83204000,839604000,Credit,Showroom
504882,2022-03-16,2018,101,48,1,250300000,3200000,27181000,274281000,Cash,Showroom
504883,2023-08-28,5219,139,5,1,249200000,5100000,26851000,270951000,Credit,Showroom
504884,2025-08-30,4815,138,69,1,261700000,10500000,27632000,278832000,Credit,Showroom
504885,2022-09-03,1452,120,112,1,405800000,5600000,44022000,444222000,Credit,Showroom
504886,2022-05-18,3782,106,22,1,396400000,1900000,43395000,437895000,Credit,Event
504887,2024-05-02,2285,136,66,1,463500000,29300000,47762000,481962000,Cash,Showroom
504888,2024-03-11,2187,106,62,1,383400000,4800000,41646000,420246000,Credit,Online
504889,2024-03-22,4804,129,102,1,305600000,16200000,31834000,321234000,Cash,Showroom
504890,2025-09-02,4348,142,15,1,282700000,16000000,29337000,296037000,Credit,Online
504891,2023-11-22,4016,187,110,1,1248100000,17100000,135410000,1366410000,Credit,Showroom
504892,2020-10-15,4845,172,10,1,1300800000,60000000,136488000,1377288000,Credit,Event
504893,2021-02-18,5032,124,11,1,321200000,13600000,33836000,341436000,Cash,Showroom
504894,2025-09-05,3876,105,33,1,573500000,40100000,58674000,592074000,Cash,Online
504895,2022-11-24,2799,134,64,1,255800000,13400000,26664000,269064000,Credit,Online
504896,2024-04-10,4788,121,95,1,402300000,19000000,42163000,425463000,Credit,Showroom
504897,2024-03-10,2737,105,8,1,587400000,5100000,64053000,646353000,Credit,Showroom
504898,2024-09-04,1922,141,102,1,374200000,16300000,39369000,397269000,Credit,Showroom
504899,2020-12-23,3952,117,21,1,191000000,4700000,20493000,206793000,Cash,Showroom
504900,2021-07-06,1169,136,51,1,458800000,20400000,48224000,486624000,Cash,Showroom
504901,2022-12-03,1254,101,72,1,238000000,6700000,25443000,256743000,Credit,Online
504902,2020-02-27,2509,130,40,1,640400000,1400000,70290000,709290000,Cash,Showroom
504903,2025-05-16,3702,154,83,1,899400000,30800000,95546000,964146000,Credit,Event
504904,2021-05-03,3323,103,29,1,285500000,18300000,29392000,296592000,Credit,Showroom
504905,2023-04-15,3050,122,106,1,745300000,45800000,76945000,776445000,Cash,Showroom
504906,2023-02-06,4861,120,10,1,403800000,3400000,44044000,444444000,Cash,Showroom
504907,2020-01-21,5455,103,80,6,289200000,83700000,181665000,1833165000,Cash,Fleet
504908,2025-12-16,1855,112,46,1,224500000,12300000,23342000,235542000,Cash,Showroom
504909,2023-03-04,2600,113,34,1,170000000,2100000,18469000,186369000,Credit,Event
504910,2020-10-01,2330,110,50,1,775900000,8100000,84458000,852258000,Credit,Showroom
504911,2025-09-17,2047,123,18,1,744800000,1800000,81730000,824730000,Credit,Showroom
504912,2024-02-02,4485,138,21,1,243800000,16400000,25014000,252414000,Credit,Online
504913,2022-11-14,2935,126,32,1,668600000,36300000,69553000,701853000,Cash,Showroom
504914,2025-04-05,3462,126,58,1,662600000,42000000,68266000,688866000,Credit,Showroom
504915,2022-06-16,4454,163,3,1,585600000,34000000,60676000,612276000,Credit,Showroom
504916,2025-05-28,3458,101,30,1,235000000,3800000,25432000,256632000,Credit,Showroom
504917,2022-03-23,3247,107,56,1,388100000,16300000,40898000,412698000,Cash,Showroom
504918,2022-07-30,3769,130,62,1,631500000,16500000,67650000,682650000,Cash,Showroom
504919,2022-11-29,3452,101,104,1,238600000,6900000,25487000,257187000,Credit,Showroom
504920,2024-08-25,1182,104,83,1,282300000,6500000,30338000,306138000,Credit,Showroom
504921,2024-03-18,3816,141,77,1,385900000,19900000,40260000,406260000,Cash,Showroom
504922,2024-08-21,4426,130,52,1,629600000,31800000,65758000,663558000,Credit,Showroom
504923,2025-09-26,4013,117,56,1,183900000,6700000,19492000,196692000,Credit,Showroom
504924,2023-03-18,3737,117,22,1,191800000,13200000,19646000,198246000,Cash,Showroom
504925,2020-09-03,5000,132,28,1,435800000,15600000,46222000,466422000,Cash,Showroom
504926,2023-06-03,5201,152,5,1,290100000,12600000,30525000,308025000,Cash,Showroom
504927,2022-09-29,1656,132,19,1,426700000,18900000,44858000,452658000,Cash,Online
504928,2025-12-06,4947,113,89,1,166700000,3900000,17908000,180708000,Credit,Online
504929,2021-10-14,4970,106,12,1,387600000,17000000,40766000,411366000,Credit,Showroom
504930,2025-02-25,2877,134,89,1,258100000,6100000,27720000,279720000,Cash,Showroom
504931,2021-10-29,1725,161,92,1,413000000,3700000,45023000,454323000,Credit,Showroom
504932,2022-10-03,1686,139,36,1,255700000,15000000,26477000,267177000,Credit,Showroom
504933,2023-03-09,1299,104,74,1,288500000,2200000,31493000,317793000,Credit,Showroom
504934,2025-08-01,4577,110,8,1,769600000,43500000,79871000,805971000,Credit,Showroom
504935,2024-09-08,3908,133,106,1,411100000,26800000,42273000,426573000,Cash,Online
504936,2024-08-10,1563,134,32,1,268500000,12900000,28116000,283716000,Credit,Showroom
504937,2025-01-02,2786,105,86,1,587300000,32100000,61072000,616272000,Credit,Showroom
504938,2022-05-23,3802,113,108,1,168900000,9500000,17534000,176934000,Credit,Showroom
504939,2020-02-15,4565,108,39,1,172900000,4100000,18568000,187368000,Cash,Showroom
504940,2024-11-18,2291,137,8,1,438900000,17900000,46310000,467310000,Credit,Showroom
504941,2023-09-04,4193,109,36,1,796200000,10700000,86405000,871905000,Cash,Showroom
504942,2023-02-24,5439,107,71,1,384800000,16100000,40557000,409257000,Credit,Showroom
504943,2025-02-28,3190,111,74,1,227500000,12200000,23683000,238983000,Credit,Showroom
504944,2024-12-02,4961,125,116,1,665600000,14700000,71599000,722499000,Cash,Showroom
504945,2021-07-20,3073,136,78,1,446100000,31100000,45650000,460650000,Credit,Showroom
504946,2024-01-13,1510,158,108,1,419600000,14400000,44572000,449772000,Cash,Showroom
504947,2021-07-16,5409,141,13,1,391000000,13400000,41536000,419136000,Cash,Showroom
504948,2025-06-19,2144,134,47,1,263500000,3100000,28644000,289044000,Credit,Showroom
504949,2025-04-14,4973,102,17,1,454500000,23100000,47454000,478854000,Cash,Showroom
504950,2025-05-03,1867,114,20,1,286100000,15700000,29744000,300144000,Credit,Showroom
504951,2024-10-16,3215,139,41,6,261500000,2200000,172348000,1739148000,Cash,Fleet
504952,2023-05-19,2218,118,97,1,196200000,3000000,21252000,214452000,Credit,Showroom
504953,2022-02-13,2341,131,7,1,368600000,25500000,37741000,380841000,Credit,Showroom
504954,2020-07-29,4517,122,19,1,769500000,34000000,80905000,816405000,Credit,Showroom
504955,2023-05-29,4303,152,94,1,275200000,10800000,29084000,293484000,Cash,Showroom
504956,2024-03-23,2717,151,106,1,577500000,2400000,63261000,638361000,Credit,Showroom
504957,2024-11-08,4297,109,24,1,746700000,32300000,78584000,792984000,Credit,Online
504958,2020-01-11,3147,102,96,1,479200000,16100000,50941000,514041000,Credit,Showroom
504959,2022-05-19,5122,101,21,1,240100000,11600000,25135000,253635000,Cash,Showroom
504960,2021-06-26,1882,108,113,1,174500000,7600000,18359000,185259000,Credit,Showroom
504961,2024-10-10,2879,183,14,1,1879400000,86600000,197208000,1990008000,Credit,Showroom
504962,2024-07-16,1728,134,68,1,258000000,8900000,27401000,276501000,Credit,Showroom
504963,2023-04-20,3385,132,20,5,419300000,80200000,221793000,2238093000,Credit,Fleet
504964,2023-06-15,4156,112,21,1,229500000,10600000,24079000,242979000,Credit,Online
504965,2025-08-09,5406,134,4,1,252300000,11800000,26455000,266955000,Credit,Showroom
504966,2021-12-27,5027,177,12,1,1458000000,85400000,150986000,1523586000,Cash,Showroom
504967,2024-04-23,3122,165,38,1,422200000,11500000,45177000,455877000,Cash,Showroom
504968,2021-08-24,2742,133,82,1,417700000,23600000,43351000,437451000,Cash,Online
504969,2022-11-14,2296,138,19,1,253600000,3800000,27478000,277278000,Credit,Showroom
504970,2025-12-08,1259,106,40,1,377200000,9000000,40502000,408702000,Cash,Showroom
504971,2020-09-07,2721,113,96,1,170500000,9800000,17677000,178377000,Credit,Online
504972,2025-12-08,1943,148,67,1,297300000,6700000,31966000,322566000,Credit,Showroom
504973,2024-06-01,2716,109,16,1,757300000,11900000,81994000,827394000,Credit,Event
504974,2024-09-26,3819,112,13,1,239000000,11500000,25025000,252525000,Cash,Showroom
504975,2022-12-24,4557,101,27,1,238700000,12500000,24882000,251082000,Credit,Showroom
504976,2022-10-12,4030,112,115,1,229800000,6400000,24574000,247974000,Cash,Showroom
504977,2022-05-17,1236,132,22,1,439100000,9700000,47234000,476634000,Credit,Online
504978,2022-12-31,4825,106,6,1,395600000,3400000,43142000,435342000,Credit,Showroom
504979,2020-01-02,2253,124,75,1,329000000,1800000,35992000,363192000,Cash,Showroom
504980,2023-03-08,5461,112,53,1,233400000,12900000,24255000,244755000,Cash,Showroom
504981,2024-07-24,4052,167,40,1,650200000,22800000,69014000,696414000,Credit,Showroom
504982,2024-08-04,2387,126,66,1,658800000,39300000,68145000,687645000,Cash,Online
504983,2025-10-18,3271,123,102,1,745900000,21100000,79728000,804528000,Credit,Showroom
504984,2023-06-20,4981,126,93,1,623600000,2900000,68277000,688977000,Credit,Showroom
504985,2025-09-25,5298,112,76,5,228200000,45700000,120483000,1215783000,Credit,Fleet
504986,2025-06-30,1095,108,9,1,177100000,11000000,18271000,184371000,Credit,Showroom
504987,2020-10-05,4556,143,98,1,735700000,26600000,78001000,787101000,Credit,Online
504988,2023-04-17,2591,108,107,1,178900000,11900000,18370000,185370000,Credit,Showroom
504989,2022-03-26,3718,107,100,1,376500000,21500000,39050000,394050000,Cash,Showroom
504990,2023-08-25,2479,106,108,1,377500000,14000000,39985000,403485000,Credit,Showroom
504991,2023-12-02,3075,129,17,1,313800000,14200000,32956000,332556000,Cash,Showroom
504992,2023-12-12,3730,148,63,1,295800000,3400000,32164000,324564000,Cash,Showroom
504993,2022-02-22,2800,104,63,1,285600000,2700000,31119000,314019000,Cash,Showroom
504994,2025-04-28,2285,106,49,1,385100000,23300000,39798000,401598000,Cash,Showroom
504995,2020-12-29,5056,147,13,1,203800000,9900000,21329000,215229000,Cash,Showroom
504996,2025-12-18,1178,123,98,1,773900000,19600000,82973000,837273000,Credit,Showroom
504997,2025-06-28,2067,128,48,1,291000000,3900000,31581000,318681000,Credit,Showroom
504998,2022-02-16,4151,104,106,1,302800000,20600000,31042000,313242000,Credit,Online
504999,2025-01-05,2248,153,40,1,407700000,5100000,44286000,446886000,Credit,Showroom
505000,2024-07-23,4673,114,19,4,289000000,15900000,125411000,1265511000,Cash,Fleet
505001,2022-08-22,4302,172,95,1,1287300000,81000000,132693000,1338993000,Cash,Showroom
505002,2024-01-23,3105,130,12,1,624700000,18600000,66671000,672771000,Credit,Event
505003,2024-07-01,2028,175,30,1,1101400000,10200000,120032000,1211232000,Cash,Showroom
505004,2024-05-30,1324,103,115,1,295200000,5900000,31823000,321123000,Credit,Event
505005,2025-06-08,1250,124,67,1,313800000,19600000,32362000,326562000,Credit,Showroom
505006,2024-08-22,3515,167,116,1,642600000,31700000,67199000,678099000,Credit,Showroom
505007,2020-01-23,2689,118,21,1,199500000,5700000,21318000,215118000,Cash,Showroom
505008,2023-11-01,4892,123,2,1,791500000,9100000,86064000,868464000,Cash,Showroom
505009,2021-09-25,2002,120,47,1,388100000,1200000,42559000,429459000,Credit,Event
505010,2020-08-06,5122,114,112,1,291900000,6100000,31438000,317238000,Credit,Showroom
505011,2024-05-26,1823,113,64,1,165500000,4800000,17677000,178377000,Credit,Online
505012,2023-04-10,2100,140,28,1,174600000,10100000,18095000,182595000,Credit,Showroom
505013,2022-11-24,3597,120,80,1,404600000,4200000,44044000,444444000,Credit,Showroom
505014,2025-01-09,3293,142,18,1,291700000,7900000,31218000,315018000,Credit,Showroom
505015,2021-01-10,1827,110,88,1,768400000,50300000,78991000,797091000,Credit,Showroom
505016,2025-10-28,4587,116,72,1,261200000,11400000,27478000,277278000,Credit,Showroom
505017,2022-03-14,2917,162,98,1,543600000,900000,59697000,602397000,Credit,Showroom
505018,2024-07-09,3507,106,104,1,393000000,18300000,41217000,415917000,Credit,Event
505019,2022-04-07,1274,117,87,1,193000000,10300000,20097000,202797000,Cash,Showroom
505020,2023-12-17,4988,115,112,1,279400000,11900000,29425000,296925000,Credit,Showroom
505021,2023-03-19,2721,109,90,1,746400000,22000000,79684000,804084000,Cash,Showroom
505022,2022-10-03,3011,147,93,1,209300000,3500000,22638000,228438000,Credit,Showroom
505023,2023-05-21,1749,152,87,1,293500000,16700000,30448000,307248000,Credit,Showroom
505024,2022-06-23,2865,111,51,1,236500000,5500000,25410000,256410000,Cash,Showroom
505025,2020-04-14,1127,106,113,1,383200000,5700000,41525000,419025000,Cash,Showroom
505026,2023-10-11,4783,124,17,1,318600000,18600000,33000000,333000000,Credit,Showroom
505027,2024-02-11,2596,117,62,1,190100000,9200000,19899000,200799000,Cash,Showroom
505028,2021-04-04,1291,118,112,1,209400000,2500000,22759000,229659000,Credit,Showroom
505029,2023-11-29,3025,113,66,1,172100000,9100000,17930000,180930000,Credit,Showroom
505030,2023-04-09,5230,115,55,1,282300000,9200000,30041000,303141000,Cash,Showroom
505031,2023-01-09,3107,132,11,1,437400000,9300000,47091000,475191000,Credit,Showroom
505032,2021-08-22,1847,113,60,1,168200000,6900000,17743000,179043000,Credit,Showroom
505033,2021-05-25,1831,105,62,1,566500000,17700000,60368000,609168000,Cash,Showroom
505034,2021-10-06,4187,101,79,4,239300000,20600000,103026000,1039626000,Cash,Fleet
505035,2025-07-19,4524,104,94,1,284900000,1800000,31141000,314241000,Credit,Online
505036,2023-12-18,4308,130,81,1,663500000,900000,72886000,735486000,Cash,Showroom
505037,2021-10-09,2396,134,50,1,258400000,12500000,27049000,272949000,Credit,Showroom
505038,2020-02-11,5364,142,60,1,296800000,19400000,30514000,307914000,Credit,Showroom
505039,2024-11-25,5141,109,6,1,742800000,7400000,80894000,816294000,Credit,Showroom
505040,2025-03-15,4383,126,118,1,665500000,43600000,68409000,690309000,Cash,Online
505041,2020-10-08,5417,143,115,1,752200000,25400000,79948000,806748000,Credit,Showroom
505042,2021-04-03,1778,137,5,1,453500000,30700000,46508000,469308000,Credit,Showroom
505043,2022-11-27,2877,103,92,1,286600000,7500000,30701000,309801000,Credit,Showroom
505044,2024-06-16,2256,105,49,1,558300000,18900000,59334000,598734000,Credit,Showroom
505045,2024-08-24,4461,136,50,1,469300000,12100000,50292000,507492000,Cash,Showroom
505046,2020-06-03,3379,102,73,1,473800000,31300000,48675000,491175000,Credit,Showroom
505047,2023-06-08,1876,106,92,1,376600000,11900000,40117000,404817000,Credit,Showroom
505048,2023-10-28,4053,147,17,1,202100000,0,22231000,224331000,Credit,Showroom
505049,2021-02-16,4103,116,96,1,265700000,17000000,27357000,276057000,Credit,Showroom
505050,2023-09-24,3969,180,67,2,1659100000,132300000,350449000,3536349000,Credit,Fleet
505051,2025-09-29,3771,101,5,1,239800000,500000,26323000,265623000,Credit,Showroom
505052,2022-02-27,2435,134,68,1,263700000,11100000,27786000,280386000,Cash,Showroom
505053,2025-06-08,1924,113,62,1,164000000,8700000,17083000,172383000,Credit,Showroom
505054,2022-04-02,3508,132,2,1,409400000,17500000,43109000,435009000,Cash,Showroom
505055,2021-12-10,2512,117,58,1,186600000,12700000,19129000,193029000,Credit,Showroom
505056,2021-04-19,4425,120,90,1,411200000,3000000,44902000,453102000,Credit,Showroom
505057,2021-08-04,1983,170,59,1,341800000,5500000,36993000,373293000,Credit,Showroom
505058,2021-10-08,1392,103,87,1,302800000,10000000,32208000,325008000,Cash,Showroom
505059,2021-04-15,3677,121,68,1,399200000,11700000,42625000,430125000,Cash,Showroom
505060,2021-01-31,4225,103,63,1,299500000,7200000,32153000,324453000,Credit,Event
505061,2022-10-21,3177,132,74,1,413900000,1100000,45408000,458208000,Credit,Online
505062,2022-02-11,2494,146,42,1,197400000,2300000,21461000,216561000,Credit,Showroom
505063,2023-06-01,5210,108,111,1,173000000,900000,18931000,191031000,Credit,Showroom
505064,2023-10-18,1699,149,87,1,301900000,2200000,32967000,332667000,Cash,Showroom
505065,2024-07-12,4182,138,98,1,262000000,3900000,28391000,286491000,Cash,Showroom
505066,2021-07-17,5381,123,102,1,789200000,24600000,84106000,848706000,Cash,Showroom
505067,2024-07-20,2352,122,29,1,782900000,40000000,81719000,824619000,Cash,Showroom
505068,2020-03-26,1524,114,96,6,294300000,109500000,182193000,1838493000,Credit,Fleet
505069,2023-09-19,3348,150,61,1,266200000,10500000,28127000,283827000,Cash,Online
505070,2023-11-22,2684,109,115,1,752500000,51200000,77143000,778443000,Cash,Showroom
505071,2025-01-27,4481,106,25,1,371400000,23100000,38313000,386613000,Cash,Showroom
505072,2025-07-09,1675,145,63,1,343600000,14700000,36179000,365079000,Credit,Showroom
505073,2021-04-01,4439,103,81,1,294900000,13200000,30987000,312687000,Credit,Showroom
505074,2020-11-11,2905,142,92,1,300000000,2200000,32758000,330558000,Credit,Event
505075,2022-01-06,2177,136,115,1,458200000,3600000,50006000,504606000,Cash,Showroom
505076,2021-08-26,3203,137,88,1,446100000,8400000,48147000,485847000,Cash,Showroom
505077,2025-11-29,4326,128,65,1,313500000,15500000,32780000,330780000,Cash,Showroom
505078,2023-12-25,2932,117,98,1,192300000,5400000,20559000,207459000,Credit,Showroom
505079,2022-06-16,3372,180,100,1,1678700000,67500000,177232000,1788432000,Credit,Showroom
505080,2024-01-29,2209,105,28,1,546500000,37600000,55979000,564879000,Credit,Showroom
505081,2025-03-12,2587,149,78,6,293600000,115300000,181093000,1827393000,Cash,Fleet
505082,2020-10-09,3112,129,68,1,295400000,12800000,31086000,313686000,Cash,Showroom
505083,2021-05-12,1810,107,72,1,379000000,20800000,39402000,397602000,Cash,Showroom
505084,2024-02-08,1821,108,78,1,183200000,9800000,19074000,192474000,Credit,Showroom
505085,2021-11-18,3801,142,116,1,297600000,17000000,30866000,311466000,Credit,Showroom
505086,2024-01-04,2910,129,26,1,306500000,8900000,32736000,330336000,Cash,Showroom
505087,2022-10-03,1388,114,91,1,284900000,200000,31317000,316017000,Credit,Showroom
505088,2024-01-14,4626,108,41,1,174700000,9400000,18183000,183483000,Cash,Showroom
505089,2024-01-20,5472,115,86,1,277500000,9600000,29469000,297369000,Cash,Showroom
505090,2020-12-09,4257,103,44,1,287100000,13200000,30129000,304029000,Credit,Showroom
505091,2021-05-31,3331,105,113,1,586900000,37500000,60434000,609834000,Credit,Showroom
505092,2023-11-12,1830,122,115,1,780400000,50700000,80267000,809967000,Credit,Showroom
505093,2022-05-01,1672,132,78,1,433700000,5600000,47091000,475191000,Credit,Showroom
505094,2023-12-22,2648,133,73,1,419900000,13700000,44682000,450882000,Credit,Showroom
505095,2025-08-08,2554,159,61,1,431300000,25600000,44627000,450327000,Credit,Showroom
505096,2024-04-02,2834,120,91,1,400100000,13400000,42537000,429237000,Cash,Showroom
505097,2024-10-01,4087,123,106,1,752300000,38700000,78496000,792096000,Credit,Showroom
505098,2025-07-28,1613,107,78,1,382100000,24100000,39380000,397380000,Cash,Event
505099,2020-01-16,4408,132,96,1,414300000,14300000,44000000,444000000,Cash,Showroom
505100,2024-09-05,1299,172,14,1,1343000000,53200000,141878000,1431678000,Cash,Showroom
505101,2021-07-03,1551,107,67,1,389300000,19900000,40634000,410034000,Credit,Showroom
505102,2025-11-21,2703,111,66,1,230900000,1900000,25190000,254190000,Credit,Showroom
505103,2025-05-17,1022,108,88,1,174600000,6000000,18546000,187146000,Cash,Showroom
505104,2020-12-21,1449,101,34,1,237500000,11400000,24871000,250971000,Cash,Showroom
505105,2023-02-16,5258,107,25,1,386300000,11100000,41272000,416472000,Cash,Showroom
505106,2023-02-27,4762,158,8,1,409600000,11400000,43802000,442002000,Credit,Showroom
505107,2024-01-25,5431,137,73,1,447100000,5500000,48576000,490176000,Cash,Showroom
505108,2024-11-05,1611,115,44,1,278400000,1100000,30503000,307803000,Credit,Showroom
505109,2021-07-21,1065,105,102,1,579800000,24300000,61105000,616605000,Credit,Event
505110,2024-04-15,4586,119,106,1,197000000,1200000,21538000,217338000,Credit,Showroom
505111,2021-08-03,1304,114,49,1,283500000,13600000,29689000,299589000,Cash,Showroom
505112,2022-12-17,3091,107,49,1,376500000,25500000,38610000,389610000,Cash,Showroom
505113,2021-03-22,3749,166,56,1,653800000,2100000,71687000,723387000,Cash,Showroom
505114,2021-06-18,2585,107,5,1,378000000,7700000,40733000,411033000,Cash,Showroom
505115,2022-10-13,1203,146,30,1,194900000,7300000,20636000,208236000,Credit,Showroom
505116,2022-12-22,3067,121,113,1,414400000,1300000,45441000,458541000,Credit,Showroom
505117,2023-06-19,3020,178,46,1,1110100000,67400000,114697000,1157397000,Credit,Showroom
505118,2020-10-29,3872,110,74,1,763700000,5300000,83424000,841824000,Credit,Showroom
505119,2023-09-20,1245,131,40,1,373100000,15300000,39358000,397158000,Cash,Showroom
505120,2022-05-12,1086,109,3,1,765500000,32200000,80663000,813963000,Cash,Showroom
505121,2025-01-17,2215,112,68,1,225700000,11600000,23551000,237651000,Credit,Showroom
505122,2024-11-02,2949,105,78,1,556000000,12300000,59807000,603507000,Credit,Showroom
505123,2020-02-23,1357,103,11,1,284700000,17100000,29436000,297036000,Credit,Showroom
505124,2025-05-07,2752,110,69,1,764700000,1600000,83941000,847041000,Credit,Showroom
505125,2024-07-03,3612,117,115,1,185600000,10900000,19217000,193917000,Cash,Event
505126,2024-07-22,2745,123,19,1,740200000,49600000,75966000,766566000,Credit,Showroom
505127,2024-06-18,1737,125,101,1,670300000,30100000,70422000,710622000,Cash,Showroom
505128,2023-07-12,2693,120,102,1,388600000,22500000,40271000,406371000,Credit,Showroom
505129,2024-12-07,4020,148,50,1,284800000,3300000,30965000,312465000,Cash,Showroom
505130,2021-01-13,2141,107,78,1,388900000,20400000,40535000,409035000,Credit,Showroom
505131,2025-07-20,2358,109,41,1,749400000,2000000,82214000,829614000,Cash,Showroom
505132,2024-11-15,1698,136,14,1,439900000,13900000,46860000,472860000,Cash,Showroom
505133,2021-05-15,3239,148,17,1,291100000,4100000,31570000,318570000,Credit,Showroom
505134,2022-09-05,1182,132,117,1,423400000,11400000,45320000,457320000,Credit,Showroom
505135,2021-09-17,2055,133,14,1,428400000,27100000,44143000,445443000,Credit,Showroom
505136,2024-05-08,1118,131,18,1,388000000,19800000,40502000,408702000,Cash,Showroom
505137,2025-09-01,2720,124,64,1,321200000,2100000,35101000,354201000,Cash,Showroom
505138,2023-08-19,2196,146,61,1,202700000,6300000,21604000,218004000,Cash,Showroom
505139,2024-03-01,3345,131,110,1,374500000,20600000,38929000,392829000,Cash,Showroom
505140,2022-11-04,2870,137,7,1,463300000,30600000,47597000,480297000,Credit,Showroom
505141,2024-02-09,4355,103,56,1,286600000,6300000,30833000,311133000,Credit,Showroom
505142,2023-06-18,4312,122,60,1,762300000,38800000,79585000,803085000,Cash,Showroom
505143,2022-01-29,5340,121,99,1,416800000,3100000,45507000,459207000,Credit,Online
505144,2025-04-10,3019,102,43,5,454700000,27800000,247027000,2492727000,Credit,Fleet
505145,2025-03-09,1154,122,28,1,787800000,36400000,82654000,834054000,Cash,Showroom
505146,2021-05-05,2786,123,24,1,765500000,9700000,83138000,838938000,Cash,Showroom
505147,2025-06-24,5403,135,42,1,295200000,14000000,30932000,312132000,Cash,Showroom
505148,2023-03-30,2008,112,73,1,234400000,15100000,24123000,243423000,Credit,Showroom
505149,2023-11-05,1753,113,119,1,168500000,9000000,17545000,177045000,Cash,Showroom
505150,2023-01-03,1434,124,3,1,316900000,10500000,33704000,340104000,Cash,Showroom
505151,2024-06-08,3400,136,46,1,444300000,29800000,45595000,460095000,Cash,Online
505152,2024-04-01,4383,132,57,1,422500000,15800000,44737000,451437000,Credit,Showroom
505153,2025-12-13,1333,124,58,1,334600000,23100000,34265000,345765000,Credit,Showroom
505154,2020-12-30,2204,106,85,1,377000000,18800000,39402000,397602000,Cash,Online
505155,2022-12-16,4630,136,42,1,441800000,16800000,46750000,471750000,Credit,Online
505156,2024-04-09,4793,110,107,1,765900000,17200000,82357000,831057000,Credit,Showroom
505157,2025-05-30,4514,140,86,1,171000000,7100000,18029000,181929000,Credit,Showroom
505158,2022-12-30,2102,101,67,1,241100000,10600000,25355000,255855000,Credit,Showroom
505159,2025-04-16,1575,107,116,1,391700000,7700000,42240000,426240000,Credit,Showroom
505160,2025-05-09,3447,144,74,1,786500000,11800000,85217000,859917000,Cash,Showroom
505161,2025-08-12,5007,115,2,1,289400000,18100000,29843000,301143000,Credit,Showroom
505162,2024-08-30,2177,114,115,1,292000000,9000000,31130000,314130000,Credit,Showroom
505163,2024-07-31,5293,138,86,1,261400000,500000,28699000,289599000,Cash,Event
505164,2024-10-04,2598,133,22,1,439800000,9500000,47333000,477633000,Cash,Showroom
505165,2022-06-10,2983,115,119,1,280800000,3200000,30536000,308136000,Credit,Showroom
505166,2023-02-28,4988,109,87,1,774300000,1800000,84975000,857475000,Credit,Showroom
505167,2020-06-28,2732,109,93,1,760500000,37900000,79486000,802086000,Credit,Showroom
505168,2024-05-05,5465,179,88,1,1100100000,17500000,119086000,1201686000,Cash,Showroom
505169,2021-06-15,3494,135,110,1,293000000,12500000,30855000,311355000,Credit,Event
505170,2021-06-03,1724,139,120,1,258200000,4200000,27940000,281940000,Credit,Showroom
505171,2021-10-13,2012,120,51,1,416300000,25100000,43032000,434232000,Cash,Showroom
505172,2023-12-26,3598,116,25,1,254200000,9700000,26895000,271395000,Credit,Showroom
505173,2022-04-11,5190,124,74,1,333900000,20100000,34518000,348318000,Cash,Showroom
505174,2020-05-26,2743,108,42,1,169700000,9200000,17655000,178155000,Cash,Showroom
505175,2021-10-03,1911,109,109,1,755500000,18500000,81070000,818070000,Credit,Showroom
505176,2020-03-09,3296,117,86,1,184100000,8900000,19272000,194472000,Credit,Showroom
505177,2022-09-12,1158,113,36,1,162900000,7300000,17116000,172716000,Credit,Showroom
505178,2024-10-31,3180,119,59,1,201200000,5600000,21516000,217116000,Cash,Showroom
505179,2023-04-07,1590,105,92,1,552900000,2900000,60500000,610500000,Cash,Showroom
505180,2025-10-11,5379,110,110,1,746300000,51100000,76472000,771672000,Credit,Showroom
505181,2022-07-11,2627,124,50,1,317200000,17300000,32989000,332889000,Credit,Showroom
505182,2022-11-26,5386,104,100,1,283200000,500000,31097000,313797000,Credit,Showroom
505183,2021-11-04,2345,141,1,1,370400000,15100000,39083000,394383000,Cash,Showroom
505184,2024-11-08,1026,113,5,1,166700000,6100000,17666000,178266000,Credit,Showroom
505185,2025-05-18,1994,125,61,1,653600000,32300000,68343000,689643000,Credit,Showroom
505186,2020-11-01,4275,115,25,1,297600000,9800000,31658000,319458000,Credit,Showroom
505187,2025-04-28,2203,180,96,1,1657500000,110900000,170126000,1716726000,Credit,Showroom
505188,2021-10-08,1257,104,34,1,283500000,1600000,31009000,312909000,Credit,Showroom
505189,2022-08-18,5239,168,65,1,266200000,700000,29205000,294705000,Credit,Online
505190,2021-09-25,4998,111,70,1,232100000,5800000,24893000,251193000,Cash,Showroom
505191,2023-12-08,2466,101,72,1,247500000,6900000,26466000,267066000,Credit,Showroom
505192,2023-02-10,5049,107,111,1,396300000,21100000,41272000,416472000,Cash,Showroom
505193,2022-10-21,2671,113,73,1,167600000,9400000,17402000,175602000,Credit,Showroom
505194,2024-08-03,2158,121,23,1,404700000,12400000,43153000,435453000,Credit,Showroom
505195,2025-06-27,3267,143,107,1,744400000,29200000,78672000,793872000,Credit,Showroom
505196,2022-05-20,3353,104,29,1,303300000,13200000,31911000,322011000,Credit,Online
505197,2022-10-13,5475,125,54,1,650600000,4600000,71060000,717060000,Credit,Showroom
505198,2025-02-12,3843,158,53,1,423900000,15300000,44946000,453546000,Credit,Showroom
505199,2023-01-20,4800,130,109,1,660100000,28300000,69498000,701298000,Credit,Showroom
505200,2024-06-23,1536,139,33,1,251400000,8700000,26697000,269397000,Cash,Showroom
505201,2024-06-12,1888,124,10,1,321000000,20900000,33011000,333111000,Credit,Showroom
505202,2022-03-20,3514,104,85,1,294600000,3600000,32010000,323010000,Credit,Showroom
505203,2024-05-09,1306,123,16,1,752200000,46100000,77671000,783771000,Credit,Showroom
505204,2020-01-05,1391,107,119,1,373700000,19200000,38995000,393495000,Credit,Online
505205,2023-08-17,3906,106,114,1,387600000,16300000,40843000,412143000,Credit,Showroom
505206,2021-07-06,5348,110,43,1,750200000,31100000,79101000,798201000,Credit,Online
505207,2020-02-17,1849,130,105,1,671600000,4600000,73370000,740370000,Credit,Showroom
505208,2021-05-15,2311,139,60,1,262100000,2500000,28556000,288156000,Credit,Showroom
505209,2021-04-22,3307,114,110,1,293300000,15800000,30525000,308025000,Credit,Showroom
505210,2021-04-02,2393,102,84,1,480200000,19200000,50710000,511710000,Cash,Showroom
505211,2021-01-16,1596,110,41,1,763600000,43300000,79233000,799533000,Credit,Showroom
505212,2022-11-11,2912,131,86,1,379800000,13200000,40326000,406926000,Credit,Showroom
505213,2021-10-15,3863,120,13,1,406100000,7800000,43813000,442113000,Cash,Event
505214,2024-11-28,2435,110,11,1,785000000,51900000,80641000,813741000,Cash,Event
505215,2021-12-01,1939,126,50,1,665600000,5700000,72589000,732489000,Cash,Showroom
505216,2025-02-14,4763,121,7,1,392900000,11900000,41910000,422910000,Credit,Showroom
505217,2022-11-03,1161,133,73,1,429100000,11800000,45903000,463203000,Credit,Showroom
505218,2020-03-02,4437,116,12,1,259000000,16400000,26686000,269286000,Credit,Showroom
505219,2021-11-17,3514,131,16,1,393100000,2700000,42944000,433344000,Credit,Showroom
505220,2022-04-15,1671,129,7,1,299300000,14500000,31328000,316128000,Credit,Showroom
505221,2024-01-20,2651,113,10,1,167300000,11200000,17171000,173271000,Credit,Showroom
505222,2021-05-31,3223,103,61,1,297000000,7200000,31878000,321678000,Credit,Showroom
505223,2020-12-03,5471,111,25,1,236300000,3900000,25564000,257964000,Credit,Showroom
505224,2024-09-21,2494,136,22,1,455900000,2100000,49918000,503718000,Cash,Showroom
505225,2025-01-18,1046,101,44,1,234400000,2900000,25465000,256965000,Credit,Showroom
505226,2025-08-20,3681,106,57,1,390900000,22800000,40491000,408591000,Cash,Showroom
505227,2020-11-23,2227,131,89,1,376800000,9100000,40447000,408147000,Cash,Showroom
505228,2023-09-09,1637,102,77,1,476700000,9400000,51403000,518703000,Credit,Showroom
505229,2023-12-11,2998,126,81,1,621700000,39500000,64042000,646242000,Cash,Online
505230,2023-02-13,4076,114,113,1,281200000,13200000,29480000,297480000,Credit,Showroom
505231,2024-01-07,2354,146,85,2,194300000,8200000,41844000,422244000,Credit,Fleet
505232,2025-09-14,5062,144,105,1,781300000,25000000,83193000,839493000,Credit,Showroom
505233,2023-08-28,2364,115,17,1,290300000,16200000,30151000,304251000,Credit,Showroom
505234,2021-02-19,2752,133,50,1,415900000,10100000,44638000,450438000,Cash,Online
505235,2025-09-27,4216,108,41,1,175400000,1000000,19184000,193584000,Credit,Showroom
505236,2024-09-25,1629,111,88,1,235600000,7600000,25080000,253080000,Credit,Online
505237,2024-05-22,3216,124,118,1,311700000,11000000,33077000,333777000,Credit,Showroom
505238,2025-05-01,4018,109,77,1,779200000,53900000,79783000,805083000,Credit,Showroom
505239,2023-10-14,2869,107,69,1,389300000,1300000,42680000,430680000,Credit,Showroom
505240,2023-07-30,5017,139,3,1,242800000,8200000,25806000,260406000,Cash,Showroom
505241,2023-04-21,5268,113,72,1,165700000,10200000,17105000,172605000,Cash,Showroom
505242,2022-07-20,3206,108,96,1,183200000,10200000,19030000,192030000,Cash,Showroom
505243,2025-09-05,3990,107,57,1,369200000,16700000,38775000,391275000,Cash,Showroom
505244,2025-02-06,1787,109,91,1,783600000,54300000,80223000,809523000,Credit,Showroom
505245,2023-03-19,5453,113,117,1,164200000,1600000,17886000,180486000,Credit,Event
505246,2024-02-26,4862,140,92,1,173700000,5100000,18546000,187146000,Cash,Showroom
505247,2025-07-11,4255,119,15,1,195400000,1300000,21351000,215451000,Credit,Online
505248,2023-07-03,4241,116,107,1,252900000,1900000,27610000,278610000,Credit,Showroom
505249,2020-11-28,3982,126,113,1,653100000,30100000,68530000,691530000,Cash,Event
505250,2021-09-24,1009,136,74,1,436800000,14700000,46431000,468531000,Cash,Showroom
505251,2021-09-20,2698,113,70,1,166200000,8500000,17347000,175047000,Cash,Showroom
505252,2024-03-13,2098,129,10,1,291800000,11400000,30844000,311244000,Credit,Online
505253,2025-11-20,4610,108,116,1,183500000,12300000,18832000,190032000,Cash,Showroom
505254,2021-04-21,3075,124,101,1,320900000,20500000,33044000,333444000,Credit,Showroom
505255,2025-04-14,1465,115,109,1,298200000,600000,32736000,330336000,Cash,Showroom
505256,2020-11-02,4298,120,6,1,417300000,16600000,44077000,444777000,Cash,Showroom
505257,2023-05-27,2452,107,120,1,395100000,6100000,42790000,431790000,Cash,Showroom
505258,2021-08-25,1564,121,27,1,393700000,24100000,40656000,410256000,Credit,Showroom
505259,2023-05-10,2690,121,118,1,397200000,18100000,41701000,420801000,Credit,Showroom
505260,2025-07-08,4195,124,19,1,315300000,11100000,33462000,337662000,Credit,Showroom
505261,2022-12-16,2747,110,116,1,793500000,11200000,86053000,868353000,Cash,Showroom
505262,2024-08-26,2600,103,1,1,287100000,6600000,30855000,311355000,Credit,Showroom
505263,2022-10-20,4717,110,99,1,794200000,30900000,83963000,847263000,Credit,Online
505264,2022-06-06,1203,109,4,1,791500000,38000000,82885000,836385000,Credit,Showroom
505265,2025-09-14,3831,102,11,1,468300000,22200000,49071000,495171000,Cash,Showroom
505266,2020-11-28,4762,106,21,1,373200000,6300000,40359000,407259000,Cash,Showroom
505267,2020-05-25,4668,127,22,1,291900000,7400000,31295000,315795000,Cash,Showroom
505268,2022-01-10,1461,115,87,1,293900000,13500000,30844000,311244000,Credit,Showroom
505269,2024-11-18,3727,101,101,1,251900000,800000,27621000,278721000,Credit,Showroom
505270,2022-12-19,2726,117,57,1,180100000,3100000,19470000,196470000,Credit,Showroom
505271,2023-12-07,4762,115,119,1,276400000,3200000,30052000,303252000,Credit,Showroom
505272,2024-07-20,1544,177,32,1,1423800000,48100000,151327000,1527027000,Credit,Showroom
505273,2023-06-26,3654,116,16,1,266000000,17900000,27291000,275391000,Cash,Showroom
505274,2024-12-09,2584,129,117,1,298300000,2200000,32571000,328671000,Credit,Showroom
505275,2023-11-27,4487,140,48,1,168300000,9200000,17501000,176601000,Credit,Showroom
505276,2025-08-16,1105,129,63,1,308300000,20400000,31669000,319569000,Cash,Online
505277,2023-03-28,1662,133,58,1,417600000,11400000,44682000,450882000,Credit,Showroom
505278,2022-11-20,2455,114,82,1,277600000,14800000,28908000,291708000,Cash,Showroom
505279,2022-02-28,2373,101,68,1,241900000,4700000,26092000,263292000,Credit,Online
505280,2023-02-03,4677,123,33,1,753300000,23700000,80256000,809856000,Credit,Showroom
505281,2024-01-14,3129,141,70,1,390600000,4600000,42460000,428460000,Credit,Showroom
505282,2025-04-21,5176,187,23,1,1299100000,81100000,133980000,1351980000,Cash,Online
505283,2023-04-09,4340,129,63,1,304600000,15500000,31801000,320901000,Credit,Showroom
505284,2022-04-05,1485,108,39,1,174700000,300000,19184000,193584000,Credit,Showroom
505285,2022-12-13,4752,109,2,6,764500000,272000000,474650000,4789650000,Credit,Fleet
505286,2021-10-05,3028,158,1,1,409000000,7900000,44121000,445221000,Credit,Showroom
505287,2021-04-21,5435,134,38,1,253900000,7500000,27104000,273504000,Credit,Showroom
505288,2022-07-28,4014,175,69,1,1053100000,6300000,115148000,1161948000,Credit,Showroom
505289,2021-02-24,1295,138,26,1,258800000,17500000,26543000,267843000,Credit,Event
505290,2022-06-08,1229,107,59,1,392000000,4200000,42658000,430458000,Credit,Showroom
505291,2025-07-16,2697,115,74,1,276600000,15600000,28710000,289710000,Cash,Showroom
505292,2021-12-21,5166,135,6,1,291100000,20100000,29810000,300810000,Cash,Showroom
505293,2025-10-16,4803,134,21,1,255900000,2900000,27830000,280830000,Credit,Showroom
505294,2024-11-20,3781,137,116,1,441400000,14700000,46937000,473637000,Credit,Online
505295,2025-05-21,3566,103,4,1,281700000,18500000,28952000,292152000,Cash,Showroom
505296,2020-07-05,2825,122,35,1,778600000,4400000,85162000,859362000,Credit,Event
505297,2024-02-18,4934,145,120,1,352800000,4100000,38357000,387057000,Credit,Showroom
505298,2022-07-26,1731,143,23,1,717800000,34300000,75185000,758685000,Credit,Showroom
505299,2021-10-20,2771,112,34,1,223500000,9500000,23540000,237540000,Credit,Showroom
505300,2024-07-13,4883,172,53,1,1298300000,77500000,134288000,1355088000,Credit,Showroom
505301,2024-11-16,3983,113,97,1,169300000,3100000,18282000,184482000,Cash,Showroom
505302,2020-04-30,3569,122,3,1,749200000,14400000,80828000,815628000,Credit,Event
505303,2024-02-28,5082,118,45,1,204200000,13300000,20999000,211899000,Credit,Showroom
505304,2022-04-03,4561,126,86,1,653300000,35900000,67914000,685314000,Credit,Showroom
505305,2023-08-22,2244,142,30,1,288700000,8600000,30811000,310911000,Credit,Online
505306,2023-07-02,4872,126,29,1,652300000,35000000,67903000,685203000,Cash,Showroom
505307,2021-05-17,2438,132,72,1,438500000,30200000,44913000,453213000,Credit,Event
505308,2025-08-11,2621,140,48,1,176700000,7800000,18579000,187479000,Cash,Showroom
505309,2022-01-02,3795,143,42,1,738500000,39100000,76934000,776334000,Credit,Showroom
505310,2020-11-02,2011,131,115,1,394800000,17900000,41459000,418359000,Cash,Showroom
505311,2025-08-29,1471,104,45,1,286900000,2900000,31240000,315240000,Cash,Showroom
505312,2024-04-29,4366,125,94,1,664100000,13200000,71599000,722499000,Credit,Event
505313,2020-08-16,4501,105,108,1,577000000,20000000,61270000,618270000,Credit,Showroom
505314,2020-01-29,3673,119,43,1,202200000,4800000,21714000,219114000,Cash,Showroom
505315,2021-11-01,2865,122,97,1,772400000,18900000,82885000,836385000,Cash,Showroom
505316,2025-06-03,1504,112,58,1,233800000,7800000,24860000,250860000,Cash,Showroom
505317,2024-11-18,3265,137,104,1,464400000,600000,51018000,514818000,Credit,Showroom
505318,2020-06-17,2644,153,26,1,418700000,21300000,43714000,441114000,Credit,Event
505319,2023-01-23,2075,101,91,1,232900000,8500000,24684000,249084000,Cash,Event
505320,2021-07-28,3051,128,7,4,293300000,76200000,120670000,1217670000,Cash,Fleet
505321,2024-05-30,2548,143,11,1,722600000,33000000,75856000,765456000,Credit,Showroom
505322,2021-06-09,3034,129,116,1,303900000,2100000,33198000,334998000,Credit,Showroom
505323,2021-05-10,1742,128,60,1,309300000,5200000,33451000,337551000,Credit,Showroom
505324,2021-05-01,4262,118,8,1,203000000,12600000,20944000,211344000,Cash,Showroom
505325,2021-06-12,2949,111,60,1,236100000,8500000,25036000,252636000,Cash,Showroom
505326,2023-06-09,4815,125,7,1,667800000,23600000,70862000,715062000,Credit,Showroom
505327,2024-01-03,1566,136,77,1,456400000,5800000,49566000,500166000,Cash,Showroom
505328,2021-01-14,4989,110,60,1,748200000,50700000,76725000,774225000,Credit,Showroom
505329,2021-03-10,4950,126,53,1,666900000,26000000,70499000,711399000,Credit,Showroom
505330,2024-11-09,2078,130,28,1,644700000,45100000,65956000,665556000,Credit,Showroom
505331,2024-09-17,2006,125,80,1,653400000,28000000,68794000,694194000,Credit,Showroom
505332,2024-06-09,3070,103,93,1,302800000,9600000,32252000,325452000,Cash,Showroom
505333,2025-05-28,1033,117,108,1,182000000,4200000,19558000,197358000,Credit,Showroom
505334,2025-08-30,5361,149,114,1,294600000,11100000,31185000,314685000,Cash,Online
505335,2024-07-04,4862,101,80,1,243000000,5000000,26180000,264180000,Credit,Showroom
505336,2024-06-13,2466,139,84,1,252100000,14400000,26147000,263847000,Credit,Event
505337,2025-10-28,1734,104,53,1,281300000,8600000,29997000,302697000,Cash,Online
505338,2020-11-09,1258,121,14,1,391400000,21400000,40700000,410700000,Credit,Showroom
505339,2022-09-26,1021,162,93,1,546900000,36500000,56144000,566544000,Credit,Event
505340,2023-09-13,4361,124,21,1,313400000,4600000,33968000,342768000,Credit,Showroom
505341,2024-05-24,3379,166,57,4,625800000,103300000,263989000,2663889000,Credit,Fleet
505342,2023-08-26,1268,105,92,1,566400000,27400000,59290000,598290000,Credit,Showroom
505343,2020-06-28,4278,137,40,1,447300000,11600000,47927000,483627000,Credit,Showroom
505344,2024-05-15,2545,123,32,1,746200000,21300000,79739000,804639000,Cash,Showroom
505345,2021-02-14,3524,115,39,1,280600000,12500000,29491000,297591000,Credit,Showroom
505346,2020-05-12,4156,117,10,1,179900000,12000000,18469000,186369000,Credit,Online
505347,2023-08-24,4319,105,40,1,569400000,200000,62612000,631812000,Credit,Showroom
505348,2024-02-02,3954,122,25,1,794700000,38100000,83226000,839826000,Cash,Showroom
505349,2025-12-08,5389,136,8,1,464700000,5300000,50534000,509934000,Credit,Showroom
505350,2025-05-31,3420,126,119,1,654600000,4100000,71555000,722055000,Cash,Showroom
505351,2025-06-10,3719,107,68,1,398800000,12400000,42504000,428904000,Credit,Showroom
505352,2023-09-22,3531,138,78,1,245200000,14500000,25377000,256077000,Credit,Event
505353,2023-05-16,2201,187,94,1,1278700000,21800000,138259000,1395159000,Credit,Showroom
505354,2023-03-14,1089,125,75,1,648400000,11400000,70070000,707070000,Credit,Showroom
505355,2024-06-20,2637,150,117,1,264900000,12700000,27742000,279942000,Credit,Showroom
505356,2025-03-25,4327,118,29,1,202000000,2400000,21956000,221556000,Credit,Event
505357,2020-08-22,3919,116,77,1,259500000,11600000,27269000,275169000,Cash,Showroom
505358,2022-06-25,1509,101,61,1,232800000,12800000,24200000,244200000,Credit,Event
505359,2021-11-21,4708,139,23,1,259900000,9400000,27555000,278055000,Cash,Showroom
505360,2024-10-15,4201,136,28,1,459700000,7400000,49753000,502053000,Credit,Event
505361,2023-12-09,1206,113,88,1,163000000,11200000,16698000,168498000,Credit,Showroom
505362,2025-08-25,3430,119,47,1,195700000,6700000,20790000,209790000,Cash,Showroom
505363,2025-10-10,2951,151,91,1,563000000,8800000,60962000,615162000,Credit,Showroom
505364,2021-09-11,5069,117,5,1,183100000,2100000,19910000,200910000,Cash,Showroom
505365,2020-08-24,1672,186,18,1,907200000,54000000,93852000,947052000,Cash,Showroom
505366,2022-10-24,1425,114,57,1,296700000,9500000,31592000,318792000,Cash,Showroom
505367,2023-12-28,5444,117,42,1,182100000,10400000,18887000,190587000,Credit,Event
505368,2022-01-13,5166,144,108,1,791600000,48200000,81774000,825174000,Credit,Showroom
505369,2021-06-06,1455,142,48,1,290700000,13200000,30525000,308025000,Credit,Showroom
505370,2023-04-08,4301,134,34,1,269900000,15100000,28028000,282828000,Credit,Showroom
505371,2024-11-14,4718,107,108,1,395500000,23800000,40887000,412587000,Credit,Showroom
505372,2024-04-30,1861,103,88,1,285600000,1700000,31229000,315129000,Credit,Showroom
505373,2022-01-19,2361,111,75,1,223800000,12800000,23210000,234210000,Cash,Showroom
505374,2022-03-17,5081,145,48,1,356300000,5500000,38588000,389388000,Cash,Showroom
505375,2023-09-17,4504,129,89,5,293800000,9800000,160512000,1619712000,Credit,Fleet
505376,2021-04-20,3525,124,104,1,310400000,19800000,31966000,322566000,Credit,Online
505377,2021-07-24,5318,123,86,1,784700000,46900000,81158000,818958000,Cash,Showroom
505378,2024-11-16,2536,115,9,1,286500000,18500000,29480000,297480000,Cash,Showroom
505379,2023-06-05,2292,105,81,1,566500000,21400000,59961000,605061000,Credit,Showroom
505380,2022-08-27,2549,110,86,1,757600000,42000000,78716000,794316000,Credit,Showroom
505381,2022-08-29,3049,108,34,1,180800000,10100000,18777000,189477000,Credit,Showroom
505382,2025-12-25,1030,125,62,1,628000000,15300000,67397000,680097000,Credit,Showroom
505383,2020-12-27,2449,117,94,1,182000000,3200000,19668000,198468000,Credit,Event
505384,2025-10-06,4523,138,89,1,251000000,13100000,26169000,264069000,Credit,Showroom
505385,2023-11-27,4806,160,25,1,368700000,9600000,39501000,398601000,Cash,Showroom
505386,2021-09-25,2815,150,34,1,259700000,11100000,27346000,275946000,Credit,Online
505387,2025-05-06,4732,122,7,1,782900000,12300000,84766000,855366000,Credit,Showroom
505388,2024-08-14,3834,109,59,1,754500000,200000,82973000,837273000,Credit,Showroom
505389,2023-10-09,3872,122,27,1,791500000,17500000,85140000,859140000,Credit,Event
505390,2024-04-03,1741,137,50,1,454800000,10600000,48862000,493062000,Cash,Online
505391,2025-01-25,2877,138,105,1,256000000,6700000,27423000,276723000,Credit,Showroom
505392,2025-06-03,3731,124,19,1,319300000,22100000,32692000,329892000,Cash,Showroom
505393,2023-03-19,3354,141,111,1,373500000,21200000,38753000,391053000,Credit,Showroom
505394,2023-07-20,4842,169,119,1,254000000,5400000,27346000,275946000,Credit,Showroom
505395,2021-03-26,2127,126,116,1,621300000,11200000,67111000,677211000,Credit,Showroom
505396,2023-09-02,4217,137,94,1,443400000,7600000,47938000,483738000,Credit,Showroom
505397,2025-01-28,1841,103,74,1,294800000,12200000,31086000,313686000,Credit,Showroom
505398,2022-02-28,1799,122,51,1,771100000,3000000,84491000,852591000,Credit,Showroom
505399,2021-08-25,4528,141,83,1,393300000,3800000,42845000,432345000,Credit,Showroom
505400,2024-07-02,1992,121,16,1,402800000,3800000,43890000,442890000,Credit,Showroom
505401,2025-10-06,1468,108,4,1,181400000,3700000,19547000,197247000,Credit,Showroom
505402,2023-11-06,2766,108,36,1,173500000,5500000,18480000,186480000,Cash,Showroom
505403,2022-01-22,1119,120,110,1,415000000,18000000,43670000,440670000,Cash,Showroom
505404,2024-08-23,2226,135,70,1,303400000,1200000,33242000,335442000,Credit,Showroom
505405,2023-05-23,3650,169,99,1,268700000,16900000,27698000,279498000,Credit,Showroom
505406,2025-02-17,5108,120,75,1,391300000,4300000,42570000,429570000,Credit,Showroom
505407,2024-06-25,4311,103,110,1,288200000,14800000,30074000,303474000,Cash,Showroom
505408,2023-11-22,4860,154,61,1,884200000,60400000,90618000,914418000,Cash,Online
505409,2025-05-16,4952,101,33,1,251500000,2900000,27346000,275946000,Credit,Showroom
505410,2021-06-18,4969,111,21,1,229200000,700000,25135000,253635000,Credit,Showroom
505411,2020-12-29,1278,113,117,1,164300000,10600000,16907000,170607000,Credit,Showroom
505412,2025-07-08,3517,114,112,1,292900000,19400000,30085000,303585000,Cash,Showroom
505413,2023-10-02,1603,117,14,1,185900000,11400000,19195000,193695000,Credit,Event
505414,2021-05-08,3134,115,16,1,292600000,19200000,30074000,303474000,Cash,Showroom
505415,2021-02-22,1587,103,20,1,295200000,2900000,32153000,324453000,Credit,Showroom
505416,2024-08-07,1517,115,117,1,296900000,11500000,31394000,316794000,Credit,Showroom
505417,2024-07-05,3299,128,117,1,311800000,6400000,33594000,338994000,Cash,Showroom
505418,2025-09-06,4126,111,113,1,229200000,10300000,24079000,242979000,Credit,Showroom
505419,2024-10-10,2217,134,83,1,255400000,6800000,27346000,275946000,Credit,Showroom
505420,2024-11-09,3856,118,23,1,194000000,600000,21274000,214674000,Credit,Showroom
505421,2024-07-14,4251,113,20,1,163600000,2100000,17765000,179265000,Credit,Showroom
505422,2022-06-18,2005,137,34,1,453800000,22900000,47399000,478299000,Credit,Showroom
505423,2020-02-27,1323,101,65,1,247200000,600000,27126000,273726000,Credit,Showroom
505424,2024-09-06,3655,111,87,1,237900000,3100000,25828000,260628000,Credit,Showroom
505425,2021-07-04,5159,102,100,1,472800000,700000,51931000,524031000,Cash,Showroom
505426,2022-11-05,4514,115,86,1,280300000,16300000,29040000,293040000,Credit,Showroom
505427,2020-06-20,4879,102,63,1,471300000,11800000,50545000,510045000,Credit,Showroom
505428,2020-05-21,2299,109,120,1,758300000,12600000,82027000,827727000,Credit,Showroom
505429,2025-05-13,3813,145,118,1,349100000,17100000,36520000,368520000,Credit,Showroom
505430,2022-11-15,2513,151,35,1,557200000,16800000,59444000,599844000,Credit,Showroom
505431,2025-10-12,3135,108,61,1,172200000,9600000,17886000,180486000,Credit,Showroom
505432,2020-02-24,4982,115,52,1,299200000,15800000,31174000,314574000,Credit,Showroom
505433,2023-10-09,5188,127,45,1,288200000,6500000,30987000,312687000,Cash,Showroom
505434,2021-02-21,4509,107,50,1,389200000,17500000,40887000,412587000,Cash,Showroom
505435,2022-11-29,5398,125,68,1,655200000,22200000,69630000,702630000,Credit,Online
505436,2021-10-14,4808,107,34,1,378600000,15900000,39897000,402597000,Credit,Showroom
505437,2022-02-20,3632,107,74,1,380800000,23000000,39358000,397158000,Credit,Showroom
505438,2023-07-30,3281,105,89,1,569300000,36400000,58619000,591519000,Cash,Showroom
505439,2022-04-15,1871,121,90,1,414000000,11300000,44297000,446997000,Credit,Showroom
505440,2022-10-05,2875,108,63,1,182900000,1000000,20009000,201909000,Cash,Showroom
505441,2020-03-17,4243,122,24,1,769400000,36900000,80575000,813075000,Cash,Showroom
505442,2022-05-21,1375,108,32,1,177300000,5000000,18953000,191253000,Credit,Showroom
505443,2020-05-05,2452,105,50,1,561700000,1400000,61633000,621933000,Cash,Event
505444,2025-03-11,5474,142,74,1,301900000,16300000,31416000,317016000,Cash,Showroom
505445,2024-02-25,4673,123,83,1,768800000,46600000,79442000,801642000,Credit,Showroom
505446,2024-06-15,4031,173,116,1,1364600000,50500000,144551000,1458651000,Credit,Showroom
505447,2025-08-08,1466,114,54,1,297200000,12100000,31361000,316461000,Credit,Showroom
505448,2021-05-22,5410,114,34,1,281100000,19100000,28820000,290820000,Cash,Showroom
505449,2020-03-17,1562,114,76,1,296300000,11300000,31350000,316350000,Cash,Event
505450,2022-07-18,1951,134,10,1,261200000,12800000,27324000,275724000,Credit,Showroom
505451,2024-08-05,4949,110,79,1,778700000,49900000,80168000,808968000,Cash,Showroom
505452,2020-03-15,3645,103,15,1,293300000,14300000,30690000,309690000,Cash,Showroom
505453,2022-04-14,2961,117,47,1,179900000,10700000,18612000,187812000,Credit,Showroom
505454,2023-01-05,1742,160,52,1,369300000,17000000,38753000,391053000,Credit,Showroom
505455,2022-04-13,1226,122,72,1,789100000,2700000,86504000,872904000,Credit,Online
505456,2023-10-19,3486,129,35,1,305000000,12300000,32197000,324897000,Credit,Event
505457,2025-04-06,2650,110,77,1,761400000,51500000,78089000,787989000,Credit,Showroom
505458,2022-12-01,1923,113,40,1,164600000,8100000,17215000,173715000,Credit,Showroom
505459,2023-12-05,1286,106,68,1,374900000,1000000,41129000,415029000,Credit,Showroom
505460,2021-12-21,1997,117,108,1,188500000,6600000,20009000,201909000,Cash,Showroom
505461,2025-07-22,2408,105,95,1,550700000,2800000,60269000,608169000,Cash,Showroom
505462,2022-03-09,4406,136,101,1,445400000,13700000,47487000,479187000,Credit,Showroom
505463,2025-08-26,2472,135,118,1,288900000,3100000,31438000,317238000,Credit,Showroom
505464,2024-06-21,5362,101,61,1,234900000,1900000,25630000,258630000,Cash,Showroom
505465,2024-01-08,3366,138,10,1,256800000,7800000,27390000,276390000,Credit,Online
505466,2023-12-15,2515,149,97,1,291300000,13800000,30525000,308025000,Cash,Showroom
505467,2024-02-09,1902,116,114,1,262300000,6900000,28094000,283494000,Credit,Showroom
505468,2025-03-20,2944,105,9,1,579400000,20600000,61468000,620268000,Credit,Showroom
505469,2022-12-25,1745,167,4,1,641300000,3300000,70180000,708180000,Credit,Showroom
505470,2021-03-23,4396,116,83,1,258200000,2600000,28116000,283716000,Credit,Showroom
505471,2023-10-28,2968,104,5,1,284800000,2400000,31064000,313464000,Credit,Online
505472,2020-11-26,2445,166,77,1,653100000,15200000,70169000,708069000,Cash,Event
505473,2020-10-31,2863,104,119,1,281700000,3800000,30569000,308469000,Credit,Showroom
505474,2024-03-08,1864,153,98,1,428000000,12000000,45760000,461760000,Cash,Showroom
505475,2025-06-17,2705,145,94,1,342500000,22600000,35189000,355089000,Cash,Showroom
505476,2024-01-12,1690,126,58,1,622500000,1400000,68321000,689421000,Credit,Showroom
505477,2025-12-15,4918,104,107,1,296800000,15100000,30987000,312687000,Cash,Showroom
505478,2025-03-18,2771,139,1,1,246300000,1800000,26895000,271395000,Cash,Showroom
505479,2024-08-08,1101,114,85,1,278600000,9900000,29557000,298257000,Credit,Showroom
505480,2025-08-11,4838,116,80,1,268500000,11900000,28226000,284826000,Cash,Online
505481,2025-12-16,1472,125,98,1,633600000,1700000,69509000,701409000,Credit,Showroom
505482,2025-12-07,4366,132,23,1,427000000,16100000,45199000,456099000,Cash,Event
505483,2021-04-08,1963,110,30,1,759400000,29000000,80344000,810744000,Credit,Showroom
505484,2022-05-14,5134,105,70,1,575700000,5400000,62733000,633033000,Credit,Showroom
505485,2023-08-12,4995,142,64,1,304300000,19500000,31328000,316128000,Cash,Showroom
505486,2021-12-31,3166,130,71,1,636200000,7400000,69168000,697968000,Cash,Showroom
505487,2024-05-21,1101,110,47,1,748300000,21900000,79904000,806304000,Credit,Showroom
505488,2021-06-11,1295,140,43,1,175200000,3100000,18931000,191031000,Credit,Showroom
505489,2022-10-25,4681,107,20,1,372700000,14000000,39457000,398157000,Credit,Showroom
505490,2024-02-22,2070,106,6,1,369400000,15300000,38951000,393051000,Credit,Showroom
505491,2021-04-10,4466,126,101,1,647800000,22400000,68794000,694194000,Credit,Showroom
505492,2025-10-25,1314,131,114,1,378500000,20700000,39358000,397158000,Credit,Showroom
505493,2022-09-30,4659,106,96,5,377200000,43200000,202708000,2045508000,Cash,Fleet
505494,2020-03-17,1177,114,39,1,276800000,9700000,29381000,296481000,Credit,Showroom
505495,2025-09-18,5228,103,61,1,294100000,7000000,31581000,318681000,Cash,Showroom
505496,2025-05-18,1615,107,58,1,398100000,16400000,41987000,423687000,Credit,Showroom
505497,2025-05-15,2759,128,12,1,301100000,11600000,31845000,321345000,Credit,Showroom
505498,2023-02-20,2905,114,34,1,293100000,12500000,30866000,311466000,Cash,Online
505499,2023-07-09,1928,135,96,1,284700000,18400000,29293000,295593000,Cash,Showroom
505500,2022-06-16,3742,130,84,1,664700000,23800000,70499000,711399000,Credit,Online
505501,2022-05-08,2106,109,84,1,758900000,27600000,80443000,811743000,Credit,Showroom
505502,2021-05-08,2074,124,87,1,334800000,13200000,35376000,356976000,Cash,Showroom
505503,2025-03-22,2743,102,118,1,472100000,9000000,50941000,514041000,Credit,Showroom
505504,2023-02-22,5033,122,75,1,772300000,26700000,82016000,827616000,Credit,Showroom
505505,2022-12-20,4075,107,31,1,373200000,17300000,39149000,395049000,Credit,Showroom
505506,2021-02-01,4653,153,34,1,408300000,26000000,42053000,424353000,Cash,Showroom
505507,2025-06-15,2859,110,120,1,765000000,14800000,82522000,832722000,Credit,Event
505508,2025-02-08,2623,110,5,1,788500000,27400000,83721000,844821000,Cash,Showroom
505509,2021-11-09,4725,112,117,1,238900000,4300000,25806000,260406000,Cash,Showroom
505510,2020-11-23,5333,113,115,1,169900000,10400000,17545000,177045000,Credit,Showroom
505511,2023-10-01,3587,114,30,1,292700000,3300000,31834000,321234000,Credit,Showroom
505512,2023-10-27,4898,128,42,1,292700000,13300000,30734000,310134000,Cash,Showroom
505513,2022-04-13,1311,118,102,1,201300000,13600000,20647000,208347000,Credit,Showroom
505514,2025-12-16,3782,130,73,1,660100000,23000000,70081000,707181000,Cash,Showroom
505515,2023-04-08,3719,103,95,1,292900000,15600000,30503000,307803000,Credit,Showroom
505516,2025-07-09,1641,105,30,1,554500000,33900000,57266000,577866000,Cash,Showroom
505517,2025-05-30,3461,105,7,1,587300000,10500000,63448000,640248000,Credit,Event
505518,2024-04-22,2458,121,41,1,395700000,25900000,40678000,410478000,Credit,Showroom
505519,2025-09-08,2513,150,6,2,258900000,27000000,53988000,544788000,Credit,Fleet
505520,2021-03-04,1015,124,19,1,313000000,4900000,33891000,341991000,Credit,Showroom
505521,2021-10-10,2058,107,90,1,391100000,27200000,40029000,403929000,Cash,Showroom
505522,2024-02-24,5319,102,97,1,459900000,26700000,47652000,480852000,Credit,Showroom
505523,2022-08-09,3624,127,48,1,291600000,14800000,30448000,307248000,Cash,Showroom
505524,2023-07-24,2789,145,13,1,356300000,11600000,37917000,382617000,Credit,Showroom
505525,2023-03-08,3708,116,26,1,266100000,700000,29194000,294594000,Credit,Showroom
505526,2021-03-14,1716,138,100,1,252600000,6200000,27104000,273504000,Credit,Showroom
505527,2025-12-14,2772,121,92,1,396600000,2900000,43307000,437007000,Credit,Showroom
505528,2021-12-23,4933,136,77,1,444500000,8700000,47938000,483738000,Credit,Event
505529,2021-01-04,4329,122,20,1,738600000,3000000,80916000,816516000,Cash,Online
505530,2022-10-25,3190,108,45,1,178800000,11500000,18403000,185703000,Credit,Showroom
505531,2023-05-31,2458,112,19,1,224200000,9400000,23628000,238428000,Credit,Online
505532,2025-09-27,5019,132,71,1,440600000,21200000,46134000,465534000,Credit,Showroom
505533,2025-08-13,2472,111,25,1,239000000,14400000,24706000,249306000,Cash,Showroom
505534,2022-06-10,1060,121,113,1,388400000,17400000,40810000,411810000,Credit,Showroom
505535,2024-07-16,1870,129,2,1,300200000,10600000,31856000,321456000,Credit,Showroom
505536,2022-02-22,3527,126,75,1,658300000,15000000,70763000,714063000,Credit,Online
505537,2022-12-19,3530,125,81,1,651200000,32700000,68035000,686535000,Cash,Showroom
505538,2023-03-16,1278,118,68,2,195100000,25200000,40150000,405150000,Cash,Fleet
505539,2024-08-29,2902,113,49,1,171500000,7600000,18029000,181929000,Credit,Showroom
505540,2021-03-27,4983,165,109,5,434100000,68000000,231275000,2333775000,Credit,Fleet
505541,2023-09-27,4131,111,54,1,224300000,15400000,22979000,231879000,Credit,Showroom
505542,2023-10-16,5263,115,98,1,277900000,4200000,30107000,303807000,Cash,Showroom
505543,2020-06-16,4681,111,29,1,227900000,12000000,23749000,239649000,Cash,Showroom
505544,2025-12-06,1122,139,69,1,261600000,15000000,27126000,273726000,Cash,Showroom
505545,2021-02-20,2505,104,76,1,282600000,13700000,29579000,298479000,Credit,Showroom
505546,2020-01-03,2664,163,7,1,583900000,3700000,63822000,644022000,Credit,Showroom
505547,2024-08-05,1482,129,95,1,313700000,1700000,34320000,346320000,Credit,Showroom
505548,2024-12-10,3658,103,44,1,301900000,7900000,32340000,326340000,Cash,Showroom
505549,2024-11-06,3064,107,5,1,390500000,24900000,40216000,405816000,Credit,Online
505550,2025-09-01,3513,133,50,1,422700000,8800000,45529000,459429000,Credit,Showroom
505551,2025-02-22,5376,110,71,1,788400000,53700000,80817000,815517000,Credit,Showroom
505552,2020-08-28,4621,148,53,1,292200000,18800000,30074000,303474000,Cash,Showroom
505553,2025-09-19,3777,118,91,1,196500000,12100000,20284000,204684000,Cash,Showroom
505554,2022-05-24,1277,110,85,1,761900000,4800000,83281000,840381000,Credit,Showroom
505555,2020-05-17,2827,138,77,3,260200000,48100000,80575000,813075000,Credit,Fleet
505556,2022-05-04,4667,104,87,1,297000000,4100000,32219000,325119000,Credit,Showroom
505557,2023-05-27,5089,114,15,1,277300000,11300000,29260000,295260000,Credit,Showroom
505558,2022-12-26,3838,114,17,1,277100000,1300000,30338000,306138000,Credit,Showroom
505559,2020-10-06,1205,109,65,5,796700000,92600000,427999000,4318899000,Credit,Fleet
505560,2023-11-05,3566,104,48,1,282300000,17600000,29117000,293817000,Cash,Showroom
505561,2022-06-24,4083,110,59,1,790600000,15600000,85250000,860250000,Cash,Showroom
505562,2025-01-29,4832,138,84,1,261800000,1100000,28677000,289377000,Cash,Showroom
505563,2021-03-03,3078,107,11,1,376000000,5600000,40744000,411144000,Credit,Showroom
505564,2023-08-09,5162,105,112,1,557300000,16500000,59488000,600288000,Credit,Showroom
505565,2021-09-18,2616,122,113,1,790500000,45600000,81939000,826839000,Cash,Showroom
505566,2024-10-05,2740,142,72,1,289500000,17000000,29975000,302475000,Credit,Showroom
505567,2025-03-04,5008,117,42,1,192200000,5100000,20581000,207681000,Credit,Showroom
505568,2024-02-28,3904,101,8,1,234400000,3300000,25421000,256521000,Cash,Online
505569,2022-05-04,1345,118,83,1,198300000,10100000,20702000,208902000,Credit,Showroom
505570,2025-05-19,4029,132,119,1,428600000,200000,47124000,475524000,Cash,Showroom
505571,2020-08-08,1408,158,7,1,440300000,16900000,46574000,469974000,Credit,Showroom
505572,2020-12-25,4254,113,27,1,170600000,5200000,18194000,183594000,Cash,Online
505573,2025-04-30,3903,102,1,1,456700000,18700000,48180000,486180000,Credit,Showroom
505574,2023-07-26,4864,109,26,1,773800000,20400000,82874000,836274000,Credit,Showroom
505575,2020-01-22,2960,138,88,1,247200000,10000000,26092000,263292000,Credit,Showroom
505576,2023-05-20,5013,124,20,1,330900000,3600000,36003000,363303000,Cash,Showroom
505577,2023-06-28,3946,115,53,1,295700000,13900000,30998000,312798000,Cash,Showroom
505578,2020-12-29,4090,120,100,1,396700000,8000000,42757000,431457000,Credit,Online
505579,2025-12-31,1910,114,18,5,293600000,34200000,157718000,1591518000,Credit,Fleet
505580,2022-12-02,1646,139,111,1,255400000,10800000,26906000,271506000,Cash,Showroom
505581,2025-09-02,1366,124,76,1,327400000,15700000,34287000,345987000,Cash,Event
505582,2021-12-31,4630,127,100,1,292900000,9100000,31218000,315018000,Credit,Showroom
505583,2020-02-21,3621,103,92,1,283300000,11900000,29854000,301254000,Credit,Online
505584,2023-12-16,4003,103,11,1,283900000,9000000,30239000,305139000,Cash,Showroom
505585,2023-06-19,3925,147,86,5,199500000,25600000,106909000,1078809000,Credit,Fleet
505586,2021-12-22,1823,105,18,1,545700000,16000000,58267000,587967000,Credit,Showroom
505587,2025-04-05,1372,162,22,1,544400000,33600000,56188000,566988000,Cash,Showroom
505588,2021-11-20,3038,128,18,1,293900000,11800000,31031000,313131000,Credit,Online
505589,2024-10-24,4155,148,57,1,300600000,2900000,32747000,330447000,Credit,Showroom
505590,2024-01-04,3131,162,96,1,555300000,35700000,57156000,576756000,Credit,Showroom
505591,2024-07-13,2462,116,14,1,264100000,4800000,28523000,287823000,Cash,Showroom
505592,2025-03-14,4650,108,61,1,183600000,6000000,19536000,197136000,Cash,Showroom
505593,2024-03-14,1388,116,53,1,257800000,5400000,27764000,280164000,Credit,Showroom
505594,2025-12-12,2367,132,22,1,412500000,12000000,44055000,444555000,Credit,Showroom
505595,2025-08-13,2810,104,31,6,293800000,114700000,181291000,1829391000,Credit,Fleet
505596,2021-03-24,3379,133,20,1,438800000,14000000,46728000,471528000,Cash,Showroom
505597,2025-03-05,2399,109,54,1,770700000,36100000,80806000,815406000,Credit,Showroom
505598,2020-05-20,3392,106,99,1,380400000,10600000,40678000,410478000,Cash,Showroom
505599,2024-01-16,4499,145,12,1,347900000,11300000,37026000,373626000,Cash,Showroom
505600,2024-02-03,5199,114,107,1,278700000,1300000,30514000,307914000,Cash,Showroom
505601,2023-07-06,1927,138,66,1,244900000,2900000,26620000,268620000,Credit,Event
505602,2021-07-03,2466,126,36,5,671500000,59500000,362780000,3660780000,Cash,Fleet
505603,2024-03-26,1136,172,43,1,1362700000,52600000,144111000,1454211000,Cash,Event
505604,2020-04-04,3263,158,41,1,422800000,19700000,44341000,447441000,Cash,Showroom
505605,2023-07-02,3653,101,42,1,233400000,13200000,24222000,244422000,Credit,Showroom
505606,2022-12-10,4997,113,108,1,162600000,10600000,16720000,168720000,Credit,Showroom
505607,2021-02-01,3116,113,48,1,169000000,9700000,17523000,176823000,Cash,Showroom
505608,2021-09-22,3575,141,30,1,376100000,18200000,39369000,397269000,Cash,Showroom
505609,2021-12-21,3887,141,116,1,395800000,0,43538000,439338000,Cash,Showroom
505610,2025-03-26,1219,115,33,1,296500000,7100000,31834000,321234000,Credit,Event
505611,2021-11-13,4602,112,65,1,223300000,12600000,23177000,233877000,Credit,Showroom
505612,2024-12-18,3889,175,48,1,1072700000,17000000,116127000,1171827000,Credit,Showroom
505613,2022-08-19,4105,156,35,1,679600000,35500000,70851000,714951000,Cash,Online
505614,2024-11-02,5040,110,41,1,786700000,36100000,82566000,833166000,Cash,Online
505615,2025-06-15,1684,104,81,1,294000000,10400000,31196000,314796000,Credit,Showroom
505616,2025-12-17,3275,113,85,1,169200000,1900000,18403000,185703000,Cash,Showroom
505617,2025-12-07,1180,150,120,1,259300000,10500000,27368000,276168000,Credit,Showroom
505618,2025-12-11,1239,142,43,1,289300000,12100000,30492000,307692000,Cash,Showroom
505619,2020-05-31,1119,108,23,1,172400000,11700000,17677000,178377000,Credit,Showroom
505620,2024-03-14,1687,125,7,1,661500000,37000000,68695000,693195000,Cash,Showroom
505621,2025-03-09,1803,131,53,1,377300000,20400000,39259000,396159000,Credit,Showroom
505622,2025-07-27,3029,109,32,1,758400000,27400000,80410000,811410000,Credit,Showroom
505623,2021-06-15,2673,120,68,1,411600000,18800000,43208000,436008000,Credit,Showroom
505624,2025-10-30,2416,111,95,1,234500000,8700000,24838000,250638000,Credit,Online
505625,2021-04-06,4422,106,36,1,386500000,7100000,41734000,421134000,Credit,Showroom
505626,2023-02-09,3670,136,106,1,466200000,23600000,48686000,491286000,Credit,Showroom
505627,2020-01-17,4799,109,37,1,755700000,8800000,82159000,829059000,Cash,Online
505628,2022-06-25,4188,106,72,1,370500000,1800000,40557000,409257000,Cash,Event
505629,2022-02-24,2790,108,31,1,180400000,10200000,18722000,188922000,Cash,Showroom
505630,2025-05-29,3032,164,41,1,450600000,9300000,48543000,489843000,Credit,Showroom
505631,2022-09-28,1004,104,40,1,298500000,20100000,30624000,309024000,Credit,Showroom
505632,2025-05-04,4010,121,33,1,414600000,9500000,44561000,449661000,Credit,Showroom
505633,2025-04-13,4189,110,39,1,769300000,8200000,83721000,844821000,Cash,Event
505634,2021-01-14,2336,144,83,1,781100000,36200000,81939000,826839000,Credit,Showroom
505635,2022-05-13,4059,171,62,2,345300000,10300000,74833000,755133000,Cash,Fleet
505636,2025-07-09,3224,147,51,1,203800000,11800000,21120000,213120000,Credit,Showroom
505637,2024-02-13,1133,102,92,1,461100000,26700000,47784000,482184000,Credit,Showroom
505638,2021-10-15,4342,122,74,1,744800000,33000000,78298000,790098000,Credit,Showroom
505639,2022-04-21,2363,101,52,1,242700000,14700000,25080000,253080000,Credit,Showroom
505640,2023-02-01,1263,136,117,1,456800000,7600000,49412000,498612000,Credit,Showroom
505641,2022-12-12,1099,158,107,1,426400000,11700000,45617000,460317000,Credit,Showroom
505642,2022-02-16,4606,107,14,1,393100000,13900000,41712000,420912000,Credit,Showroom
505643,2021-11-17,2148,162,64,1,576000000,35900000,59411000,599511000,Credit,Event
505644,2024-07-16,3779,107,110,1,388200000,100000,42691000,430791000,Credit,Showroom
505645,2025-04-07,1779,135,47,1,288000000,9700000,30613000,308913000,Cash,Showroom
505646,2023-02-22,2746,119,45,1,195400000,12400000,20130000,203130000,Cash,Event
505647,2025-01-15,2742,109,6,1,773000000,4100000,84579000,853479000,Credit,Showroom
505648,2021-08-25,3007,109,51,1,774700000,6600000,84491000,852591000,Credit,Showroom
505649,2022-10-29,5254,148,1,1,301300000,1800000,32945000,332445000,Credit,Showroom
505650,2021-03-26,3011,141,94,1,377900000,17900000,39600000,399600000,Cash,Showroom
505651,2023-06-02,3285,108,96,1,177700000,5900000,18898000,190698000,Cash,Showroom
505652,2020-08-06,4574,116,87,1,272700000,3200000,29645000,299145000,Credit,Showroom
505653,2024-04-01,4791,114,50,1,278700000,18400000,28633000,288933000,Credit,Showroom
505654,2024-04-22,1815,117,83,1,189600000,6400000,20152000,203352000,Credit,Event
505655,2025-11-10,1062,180,107,1,1589300000,80200000,166001000,1675101000,Credit,Showroom
505656,2021-08-17,5377,109,87,1,790100000,13100000,85470000,862470000,Cash,Showroom
505657,2021-02-03,1346,109,17,1,793700000,33300000,83644000,844044000,Cash,Event
505658,2024-11-22,4864,109,39,1,764600000,43000000,79376000,800976000,Cash,Showroom
505659,2021-11-10,1543,128,50,1,293100000,16500000,30426000,307026000,Credit,Showroom
505660,2022-05-09,2310,112,6,1,235300000,2500000,25608000,258408000,Cash,Showroom
505661,2020-02-28,5419,122,10,1,793900000,44800000,82401000,831501000,Cash,Showroom
505662,2024-03-01,1934,106,29,1,372700000,4100000,40546000,409146000,Credit,Showroom
505663,2024-07-14,2854,120,16,1,404600000,18800000,42438000,428238000,Cash,Showroom
505664,2021-04-13,3289,138,91,1,254900000,16300000,26246000,264846000,Credit,Showroom
505665,2024-12-19,1481,124,116,1,316100000,300000,34738000,350538000,Credit,Showroom
505666,2025-03-31,1072,111,49,1,230700000,9400000,24343000,245643000,Credit,Showroom
505667,2025-05-12,2209,109,14,1,746300000,14200000,80531000,812631000,Cash,Showroom
505668,2023-01-03,3743,108,3,1,173500000,4800000,18557000,187257000,Cash,Showroom
505669,2023-07-03,3026,159,116,1,437300000,400000,48059000,484959000,Credit,Showroom
505670,2025-07-15,3829,116,63,1,269100000,200000,29579000,298479000,Credit,Showroom
505671,2025-09-14,4107,114,57,1,294700000,2000000,32197000,324897000,Credit,Showroom
505672,2021-02-23,1863,106,6,1,373000000,300000,40997000,413697000,Cash,Showroom
505673,2025-08-10,1778,122,61,1,782200000,18200000,84040000,848040000,Credit,Showroom
505674,2022-04-30,3420,110,53,1,791400000,7500000,86229000,870129000,Cash,Event
505675,2020-03-07,2993,111,120,1,235900000,7000000,25179000,254079000,Credit,Showroom
505676,2022-10-26,4244,112,27,1,228200000,2100000,24871000,250971000,Credit,Event
505677,2023-05-29,4202,124,18,2,322300000,0,70906000,715506000,Cash,Fleet
505678,2025-06-20,3099,116,111,2,272200000,18400000,57860000,583860000,Credit,Fleet
505679,2022-06-11,4744,138,67,1,258100000,13800000,26873000,271173000,Credit,Online
505680,2020-09-10,1308,101,77,1,249800000,8500000,26543000,267843000,Credit,Showroom
505681,2024-06-04,4197,116,1,1,252500000,1700000,27588000,278388000,Cash,Showroom
505682,2023-02-27,4272,137,108,1,451500000,4800000,49137000,495837000,Credit,Showroom
505683,2024-07-29,1199,183,93,1,1839300000,114100000,189772000,1914972000,Cash,Showroom
505684,2023-06-11,3389,128,67,1,309900000,8800000,33121000,334221000,Cash,Showroom
505685,2024-03-22,2913,104,104,1,303500000,10800000,32197000,324897000,Credit,Showroom
505686,2023-12-29,4522,121,107,1,393600000,22600000,40810000,411810000,Credit,Showroom
505687,2021-07-06,1081,134,95,6,269500000,55200000,171798000,1733598000,Credit,Fleet
505688,2020-12-02,2682,119,118,1,202700000,12200000,20955000,211455000,Credit,Showroom
505689,2025-07-29,3250,113,99,1,171400000,9300000,17831000,179931000,Credit,Showroom
505690,2020-07-17,2405,109,30,1,795000000,42400000,82786000,835386000,Credit,Showroom
505691,2023-11-21,3251,117,97,1,182800000,600000,20042000,202242000,Cash,Showroom
505692,2021-05-25,4858,114,63,1,281600000,8500000,30041000,303141000,Cash,Showroom
505693,2022-07-08,4529,105,106,1,579600000,33200000,60104000,606504000,Cash,Showroom
505694,2024-10-16,4242,126,105,1,666300000,44400000,68409000,690309000,Credit,Event
505695,2020-06-20,1387,115,20,1,287000000,14500000,29975000,302475000,Credit,Showroom
505696,2023-02-27,2092,112,11,1,227700000,11200000,23815000,240315000,Credit,Showroom
505697,2022-10-23,5099,125,106,1,666500000,11500000,72050000,727050000,Credit,Showroom
505698,2022-01-09,4499,113,120,1,163500000,3100000,17644000,178044000,Credit,Showroom
505699,2022-10-25,3144,109,43,1,797400000,49400000,82280000,830280000,Credit,Online
505700,2025-07-06,3254,105,29,1,551700000,16800000,58839000,593739000,Credit,Showroom
505701,2022-11-12,1524,125,84,1,635300000,42400000,65219000,658119000,Credit,Showroom
505702,2021-01-13,1277,106,25,1,394000000,20900000,41041000,414141000,Cash,Showroom
505703,2020-03-10,4350,112,73,1,240900000,9700000,25432000,256632000,Credit,Showroom
505704,2024-07-19,2600,104,89,1,283100000,12800000,29733000,300033000,Credit,Showroom
505705,2023-10-04,1384,103,79,1,295200000,9800000,31394000,316794000,Cash,Showroom
505706,2022-12-26,3923,145,66,1,345000000,21500000,35585000,359085000,Credit,Showroom
505707,2024-04-22,4671,113,63,1,163100000,2100000,17710000,178710000,Credit,Online
505708,2023-07-28,2399,103,93,1,289500000,16900000,29986000,302586000,Cash,Showroom
505709,2024-09-08,5037,108,61,1,171000000,1400000,18656000,188256000,Credit,Showroom
505710,2023-03-29,3938,124,18,1,330000000,4100000,35849000,361749000,Cash,Showroom
505711,2021-12-08,2366,103,32,1,289900000,3500000,31504000,317904000,Cash,Showroom
505712,2025-07-02,1705,144,13,1,806300000,44000000,83853000,846153000,Credit,Showroom
505713,2020-09-20,5029,109,101,1,797400000,7400000,86900000,876900000,Credit,Showroom
505714,2022-10-09,1601,130,92,1,647200000,28400000,68068000,686868000,Cash,Showroom
505715,2024-04-06,4756,134,15,1,272500000,11400000,28721000,289821000,Cash,Event
505716,2020-07-31,3127,127,38,1,284400000,5800000,30646000,309246000,Cash,Online
505717,2025-07-01,5206,136,77,1,449700000,5000000,48917000,493617000,Cash,Event
505718,2021-06-15,3522,107,57,1,395300000,25800000,40645000,410145000,Cash,Showroom
505719,2024-06-28,1418,105,53,1,579300000,31400000,60269000,608169000,Cash,Event
505720,2022-02-18,1170,102,80,1,450000000,4300000,49027000,494727000,Credit,Event
505721,2021-05-15,5230,140,17,1,172100000,7100000,18150000,183150000,Credit,Showroom
505722,2025-10-16,1385,124,38,1,315200000,4900000,34133000,344433000,Credit,Showroom
505723,2024-09-27,3676,163,101,1,553900000,28000000,57849000,583749000,Cash,Showroom
505724,2023-04-03,5294,172,31,1,1305600000,36400000,139612000,1408812000,Cash,Event
505725,2023-01-04,5378,109,111,1,789700000,19700000,84700000,854700000,Credit,Showroom
505726,2025-03-06,4615,126,63,1,634600000,36000000,65846000,664446000,Credit,Showroom
505727,2024-04-03,2296,105,80,2,552300000,66800000,114158000,1151958000,Credit,Fleet
505728,2025-05-29,3763,132,89,1,439400000,29400000,45100000,455100000,Cash,Online
505729,2023-10-27,5021,128,18,1,310700000,21400000,31823000,321123000,Credit,Showroom
505730,2024-05-14,1499,160,78,1,383300000,7100000,41382000,417582000,Credit,Showroom
505731,2022-04-02,3647,124,57,1,319300000,7800000,34265000,345765000,Credit,Showroom
505732,2024-06-26,1663,162,120,1,586300000,33500000,60808000,613608000,Credit,Showroom
505733,2021-11-18,3354,102,41,1,478800000,7200000,51876000,523476000,Credit,Showroom
505734,2023-11-03,2301,111,119,1,230700000,9400000,24343000,245643000,Credit,Showroom
505735,2021-12-12,2302,166,102,1,647300000,200000,71181000,718281000,Credit,Online
505736,2025-08-14,5408,110,3,1,794800000,2400000,87164000,879564000,Credit,Showroom
505737,2025-07-17,4326,127,47,1,289900000,600000,31823000,321123000,Credit,Showroom
505738,2023-11-17,1415,116,93,1,270900000,13900000,28270000,285270000,Credit,Showroom
505739,2021-12-22,2143,116,22,1,255200000,8500000,27137000,273837000,Credit,Showroom
505740,2024-10-05,4668,119,6,1,195100000,5200000,20889000,210789000,Credit,Showroom
505741,2020-10-02,3488,111,23,1,235600000,9700000,24849000,250749000,Cash,Online
505742,2023-08-20,2003,140,54,1,178000000,5100000,19019000,191919000,Cash,Showroom
505743,2024-04-28,1959,111,41,1,225400000,5500000,24189000,244089000,Credit,Showroom
505744,2020-09-15,2748,187,19,1,1257200000,56400000,132088000,1332888000,Cash,Showroom
505745,2022-10-31,1311,110,52,1,758800000,35100000,79607000,803307000,Credit,Showroom
505746,2023-01-04,2809,108,120,1,171200000,10300000,17699000,178599000,Cash,Online
505747,2025-11-30,3506,122,105,1,744500000,18900000,79816000,805416000,Credit,Online
505748,2025-07-21,4037,106,20,1,368600000,16400000,38742000,390942000,Cash,Showroom
505749,2023-04-18,5476,106,84,1,385100000,21900000,39952000,403152000,Cash,Event
505750,2022-08-17,1749,127,117,1,292500000,18500000,30140000,304140000,Credit,Showroom
505751,2023-05-30,3022,147,99,1,197200000,13200000,20240000,204240000,Cash,Event
505752,2022-04-09,4837,116,88,1,269500000,17800000,27687000,279387000,Cash,Showroom
505753,2020-03-27,1363,126,14,1,652100000,41400000,67177000,677877000,Credit,Showroom
505754,2023-01-24,2524,108,24,1,180900000,3900000,19470000,196470000,Cash,Showroom
505755,2025-10-28,1715,110,76,1,760400000,48300000,78331000,790431000,Credit,Online
505756,2022-09-23,1905,128,24,1,294500000,10100000,31284000,315684000,Cash,Event
505757,2023-05-19,2783,161,38,1,432200000,14100000,45991000,464091000,Cash,Showroom
505758,2021-07-31,3688,162,115,1,553200000,27500000,57827000,583527000,Credit,Showroom
505759,2024-11-19,4707,105,102,1,585200000,6800000,63624000,642024000,Credit,Online
505760,2020-11-13,1227,110,99,1,795400000,54700000,81477000,822177000,Cash,Online
505761,2023-05-20,2118,108,13,1,183500000,7800000,19327000,195027000,Credit,Online
505762,2025-07-30,4424,129,58,1,312200000,20300000,32109000,324009000,Credit,Event
505763,2025-05-26,5233,128,19,2,298800000,16200000,63954000,645354000,Cash,Fleet
505764,2021-12-09,3000,127,86,1,273100000,12600000,28655000,289155000,Credit,Online
505765,2023-03-16,5091,109,47,4,760800000,200000,334730000,3377730000,Credit,Fleet
505766,2020-07-25,2110,112,88,1,227800000,7800000,24200000,244200000,Credit,Event
505767,2025-03-07,2580,102,46,1,456200000,18800000,48114000,485514000,Cash,Online
505768,2022-08-25,2153,115,95,1,297800000,3700000,32351000,326451000,Cash,Showroom
505769,2021-08-27,2582,139,107,1,251200000,12400000,26268000,265068000,Credit,Showroom
505770,2025-05-24,1375,130,55,1,622900000,10100000,67408000,680208000,Credit,Online
505771,2022-03-07,4166,127,116,1,282700000,10700000,29920000,301920000,Credit,Showroom
505772,2025-04-29,4185,107,48,1,377400000,16400000,39710000,400710000,Cash,Online
505773,2021-05-07,1444,124,34,1,329400000,20300000,34001000,343101000,Credit,Showroom
505774,2023-07-28,2575,115,34,1,298200000,7900000,31933000,322233000,Credit,Showroom
505775,2022-04-07,4774,102,4,1,478500000,10100000,51524000,519924000,Cash,Showroom
505776,2024-04-21,4479,128,30,1,313900000,12700000,33132000,334332000,Credit,Showroom
505777,2024-09-08,4150,115,32,1,287700000,11400000,30393000,306693000,Credit,Online
505778,2024-12-20,4478,138,28,1,250400000,7000000,26774000,270174000,Credit,Showroom
505779,2025-02-05,1355,107,57,1,372100000,17200000,39039000,393939000,Credit,Showroom
505780,2021-08-31,4473,118,41,1,203900000,9200000,21417000,216117000,Cash,Showroom
505781,2023-07-14,4644,168,79,1,261900000,11000000,27599000,278499000,Cash,Showroom
505782,2022-06-19,2105,108,7,1,179500000,6500000,19030000,192030000,Credit,Showroom
505783,2021-09-20,1601,148,81,1,292900000,2600000,31933000,322233000,Cash,Showroom
505784,2024-08-27,5092,171,44,1,343800000,17900000,35849000,361749000,Cash,Online
505785,2025-01-06,2807,130,103,1,659100000,7900000,71632000,722832000,Credit,Showroom
505786,2023-07-17,1562,176,65,1,1509700000,78400000,157443000,1588743000,Credit,Showroom
505787,2024-10-30,1662,137,101,1,437600000,300000,48103000,485403000,Credit,Showroom
505788,2025-08-31,3337,110,85,1,790900000,24200000,84337000,851037000,Cash,Showroom
505789,2024-12-10,1598,114,64,1,284400000,11900000,29975000,302475000,Credit,Online
505790,2022-11-20,2129,164,62,1,425900000,22400000,44385000,447885000,Credit,Event
505791,2024-08-23,2280,123,46,1,795300000,31600000,84007000,847707000,Credit,Showroom
505792,2023-04-19,3044,146,10,1,194500000,2500000,21120000,213120000,Credit,Showroom
505793,2022-11-08,5215,163,118,1,563900000,14800000,60401000,609501000,Credit,Online
505794,2024-10-27,3098,123,31,1,772700000,46800000,79849000,805749000,Credit,Showroom
505795,2025-03-01,2524,130,109,5,649000000,195000000,335500000,3385500000,Credit,Fleet
505796,2021-05-24,5455,125,78,1,651000000,23900000,68981000,696081000,Credit,Showroom
505797,2020-04-02,2855,181,35,1,1577300000,91700000,163416000,1649016000,Cash,Showroom
505798,2022-07-04,1492,134,19,1,259300000,500000,28468000,287268000,Cash,Online
505799,2025-05-18,2739,107,83,1,382500000,23000000,39545000,399045000,Cash,Showroom
505800,2025-04-06,5043,116,85,1,268300000,6100000,28842000,291042000,Cash,Showroom
505801,2021-04-20,4435,108,28,1,173300000,11200000,17831000,179931000,Cash,Showroom
505802,2025-12-16,1193,109,82,1,742600000,39200000,77374000,780774000,Credit,Showroom
505803,2022-10-31,1915,110,40,1,776700000,4700000,84920000,856920000,Credit,Showroom
505804,2021-12-12,2985,135,117,1,301100000,12900000,31702000,319902000,Cash,Showroom
505805,2023-04-22,4779,101,15,1,250400000,16100000,25773000,260073000,Credit,Showroom
505806,2021-10-10,4451,112,106,1,235600000,5900000,25267000,254967000,Credit,Showroom
505807,2025-01-27,2676,109,47,1,749700000,43300000,77704000,784104000,Credit,Showroom
505808,2024-03-08,4375,134,96,1,257200000,9600000,27236000,274836000,Cash,Showroom
505809,2025-07-01,2125,132,99,1,411600000,18400000,43252000,436452000,Cash,Showroom
505810,2022-01-29,1561,103,65,2,292500000,24000000,61710000,622710000,Credit,Fleet
505811,2024-06-12,1892,106,65,1,371700000,13900000,39358000,397158000,Cash,Showroom
505812,2024-08-02,2356,101,6,1,247300000,15200000,25531000,257631000,Cash,Showroom
505813,2025-05-28,5180,137,103,1,452800000,21200000,47476000,479076000,Cash,Showroom
505814,2021-03-19,1069,111,112,1,237100000,14900000,24442000,246642000,Credit,Showroom
505815,2024-12-23,4656,134,20,1,257600000,13700000,26829000,270729000,Credit,Showroom
505816,2022-11-22,4952,104,24,1,298500000,3000000,32505000,328005000,Cash,Event
505817,2023-11-16,2706,113,106,1,162000000,1900000,17611000,177711000,Credit,Showroom
505818,2022-07-12,4670,109,107,1,768900000,3800000,84161000,849261000,Credit,Showroom
505819,2025-02-10,3283,111,34,1,236900000,16000000,24299000,245199000,Credit,Showroom
505820,2023-09-25,2951,111,9,1,239900000,12800000,24981000,252081000,Cash,Showroom
505821,2025-02-23,2203,115,25,1,287000000,300000,31537000,318237000,Credit,Showroom
505822,2022-06-11,3495,160,4,1,390200000,8500000,41987000,423687000,Credit,Event
505823,2024-05-17,3272,107,11,1,379800000,15900000,40029000,403929000,Credit,Showroom
505824,2021-06-18,2149,138,71,1,254200000,2000000,27742000,279942000,Cash,Showroom
505825,2020-10-05,3151,109,50,1,784400000,33000000,82654000,834054000,Credit,Showroom
505826,2025-08-06,4338,123,120,1,754900000,35600000,79123000,798423000,Cash,Showroom
505827,2021-10-02,1769,117,34,1,185300000,2600000,20097000,202797000,Cash,Showroom
505828,2025-06-10,1265,104,74,1,298500000,7800000,31977000,322677000,Credit,Showroom
505829,2022-12-16,4376,105,23,1,560400000,35400000,57750000,582750000,Cash,Showroom
505830,2021-09-16,1142,120,92,1,406500000,25300000,41932000,423132000,Credit,Showroom
505831,2025-09-29,3095,123,94,1,797300000,300000,87670000,884670000,Credit,Showroom
505832,2024-10-06,4071,127,114,1,290100000,9900000,30822000,311022000,Credit,Showroom
505833,2021-01-11,2753,107,100,1,377900000,1700000,41382000,417582000,Cash,Showroom
505834,2022-08-08,2812,106,77,1,370700000,7200000,39985000,403485000,Credit,Showroom
505835,2022-02-04,4704,132,84,1,437100000,29600000,44825000,452325000,Cash,Showroom
505836,2025-05-26,1586,136,40,1,441500000,7100000,47784000,482184000,Cash,Showroom
505837,2024-09-19,4224,132,84,1,426400000,29300000,43681000,440781000,Credit,Showroom
505838,2021-10-05,5436,126,70,1,661900000,30400000,69465000,700965000,Credit,Showroom
505839,2025-08-29,3559,142,44,1,284700000,1300000,31174000,314574000,Credit,Online
505840,2023-04-07,2173,106,106,1,396300000,2300000,43340000,437340000,Credit,Showroom
505841,2023-08-16,3622,118,58,1,201000000,11700000,20823000,210123000,Cash,Event
505842,2022-07-08,5163,136,50,1,437200000,6700000,47355000,477855000,Credit,Showroom
505843,2025-04-07,1668,165,73,1,429200000,6000000,46552000,469752000,Credit,Showroom
505844,2024-09-09,5040,128,23,1,309900000,10700000,32912000,332112000,Credit,Event
505845,2025-10-02,1511,113,23,1,172700000,2200000,18755000,189255000,Credit,Online
505846,2020-06-26,1682,104,42,1,290700000,2400000,31713000,320013000,Credit,Showroom
505847,2023-07-09,5423,117,75,1,192100000,8800000,20163000,203463000,Credit,Online
505848,2023-07-06,3661,167,80,1,625400000,22300000,66341000,669441000,Credit,Showroom
505849,2025-09-24,4146,151,29,1,587600000,26200000,61754000,623154000,Cash,Showroom
505850,2025-07-28,3025,110,38,1,770000000,46500000,79585000,803085000,Credit,Showroom
505851,2021-01-10,4391,103,73,1,286600000,7300000,30723000,310023000,Cash,Online
505852,2024-07-18,4071,140,63,1,169700000,11200000,17435000,175935000,Cash,Online
505853,2025-10-29,2532,118,42,1,202200000,2100000,22011000,222111000,Credit,Showroom
505854,2025-05-28,2955,103,96,1,295200000,13800000,30954000,312354000,Credit,Showroom
505855,2022-01-14,5036,109,117,1,771500000,44000000,80025000,807525000,Credit,Showroom
505856,2024-10-05,1199,126,102,1,636600000,3200000,69674000,703074000,Credit,Online
505857,2024-08-11,3893,105,63,1,556000000,24500000,58465000,589965000,Credit,Showroom
505858,2024-09-09,2082,120,9,1,395400000,13300000,42031000,424131000,Credit,Event
505859,2022-01-17,2987,137,22,1,452900000,1100000,49698000,501498000,Credit,Showroom
505860,2022-05-27,2851,131,2,1,374000000,6400000,40436000,408036000,Credit,Online
505861,2025-12-21,3202,118,28,1,205800000,8700000,21681000,218781000,Credit,Showroom
505862,2024-12-20,3079,187,7,4,1307600000,336200000,538362000,5432562000,Credit,Fleet
505863,2025-01-25,1405,120,49,1,402100000,3800000,43813000,442113000,Credit,Showroom
505864,2022-01-26,1441,122,114,1,753200000,30200000,79530000,802530000,Credit,Showroom
505865,2025-11-07,4525,157,99,1,330000000,12500000,34925000,352425000,Cash,Showroom
505866,2021-05-03,2777,141,116,1,372200000,16800000,39094000,394494000,Credit,Showroom
505867,2020-07-30,4719,156,94,1,655300000,12800000,70675000,713175000,Credit,Showroom
505868,2023-02-15,4091,150,73,1,269600000,7900000,28787000,290487000,Cash,Showroom
505869,2022-11-28,3522,111,105,1,229300000,3300000,24860000,250860000,Credit,Showroom
505870,2025-06-21,1494,110,103,1,772000000,21500000,82555000,833055000,Credit,Showroom
505871,2024-02-03,3967,118,82,1,197100000,1900000,21472000,216672000,Credit,Showroom
505872,2023-09-13,3983,121,7,1,411300000,21700000,42856000,432456000,Credit,Showroom
505873,2024-05-13,1187,126,52,1,645100000,14700000,69344000,699744000,Cash,Showroom
505874,2024-02-14,2865,143,60,1,748000000,44500000,77385000,780885000,Credit,Showroom
505875,2023-09-13,1194,107,69,1,380300000,11400000,40579000,409479000,Credit,Showroom
505876,2020-06-22,3588,124,36,1,324100000,11900000,34342000,346542000,Cash,Showroom
505877,2022-05-26,4179,107,116,1,383600000,19200000,40084000,404484000,Credit,Showroom
505878,2022-05-30,1160,139,4,1,257500000,14400000,26741000,269841000,Cash,Showroom
505879,2025-01-03,2293,109,59,1,781000000,46300000,80817000,815517000,Credit,Showroom
505880,2024-06-10,3210,115,112,1,296700000,16600000,30811000,310911000,Cash,Showroom
505881,2020-06-21,4688,114,32,1,291600000,18000000,30096000,303696000,Cash,Showroom
505882,2021-05-29,1122,175,18,1,1060700000,40700000,112200000,1132200000,Credit,Showroom
505883,2025-12-23,2793,131,24,2,393100000,15000000,84832000,856032000,Cash,Fleet
505884,2023-09-10,1396,127,117,1,285600000,17700000,29469000,297369000,Credit,Showroom
505885,2023-11-25,1611,140,21,1,172700000,9300000,17974000,181374000,Credit,Showroom
505886,2023-08-07,2800,130,16,1,646500000,36800000,67067000,676767000,Credit,Showroom
505887,2025-09-19,3841,109,108,1,791200000,44800000,82104000,828504000,Credit,Showroom
505888,2022-10-18,4426,121,36,1,397800000,2200000,43516000,439116000,Credit,Online
505889,2022-10-10,3823,162,68,1,586500000,3800000,64097000,646797000,Credit,Online
505890,2024-07-17,4609,124,28,1,327000000,7600000,35134000,354534000,Credit,Showroom
505891,2023-07-28,3654,157,69,1,336200000,16600000,35156000,354756000,Credit,Showroom
505892,2022-06-16,5347,130,25,1,639000000,19100000,68189000,688089000,Credit,Showroom
505893,2021-07-06,1534,114,29,1,286800000,4000000,31108000,313908000,Credit,Showroom
505894,2025-08-28,3317,105,16,1,571100000,2900000,62502000,630702000,Credit,Showroom
505895,2021-06-27,3528,120,52,1,391600000,15700000,41349000,417249000,Credit,Online
505896,2022-04-02,4646,185,91,1,929400000,3300000,101871000,1027971000,Cash,Showroom
505897,2023-02-19,5139,171,57,1,330800000,15000000,34738000,350538000,Credit,Showroom
505898,2022-08-01,3846,104,28,1,290100000,16600000,30085000,303585000,Credit,Showroom
505899,2024-07-13,4741,115,73,1,282400000,2300000,30811000,310911000,Credit,Showroom
505900,2025-09-18,5287,103,83,1,291700000,13200000,30635000,309135000,Cash,Showroom
505901,2023-05-09,2109,104,50,1,285600000,19800000,29238000,295038000,Cash,Online
505902,2020-09-26,3654,118,16,1,195100000,2800000,21153000,213453000,Credit,Showroom
505903,2023-09-26,4860,147,53,1,201900000,13100000,20768000,209568000,Credit,Showroom
505904,2020-03-30,1540,101,14,1,241700000,9900000,25498000,257298000,Credit,Showroom
505905,2025-11-30,2403,127,111,1,291000000,15600000,30294000,305694000,Credit,Event
505906,2023-04-11,2093,144,9,1,764700000,33000000,80487000,812187000,Credit,Showroom
505907,2025-10-01,2386,110,11,3,765300000,2500000,252274000,2545674000,Cash,Fleet
505908,2023-03-31,4945,159,12,1,440100000,16000000,46651000,470751000,Credit,Showroom
505909,2023-10-23,3838,120,105,1,414200000,4700000,45045000,454545000,Credit,Showroom
505910,2024-01-22,1093,120,12,3,397600000,78600000,122562000,1236762000,Cash,Fleet
505911,2024-04-11,5404,185,62,1,933800000,32600000,99132000,1000332000,Credit,Showroom
505912,2021-02-02,5488,104,33,1,284700000,900000,31218000,315018000,Cash,Showroom
505913,2024-12-01,2676,118,14,1,194500000,8200000,20493000,206793000,Credit,Showroom
505914,2023-04-28,3863,150,32,1,266800000,2300000,29095000,293595000,Credit,Online
505915,2022-02-03,3764,120,27,1,400700000,14500000,42482000,428682000,Cash,Showroom
505916,2024-04-02,3257,153,69,1,424800000,9100000,45727000,461427000,Credit,Showroom
505917,2025-10-25,3592,137,117,1,450600000,6200000,48884000,493284000,Credit,Showroom
505918,2024-05-05,4547,134,77,1,260000000,4100000,28149000,284049000,Credit,Showroom
505919,2022-07-15,2795,164,73,1,451300000,1200000,49511000,499611000,Cash,Event
505920,2023-12-03,4127,131,101,1,383500000,2300000,41932000,423132000,Credit,Online
505921,2025-09-20,1261,106,112,1,394800000,20400000,41184000,415584000,Credit,Showroom
505922,2022-09-25,4100,138,5,1,243100000,4900000,26202000,264402000,Cash,Showroom
505923,2020-06-25,2363,111,75,1,238400000,3800000,25806000,260406000,Credit,Showroom
505924,2025-10-17,2293,125,23,1,648800000,12000000,70048000,706848000,Cash,Showroom
505925,2023-07-16,3271,144,99,1,783700000,20800000,83919000,846819000,Credit,Showroom
505926,2024-06-28,4165,130,46,1,637500000,11200000,68893000,695193000,Cash,Event
505927,2022-09-13,3487,133,116,1,439900000,18900000,46310000,467310000,Cash,Event
505928,2023-01-25,5446,114,56,1,293300000,5500000,31658000,319458000,Cash,Showroom
505929,2022-12-03,5075,128,112,1,295700000,15300000,30844000,311244000,Credit,Showroom
505930,2025-07-05,5476,101,21,1,248800000,7600000,26532000,267732000,Credit,Showroom
505931,2024-05-17,1198,140,57,1,170100000,7700000,17864000,180264000,Cash,Showroom
505932,2022-06-01,3866,181,15,1,1691300000,73100000,178002000,1796202000,Credit,Showroom
505933,2025-09-03,1525,112,118,1,234100000,7200000,24959000,251859000,Cash,Showroom
505934,2020-11-15,4119,118,18,1,201900000,1600000,22033000,222333000,Credit,Showroom
505935,2020-05-28,3839,110,60,1,796700000,26800000,84689000,854589000,Credit,Showroom
505936,2022-12-31,2788,147,57,1,204500000,2500000,22220000,224220000,Credit,Showroom
505937,2022-11-15,3701,112,65,1,232600000,13300000,24123000,243423000,Cash,Showroom
505938,2020-02-24,2896,181,26,1,1611600000,90900000,167277000,1687977000,Credit,Showroom
505939,2024-07-22,3838,135,86,1,281800000,3700000,30591000,308691000,Cash,Showroom
505940,2024-08-11,3221,103,59,1,289200000,19600000,29656000,299256000,Cash,Showroom
505941,2023-08-25,2118,174,116,1,1868700000,25100000,202796000,2046396000,Credit,Showroom
505942,2025-08-03,2252,113,73,1,166800000,4000000,17908000,180708000,Credit,Showroom
505943,2025-06-28,1785,147,78,1,200500000,3400000,21681000,218781000,Credit,Showroom
505944,2023-08-25,1255,108,14,1,172600000,7300000,18183000,183483000,Cash,Showroom
505945,2024-08-15,3570,120,77,1,418800000,2900000,45749000,461649000,Credit,Showroom
505946,2024-05-29,4465,135,15,1,290300000,4000000,31493000,317793000,Credit,Event
505947,2020-12-16,3915,131,28,5,396000000,21400000,215446000,2174046000,Credit,Fleet
505948,2025-10-04,5045,108,13,1,172300000,3300000,18590000,187590000,Credit,Showroom
505949,2020-02-21,2703,186,80,1,904800000,58400000,93104000,939504000,Cash,Showroom
505950,2025-07-09,3886,101,56,1,242800000,3200000,26356000,265956000,Cash,Showroom
505951,2021-08-09,1239,104,46,1,284700000,6800000,30569000,308469000,Credit,Showroom
505952,2020-09-10,3613,118,49,1,201800000,10600000,21032000,212232000,Credit,Showroom
505953,2024-05-30,1157,106,10,1,379900000,20200000,39567000,399267000,Credit,Showroom
505954,2022-03-15,2448,150,31,1,255000000,3800000,27632000,278832000,Credit,Event
505955,2020-06-27,4020,119,115,1,206100000,2800000,22363000,225663000,Cash,Showroom
505956,2024-12-29,5180,111,45,1,228200000,9000000,24112000,243312000,Cash,Event
505957,2022-01-15,2132,156,83,1,676200000,9200000,73370000,740370000,Credit,Showroom
505958,2021-05-22,1255,154,50,1,882800000,54000000,91168000,919968000,Credit,Showroom
505959,2024-04-23,5372,112,44,1,233700000,16200000,23925000,241425000,Credit,Showroom
505960,2021-08-07,5216,102,59,1,472400000,18900000,49885000,503385000,Credit,Showroom
505961,2025-11-29,1762,124,34,1,321900000,9900000,34320000,346320000,Credit,Event
505962,2023-05-29,1075,119,118,1,196700000,600000,21571000,217671000,Cash,Showroom
505963,2025-04-02,3698,129,76,1,296900000,17300000,30756000,310356000,Cash,Showroom
505964,2023-10-15,5084,106,1,1,381800000,3500000,41613000,419913000,Credit,Showroom
505965,2024-11-12,2571,101,102,1,238100000,4700000,25674000,259074000,Credit,Showroom
505966,2024-04-03,4786,105,4,1,579800000,9100000,62777000,633477000,Cash,Online
505967,2024-01-16,3046,104,107,1,301500000,2600000,32879000,331779000,Cash,Showroom
505968,2021-12-31,5095,116,114,1,266000000,3400000,28886000,291486000,Credit,Showroom
505969,2024-09-13,3099,136,68,1,458000000,15700000,48653000,490953000,Credit,Showroom
505970,2023-09-08,2365,145,6,1,363000000,11200000,38698000,390498000,Cash,Showroom
505971,2023-08-15,4084,164,87,1,435100000,25300000,45078000,454878000,Cash,Showroom
505972,2021-04-20,3134,159,95,1,440300000,8300000,47520000,479520000,Cash,Showroom
505973,2024-07-15,2479,134,32,1,257500000,4500000,27830000,280830000,Credit,Showroom
505974,2023-05-30,4275,116,100,1,258600000,5900000,27797000,280497000,Credit,Showroom
505975,2022-07-20,2756,133,25,1,415800000,1100000,45617000,460317000,Credit,Showroom
505976,2020-10-23,4216,103,6,1,293700000,20400000,30063000,303363000,Credit,Showroom
505977,2021-06-28,4823,120,37,1,405400000,21200000,42262000,426462000,Cash,Showroom
505978,2025-10-20,4097,104,96,1,288300000,10900000,30514000,307914000,Credit,Online
505979,2025-09-01,3308,111,49,1,225400000,13400000,23320000,235320000,Cash,Showroom
505980,2020-12-01,4658,103,1,1,296000000,16900000,30701000,309801000,Credit,Showroom
505981,2022-10-30,5206,131,9,1,381500000,5500000,41360000,417360000,Cash,Online
505982,2024-02-16,2433,102,70,1,482900000,24700000,50402000,508602000,Credit,Showroom
505983,2020-12-24,1252,106,77,1,377500000,11500000,40260000,406260000,Credit,Showroom
505984,2023-10-23,2079,110,28,1,752500000,4600000,82269000,830169000,Cash,Showroom
505985,2024-12-12,5202,114,8,1,284600000,15800000,29568000,298368000,Credit,Showroom
505986,2025-02-19,2196,106,39,1,377500000,19600000,39369000,397269000,Credit,Showroom
505987,2021-07-24,4665,132,114,1,439500000,8800000,47377000,478077000,Credit,Showroom
505988,2022-10-12,2325,113,97,1,164300000,9000000,17083000,172383000,Credit,Showroom
505989,2024-09-18,3406,133,106,1,423000000,21900000,44121000,445221000,Credit,Event
505990,2024-02-12,1720,129,98,1,304300000,5300000,32890000,331890000,Credit,Showroom
505991,2021-06-30,2837,129,106,1,303100000,6400000,32637000,329337000,Cash,Showroom
505992,2023-06-25,3092,137,25,1,461800000,28000000,47718000,481518000,Credit,Showroom
505993,2022-06-28,2231,149,64,1,288500000,15300000,30052000,303252000,Credit,Showroom
505994,2025-12-20,4898,129,76,1,313400000,21000000,32164000,324564000,Cash,Showroom
505995,2022-06-17,2423,121,57,1,398000000,4600000,43274000,436674000,Cash,Showroom
505996,2021-01-07,1227,141,115,1,372100000,18400000,38907000,392607000,Credit,Showroom
505997,2021-10-18,4030,104,60,1,295600000,12700000,31119000,314019000,Credit,Showroom
505998,2024-05-04,1800,110,58,1,764000000,43400000,79266000,799866000,Credit,Showroom
505999,2021-05-11,2780,123,89,1,766100000,32700000,80674000,814074000,Credit,Online
506000,2022-12-30,1791,101,105,1,251300000,100000,27632000,278832000,Credit,Showroom
506001,2024-10-09,1129,107,58,1,393900000,16800000,41481000,418581000,Cash,Online
506002,2020-08-11,4436,116,84,1,261700000,8900000,27808000,280608000,Credit,Event
506003,2021-11-16,4042,116,32,1,261900000,11000000,27599000,278499000,Credit,Showroom
506004,2022-12-03,1954,143,20,1,704000000,27000000,74470000,751470000,Credit,Event
506005,2024-09-27,4726,103,82,1,281900000,18700000,28952000,292152000,Credit,Showroom
506006,2022-03-26,3417,127,76,1,277100000,16400000,28677000,289377000,Cash,Showroom
506007,2021-03-08,3022,132,98,1,429800000,12600000,45892000,463092000,Credit,Showroom
506008,2025-05-17,1969,130,58,1,648400000,11700000,70037000,706737000,Cash,Showroom
506009,2023-09-03,3182,157,4,1,329000000,3400000,35816000,361416000,Credit,Showroom
506010,2024-03-22,3505,107,85,1,382300000,22600000,39567000,399267000,Credit,Showroom
506011,2021-06-02,4623,104,93,1,283200000,10100000,30041000,303141000,Credit,Online
506012,2025-10-28,3727,122,103,1,776300000,4200000,84931000,857031000,Credit,Event
506013,2020-06-21,2410,174,103,1,1908600000,17600000,208010000,2099010000,Credit,Showroom
506014,2023-11-20,4107,146,61,1,194200000,8700000,20405000,205905000,Credit,Event
506015,2022-11-25,3813,135,89,1,295800000,19700000,30371000,306471000,Credit,Showroom
506016,2025-11-27,2222,107,40,1,395600000,15300000,41833000,422133000,Credit,Showroom
506017,2021-08-28,2525,103,22,1,297600000,14800000,31108000,313908000,Credit,Event
506018,2025-08-17,1479,111,97,1,230300000,4700000,24816000,250416000,Credit,Showroom
506019,2021-03-20,4704,121,75,1,402100000,2600000,43945000,443445000,Credit,Showroom
506020,2021-10-13,2783,112,58,1,235500000,7300000,25102000,253302000,Credit,Showroom
506021,2020-09-11,5153,111,74,1,234500000,13000000,24365000,245865000,Credit,Showroom
506022,2022-03-29,1622,136,6,1,458900000,21400000,48125000,485625000,Credit,Showroom
506023,2025-11-01,2063,104,104,1,297100000,5200000,32109000,324009000,Credit,Online
506024,2024-07-07,1216,126,18,1,662700000,11000000,71687000,723387000,Credit,Showroom
506025,2024-02-06,3174,120,42,1,411100000,21400000,42867000,432567000,Credit,Showroom
506026,2023-04-09,3464,114,9,1,292300000,20200000,29931000,302031000,Cash,Event
506027,2020-01-10,3346,124,11,1,331100000,9200000,35409000,357309000,Credit,Event
506028,2020-09-23,2109,113,45,1,167100000,10700000,17204000,173604000,Credit,Showroom
506029,2021-12-17,1695,139,92,1,257300000,5500000,27698000,279498000,Credit,Event
506030,2023-01-08,1977,101,66,1,245400000,14200000,25432000,256632000,Cash,Showroom
506031,2022-11-07,5367,143,78,1,749400000,31400000,78980000,796980000,Cash,Showroom
506032,2024-03-19,4163,121,105,1,401500000,11100000,42944000,433344000,Credit,Showroom
506033,2025-05-22,2319,114,85,1,281500000,6200000,30283000,305583000,Credit,Showroom
506034,2022-03-31,4520,114,91,1,278500000,1800000,30437000,307137000,Credit,Showroom
506035,2025-05-07,5113,101,17,1,247600000,9500000,26191000,264291000,Cash,Showroom
506036,2022-03-06,3091,137,40,1,471000000,22000000,49390000,498390000,Cash,Showroom
506037,2021-06-29,2039,134,35,1,253200000,2600000,27566000,278166000,Cash,Showroom
506038,2022-11-30,3069,130,63,1,645900000,10900000,69850000,704850000,Cash,Showroom
506039,2020-02-19,1056,131,5,2,380700000,2500000,83479000,842379000,Credit,Fleet
506040,2023-10-15,3780,107,24,1,396300000,1200000,43461000,438561000,Credit,Showroom
506041,2023-06-26,3795,128,78,1,295100000,5800000,31823000,321123000,Credit,Showroom
506042,2023-12-04,2424,114,114,1,287500000,4600000,31119000,314019000,Credit,Showroom
506043,2021-09-24,5323,106,116,6,395600000,37100000,257015000,2593515000,Cash,Fleet
506044,2023-03-08,2074,145,79,1,347900000,14800000,36641000,369741000,Cash,Online
506045,2023-09-24,2312,111,104,1,232900000,11000000,24409000,246309000,Credit,Showroom
506046,2024-12-09,1026,117,66,1,191400000,6500000,20339000,205239000,Credit,Online
506047,2023-05-22,1613,102,61,1,462500000,12200000,49533000,499833000,Cash,Online
506048,2022-11-26,4284,117,117,1,189600000,3900000,20427000,206127000,Credit,Showroom
506049,2021-08-22,4858,109,117,1,765300000,46800000,79035000,797535000,Credit,Showroom
506050,2021-04-06,5383,127,32,1,282000000,10200000,29898000,301698000,Credit,Showroom
506051,2022-08-15,3455,122,80,1,772700000,15600000,83281000,840381000,Credit,Showroom
506052,2022-04-12,4650,151,96,1,581300000,9300000,62920000,634920000,Credit,Showroom
506053,2022-09-27,4216,105,48,1,548800000,20100000,58157000,586857000,Cash,Showroom
506054,2025-07-02,3215,121,27,1,402300000,2100000,44022000,444222000,Cash,Showroom
506055,2024-01-12,5130,106,109,1,392600000,2400000,42922000,433122000,Credit,Showroom
506056,2024-04-23,3940,144,16,1,801000000,41900000,83501000,842601000,Cash,Showroom
506057,2020-07-21,4551,101,108,1,246700000,13200000,25685000,259185000,Cash,Showroom
506058,2020-12-28,4668,142,104,1,284000000,11400000,29986000,302586000,Credit,Event
506059,2023-11-07,2156,130,91,1,662100000,9500000,71786000,724386000,Cash,Showroom
506060,2020-03-17,1404,131,78,1,382000000,17500000,40095000,404595000,Credit,Showroom
506061,2025-04-25,1987,115,69,1,282200000,8900000,30063000,303363000,Credit,Showroom
506062,2023-06-13,1857,116,65,1,260300000,7800000,27775000,280275000,Credit,Showroom
506063,2023-04-24,1601,123,4,1,791500000,32300000,83512000,842712000,Cash,Showroom
506064,2020-08-11,3436,104,66,1,284200000,15200000,29590000,298590000,Cash,Showroom
506065,2024-02-24,2781,122,64,1,771100000,22900000,82302000,830502000,Credit,Online
506066,2023-07-05,3348,104,72,1,303400000,2000000,33154000,334554000,Cash,Showroom
506067,2025-01-04,2657,101,102,1,237500000,4600000,25619000,258519000,Credit,Online
506068,2020-02-13,2085,101,103,1,248400000,11800000,26026000,262626000,Credit,Showroom
506069,2023-04-21,4879,124,27,1,310500000,16800000,32307000,326007000,Credit,Showroom
506070,2023-08-15,2903,106,54,1,388500000,1400000,42581000,429681000,Credit,Showroom
506071,2023-12-04,2977,121,107,1,416300000,23500000,43208000,436008000,Credit,Showroom
506072,2023-04-29,4181,106,90,1,388900000,25300000,39996000,403596000,Cash,Showroom
506073,2020-04-19,1314,116,89,1,258900000,7800000,27621000,278721000,Cash,Online
506074,2024-09-22,4030,141,79,1,370000000,13900000,39171000,395271000,Credit,Online
506075,2025-11-06,3550,117,18,1,183900000,12400000,18865000,190365000,Credit,Online
506076,2021-09-18,4632,113,6,1,171400000,3500000,18469000,186369000,Cash,Showroom
506077,2024-09-26,2764,129,37,1,297600000,1800000,32538000,328338000,Credit,Showroom
506078,2020-10-15,3885,123,95,6,786400000,288700000,487267000,4916967000,Credit,Fleet
506079,2021-05-05,4196,121,106,1,395300000,23700000,40876000,412476000,Credit,Event
506080,2025-10-19,4211,147,108,1,204500000,5500000,21890000,220890000,Cash,Showroom
506081,2025-03-10,4321,115,55,1,295700000,15500000,30822000,311022000,Credit,Showroom
506082,2024-01-29,1928,115,2,1,288100000,100000,31680000,319680000,Credit,Showroom
506083,2024-07-30,3946,121,83,1,404800000,13100000,43087000,434787000,Cash,Showroom
506084,2023-09-09,1274,139,47,1,245900000,300000,27016000,272616000,Cash,Showroom
506085,2022-05-18,3864,142,81,1,298000000,14400000,31196000,314796000,Credit,Showroom
506086,2022-09-03,3487,115,106,1,285600000,12000000,30096000,303696000,Cash,Online
506087,2023-02-19,1616,131,38,1,371300000,19700000,38676000,390276000,Credit,Showroom
506088,2024-12-12,2974,115,57,1,297200000,13600000,31196000,314796000,Credit,Online
506089,2022-03-13,3143,129,57,1,299600000,13200000,31504000,317904000,Cash,Showroom
506090,2023-08-31,3666,127,79,1,284900000,1400000,31185000,314685000,Credit,Online
506091,2024-10-30,3163,141,2,1,377800000,20600000,39292000,396492000,Credit,Showroom
506092,2025-11-09,3347,129,31,1,314500000,14000000,33055000,333555000,Cash,Event
506093,2020-10-15,5252,137,68,1,443800000,24100000,46167000,465867000,Credit,Showroom
506094,2021-02-17,2729,164,38,1,446100000,9500000,48026000,484626000,Cash,Showroom
506095,2025-06-25,3170,105,60,1,551300000,38500000,56408000,569208000,Cash,Showroom
506096,2025-07-29,3603,186,87,1,889100000,17800000,95843000,967143000,Credit,Event
506097,2021-10-10,2741,118,120,1,200000000,4300000,21527000,217227000,Credit,Showroom
506098,2020-07-24,3726,117,101,1,179500000,9000000,18755000,189255000,Cash,Showroom
506099,2025-05-30,3538,101,5,1,249200000,12600000,26026000,262626000,Cash,Showroom
506100,2021-11-20,5414,125,79,1,670200000,1700000,73535000,742035000,Cash,Showroom
506101,2020-03-29,1801,167,44,1,643700000,27800000,67749000,683649000,Credit,Showroom
506102,2024-11-13,4134,164,79,1,446400000,26500000,46189000,466089000,Credit,Showroom
506103,2022-02-19,4398,122,116,1,741500000,11100000,80344000,810744000,Credit,Showroom
506104,2020-09-07,2353,127,14,1,292800000,15700000,30481000,307581000,Credit,Showroom
506105,2023-10-14,1667,107,59,1,377200000,2900000,41173000,415473000,Cash,Showroom
506106,2023-06-15,4750,123,29,1,775100000,11900000,83952000,847152000,Credit,Showroom
506107,2025-06-18,4569,126,55,1,640700000,19300000,68354000,689754000,Credit,Event
506108,2025-08-27,1502,130,30,1,669000000,25300000,70807000,714507000,Credit,Online
506109,2025-12-09,3168,173,98,1,1288400000,63100000,134783000,1360083000,Credit,Showroom
506110,2022-12-26,3638,131,49,1,377300000,700000,41426000,418026000,Credit,Showroom
506111,2021-03-14,2462,106,93,1,373700000,13200000,39655000,400155000,Cash,Showroom
506112,2020-11-21,1233,163,118,1,563300000,33300000,58300000,588300000,Credit,Showroom
506113,2025-03-27,2516,167,51,1,630500000,12800000,67947000,685647000,Cash,Showroom
506114,2024-08-29,1020,121,47,1,388300000,6400000,42009000,423909000,Credit,Showroom
506115,2025-06-16,4687,113,101,1,165300000,11400000,16929000,170829000,Cash,Showroom
506116,2022-03-23,5356,116,34,1,255600000,9100000,27115000,273615000,Cash,Showroom
506117,2021-09-19,3190,103,75,1,292800000,8200000,31306000,315906000,Credit,Showroom
506118,2024-04-04,1521,104,38,1,296100000,18700000,30514000,307914000,Credit,Showroom
506119,2020-04-24,2409,121,102,1,416600000,22900000,43307000,437007000,Credit,Showroom
506120,2023-03-31,5147,155,120,1,662600000,39300000,68563000,691863000,Cash,Showroom
506121,2024-12-06,4150,133,19,1,435800000,23700000,45331000,457431000,Cash,Showroom
506122,2022-08-09,2878,136,1,1,462100000,8400000,49907000,503607000,Credit,Showroom
506123,2024-04-21,1958,138,11,1,258500000,10300000,27302000,275502000,Credit,Showroom
506124,2025-01-27,2901,103,81,1,301700000,19400000,31053000,313353000,Credit,Showroom
506125,2020-12-17,1995,127,1,1,272500000,14900000,28336000,285936000,Credit,Showroom
506126,2022-10-13,3252,104,20,1,286400000,17700000,29557000,298257000,Credit,Showroom
506127,2024-01-25,5138,133,16,1,416700000,26500000,42922000,433122000,Credit,Showroom
506128,2020-11-25,3137,138,65,1,248000000,17100000,25399000,256299000,Credit,Showroom
506129,2022-07-14,2110,110,18,1,794200000,12000000,86042000,868242000,Credit,Showroom
506130,2022-01-18,2420,129,117,1,309500000,13900000,32516000,328116000,Cash,Showroom
506131,2023-04-28,4773,120,23,1,404400000,6200000,43802000,442002000,Cash,Showroom
506132,2023-04-15,5214,126,61,1,624600000,5900000,68057000,686757000,Cash,Showroom
506133,2023-07-06,4841,110,19,1,779300000,40700000,81246000,819846000,Credit,Showroom
506134,2024-06-19,4341,120,36,1,416000000,6000000,45100000,455100000,Credit,Showroom
506135,2025-05-26,2971,103,63,3,302800000,15800000,98186000,990786000,Credit,Fleet
506136,2021-02-06,2706,110,27,1,751900000,18800000,80641000,813741000,Credit,Showroom
506137,2025-04-05,4116,106,19,2,373900000,20500000,80003000,807303000,Credit,Fleet
506138,2021-01-08,3680,165,58,1,447900000,18200000,47267000,476967000,Credit,Showroom
506139,2022-04-08,2389,185,84,5,911200000,284200000,469898000,4741698000,Cash,Fleet
506140,2025-09-12,2088,109,84,1,746100000,39800000,77693000,783993000,Credit,Showroom
506141,2020-09-25,4832,127,75,1,273500000,5900000,29436000,297036000,Credit,Showroom
506142,2020-03-03,4875,115,16,1,294800000,17700000,30481000,307581000,Cash,Showroom
506143,2021-11-06,5126,140,52,1,171100000,1700000,18634000,188034000,Cash,Showroom
506144,2024-05-02,3986,175,116,5,1119800000,117700000,602943000,6084243000,Credit,Fleet
506145,2022-01-04,3199,105,22,1,553100000,28100000,57750000,582750000,Credit,Showroom
506146,2025-04-16,4271,102,15,1,475500000,29700000,49038000,494838000,Credit,Showroom
506147,2022-06-06,2649,149,42,1,285000000,12700000,29953000,302253000,Cash,Showroom
506148,2022-10-09,1748,135,70,1,284400000,16000000,29524000,297924000,Cash,Showroom
506149,2024-08-10,4658,130,6,1,624900000,10700000,67562000,681762000,Cash,Showroom
506150,2020-12-17,3732,113,93,2,168900000,6500000,36443000,367743000,Cash,Fleet
506151,2020-09-17,2170,138,87,1,260300000,16500000,26818000,270618000,Credit,Showroom
506152,2022-07-20,2898,124,75,1,331500000,8400000,35541000,358641000,Credit,Showroom
506153,2024-08-20,3701,103,85,1,284700000,13100000,29876000,301476000,Credit,Showroom
506154,2023-03-08,1468,109,102,1,788100000,9000000,85701000,864801000,Credit,Showroom
506155,2020-05-09,3423,106,29,1,382200000,18300000,40029000,403929000,Credit,Online
506156,2023-12-09,1598,132,81,1,432400000,7600000,46728000,471528000,Cash,Showroom
506157,2024-03-18,2059,125,48,1,654300000,11300000,70730000,713730000,Credit,Showroom
506158,2025-04-17,1937,114,50,1,283300000,1000000,31053000,313353000,Credit,Showroom
506159,2021-10-29,1588,109,22,1,770200000,38800000,80454000,811854000,Credit,Showroom
506160,2024-12-19,5490,103,68,1,301000000,8600000,32164000,324564000,Credit,Showroom
506161,2020-07-07,4556,110,55,1,784900000,52700000,80542000,812742000,Cash,Showroom
506162,2023-03-18,3221,169,88,1,260100000,1800000,28413000,286713000,Credit,Showroom
506163,2025-03-29,1273,128,109,1,306100000,10300000,32538000,328338000,Credit,Showroom
506164,2024-09-24,4078,129,32,1,295900000,5600000,31933000,322233000,Credit,Event
506165,2022-07-15,3743,167,32,1,627000000,3300000,68607000,692307000,Cash,Online
506166,2022-04-02,2417,117,7,1,188700000,1000000,20647000,208347000,Credit,Showroom
506167,2021-12-12,4819,111,21,1,234200000,11800000,24464000,246864000,Credit,Showroom
506168,2022-04-30,4266,108,17,1,174400000,10600000,18018000,181818000,Cash,Showroom
506169,2025-08-14,4126,128,58,4,311400000,50700000,131439000,1326339000,Credit,Fleet
506170,2025-04-15,4941,152,35,1,279400000,3300000,30371000,306471000,Credit,Showroom
506171,2023-12-31,1982,110,72,1,758700000,17900000,81488000,822288000,Cash,Online
506172,2022-11-18,5157,110,120,1,782400000,20800000,83776000,845376000,Cash,Online
506173,2024-10-23,4713,120,103,1,418800000,1800000,45870000,462870000,Credit,Event
506174,2020-09-06,2790,138,20,6,260400000,100300000,160831000,1622931000,Credit,Fleet
506175,2021-03-20,3149,131,46,1,371800000,12700000,39501000,398601000,Cash,Showroom
506176,2020-01-11,3060,132,6,1,428000000,16500000,45265000,456765000,Cash,Showroom
506177,2025-01-30,2147,123,17,1,750100000,17900000,80542000,812742000,Credit,Showroom
506178,2024-05-17,1521,110,21,1,749000000,12800000,80982000,817182000,Credit,Showroom
506179,2025-01-08,4843,155,88,1,658600000,32600000,68860000,694860000,Credit,Showroom
506180,2025-04-25,2058,125,17,1,651300000,39100000,67342000,679542000,Credit,Showroom
506181,2023-08-04,3357,106,91,1,375200000,3500000,40887000,412587000,Credit,Showroom
506182,2023-10-11,2608,102,105,1,480100000,16500000,50996000,514596000,Cash,Event
506183,2023-03-02,3955,112,106,1,232100000,10300000,24398000,246198000,Credit,Showroom
506184,2024-01-27,3499,103,34,1,290400000,3400000,31570000,318570000,Credit,Showroom
506185,2025-02-16,2216,101,25,1,238900000,11100000,25058000,252858000,Credit,Event
506186,2023-01-05,5419,137,37,1,447100000,12400000,47817000,482517000,Credit,Showroom
506187,2022-09-27,1789,111,42,1,229100000,600000,25135000,253635000,Credit,Event
506188,2021-08-07,3122,110,95,1,752600000,48300000,77473000,781773000,Credit,Showroom
506189,2021-09-21,4571,102,3,1,450400000,4000000,49104000,495504000,Credit,Showroom
506190,2020-01-27,4165,115,29,1,287400000,1800000,31416000,317016000,Credit,Online
506191,2023-02-19,4155,112,99,3,235000000,40300000,73117000,737817000,Credit,Fleet
506192,2023-03-01,3478,136,74,1,457000000,13700000,48763000,492063000,Credit,Showroom
506193,2025-03-22,4000,122,68,1,746300000,18200000,80091000,808191000,Credit,Showroom
506194,2022-12-06,5017,163,109,1,569200000,9100000,61611000,621711000,Credit,Showroom
506195,2021-04-23,4022,172,14,1,1341900000,75000000,139359000,1406259000,Credit,Showroom
506196,2025-01-15,1740,101,76,1,238300000,12300000,24860000,250860000,Credit,Showroom
506197,2025-07-07,3422,183,48,1,1831300000,87900000,191774000,1935174000,Cash,Showroom
506198,2024-02-22,3959,104,120,1,304000000,17000000,31570000,318570000,Credit,Showroom
506199,2024-12-28,4249,120,6,1,414800000,16800000,43780000,441780000,Credit,Online
506200,2021-08-10,5079,135,4,1,295600000,19700000,30349000,306249000,Cash,Online
506201,2023-04-20,5242,132,89,1,419900000,19800000,44011000,444111000,Credit,Event
506202,2022-10-05,4976,113,53,1,163000000,10100000,16819000,169719000,Cash,Showroom
506203,2022-03-05,1546,109,9,1,794500000,24200000,84733000,855033000,Credit,Showroom
506204,2025-01-31,3145,118,95,1,194500000,5600000,20779000,209679000,Credit,Showroom
506205,2023-06-14,5050,102,62,1,477600000,23900000,49907000,503607000,Cash,Showroom
506206,2024-08-17,4486,107,65,1,371100000,15000000,39171000,395271000,Credit,Event
506207,2021-04-12,4809,109,101,1,765100000,34400000,80377000,811077000,Credit,Showroom
506208,2022-04-14,4268,154,106,3,909600000,66100000,292897000,2955597000,Credit,Fleet
506209,2023-06-28,2207,104,32,1,297800000,11800000,31460000,317460000,Credit,Showroom
506210,2022-03-16,5093,129,62,1,313800000,10700000,33341000,336441000,Cash,Showroom
506211,2023-07-26,1432,118,79,1,195500000,11600000,20229000,204129000,Cash,Showroom
506212,2024-10-30,3407,131,89,1,383200000,17700000,40205000,405705000,Cash,Online
506213,2020-11-29,1507,106,92,1,398800000,20300000,41635000,420135000,Cash,Showroom
506214,2024-05-20,4296,112,87,1,240700000,3800000,26059000,262959000,Cash,Showroom
506215,2022-12-10,5291,118,48,1,195200000,7500000,20647000,208347000,Credit,Showroom
506216,2023-09-05,1992,120,81,1,405900000,2900000,44330000,447330000,Credit,Event
506217,2021-03-04,3891,164,72,1,426000000,19000000,44770000,451770000,Credit,Showroom
506218,2023-05-21,2375,116,58,1,265800000,1800000,29040000,293040000,Cash,Showroom
506219,2023-11-11,2582,104,114,1,304200000,6400000,32758000,330558000,Credit,Showroom
506220,2022-09-21,1145,111,12,1,239000000,2200000,26048000,262848000,Cash,Showroom
506221,2022-04-08,4815,129,113,1,311100000,3100000,33880000,341880000,Credit,Showroom
506222,2022-01-06,2499,101,63,1,236800000,12200000,24706000,249306000,Credit,Showroom
506223,2024-01-17,4391,129,108,1,299400000,14200000,31372000,316572000,Credit,Showroom
506224,2020-11-17,2668,140,58,1,166700000,4100000,17886000,180486000,Credit,Showroom
506225,2025-10-22,4712,104,48,1,294200000,8000000,31482000,317682000,Credit,Showroom
506226,2022-04-27,1665,138,9,1,246900000,8900000,26180000,264180000,Cash,Event
506227,2020-02-07,2315,121,24,1,410500000,26200000,42273000,426573000,Credit,Event
506228,2022-10-24,3468,130,11,1,628700000,31300000,65714000,663114000,Credit,Showroom
506229,2025-09-10,4857,124,8,1,331000000,6200000,35728000,360528000,Credit,Online
506230,2020-02-21,2230,130,17,1,623600000,37200000,64504000,650904000,Cash,Showroom
506231,2021-05-01,4370,113,19,1,162500000,3400000,17501000,176601000,Credit,Showroom
506232,2022-11-12,2936,125,119,1,621400000,19000000,66264000,668664000,Cash,Showroom
506233,2023-10-01,2883,108,25,1,178400000,1000000,19514000,196914000,Credit,Showroom
506234,2020-10-17,5450,125,54,1,637100000,39700000,65714000,663114000,Credit,Event
506235,2021-12-19,4269,117,97,1,184800000,4100000,19877000,200577000,Cash,Showroom
506236,2021-09-09,1216,111,84,1,230000000,100000,25289000,255189000,Cash,Showroom
506237,2022-06-16,1883,119,83,1,206200000,1800000,22484000,226884000,Credit,Showroom
506238,2025-10-10,1384,156,55,1,686900000,10700000,74382000,750582000,Credit,Showroom
506239,2022-01-24,1016,132,120,1,432100000,14200000,45969000,463869000,Cash,Showroom
506240,2020-05-12,2258,104,88,1,283000000,3100000,30789000,310689000,Cash,Online
506241,2023-07-04,5105,105,93,1,571600000,33800000,59158000,596958000,Cash,Showroom
506242,2025-04-12,2886,112,85,1,224200000,1200000,24530000,247530000,Cash,Online
506243,2023-05-16,3295,102,63,1,478200000,32100000,49071000,495171000,Credit,Showroom
506244,2024-06-21,1319,134,119,1,256900000,6500000,27544000,277944000,Credit,Showroom
506245,2022-07-19,3408,137,7,1,447800000,6400000,48554000,489954000,Credit,Showroom
506246,2023-08-16,2384,129,55,1,292900000,12200000,30877000,311577000,Credit,Showroom
506247,2025-05-28,2199,114,77,1,278000000,16500000,28765000,290265000,Cash,Showroom
506248,2022-08-04,4294,110,22,1,771100000,5300000,84238000,850038000,Credit,Event
506249,2025-12-21,1799,110,50,1,786700000,4000000,86097000,868797000,Cash,Showroom
506250,2023-06-29,4217,124,106,1,327500000,1300000,35882000,362082000,Cash,Showroom
506251,2021-08-17,2854,108,73,1,170300000,3900000,18304000,184704000,Credit,Showroom
506252,2025-09-08,1629,124,7,1,313200000,18400000,32428000,327228000,Cash,Showroom
506253,2024-02-25,4985,110,12,1,774400000,52000000,79464000,801864000,Cash,Showroom
506254,2024-04-08,5222,104,23,1,288900000,1800000,31581000,318681000,Credit,Online
506255,2025-09-19,3719,112,71,1,227400000,8300000,24101000,243201000,Credit,Online
506256,2023-01-01,4859,113,15,1,161600000,8400000,16852000,170052000,Credit,Showroom
506257,2025-12-13,5015,104,110,1,300800000,15900000,31339000,316239000,Credit,Event
506258,2021-08-18,4054,114,72,1,285900000,18200000,29447000,297147000,Credit,Showroom
506259,2023-06-02,3850,174,120,1,1897700000,73500000,200662000,2024862000,Cash,Showroom
506260,2022-05-12,2235,143,107,1,746600000,42600000,77440000,781440000,Credit,Showroom
506261,2020-06-02,3497,120,103,1,390800000,17300000,41085000,414585000,Cash,Online
506262,2024-07-20,1450,102,95,1,470400000,31500000,48279000,487179000,Credit,Showroom
506263,2021-10-04,1836,131,63,1,374700000,2000000,40997000,413697000,Credit,Showroom
506264,2025-08-07,2159,114,119,1,295400000,5000000,31944000,322344000,Credit,Showroom
506265,2024-11-03,1837,116,119,1,266000000,14100000,27709000,279609000,Credit,Showroom
506266,2024-04-05,1270,107,84,1,368700000,20900000,38258000,386058000,Credit,Showroom
506267,2025-08-16,1349,115,18,1,277200000,14900000,28853000,291153000,Credit,Showroom
506268,2020-01-08,4458,120,74,1,401300000,27300000,41140000,415140000,Cash,Showroom
506269,2025-08-17,5069,137,39,1,471600000,16900000,50017000,504717000,Credit,Showroom
506270,2021-12-08,1123,123,98,1,781800000,26700000,83061000,838161000,Cash,Showroom
506271,2021-04-24,2602,138,14,1,252400000,8000000,26884000,271284000,Credit,Online
506272,2021-09-06,4414,153,63,4,427700000,63200000,181236000,1828836000,Credit,Fleet
506273,2023-05-28,3652,139,84,1,256500000,15800000,26477000,267177000,Cash,Showroom
506274,2022-08-25,1067,152,17,1,276300000,11800000,29095000,293595000,Credit,Showroom
506275,2021-07-22,1631,140,89,1,172800000,100000,18997000,191697000,Credit,Showroom
506276,2025-08-26,1653,133,81,1,412000000,7800000,44462000,448662000,Cash,Showroom
506277,2023-10-14,4750,110,9,1,752700000,19600000,80641000,813741000,Credit,Showroom
506278,2023-06-29,1827,107,5,1,396800000,22600000,41162000,415362000,Credit,Showroom
506279,2020-11-28,3957,111,44,1,230000000,6700000,24563000,247863000,Credit,Showroom
506280,2024-01-19,1292,116,4,1,260200000,4100000,28171000,284271000,Credit,Event
506281,2021-10-21,3325,116,102,1,252900000,14300000,26246000,264846000,Cash,Showroom
506282,2021-09-21,1037,144,32,1,785200000,41200000,81840000,825840000,Credit,Showroom
506283,2022-01-17,5408,102,82,1,453000000,21700000,47443000,478743000,Credit,Showroom
506284,2021-01-06,2406,144,69,1,764300000,42900000,79354000,800754000,Credit,Showroom
506285,2021-08-19,2070,102,77,1,459400000,3700000,50127000,505827000,Credit,Event
506286,2022-03-06,1677,109,117,1,744800000,35100000,78067000,787767000,Cash,Showroom
506287,2022-02-19,1910,105,111,1,570100000,12800000,61303000,618603000,Cash,Showroom
506288,2022-11-01,3368,122,10,1,748100000,40000000,77891000,785991000,Cash,Showroom
506289,2022-04-11,5143,116,19,1,256800000,3800000,27830000,280830000,Credit,Showroom
506290,2020-12-25,3626,183,108,1,1890000000,80300000,199067000,2008767000,Credit,Showroom
506291,2020-12-31,2624,143,5,1,747200000,36700000,78155000,788655000,Cash,Event
506292,2024-07-01,4749,153,93,1,433200000,22400000,45188000,455988000,Credit,Event
506293,2024-11-12,1655,122,82,1,770200000,19500000,82577000,833277000,Credit,Showroom
506294,2023-07-19,5352,109,80,1,779000000,25600000,82874000,836274000,Cash,Showroom
506295,2025-11-26,4773,103,57,2,302800000,36600000,62590000,631590000,Credit,Fleet
506296,2025-12-28,2219,106,1,1,377000000,500000,41415000,417915000,Credit,Showroom
506297,2022-12-05,2084,175,51,1,1063800000,40000000,112618000,1136418000,Credit,Showroom
506298,2024-01-21,1781,140,27,1,168300000,8500000,17578000,177378000,Credit,Showroom
506299,2021-07-31,2275,104,6,1,301200000,16500000,31317000,316017000,Credit,Event
506300,2023-03-19,2438,108,94,1,183000000,2000000,19910000,200910000,Credit,Showroom
506301,2023-12-05,3686,114,64,1,290100000,15600000,30195000,304695000,Credit,Showroom
506302,2024-03-11,5436,106,81,1,390700000,3700000,42570000,429570000,Credit,Showroom
506303,2022-06-17,2852,111,53,1,231600000,13400000,24002000,242202000,Cash,Showroom
506304,2023-05-26,1014,110,57,1,787700000,49300000,81224000,819624000,Credit,Showroom
506305,2025-01-21,4910,121,69,1,403200000,5400000,43758000,441558000,Cash,Event
506306,2024-05-10,3757,130,19,4,656200000,31800000,285230000,2878230000,Credit,Fleet
506307,2022-11-13,4835,114,86,1,285100000,11500000,30096000,303696000,Credit,Showroom
506308,2025-01-03,3075,161,119,1,420000000,14800000,44572000,449772000,Credit,Showroom
506309,2022-05-21,3099,142,38,1,300600000,3500000,32681000,329781000,Credit,Showroom
506310,2022-11-02,4916,110,39,1,769800000,8700000,83721000,844821000,Credit,Online
506311,2024-06-17,3612,101,6,1,246200000,3900000,26653000,268953000,Credit,Online
506312,2020-03-04,2370,106,54,1,368600000,18700000,38489000,388389000,Credit,Online
506313,2020-06-01,2901,140,118,1,172300000,7100000,18172000,183372000,Credit,Online
506314,2021-11-22,4524,133,88,1,422100000,28300000,43318000,437118000,Credit,Showroom
506315,2023-05-06,5275,122,113,1,791100000,14700000,85404000,861804000,Credit,Showroom
506316,2021-12-08,5078,105,44,1,567900000,30200000,59147000,596847000,Credit,Showroom
506317,2024-11-15,1475,132,107,1,419700000,7600000,45331000,457431000,Credit,Event
506318,2024-11-19,1862,112,64,1,232100000,8600000,24585000,248085000,Credit,Showroom
506319,2024-12-27,3070,108,52,1,170600000,0,18766000,189366000,Credit,Showroom
506320,2022-01-12,3761,103,19,1,304300000,2900000,33154000,334554000,Credit,Showroom
506321,2024-02-22,1243,131,94,1,372800000,3400000,40634000,410034000,Cash,Showroom
506322,2024-01-15,5196,145,32,1,345700000,1500000,37862000,382062000,Cash,Showroom
506323,2020-12-07,4055,144,88,1,772600000,39000000,80696000,814296000,Credit,Online
506324,2023-04-09,5458,118,117,1,206600000,2500000,22451000,226551000,Credit,Showroom
506325,2025-10-20,3221,140,95,1,168600000,7200000,17754000,179154000,Credit,Showroom
506326,2022-07-06,3093,140,17,1,166700000,1700000,18150000,183150000,Credit,Online
506327,2023-08-31,4491,112,13,1,232700000,7200000,24805000,250305000,Credit,Showroom
506328,2020-02-16,4268,142,115,1,282300000,15400000,29359000,296259000,Credit,Showroom
506329,2022-08-22,1268,142,61,1,295500000,18700000,30448000,307248000,Credit,Showroom
506330,2021-05-03,4148,181,112,1,1618500000,78700000,169378000,1709178000,Credit,Showroom
506331,2024-11-16,2929,105,100,1,578500000,20700000,61358000,619158000,Credit,Online
506332,2022-10-02,4392,133,27,1,408800000,14500000,43373000,437673000,Credit,Showroom
506333,2020-12-01,2165,114,54,1,292000000,9600000,31064000,313464000,Credit,Showroom
506334,2024-11-22,1229,161,33,1,412500000,20700000,43098000,434898000,Credit,Showroom
506335,2020-04-19,1005,103,45,1,301800000,16400000,31394000,316794000,Credit,Showroom
506336,2025-04-27,3029,119,20,1,206400000,2700000,22407000,226107000,Credit,Event
506337,2020-01-04,1640,146,86,1,202800000,2100000,22077000,222777000,Credit,Showroom
506338,2022-10-12,2522,123,108,1,752300000,48300000,77440000,781440000,Credit,Showroom
506339,2024-01-08,5126,116,15,1,262400000,3300000,28501000,287601000,Credit,Showroom
506340,2023-05-29,4985,140,90,1,169500000,9100000,17644000,178044000,Credit,Showroom
506341,2024-09-21,1692,133,1,1,438500000,25100000,45474000,458874000,Cash,Showroom
506342,2024-12-10,3059,108,34,1,174300000,2700000,18876000,190476000,Cash,Showroom
506343,2023-01-29,1675,138,93,1,256500000,200000,28193000,284493000,Cash,Showroom
506344,2021-05-20,2539,126,22,1,634900000,18800000,67771000,683871000,Credit,Showroom
506345,2023-08-12,5452,107,110,1,379800000,10800000,40590000,409590000,Cash,Showroom
506346,2025-01-15,4332,135,72,1,298900000,8000000,31999000,322899000,Credit,Showroom
506347,2022-05-07,1562,119,109,1,209400000,11800000,21736000,219336000,Credit,Showroom
506348,2020-10-02,5014,135,71,1,304300000,8100000,32582000,328782000,Cash,Showroom
506349,2024-12-02,4751,108,116,1,172200000,3300000,18579000,187479000,Credit,Showroom
506350,2024-02-20,5144,107,32,1,374700000,2000000,40997000,413697000,Cash,Showroom
506351,2023-05-18,1521,128,95,1,299500000,8200000,32043000,323343000,Cash,Showroom
506352,2021-07-28,3984,127,28,1,288800000,15300000,30085000,303585000,Credit,Online
506353,2023-05-15,4047,101,111,1,236600000,10300000,24893000,251193000,Cash,Showroom
506354,2022-06-04,2046,121,55,1,412500000,10600000,44209000,446109000,Cash,Showroom
506355,2024-10-21,3935,104,61,1,303300000,15000000,31713000,320013000,Credit,Showroom
506356,2022-06-23,1966,101,72,3,239400000,7000000,78232000,789432000,Credit,Fleet
506357,2022-12-28,3395,144,94,1,773700000,46300000,80014000,807414000,Cash,Online
506358,2021-02-10,1640,119,85,1,200900000,11900000,20790000,209790000,Cash,Event
506359,2025-11-21,1109,115,116,1,287300000,10700000,30426000,307026000,Credit,Showroom
506360,2020-11-16,5158,178,61,1,1124500000,14500000,122100000,1232100000,Credit,Showroom
506361,2024-10-13,1603,108,34,1,178900000,12300000,18326000,184926000,Credit,Showroom
506362,2024-10-17,4465,114,11,1,280200000,7700000,29975000,302475000,Credit,Showroom
506363,2024-06-20,1494,115,117,1,298900000,20100000,30668000,309468000,Cash,Event
506364,2022-05-05,4607,116,37,1,269300000,10100000,28512000,287712000,Credit,Online
506365,2021-12-25,5127,115,1,1,294900000,16500000,30624000,309024000,Credit,Showroom
506366,2021-04-19,5374,114,92,1,290300000,1200000,31801000,320901000,Credit,Event
506367,2022-06-20,2332,117,2,1,191400000,11000000,19844000,200244000,Credit,Showroom
506368,2025-01-18,4174,113,76,1,169900000,6800000,17941000,181041000,Credit,Showroom
506369,2025-02-15,1449,132,20,1,416800000,12800000,44440000,448440000,Cash,Showroom
506370,2023-02-05,4239,121,79,1,399600000,19200000,41844000,422244000,Credit,Showroom
506371,2020-01-10,1621,126,84,1,655000000,44500000,67155000,677655000,Credit,Showroom
506372,2024-05-28,4419,103,93,1,298600000,17700000,30899000,311799000,Credit,Showroom
506373,2023-04-09,4451,163,59,1,572700000,18900000,60918000,614718000,Credit,Showroom
506374,2024-08-06,2904,102,12,1,463700000,2600000,50721000,511821000,Credit,Showroom
506375,2025-11-25,1116,112,74,1,239400000,12700000,24937000,251637000,Cash,Showroom
506376,2023-07-09,5284,105,101,1,555200000,34800000,57244000,577644000,Credit,Showroom
506377,2021-03-23,4230,130,67,1,670500000,35900000,69806000,704406000,Credit,Online
506378,2022-11-18,3016,130,6,1,626800000,23700000,66341000,669441000,Cash,Showroom
506379,2023-11-25,4619,172,97,1,1360700000,25200000,146905000,1482405000,Credit,Showroom
506380,2025-07-29,2167,112,110,1,226700000,200000,24915000,251415000,Credit,Showroom
506381,2024-05-12,2473,165,73,1,442500000,6500000,47960000,483960000,Cash,Showroom
506382,2024-08-18,3402,173,26,1,1358200000,54100000,143451000,1447551000,Cash,Showroom
506383,2021-08-22,3946,111,96,1,238300000,12800000,24805000,250305000,Credit,Showroom
506384,2022-09-02,3319,121,66,1,407400000,4100000,44363000,447663000,Cash,Showroom
506385,2024-05-06,4930,166,64,1,628200000,15700000,67375000,679875000,Cash,Showroom
506386,2024-06-23,1765,117,37,1,192400000,700000,21087000,212787000,Credit,Showroom
506387,2024-08-04,3828,147,96,1,202800000,8200000,21406000,216006000,Credit,Showroom
506388,2022-02-09,4103,139,43,2,253600000,14100000,54241000,547341000,Cash,Fleet
506389,2023-02-26,1853,101,82,1,247400000,10000000,26114000,263514000,Credit,Online
506390,2023-01-24,1806,102,19,1,458500000,22400000,47971000,484071000,Credit,Showroom
506391,2020-06-11,3804,102,4,1,466700000,4200000,50875000,513375000,Credit,Showroom
506392,2024-04-23,3928,138,44,1,244800000,2700000,26631000,268731000,Credit,Showroom
506393,2022-11-27,2383,103,38,1,296200000,4500000,32087000,323787000,Credit,Showroom
506394,2021-03-08,1805,108,85,1,170100000,3000000,18381000,185481000,Credit,Showroom
506395,2021-03-27,2300,129,120,3,311800000,37000000,98824000,997224000,Credit,Fleet
506396,2021-10-23,3573,162,117,1,584800000,30300000,60995000,615495000,Credit,Showroom
506397,2024-11-07,1961,185,46,6,912500000,78900000,593571000,5989671000,Credit,Fleet
506398,2021-08-24,2095,126,113,1,668700000,6700000,72820000,734820000,Cash,Showroom
506399,2024-12-03,5331,149,29,1,283500000,1700000,30998000,312798000,Cash,Showroom
506400,2022-06-05,4135,101,109,1,238500000,4700000,25718000,259518000,Credit,Showroom
506401,2024-08-17,1009,121,59,1,415300000,10900000,44484000,448884000,Credit,Showroom
506402,2024-02-11,1071,126,70,1,659000000,14100000,70939000,715839000,Credit,Showroom
506403,2023-03-31,5299,107,87,1,369000000,25400000,37796000,381396000,Credit,Showroom
506404,2023-09-11,5322,108,11,1,181800000,6500000,19283000,194583000,Credit,Showroom
506405,2024-05-21,2444,103,66,1,281300000,6900000,30184000,304584000,Credit,Showroom
506406,2023-05-06,4003,140,119,1,168000000,7000000,17710000,178710000,Credit,Showroom
506407,2023-07-06,2791,107,36,1,388400000,6100000,42053000,424353000,Credit,Showroom
506408,2020-08-25,1711,127,83,1,274400000,7000000,29414000,296814000,Credit,Event
506409,2022-02-21,4933,164,35,1,430500000,3700000,46948000,473748000,Credit,Showroom
506410,2021-06-30,3314,101,83,1,246600000,13500000,25641000,258741000,Cash,Showroom
506411,2024-05-31,4703,103,29,1,285400000,3700000,30987000,312687000,Cash,Online
506412,2023-08-16,1276,125,88,1,621900000,8100000,67518000,681318000,Credit,Showroom
506413,2023-12-07,5418,121,47,1,403600000,25000000,41646000,420246000,Credit,Online
506414,2022-12-18,2135,114,81,1,280200000,15200000,29150000,294150000,Credit,Showroom
506415,2024-03-27,2885,173,77,1,1283000000,2800000,140822000,1421022000,Credit,Showroom
506416,2024-10-11,2562,144,87,1,776600000,15700000,83699000,844599000,Credit,Event
506417,2025-08-26,4256,102,101,1,455200000,18900000,47993000,484293000,Credit,Showroom
506418,2024-01-04,3768,130,106,1,621700000,1300000,68244000,688644000,Cash,Showroom
506419,2022-12-13,2796,137,63,1,448100000,21600000,46915000,473415000,Credit,Showroom
506420,2020-04-19,4044,104,112,1,301000000,2200000,32868000,331668000,Credit,Showroom
506421,2025-07-28,5169,113,104,1,163400000,2000000,17754000,179154000,Credit,Showroom
506422,2023-02-08,1694,104,109,1,300600000,9100000,32065000,323565000,Credit,Event
506423,2025-10-17,4533,117,109,1,191000000,6600000,20284000,204684000,Cash,Showroom
506424,2020-07-01,5425,125,56,1,634400000,21500000,67419000,680319000,Cash,Showroom
506425,2022-04-14,4681,166,96,1,625800000,42100000,64207000,647907000,Cash,Showroom
506426,2025-06-15,1572,129,26,1,297000000,14400000,31086000,313686000,Credit,Showroom
506427,2023-06-01,4233,120,94,1,401600000,26900000,41217000,415917000,Credit,Showroom
506428,2023-10-22,3321,146,114,1,198200000,3900000,21373000,215673000,Cash,Event
506429,2024-07-27,2774,116,8,1,269800000,2500000,29403000,296703000,Cash,Showroom
506430,2021-09-22,3891,124,90,1,312400000,21000000,32054000,323454000,Credit,Showroom
506431,2021-01-26,3191,142,51,1,286000000,9600000,30404000,306804000,Cash,Showroom
506432,2022-04-08,5403,125,108,1,653800000,14800000,70290000,709290000,Credit,Showroom
506433,2025-07-01,1538,145,12,1,351400000,600000,38588000,389388000,Credit,Showroom
506434,2023-01-29,3289,113,33,1,172000000,700000,18843000,190143000,Credit,Showroom
506435,2025-04-17,3095,121,18,1,397600000,23800000,41118000,414918000,Credit,Showroom
506436,2025-09-06,4416,110,85,1,752800000,32700000,79211000,799311000,Cash,Showroom
506437,2022-11-02,3984,173,6,1,1369300000,91400000,140569000,1418469000,Credit,Showroom
506438,2024-03-15,3710,182,17,1,1818200000,10400000,198858000,2006658000,Credit,Showroom
506439,2020-07-23,2652,126,96,1,642200000,38800000,66374000,669774000,Credit,Showroom
506440,2022-09-06,5412,183,28,1,1937600000,33500000,209451000,2113551000,Credit,Showroom
506441,2023-07-25,2555,123,110,1,755100000,4600000,82555000,833055000,Credit,Showroom
506442,2024-01-22,1880,109,60,1,789300000,43300000,82060000,828060000,Credit,Showroom
506443,2025-08-06,2936,102,24,1,466200000,29000000,48092000,485292000,Cash,Showroom
506444,2021-03-09,1765,147,100,1,200100000,9700000,20944000,211344000,Credit,Showroom
506445,2025-11-08,5059,141,30,1,372300000,3200000,40601000,409701000,Credit,Showroom
506446,2022-04-25,3434,127,63,1,278900000,9700000,29612000,298812000,Cash,Showroom
506447,2024-09-12,3254,153,107,1,418300000,1900000,45804000,462204000,Credit,Online
506448,2023-05-14,1007,158,105,1,420000000,27200000,43208000,436008000,Credit,Showroom
506449,2022-11-05,1556,105,27,1,566600000,30300000,58993000,595293000,Credit,Showroom
506450,2022-04-12,5315,122,49,1,741400000,600000,81488000,822288000,Cash,Showroom
506451,2021-01-18,2086,120,52,1,404700000,16800000,42669000,430569000,Credit,Showroom
506452,2023-12-28,1993,107,10,1,383600000,14000000,40656000,410256000,Cash,Showroom
506453,2023-08-08,3056,126,12,1,670600000,11600000,72490000,731490000,Credit,Showroom
506454,2023-07-12,1674,119,45,1,200700000,4100000,21626000,218226000,Cash,Showroom
506455,2025-04-16,3757,106,69,1,388700000,8000000,41877000,422577000,Credit,Showroom
506456,2023-11-15,3343,107,116,1,379100000,13500000,40216000,405816000,Credit,Showroom
506457,2023-04-29,5189,101,45,1,237800000,14200000,24596000,248196000,Credit,Showroom
506458,2024-06-27,3513,177,21,1,1521100000,97000000,156651000,1580751000,Cash,Showroom
506459,2024-08-08,4756,107,77,1,392200000,2700000,42845000,432345000,Cash,Showroom
506460,2023-04-21,3983,139,6,1,262300000,9500000,27808000,280608000,Credit,Showroom
506461,2022-12-27,3544,106,46,1,390400000,8300000,42031000,424131000,Cash,Showroom
506462,2021-04-07,5245,135,78,1,299200000,12700000,31515000,318015000,Cash,Showroom
506463,2022-05-10,2445,101,67,1,249500000,13000000,26015000,262515000,Credit,Showroom
506464,2023-11-20,2450,153,50,1,421900000,800000,46321000,467421000,Credit,Showroom
506465,2025-12-20,2812,129,4,1,297100000,20700000,30404000,306804000,Credit,Online
506466,2024-02-28,5412,106,21,1,388300000,2400000,42449000,428349000,Credit,Showroom
506467,2023-02-24,1030,104,69,1,284400000,13900000,29755000,300255000,Credit,Showroom
506468,2020-02-27,3846,129,48,4,305600000,51600000,128788000,1299588000,Cash,Fleet
506469,2021-10-06,1552,131,80,1,370000000,5900000,40051000,404151000,Cash,Showroom
506470,2022-10-02,4198,126,97,1,653400000,29100000,68673000,692973000,Cash,Showroom
506471,2025-06-20,4583,110,50,1,758900000,33900000,79750000,804750000,Credit,Showroom
506472,2023-07-24,1823,137,118,1,442300000,11200000,47421000,478521000,Credit,Showroom
506473,2024-08-21,3839,106,69,1,373100000,9600000,39985000,403485000,Credit,Showroom
506474,2024-06-07,2830,163,91,1,566800000,28200000,59246000,597846000,Credit,Online
506475,2021-07-04,3887,108,117,1,176700000,12300000,18084000,182484000,Cash,Showroom
506476,2025-07-06,2116,146,72,1,194100000,9100000,20350000,205350000,Credit,Online
506477,2021-08-11,5012,114,60,1,284600000,16700000,29469000,297369000,Cash,Showroom
506478,2022-11-27,4552,142,52,1,283300000,14700000,29546000,298146000,Credit,Online
506479,2023-06-20,4516,114,38,1,290400000,16600000,30118000,303918000,Cash,Online
506480,2020-04-09,3430,148,80,1,285500000,6300000,30712000,309912000,Credit,Showroom
506481,2023-09-05,3570,129,108,1,295700000,3200000,32175000,324675000,Credit,Showroom
506482,2023-09-07,5447,110,16,1,767100000,39700000,80014000,807414000,Credit,Showroom
506483,2022-10-19,5315,108,80,1,179800000,5600000,19162000,193362000,Credit,Showroom
506484,2024-12-13,3641,150,32,1,272300000,11100000,28732000,289932000,Credit,Showroom
506485,2020-08-07,5111,108,40,1,178800000,8600000,18722000,188922000,Cash,Showroom
506486,2024-03-23,1043,178,14,1,1122400000,8200000,122562000,1236762000,Credit,Online
506487,2023-06-10,1935,110,77,1,775800000,26600000,82412000,831612000,Credit,Online
506488,2023-12-02,4181,105,80,1,562900000,30900000,58520000,590520000,Cash,Showroom
506489,2025-02-02,2284,107,39,1,387600000,9400000,41602000,419802000,Credit,Showroom
506490,2025-01-08,1676,115,111,1,289000000,20000000,29590000,298590000,Cash,Showroom
506491,2024-01-27,1726,141,13,1,386900000,3500000,42174000,425574000,Credit,Online
506492,2021-08-29,5458,167,46,1,655200000,29500000,68827000,694527000,Cash,Showroom
506493,2024-06-21,2236,116,87,1,265100000,17300000,27258000,275058000,Credit,Showroom
506494,2025-04-01,2129,116,96,1,254500000,400000,27951000,282051000,Credit,Showroom
506495,2024-01-13,4937,114,22,1,284800000,18200000,29326000,295926000,Credit,Event
506496,2023-07-23,1074,138,28,1,255900000,16300000,26356000,265956000,Credit,Showroom
506497,2024-02-10,3494,144,76,1,812800000,8100000,88517000,893217000,Credit,Showroom
506498,2020-06-30,4832,127,78,1,281700000,13300000,29524000,297924000,Credit,Showroom
506499,2023-02-21,4837,107,84,1,379300000,14200000,40161000,405261000,Credit,Showroom
506500,2023-06-08,5489,123,107,1,759000000,14100000,81939000,826839000,Credit,Event
506501,2021-04-19,3336,123,28,1,762000000,35800000,79882000,806082000,Credit,Online
506502,2021-12-22,3242,161,53,1,419000000,2000000,45870000,462870000,Cash,Showroom
506503,2025-10-20,3471,110,108,1,783100000,21900000,83732000,844932000,Credit,Showroom
506504,2022-01-05,2284,105,32,1,586500000,2700000,64218000,648018000,Cash,Showroom
506505,2024-12-29,4615,105,70,1,580600000,8500000,62931000,635031000,Credit,Showroom
506506,2025-09-01,4042,124,43,1,317200000,1000000,34782000,350982000,Credit,Showroom
506507,2022-10-08,3091,114,90,1,281800000,12200000,29656000,299256000,Cash,Event
506508,2025-12-03,5323,116,74,1,271400000,12200000,28512000,287712000,Cash,Showroom
506509,2021-05-19,2258,134,32,3,265500000,8500000,86680000,874680000,Cash,Fleet
506510,2024-06-07,2392,129,69,1,310100000,14300000,32538000,328338000,Credit,Showroom
506511,2022-04-02,1931,150,95,1,271900000,3400000,29535000,298035000,Credit,Showroom
506512,2025-07-25,3896,187,31,1,1320300000,49300000,139810000,1410810000,Cash,Event
506513,2024-10-20,1814,113,84,1,170600000,6500000,18051000,182151000,Credit,Showroom
506514,2024-05-07,2636,101,52,1,239000000,2100000,26059000,262959000,Credit,Showroom
506515,2023-04-09,1388,127,104,1,278100000,10600000,29425000,296925000,Credit,Showroom
506516,2025-04-23,5362,104,111,1,284400000,10400000,30140000,304140000,Cash,Showroom
506517,2024-12-08,3354,111,63,1,240500000,2100000,26224000,264624000,Cash,Online
506518,2021-03-08,1364,128,24,1,292300000,9200000,31141000,314241000,Cash,Showroom
506519,2024-10-15,1936,127,56,1,274900000,10400000,29095000,293595000,Cash,Showroom
506520,2022-03-26,1163,120,75,1,416400000,16600000,43978000,443778000,Credit,Showroom
506521,2023-11-28,4768,131,52,1,369300000,24800000,37895000,382395000,Cash,Showroom
506522,2025-03-20,1393,115,63,1,296600000,13700000,31119000,314019000,Cash,Online
506523,2023-07-14,3026,114,17,1,291400000,3800000,31636000,319236000,Cash,Showroom
506524,2023-09-20,1459,122,36,1,797100000,55500000,81576000,823176000,Credit,Showroom
506525,2021-01-15,4847,135,84,1,294200000,13600000,30866000,311466000,Credit,Showroom
506526,2022-03-24,3328,131,53,1,369500000,21600000,38269000,386169000,Credit,Showroom
506527,2021-03-22,4968,109,77,1,751100000,33400000,78947000,796647000,Credit,Showroom
506528,2020-10-28,2339,150,24,1,271200000,4700000,29315000,295815000,Cash,Showroom
506529,2023-10-18,4778,105,58,1,579200000,10600000,62546000,631146000,Credit,Showroom
506530,2022-11-10,2376,160,99,1,376900000,3500000,41074000,414474000,Cash,Showroom
506531,2022-12-06,3420,132,14,1,419600000,24800000,43428000,438228000,Credit,Showroom
506532,2025-07-15,3258,151,63,1,545100000,23900000,57332000,578532000,Credit,Online
506533,2025-08-27,5056,126,88,1,653400000,8500000,70939000,715839000,Credit,Showroom
506534,2021-03-03,4228,154,29,1,875900000,28000000,93269000,941169000,Credit,Showroom
506535,2025-12-19,1849,102,3,1,452100000,11200000,48499000,489399000,Credit,Showroom
506536,2025-03-12,4336,136,84,1,440100000,8600000,47465000,478965000,Cash,Online
506537,2021-10-29,5037,126,57,1,627500000,24300000,66352000,669552000,Credit,Showroom
506538,2025-05-18,4978,124,33,3,315500000,51500000,98450000,993450000,Cash,Fleet
506539,2021-10-10,4323,114,3,1,277900000,7400000,29755000,300255000,Credit,Showroom
506540,2020-03-01,4068,114,90,1,297600000,19300000,30613000,308913000,Credit,Showroom
506541,2020-05-30,5386,118,72,1,194900000,12800000,20031000,202131000,Cash,Showroom
506542,2020-05-04,2379,110,23,1,757800000,52800000,77550000,782550000,Credit,Showroom
506543,2021-09-12,4891,120,67,1,388900000,5200000,42207000,425907000,Cash,Showroom
506544,2020-06-01,1331,124,90,1,321100000,11700000,34034000,343434000,Cash,Showroom
506545,2024-09-22,4639,139,29,1,246900000,4500000,26664000,269064000,Credit,Showroom
506546,2023-09-27,3661,115,115,1,288400000,9300000,30701000,309801000,Cash,Showroom
506547,2023-07-13,1241,108,8,3,175500000,22400000,55451000,559551000,Cash,Fleet
506548,2021-11-16,1411,117,92,1,186300000,4100000,20042000,202242000,Cash,Showroom
506549,2022-04-08,1451,109,46,1,748500000,30700000,78958000,796758000,Credit,Event
506550,2025-05-12,2364,133,30,1,424100000,5500000,46046000,464646000,Credit,Showroom
506551,2024-09-09,1323,110,111,1,781200000,37400000,81818000,825618000,Cash,Showroom
506552,2024-11-19,4217,132,67,1,411000000,400000,45166000,455766000,Credit,Showroom
506553,2024-09-15,3199,128,34,1,300200000,9400000,31988000,322788000,Credit,Showroom
506554,2024-08-08,3602,156,69,1,660300000,8200000,71731000,723831000,Credit,Showroom
506555,2020-12-13,5035,113,46,1,169900000,2800000,18381000,185481000,Credit,Online
506556,2020-11-13,2011,117,21,1,183100000,2200000,19899000,200799000,Cash,Online
506557,2024-10-18,4794,104,34,1,288200000,10900000,30503000,307803000,Credit,Online
506558,2021-09-12,2033,173,94,1,1344700000,81400000,138963000,1402263000,Cash,Showroom
506559,2022-08-29,1953,148,90,1,286200000,6800000,30734000,310134000,Credit,Showroom
506560,2023-12-19,4790,124,43,1,324800000,9400000,34694000,350094000,Credit,Showroom
506561,2021-04-23,3724,136,20,1,469300000,27900000,48554000,489954000,Credit,Showroom
506562,2024-10-01,2100,137,97,1,465300000,100000,51172000,516372000,Credit,Showroom
506563,2020-02-02,3018,136,82,1,444300000,6100000,48202000,486402000,Cash,Showroom
506564,2025-03-21,4258,167,25,1,664300000,9900000,71984000,726384000,Credit,Showroom
506565,2020-11-20,4103,141,52,1,394900000,18800000,41371000,417471000,Cash,Online
506566,2023-02-24,1409,104,46,1,298800000,20400000,30624000,309024000,Credit,Event
506567,2023-03-23,2303,130,26,1,666200000,13400000,71808000,724608000,Credit,Showroom
506568,2021-06-26,3478,137,44,1,448700000,30400000,46013000,464313000,Cash,Showroom
506569,2024-08-02,1538,172,38,1,1374900000,89500000,141394000,1426794000,Credit,Event
506570,2024-12-31,1695,105,68,1,548000000,4100000,59829000,603729000,Cash,Online
506571,2023-02-13,3449,135,56,1,299700000,12800000,31559000,318459000,Credit,Online
506572,2022-12-10,3816,104,91,1,301600000,14700000,31559000,318459000,Cash,Showroom
506573,2022-11-17,1786,107,82,5,375100000,26500000,203390000,2052390000,Credit,Fleet
506574,2022-03-20,2620,103,45,1,281800000,9300000,29975000,302475000,Cash,Showroom
506575,2022-04-28,1050,103,101,1,282900000,15900000,29370000,296370000,Credit,Showroom
506576,2024-09-28,3841,107,120,1,371500000,19900000,38676000,390276000,Credit,Event
506577,2024-03-09,1823,140,110,1,173800000,3000000,18788000,189588000,Credit,Showroom
506578,2020-01-17,3310,104,47,1,290100000,19100000,29810000,300810000,Credit,Showroom
506579,2024-12-02,1741,130,98,1,659900000,38600000,68343000,689643000,Credit,Showroom
506580,2022-12-22,3887,101,75,1,239400000,2700000,26037000,262737000,Cash,Showroom
506581,2020-04-05,3509,148,3,1,288200000,7300000,30899000,311799000,Credit,Online
506582,2021-06-15,4969,107,65,1,373500000,16700000,39248000,396048000,Credit,Online
506583,2020-08-20,1410,154,107,1,880600000,20900000,94567000,954267000,Credit,Showroom
506584,2020-04-16,4975,132,86,1,425400000,12800000,45386000,457986000,Cash,Showroom
506585,2024-05-25,3377,117,16,1,185100000,10300000,19228000,194028000,Credit,Showroom
506586,2025-10-22,3426,137,11,1,440600000,5300000,47883000,483183000,Credit,Showroom
506587,2021-01-18,4361,119,48,1,203800000,5600000,21802000,220002000,Credit,Showroom
506588,2024-09-06,1917,138,57,1,244000000,15300000,25157000,253857000,Cash,Showroom
506589,2024-11-21,4962,119,113,1,202300000,9300000,21230000,214230000,Credit,Showroom
506590,2023-10-02,3687,166,18,3,663800000,55500000,212949000,2148849000,Cash,Fleet
506591,2021-03-01,3229,114,80,1,291000000,14400000,30426000,307026000,Credit,Showroom
506592,2021-05-13,5032,124,42,1,315600000,19000000,32626000,329226000,Credit,Showroom
506593,2020-04-08,5342,105,5,1,572400000,1200000,62832000,634032000,Credit,Showroom
506594,2021-12-26,1418,118,51,1,208500000,11300000,21692000,218892000,Credit,Showroom
506595,2024-10-12,3414,108,76,1,175400000,3700000,18887000,190587000,Credit,Showroom
506596,2025-07-14,3891,101,110,1,236600000,12700000,24629000,248529000,Cash,Showroom
506597,2022-03-27,5223,178,2,1,1102500000,69300000,113652000,1146852000,Credit,Showroom
506598,2022-08-27,1586,118,115,1,203700000,7400000,21593000,217893000,Credit,Showroom
506599,2022-12-24,5141,106,27,1,386300000,24900000,39754000,401154000,Credit,Showroom
506600,2023-02-22,4853,141,99,1,391000000,12800000,41602000,419802000,Credit,Showroom
506601,2023-05-26,1663,130,72,1,620800000,42400000,63624000,642024000,Credit,Showroom
506602,2021-05-29,3199,124,4,1,335500000,15300000,35222000,355422000,Cash,Showroom
506603,2022-01-13,1936,187,68,1,1256000000,26200000,135278000,1365078000,Credit,Showroom
506604,2025-06-02,1878,148,93,1,294500000,4600000,31889000,321789000,Cash,Showroom
506605,2021-03-15,1936,184,73,1,1247100000,69200000,129569000,1307469000,Credit,Showroom
506606,2022-02-01,3334,147,53,1,204300000,13800000,20955000,211455000,Credit,Showroom
506607,2020-11-28,2449,102,89,1,482600000,19400000,50952000,514152000,Cash,Showroom
506608,2020-04-29,2644,124,26,1,315000000,13600000,33154000,334554000,Credit,Showroom
506609,2022-12-05,1849,121,62,1,419200000,23000000,43582000,439782000,Cash,Showroom
506610,2024-07-01,4174,111,117,1,224800000,1200000,24596000,248196000,Credit,Showroom
506611,2022-10-30,2232,139,45,1,262100000,2000000,28611000,288711000,Credit,Showroom
506612,2021-05-23,3014,117,32,1,179900000,1500000,19624000,198024000,Credit,Showroom
506613,2021-05-06,4638,128,35,1,292100000,3600000,31735000,320235000,Credit,Showroom
506614,2025-04-12,2452,137,29,1,464300000,3400000,50699000,511599000,Cash,Online
506615,2023-06-04,1839,113,58,1,171600000,1700000,18689000,188589000,Credit,Event
506616,2023-04-05,3582,130,51,1,625100000,25600000,65945000,665445000,Cash,Showroom
506617,2022-07-03,2919,115,73,1,285100000,16900000,29502000,297702000,Credit,Showroom
506618,2021-02-15,2150,136,9,1,459200000,5600000,49896000,503496000,Cash,Online
506619,2025-12-13,2021,154,73,1,893400000,50800000,92686000,935286000,Cash,Showroom
506620,2021-09-18,4389,120,64,1,396000000,22500000,41085000,414585000,Credit,Showroom
506621,2021-11-17,4091,106,55,1,394000000,5300000,42757000,431457000,Cash,Event
506622,2024-12-28,1961,132,31,1,414000000,18600000,43494000,438894000,Credit,Showroom
506623,2020-03-07,3696,117,72,1,191500000,1500000,20900000,210900000,Credit,Event
506624,2024-07-14,5077,122,109,1,746400000,3300000,81741000,824841000,Cash,Showroom
506625,2021-11-04,2517,104,39,1,291000000,2300000,31757000,320457000,Credit,Showroom
506626,2022-10-02,3012,108,42,1,172600000,5300000,18403000,185703000,Credit,Showroom
506627,2021-05-05,1027,184,40,1,1253200000,38600000,133606000,1348206000,Credit,Showroom
506628,2022-11-11,2074,126,17,1,625600000,33200000,65164000,657564000,Cash,Showroom
506629,2024-11-19,3216,105,116,1,569600000,11300000,61413000,619713000,Credit,Showroom
506630,2025-01-06,2655,150,60,1,254900000,6400000,27335000,275835000,Credit,Showroom
506631,2021-06-26,5017,116,52,1,266500000,0,29315000,295815000,Cash,Showroom
506632,2024-04-01,5037,107,32,1,395500000,1900000,43296000,436896000,Credit,Showroom
506633,2025-10-11,1127,125,58,1,667700000,31800000,69949000,705849000,Credit,Showroom
506634,2023-03-27,3710,179,79,1,1110800000,56300000,115995000,1170495000,Credit,Online
506635,2025-04-22,3473,129,92,1,305000000,7300000,32747000,330447000,Cash,Showroom
506636,2021-04-17,5181,125,5,1,621600000,800000,68288000,689088000,Credit,Online
506637,2021-09-27,2978,164,34,1,428400000,15500000,45419000,458319000,Credit,Showroom
506638,2024-11-16,1705,135,46,1,281400000,4400000,30470000,307470000,Cash,Online
506639,2021-03-13,2400,110,22,1,761600000,1400000,83622000,843822000,Credit,Online
506640,2025-02-01,3904,121,69,1,408400000,28200000,41822000,422022000,Cash,Showroom
506641,2023-02-17,2070,104,50,1,302600000,17100000,31405000,316905000,Credit,Showroom
506642,2025-02-11,3797,149,65,1,303100000,5400000,32747000,330447000,Credit,Showroom
506643,2025-06-08,2235,103,48,1,281400000,800000,30866000,311466000,Cash,Showroom
506644,2023-10-21,2087,130,103,1,660900000,16700000,70862000,715062000,Credit,Showroom
506645,2021-06-15,3370,106,108,1,385000000,3600000,41954000,423354000,Cash,Showroom
506646,2024-11-24,5417,109,118,1,747100000,31800000,78683000,793983000,Credit,Showroom
506647,2022-07-04,5454,140,38,1,167600000,9700000,17369000,175269000,Credit,Showroom
506648,2024-02-03,2705,150,11,1,268400000,8700000,28567000,288267000,Credit,Showroom
506649,2025-09-10,1015,105,63,1,565200000,2700000,61875000,624375000,Credit,Showroom
506650,2020-03-28,4613,134,116,1,269300000,14900000,27984000,282384000,Cash,Event
506651,2020-02-04,1749,113,59,1,165900000,11400000,16995000,171495000,Credit,Showroom
506652,2023-12-06,2921,132,61,1,428200000,14600000,45496000,459096000,Credit,Showroom
506653,2022-02-11,2523,138,30,1,254400000,13600000,26488000,267288000,Credit,Showroom
506654,2020-10-21,4162,158,66,2,412800000,31500000,87351000,881451000,Cash,Fleet
506655,2023-06-26,4292,169,94,4,269700000,27100000,115687000,1167387000,Credit,Fleet
506656,2020-12-16,3613,106,24,1,383200000,14000000,40612000,409812000,Credit,Showroom
506657,2022-03-19,4864,147,96,1,195900000,700000,21472000,216672000,Cash,Showroom
506658,2023-03-17,5020,111,114,5,236600000,54100000,124179000,1253079000,Credit,Fleet
506659,2022-06-13,3439,126,79,1,668200000,1200000,73370000,740370000,Credit,Showroom
506660,2021-06-17,3669,103,38,1,285700000,19000000,29337000,296037000,Cash,Showroom
506661,2020-07-26,5232,119,80,1,195800000,11800000,20240000,204240000,Cash,Showroom
506662,2024-06-16,3521,126,17,1,621300000,29100000,65142000,657342000,Credit,Showroom
506663,2023-07-27,2137,107,90,4,397000000,73800000,166562000,1680762000,Cash,Fleet
506664,2025-07-15,2589,146,20,1,207400000,6700000,22077000,222777000,Cash,Event
506665,2024-04-25,5080,119,84,1,204000000,7300000,21637000,218337000,Cash,Event
506666,2020-04-03,4783,119,33,1,206000000,3700000,22253000,224553000,Credit,Online
506667,2023-05-18,2877,156,10,1,679300000,26800000,71775000,724275000,Credit,Showroom
506668,2025-01-30,2934,127,84,1,291500000,8600000,31119000,314019000,Cash,Event
506669,2021-05-06,3834,118,114,1,208300000,8000000,22033000,222333000,Credit,Showroom
506670,2022-11-23,1247,116,80,1,267100000,13700000,27874000,281274000,Credit,Showroom
506671,2024-11-16,1977,147,65,1,201000000,11400000,20856000,210456000,Credit,Showroom
506672,2024-03-09,3607,108,50,1,172000000,2700000,18623000,187923000,Credit,Showroom
506673,2023-12-13,4382,109,14,1,771400000,48500000,79519000,802419000,Credit,Showroom
506674,2020-09-20,4336,114,97,1,280000000,2200000,30558000,308358000,Credit,Showroom
506675,2023-07-30,2708,164,96,1,428100000,15500000,45386000,457986000,Cash,Showroom
506676,2020-02-23,4525,106,64,1,386000000,26300000,39567000,399267000,Credit,Event
506677,2023-11-24,1018,102,37,1,457900000,4100000,49918000,503718000,Credit,Showroom
506678,2023-03-02,4347,101,90,1,243100000,10700000,25564000,257964000,Credit,Online
506679,2021-07-04,4215,117,31,1,188500000,5800000,20097000,202797000,Credit,Showroom
506680,2020-08-02,4439,106,94,1,374200000,15700000,39435000,397935000,Cash,Showroom
506681,2024-04-20,1711,106,14,1,374000000,2800000,40832000,412032000,Credit,Showroom
506682,2024-11-11,2365,146,82,1,197500000,12200000,20383000,205683000,Credit,Showroom
506683,2023-01-11,3365,116,37,1,252600000,10200000,26664000,269064000,Credit,Showroom
506684,2021-05-27,1586,105,15,1,543200000,7000000,58982000,595182000,Credit,Showroom
506685,2020-11-10,5474,109,89,1,781600000,41600000,81400000,821400000,Credit,Showroom
506686,2025-04-14,4656,112,73,1,227100000,8400000,24057000,242757000,Cash,Online
506687,2022-04-05,4308,138,96,1,262100000,1900000,28622000,288822000,Cash,Event
506688,2025-08-06,1192,101,2,1,242500000,13900000,25146000,253746000,Cash,Showroom
506689,2021-12-15,4819,129,52,1,314600000,15100000,32945000,332445000,Cash,Showroom
506690,2020-01-31,3482,102,106,1,462700000,13200000,49445000,498945000,Cash,Showroom
506691,2022-04-12,4896,135,68,1,288000000,11500000,30415000,306915000,Cash,Showroom
506692,2025-08-31,2837,105,67,1,582000000,37700000,59873000,604173000,Cash,Showroom
506693,2024-04-10,2526,108,53,1,179300000,10600000,18557000,187257000,Cash,Event
506694,2020-04-14,2332,129,59,1,299200000,2500000,32637000,329337000,Credit,Showroom
506695,2020-10-20,3588,101,2,1,233500000,13700000,24178000,243978000,Cash,Event
506696,2025-12-31,4785,121,18,1,407500000,4000000,44385000,447885000,Credit,Showroom
506697,2022-05-01,2927,106,94,1,385100000,9700000,41294000,416694000,Credit,Showroom
506698,2024-04-06,4592,110,106,1,765100000,11600000,82885000,836385000,Credit,Showroom
506699,2022-04-18,5199,160,17,1,376300000,12700000,39996000,403596000,Cash,Online
506700,2025-08-28,3041,109,69,1,793000000,4800000,86702000,874902000,Credit,Showroom
506701,2021-06-06,3569,138,26,1,260300000,16900000,26774000,270174000,Credit,Showroom
506702,2024-07-25,5112,111,59,1,223800000,2600000,24332000,245532000,Credit,Showroom
506703,2020-03-29,1437,117,61,1,188500000,4100000,20284000,204684000,Cash,Showroom
506704,2022-02-02,1803,135,59,1,292700000,5800000,31559000,318459000,Credit,Showroom
506705,2025-01-13,3319,140,119,1,165800000,6100000,17567000,177267000,Credit,Showroom
506706,2024-03-20,2173,174,54,1,1803900000,27600000,195393000,1971693000,Credit,Showroom
506707,2021-01-07,3908,127,4,1,276300000,11300000,29150000,294150000,Credit,Showroom
506708,2023-04-18,2649,125,79,1,657200000,7500000,71467000,721167000,Credit,Showroom
506709,2023-01-10,4575,102,25,1,453600000,10100000,48785000,492285000,Credit,Showroom
506710,2024-08-07,1464,179,19,1,1088400000,61700000,112937000,1139637000,Credit,Showroom
506711,2022-03-02,1312,141,15,1,377300000,19600000,39347000,397047000,Credit,Showroom
506712,2025-11-05,2765,101,102,1,243100000,12100000,25410000,256410000,Credit,Showroom
506713,2024-08-15,1590,107,22,1,397600000,8700000,42779000,431679000,Cash,Showroom
506714,2021-07-22,1148,102,14,1,448800000,28900000,46189000,466089000,Credit,Showroom
506715,2023-08-01,4659,104,23,1,302900000,11500000,32054000,323454000,Credit,Showroom
506716,2021-04-25,2702,112,85,6,235800000,1400000,155474000,1568874000,Cash,Fleet
506717,2020-08-23,3441,140,51,1,166700000,2400000,18073000,182373000,Credit,Showroom
506718,2023-10-11,3335,108,87,1,170400000,2000000,18524000,186924000,Credit,Showroom
506719,2023-02-27,2306,114,49,1,286400000,5800000,30866000,311466000,Credit,Showroom
506720,2020-04-17,2157,102,78,1,456300000,19600000,48037000,484737000,Cash,Showroom
506721,2023-06-03,1234,103,108,1,281900000,4500000,30514000,307914000,Credit,Online
506722,2025-07-17,3579,132,85,1,428600000,9200000,46134000,465534000,Credit,Showroom
506723,2025-09-01,1667,182,103,1,1842600000,80300000,193853000,1956153000,Credit,Showroom
506724,2024-02-07,4325,149,10,1,284800000,2400000,31064000,313464000,Credit,Showroom
506725,2024-12-26,4416,124,93,1,328800000,15600000,34452000,347652000,Credit,Showroom
506726,2021-02-10,3053,131,32,1,370800000,17400000,38874000,392274000,Cash,Showroom
506727,2025-02-13,1092,128,5,1,303600000,17800000,31438000,317238000,Credit,Showroom
506728,2021-06-08,3939,114,84,1,277900000,5000000,30019000,302919000,Credit,Event
506729,2024-07-17,4476,105,66,1,559600000,6400000,60852000,614052000,Credit,Showroom
506730,2023-08-08,4041,106,92,1,385300000,2700000,42086000,424686000,Cash,Showroom
506731,2022-02-02,4235,105,59,1,573300000,21200000,60731000,612831000,Credit,Showroom
506732,2022-10-27,1095,115,101,1,278400000,12100000,29293000,295593000,Credit,Showroom
506733,2022-06-30,3615,159,83,1,408900000,22300000,42526000,429126000,Cash,Event
506734,2024-04-18,2187,118,97,1,201600000,9800000,21098000,212898000,Credit,Showroom
506735,2025-06-30,3373,153,41,1,422800000,23400000,43934000,443334000,Credit,Showroom
506736,2021-07-07,1844,150,79,1,253500000,17000000,26015000,262515000,Cash,Showroom
506737,2021-01-01,3789,114,114,1,277000000,6700000,29733000,300033000,Cash,Showroom
506738,2021-08-30,3580,143,30,1,742800000,32700000,78111000,788211000,Credit,Showroom
506739,2021-08-05,3954,126,96,1,661800000,8500000,71863000,725163000,Credit,Showroom
506740,2023-05-17,3484,185,106,1,875200000,53200000,90420000,912420000,Credit,Showroom
506741,2023-12-14,4109,136,48,1,442600000,14500000,47091000,475191000,Credit,Showroom
506742,2024-12-08,4047,184,118,3,1343200000,252900000,415437000,4192137000,Credit,Fleet
506743,2022-07-06,1586,105,51,1,552800000,17000000,58938000,594738000,Cash,Online
506744,2021-09-05,4187,126,33,1,642600000,38600000,66440000,670440000,Credit,Showroom
506745,2020-02-17,3066,128,95,1,292700000,8200000,31295000,315795000,Cash,Showroom
506746,2022-03-04,4864,112,79,1,223500000,2600000,24299000,245199000,Cash,Showroom
506747,2024-02-22,1035,119,106,1,194800000,500000,21373000,215673000,Credit,Event
506748,2021-10-01,2645,105,103,1,545600000,35400000,56122000,566322000,Credit,Showroom
506749,2025-11-21,3153,141,16,1,391200000,15700000,41305000,416805000,Cash,Showroom
506750,2024-08-08,4257,110,98,1,751300000,34400000,78859000,795759000,Cash,Showroom
506751,2022-06-29,3884,102,116,1,469000000,23300000,49027000,494727000,Cash,Showroom
506752,2024-03-27,3336,166,111,1,634700000,33200000,66165000,667665000,Cash,Event
506753,2022-12-08,4245,120,5,6,413000000,2300000,272327000,2748027000,Credit,Fleet
506754,2025-02-03,2795,107,102,1,375500000,15100000,39644000,400044000,Credit,Showroom
506755,2024-05-15,4507,149,16,1,298200000,8800000,31834000,321234000,Credit,Showroom
506756,2025-05-28,3433,109,59,5,787900000,252000000,405625000,4093125000,Credit,Fleet
506757,2022-08-20,1278,133,89,1,415500000,6400000,45001000,454101000,Credit,Showroom
506758,2021-09-29,4375,166,24,3,636600000,133500000,195393000,1971693000,Credit,Fleet
506759,2024-02-06,3140,103,113,1,301400000,14700000,31537000,318237000,Credit,Showroom
506760,2025-03-26,1062,118,106,1,208900000,9800000,21901000,221001000,Credit,Event
506761,2020-10-16,4981,139,117,1,245700000,16900000,25168000,253968000,Credit,Showroom
506762,2022-12-27,5138,101,115,1,239300000,4600000,25817000,260517000,Cash,Showroom
506763,2020-05-19,3670,140,29,1,170600000,6000000,18106000,182706000,Credit,Showroom
506764,2022-11-02,3040,107,110,1,377900000,2900000,41250000,416250000,Credit,Showroom
506765,2020-10-17,1243,121,67,1,416300000,20100000,43582000,439782000,Credit,Showroom
506766,2023-01-29,2116,128,99,1,312000000,1100000,34199000,345099000,Cash,Showroom
506767,2025-04-16,3169,133,61,1,437300000,23500000,45518000,459318000,Credit,Showroom
506768,2024-05-29,4358,101,53,1,247000000,15600000,25454000,256854000,Cash,Showroom
506769,2025-08-21,4013,121,61,1,409400000,1500000,44869000,452769000,Credit,Showroom
506770,2023-02-25,1201,140,47,1,170700000,4800000,18249000,184149000,Credit,Showroom
506771,2021-09-30,2861,130,36,1,628300000,14100000,67562000,681762000,Credit,Showroom
506772,2024-12-03,3657,126,32,1,644100000,4300000,70378000,710178000,Credit,Event
506773,2020-01-19,4484,102,23,1,473100000,24100000,49390000,498390000,Credit,Showroom
506774,2023-01-15,3795,135,86,1,289500000,3300000,31482000,317682000,Credit,Showroom
506775,2025-10-10,4911,115,30,1,286300000,16200000,29711000,299811000,Credit,Showroom
506776,2023-12-29,3812,127,17,1,283300000,10500000,30008000,302808000,Credit,Showroom
506777,2024-03-22,4282,126,61,1,671600000,36400000,69872000,705072000,Credit,Showroom
506778,2022-03-27,3187,106,103,1,393900000,23800000,40711000,410811000,Credit,Showroom
506779,2022-05-24,1920,165,1,1,447500000,3600000,48829000,492729000,Cash,Showroom
506780,2024-08-05,2379,114,2,1,289800000,9300000,30855000,311355000,Credit,Event
506781,2020-01-19,4048,103,16,1,292900000,7900000,31350000,316350000,Credit,Online
506782,2020-01-17,1008,137,99,1,469800000,1800000,51480000,519480000,Cash,Online
506783,2025-11-19,4506,150,92,1,268900000,17200000,27687000,279387000,Cash,Showroom
506784,2025-07-12,4348,109,2,1,789500000,7900000,85976000,867576000,Credit,Showroom
506785,2024-10-29,1033,122,67,1,778800000,38800000,81400000,821400000,Credit,Showroom
506786,2024-06-10,5435,103,46,1,299400000,9000000,31944000,322344000,Cash,Showroom
506787,2025-04-16,1180,113,92,1,171900000,8300000,17996000,181596000,Credit,Showroom
506788,2022-01-04,5166,126,53,1,663200000,40300000,68519000,691419000,Credit,Showroom
506789,2023-01-20,2641,114,19,1,282000000,1700000,30833000,311133000,Credit,Showroom
506790,2023-08-28,3541,116,5,1,272400000,18300000,27951000,282051000,Cash,Online
506791,2025-09-29,4655,161,28,1,418200000,20800000,43714000,441114000,Cash,Showroom
506792,2023-06-01,4512,107,39,1,383300000,24600000,39457000,398157000,Credit,Online
506793,2025-10-21,5399,137,62,1,444800000,21000000,46618000,470418000,Credit,Showroom
506794,2024-07-26,2420,108,87,1,175700000,10100000,18216000,183816000,Credit,Showroom
506795,2023-12-18,5338,117,12,1,190900000,5100000,20438000,206238000,Credit,Showroom
506796,2022-03-11,3461,110,13,1,753100000,12100000,81510000,822510000,Cash,Showroom
506797,2021-07-13,3553,112,8,1,231500000,12000000,24145000,243645000,Credit,Showroom
506798,2020-01-05,2950,101,4,1,246500000,2300000,26862000,271062000,Credit,Showroom
506799,2020-08-31,2116,166,36,1,670000000,21200000,71368000,720168000,Credit,Showroom
506800,2025-10-15,3448,142,114,1,302200000,19300000,31119000,314019000,Credit,Showroom
506801,2022-02-09,4788,104,35,1,288700000,2300000,31504000,317904000,Credit,Showroom
506802,2020-01-18,1332,129,58,1,312600000,8700000,33429000,337329000,Credit,Showroom
506803,2021-06-11,4458,107,57,1,375300000,11100000,40062000,404262000,Cash,Showroom
506804,2023-06-05,3264,121,74,1,392700000,24700000,40480000,408480000,Credit,Showroom
506805,2022-08-18,1995,106,43,1,388800000,24800000,40040000,404040000,Cash,Showroom
506806,2024-10-07,5307,101,71,1,239900000,10900000,25190000,254190000,Credit,Showroom
506807,2021-11-28,4626,129,65,1,313000000,6600000,33704000,340104000,Cash,Showroom
506808,2020-10-27,1711,185,54,1,904300000,10700000,98296000,991896000,Cash,Showroom
506809,2023-06-27,3488,111,71,1,234200000,13300000,24299000,245199000,Credit,Showroom
506810,2024-10-02,4948,153,103,1,423700000,21600000,44231000,446331000,Credit,Showroom
506811,2021-01-02,1605,118,10,1,205300000,4200000,22121000,223221000,Credit,Showroom
506812,2020-02-16,2134,108,52,1,180100000,10600000,18645000,188145000,Credit,Showroom
506813,2024-08-05,2886,124,12,1,317100000,10900000,33682000,339882000,Credit,Showroom
506814,2023-02-02,1990,119,102,1,194900000,8600000,20493000,206793000,Credit,Event
506815,2024-05-12,2519,123,48,1,754600000,23000000,80476000,812076000,Credit,Showroom
506816,2022-10-01,3076,109,67,1,770300000,31200000,81301000,820401000,Credit,Showroom
506817,2024-01-31,5299,101,74,1,234500000,3900000,25366000,255966000,Cash,Showroom
506818,2021-12-26,2537,141,73,1,381600000,15900000,40227000,405927000,Credit,Showroom
506819,2021-11-08,2400,109,66,1,785600000,41500000,81851000,825951000,Cash,Showroom
506820,2025-05-04,1273,122,109,1,760200000,30600000,80256000,809856000,Credit,Event
506821,2021-05-09,3685,118,15,1,205300000,12000000,21263000,214563000,Cash,Showroom
506822,2025-01-20,4872,123,43,1,791400000,18300000,85041000,858141000,Credit,Showroom
506823,2025-01-28,2754,120,24,1,391200000,21000000,40722000,410922000,Credit,Showroom
506824,2021-06-25,3525,130,21,1,668500000,16800000,71687000,723387000,Credit,Showroom
506825,2024-05-07,3652,134,6,1,253200000,4900000,27313000,275613000,Credit,Showroom
506826,2021-05-21,3792,125,47,1,623800000,21500000,66253000,668553000,Credit,Showroom
506827,2024-07-21,2079,133,116,1,423800000,8500000,45683000,460983000,Cash,Showroom
506828,2025-05-07,4619,104,75,1,285000000,14400000,29766000,300366000,Credit,Showroom
506829,2022-12-27,1165,108,8,1,173100000,6500000,18326000,184926000,Cash,Showroom
506830,2021-10-29,4142,149,27,4,285200000,25000000,122738000,1238538000,Cash,Fleet
506831,2025-04-30,1025,128,10,1,301300000,19100000,31042000,313242000,Credit,Showroom
506832,2025-11-19,4222,129,96,1,298700000,700000,32780000,330780000,Cash,Showroom
506833,2020-10-06,3841,113,22,1,165700000,1500000,18062000,182262000,Cash,Showroom
506834,2023-01-06,4482,105,28,1,572600000,39100000,58685000,592185000,Credit,Showroom
506835,2025-05-02,2780,139,63,1,247100000,8100000,26290000,265290000,Cash,Showroom
506836,2021-05-03,3988,140,17,1,166900000,11300000,17116000,172716000,Cash,Showroom
506837,2020-02-14,1680,186,73,1,874300000,32700000,92576000,934176000,Credit,Online
506838,2025-07-31,4923,134,15,1,258400000,13100000,26983000,272283000,Credit,Online
506839,2020-01-08,2030,137,62,1,442100000,11200000,47399000,478299000,Credit,Showroom
506840,2020-08-10,3327,137,111,1,442200000,15200000,46970000,473970000,Credit,Showroom
506841,2025-06-30,4672,122,67,1,741400000,42000000,76934000,776334000,Cash,Showroom
506842,2021-03-06,3423,154,18,1,886400000,20700000,95227000,960927000,Credit,Showroom
506843,2023-07-01,2377,126,79,1,647500000,29400000,67991000,686091000,Credit,Showroom
506844,2025-06-28,4142,147,10,1,206200000,12700000,21285000,214785000,Credit,Showroom
506845,2025-05-30,4283,110,58,1,791600000,21900000,84667000,854367000,Cash,Showroom
506846,2021-01-31,4046,165,18,1,432700000,26700000,44660000,450660000,Credit,Showroom
506847,2022-06-27,3039,101,36,1,247300000,17000000,25333000,255633000,Cash,Online
506848,2023-10-06,2001,104,80,1,299200000,12700000,31515000,318015000,Credit,Showroom
506849,2024-05-06,2354,101,44,1,248900000,9500000,26334000,265734000,Credit,Showroom
506850,2020-10-01,4497,109,13,1,744800000,37900000,77759000,784659000,Cash,Event
506851,2020-04-23,1354,138,83,1,248200000,14000000,25762000,259962000,Credit,Showroom
506852,2023-11-27,4564,134,80,1,260300000,6300000,27940000,281940000,Credit,Showroom
506853,2024-06-10,3707,140,101,1,164900000,5200000,17567000,177267000,Credit,Showroom
506854,2021-07-21,1060,113,9,1,160500000,7300000,16852000,170052000,Cash,Showroom
506855,2025-08-16,2059,127,53,1,277800000,700000,30481000,307581000,Credit,Online
506856,2021-07-08,4438,125,64,1,640200000,32700000,66825000,674325000,Credit,Showroom
506857,2023-10-17,4754,116,91,1,256800000,17600000,26312000,265512000,Cash,Showroom
506858,2022-08-18,3878,127,12,1,283600000,400000,31152000,314352000,Credit,Showroom
506859,2022-06-24,2504,179,2,1,1103300000,38400000,117139000,1182039000,Credit,Showroom
506860,2024-07-31,1075,103,47,1,288800000,10100000,30657000,309357000,Cash,Showroom
506861,2025-08-29,5134,101,42,1,236100000,6500000,25256000,254856000,Credit,Showroom
506862,2023-01-06,2299,118,2,1,206000000,8300000,21747000,219447000,Credit,Showroom
506863,2021-12-11,4182,109,8,1,737700000,0,81147000,818847000,Cash,Online
506864,2025-03-08,4459,107,33,1,371000000,16100000,39039000,393939000,Credit,Online
506865,2021-03-25,4304,112,7,2,223600000,14900000,47553000,479853000,Credit,Fleet
506866,2022-05-05,2915,125,118,1,641200000,15700000,68805000,694305000,Credit,Showroom
506867,2025-11-25,4550,133,119,1,424000000,3400000,46266000,466866000,Credit,Showroom
506868,2025-03-17,2486,130,108,1,656100000,9200000,71159000,718059000,Credit,Showroom
506869,2023-01-13,3893,110,42,4,746200000,200900000,306229000,3090129000,Cash,Fleet
506870,2020-06-03,4939,143,50,5,729200000,250700000,373483000,3768783000,Credit,Fleet
506871,2023-01-18,4942,134,81,1,252700000,3600000,27401000,276501000,Cash,Showroom
506872,2022-04-15,4531,124,110,1,315600000,18200000,32714000,330114000,Cash,Showroom
506873,2025-01-27,1324,166,42,1,625600000,9000000,67826000,684426000,Cash,Showroom
506874,2022-02-07,4955,129,56,1,302600000,12100000,31955000,322455000,Credit,Showroom
506875,2024-09-15,5011,146,35,1,209500000,9000000,22055000,222555000,Credit,Showroom
506876,2021-10-19,4903,148,77,1,291500000,9600000,31009000,312909000,Credit,Showroom
506877,2023-12-18,1336,116,97,1,268200000,14900000,27863000,281163000,Cash,Showroom
506878,2024-05-22,4357,108,37,1,179900000,1200000,19657000,198357000,Cash,Showroom
506879,2025-12-14,3176,101,88,1,241100000,7700000,25674000,259074000,Credit,Showroom
506880,2024-09-18,3299,122,99,1,751800000,6100000,82027000,827727000,Credit,Showroom
506881,2022-11-20,1136,109,60,1,789000000,12100000,85459000,862359000,Cash,Showroom
506882,2025-07-28,3208,114,23,5,281400000,24200000,152108000,1534908000,Credit,Fleet
506883,2024-11-07,2065,103,8,1,295300000,15800000,30745000,310245000,Cash,Online
506884,2024-04-11,3971,147,120,1,199300000,7700000,21076000,212676000,Credit,Showroom
506885,2025-08-15,3702,177,91,1,1449200000,32500000,155837000,1572537000,Cash,Showroom
506886,2022-10-09,1614,120,104,1,411100000,2000000,45001000,454101000,Credit,Showroom
506887,2020-05-24,3859,131,55,1,394000000,6400000,42636000,430236000,Credit,Showroom
506888,2025-01-12,1979,169,84,1,257400000,8100000,27423000,276723000,Credit,Showroom
506889,2021-09-13,4133,120,61,1,405600000,1400000,44462000,448662000,Credit,Showroom
506890,2020-12-14,3118,115,106,1,291700000,3600000,31691000,319791000,Credit,Showroom
506891,2025-04-03,1152,162,15,1,584600000,24200000,61644000,622044000,Cash,Showroom
506892,2024-04-17,3253,108,97,1,174300000,10300000,18040000,182040000,Cash,Showroom
506893,2025-02-09,1721,116,88,1,267200000,16300000,27599000,278499000,Credit,Showroom
506894,2025-02-20,4768,139,84,1,257900000,400000,28325000,285825000,Cash,Showroom
506895,2025-10-07,4445,126,27,1,631600000,6200000,68794000,694194000,Cash,Showroom
506896,2023-08-11,2796,105,28,1,585500000,31100000,60984000,615384000,Cash,Showroom
506897,2020-12-29,3860,105,89,1,555400000,6800000,60346000,608946000,Cash,Showroom
506898,2023-06-06,2765,173,80,1,1333600000,11800000,145398000,1467198000,Credit,Online
506899,2023-10-06,2851,134,107,1,271200000,3600000,29436000,297036000,Cash,Showroom
506900,2021-07-16,2178,153,3,1,415500000,19000000,43615000,440115000,Credit,Showroom
506901,2020-12-15,3203,110,116,1,751700000,31700000,79200000,799200000,Cash,Event
506902,2020-06-01,5045,103,49,1,298100000,11200000,31559000,318459000,Cash,Showroom
506903,2023-04-11,4530,103,27,1,281700000,8500000,30052000,303252000,Cash,Showroom
506904,2024-01-05,3590,126,107,1,635400000,40500000,65439000,660339000,Credit,Showroom
506905,2023-12-26,3579,128,71,1,313900000,10900000,33330000,336330000,Credit,Showroom
506906,2022-07-13,1673,123,66,1,781900000,44700000,81092000,818292000,Cash,Showroom
506907,2022-06-14,3351,105,106,1,551400000,9700000,59587000,601287000,Cash,Event
506908,2025-09-12,1320,105,41,1,547900000,1100000,60148000,606948000,Credit,Showroom
506909,2021-05-31,1575,106,57,1,398600000,20200000,41624000,420024000,Credit,Showroom
506910,2024-01-27,3624,166,111,1,665800000,29400000,70004000,706404000,Credit,Online
506911,2023-07-08,1570,120,19,1,403800000,25600000,41602000,419802000,Credit,Showroom
506912,2023-03-31,1519,130,6,1,624800000,13200000,67276000,678876000,Credit,Online
506913,2021-05-27,3845,103,83,1,304300000,12000000,32153000,324453000,Cash,Showroom
506914,2025-06-02,2470,109,31,1,742700000,25800000,78859000,795759000,Credit,Showroom
506915,2022-06-22,3880,120,28,1,417900000,14400000,44385000,447885000,Cash,Online
506916,2024-08-22,2123,106,41,1,378800000,12400000,40304000,406704000,Credit,Showroom
506917,2023-10-02,5002,116,74,1,254200000,15600000,26246000,264846000,Cash,Showroom
506918,2020-01-10,2311,143,18,1,716600000,48200000,73524000,741924000,Cash,Online
506919,2021-01-26,1474,115,103,1,282900000,3200000,30767000,310467000,Credit,Showroom
506920,2024-05-29,2461,148,19,1,293900000,16500000,30514000,307914000,Credit,Online
506921,2023-01-31,4005,132,53,1,409200000,22000000,42592000,429792000,Credit,Showroom
506922,2024-12-13,1139,152,39,1,272800000,7400000,29194000,294594000,Credit,Showroom
506923,2025-07-18,1309,131,69,1,378100000,9500000,40546000,409146000,Cash,Showroom
506924,2024-11-19,4884,159,85,1,418600000,11600000,44770000,451770000,Credit,Showroom
506925,2023-11-16,2383,137,36,1,457300000,27700000,47256000,476856000,Cash,Showroom
506926,2025-02-11,1883,142,117,1,285900000,8700000,30492000,307692000,Cash,Showroom
506927,2020-12-06,1999,115,94,1,281600000,1500000,30811000,310911000,Credit,Showroom
506928,2024-12-05,3056,103,70,1,293400000,1400000,32120000,324120000,Credit,Showroom
506929,2023-11-28,1834,146,34,1,204400000,13900000,20955000,211455000,Cash,Showroom
506930,2024-09-03,2762,107,102,1,373800000,10700000,39941000,403041000,Cash,Showroom
506931,2025-04-03,1990,110,109,1,795700000,23200000,84975000,857475000,Cash,Showroom
506932,2024-12-26,2464,102,78,1,456300000,30800000,46805000,472305000,Cash,Showroom
506933,2025-03-09,4601,176,81,1,1490100000,81900000,154902000,1563102000,Credit,Showroom
506934,2022-01-08,3971,124,36,4,323500000,45300000,137357000,1386057000,Credit,Fleet
506935,2021-06-02,3054,108,100,1,177800000,2500000,19283000,194583000,Cash,Online
506936,2025-05-09,5396,157,119,1,345400000,4000000,37554000,378954000,Credit,Showroom
506937,2024-11-24,1817,148,16,1,298100000,9600000,31735000,320235000,Credit,Showroom
506938,2025-01-31,2183,130,1,1,667900000,28400000,70345000,709845000,Credit,Showroom
506939,2021-06-28,5159,103,103,1,281700000,13700000,29480000,297480000,Cash,Showroom
506940,2023-12-09,5022,106,69,1,378000000,1500000,41415000,417915000,Credit,Showroom
506941,2021-12-19,4938,116,84,1,270500000,6500000,29040000,293040000,Credit,Showroom
506942,2022-10-16,2324,114,81,1,288100000,10900000,30492000,307692000,Credit,Showroom
506943,2025-03-22,1021,137,116,1,466200000,8300000,50369000,508269000,Credit,Showroom
506944,2020-02-14,1703,138,89,1,252700000,15300000,26114000,263514000,Credit,Showroom
506945,2022-04-18,1026,132,73,1,436500000,6800000,47267000,476967000,Credit,Online
506946,2024-12-14,2133,127,29,1,275100000,3100000,29920000,301920000,Credit,Showroom
506947,2023-10-22,1619,136,101,1,458000000,200000,50358000,508158000,Credit,Online
506948,2022-05-12,3276,101,53,1,240100000,3700000,26004000,262404000,Credit,Showroom
506949,2022-08-21,4596,102,28,4,477000000,109200000,197868000,1996668000,Credit,Fleet
506950,2023-02-01,4343,113,116,1,170000000,9000000,17710000,178710000,Credit,Showroom
506951,2020-03-31,4824,117,120,1,192100000,2700000,20834000,210234000,Cash,Showroom
506952,2025-01-14,3222,137,72,1,437500000,23000000,45595000,460095000,Cash,Event
506953,2020-11-24,1836,117,105,1,190500000,4200000,20493000,206793000,Cash,Showroom
506954,2025-02-27,1332,109,94,1,760800000,26900000,80729000,814629000,Credit,Online
506955,2025-08-25,1629,113,52,1,171900000,1700000,18722000,188922000,Cash,Showroom
506956,2023-10-26,4308,101,56,1,238600000,7300000,25443000,256743000,Credit,Online
506957,2024-05-01,3843,119,91,1,208900000,10400000,21835000,220335000,Cash,Online
506958,2022-12-11,4404,103,63,1,296800000,14700000,31031000,313131000,Cash,Event
506959,2020-12-11,4397,151,57,1,582800000,28700000,60951000,615051000,Credit,Showroom
506960,2025-06-10,4984,126,82,1,634000000,26000000,66880000,674880000,Credit,Online
506961,2020-10-10,1904,136,100,5,450200000,133900000,232881000,2349981000,Credit,Fleet
506962,2021-05-17,1386,124,8,1,330800000,4900000,35849000,361749000,Credit,Showroom
506963,2024-06-09,1689,107,104,1,377100000,12400000,40117000,404817000,Credit,Showroom
506964,2022-04-12,3831,134,48,1,267900000,3500000,29084000,293484000,Cash,Showroom
506965,2024-11-01,1313,109,47,1,771500000,51700000,79178000,798978000,Credit,Showroom
506966,2025-10-08,1219,101,2,1,250100000,1000000,27401000,276501000,Credit,Showroom
506967,2024-04-05,4276,108,112,1,177600000,300000,19503000,196803000,Cash,Showroom
506968,2022-12-06,5170,110,93,1,771000000,12400000,83446000,842046000,Cash,Showroom
506969,2021-12-06,1138,106,76,1,378200000,3800000,41184000,415584000,Credit,Showroom
506970,2022-02-17,2963,155,43,1,654000000,34100000,68189000,688089000,Cash,Showroom
506971,2022-10-05,2895,106,48,1,378200000,18100000,39611000,399711000,Credit,Showroom
506972,2025-12-08,4030,122,100,1,750500000,37300000,78452000,791652000,Credit,Showroom
506973,2025-10-03,4758,143,84,1,755900000,20700000,80872000,816072000,Credit,Showroom
506974,2024-08-22,4943,112,64,1,236900000,15600000,24343000,245643000,Cash,Showroom
506975,2024-09-21,3834,125,29,1,671200000,1500000,73667000,743367000,Credit,Showroom
506976,2023-07-18,2423,139,15,1,245700000,7300000,26224000,264624000,Credit,Showroom
506977,2023-07-01,3693,104,22,1,295600000,12000000,31196000,314796000,Credit,Online
506978,2023-01-14,5050,140,105,1,176000000,6500000,18645000,188145000,Credit,Showroom
506979,2023-02-01,2190,123,15,1,773700000,37500000,80982000,817182000,Credit,Showroom
506980,2024-07-13,4443,139,40,1,253200000,8300000,26939000,271839000,Credit,Online
506981,2020-10-06,1623,149,44,1,303200000,19600000,31196000,314796000,Cash,Showroom
506982,2021-05-06,3384,173,3,1,1379300000,60700000,145046000,1463646000,Credit,Showroom
506983,2020-03-30,2147,111,15,1,227700000,400000,25003000,252303000,Credit,Showroom
506984,2024-02-10,1419,103,61,1,293200000,18100000,30261000,305361000,Credit,Showroom
506985,2022-03-13,2811,120,114,1,418100000,7900000,45122000,455322000,Credit,Showroom
506986,2025-03-11,3593,111,30,1,234600000,10300000,24673000,248973000,Credit,Online
506987,2025-11-11,5359,101,18,1,251000000,3600000,27214000,274614000,Cash,Showroom
506988,2025-08-19,3902,141,102,1,378200000,10100000,40491000,408591000,Cash,Showroom
506989,2021-05-26,5132,134,2,1,266800000,18100000,27357000,276057000,Credit,Showroom
506990,2023-10-23,3520,128,57,1,297800000,17000000,30888000,311688000,Credit,Showroom
506991,2025-02-22,2083,108,104,1,177500000,3300000,19162000,193362000,Credit,Online
506992,2025-01-21,3594,138,80,1,247800000,14600000,25652000,258852000,Cash,Showroom
506993,2021-04-25,1309,114,25,1,289000000,11500000,30525000,308025000,Credit,Showroom
506994,2022-05-12,2400,109,63,1,772100000,52700000,79134000,798534000,Cash,Showroom
506995,2024-08-22,5196,134,108,1,253400000,200000,27852000,281052000,Credit,Showroom
506996,2023-03-07,1566,119,114,1,197100000,11600000,20405000,205905000,Credit,Showroom
506997,2025-03-13,2227,121,1,1,405500000,24300000,41932000,423132000,Credit,Showroom
506998,2023-10-13,5046,164,90,1,425100000,14300000,45188000,455988000,Credit,Showroom
506999,2025-12-24,3675,109,17,1,789800000,38600000,82632000,833832000,Credit,Showroom
507000,2021-01-23,2455,132,60,1,424000000,18200000,44638000,450438000,Cash,Event
507001,2024-10-31,3391,112,105,1,223100000,10300000,23408000,236208000,Credit,Showroom
507002,2022-12-17,4998,124,91,1,311300000,13100000,32802000,331002000,Cash,Showroom
507003,2023-06-18,2951,101,93,1,248800000,5000000,26818000,270618000,Credit,Showroom
507004,2021-10-01,2740,157,106,1,328900000,2500000,35904000,362304000,Cash,Showroom
507005,2023-03-19,2594,141,95,1,394700000,21400000,41063000,414363000,Credit,Showroom
507006,2022-09-07,4898,123,75,1,765600000,11700000,82929000,836829000,Credit,Showroom
507007,2021-05-11,4182,110,49,1,771300000,12800000,83435000,841935000,Credit,Showroom
507008,2022-02-14,3977,123,88,1,781700000,37900000,81818000,825618000,Cash,Online
507009,2022-03-03,2114,126,9,1,645000000,13200000,69498000,701298000,Credit,Showroom
507010,2025-05-17,4463,124,78,1,315500000,9700000,33638000,339438000,Credit,Showroom
507011,2025-12-27,3196,107,37,1,390800000,7500000,42163000,425463000,Credit,Showroom
507012,2023-01-25,4109,159,77,5,433600000,77000000,230010000,2321010000,Credit,Fleet
507013,2020-09-25,4708,111,87,1,228900000,12600000,23793000,240093000,Cash,Showroom
507014,2022-08-25,3942,111,41,1,238600000,16200000,24464000,246864000,Credit,Showroom
507015,2025-04-30,2257,131,106,1,384600000,5400000,41712000,420912000,Cash,Showroom
507016,2023-12-11,4000,112,52,1,230600000,1500000,25201000,254301000,Credit,Showroom
507017,2023-11-17,5176,106,110,1,383800000,18700000,40161000,405261000,Cash,Showroom
507018,2023-07-21,2367,123,35,1,784900000,26700000,83402000,841602000,Cash,Showroom
507019,2023-10-29,3488,113,97,1,170600000,2900000,18447000,186147000,Cash,Event
507020,2024-06-04,3171,103,12,1,303700000,2500000,33132000,334332000,Credit,Showroom
507021,2022-11-27,1603,118,107,1,208700000,6300000,22264000,224664000,Cash,Online
507022,2023-04-15,4812,126,44,1,621300000,21300000,66000000,666000000,Cash,Showroom
507023,2021-10-01,5090,117,14,1,190700000,2000000,20757000,209457000,Cash,Showroom
507024,2021-01-24,1114,117,33,1,181200000,1400000,19778000,199578000,Credit,Showroom
507025,2025-03-09,1870,144,17,1,760200000,33300000,79959000,806859000,Credit,Showroom
507026,2022-11-21,4840,103,7,1,284200000,11300000,30019000,302919000,Credit,Online
507027,2021-07-07,2784,114,99,1,297000000,19500000,30525000,308025000,Credit,Showroom
507028,2025-07-08,2237,159,24,1,423500000,19500000,44440000,448440000,Credit,Showroom
507029,2022-07-22,1516,101,57,1,248800000,14000000,25828000,260628000,Credit,Showroom
507030,2024-07-17,3037,103,18,1,297300000,8700000,31746000,320346000,Cash,Showroom
507031,2024-12-12,4305,125,104,1,632000000,4000000,69080000,697080000,Credit,Showroom
507032,2024-06-04,3480,139,6,1,261400000,17600000,26818000,270618000,Credit,Showroom
507033,2025-05-07,3963,126,112,1,658800000,38600000,68222000,688422000,Cash,Showroom
507034,2023-04-12,2209,106,1,1,398500000,23000000,41305000,416805000,Credit,Showroom
507035,2022-07-28,4955,106,104,1,372300000,18500000,38918000,392718000,Cash,Showroom
507036,2023-05-05,4815,123,32,1,744400000,37800000,77726000,784326000,Credit,Showroom
507037,2023-10-14,4099,103,87,1,287400000,16000000,29854000,301254000,Cash,Showroom
507038,2024-06-03,2633,123,43,1,788700000,14100000,85206000,859806000,Credit,Showroom
507039,2023-11-17,3231,111,70,2,232900000,14600000,49632000,500832000,Cash,Fleet
507040,2024-08-30,2977,127,58,1,275200000,1800000,30074000,303474000,Credit,Showroom
507041,2022-10-20,5484,107,79,1,396800000,13100000,42207000,425907000,Credit,Showroom
507042,2025-10-29,3082,108,53,1,172600000,3800000,18568000,187368000,Cash,Showroom
507043,2020-02-04,5291,128,93,1,301300000,1900000,32934000,332334000,Credit,Showroom
507044,2023-06-11,5036,149,30,1,282500000,3500000,30690000,309690000,Cash,Showroom
507045,2021-08-16,5073,149,22,1,289300000,9900000,30734000,310134000,Cash,Showroom
507046,2023-10-30,3639,123,37,1,738700000,16000000,79497000,802197000,Cash,Showroom
507047,2022-12-31,3271,138,56,1,247500000,200000,27203000,274503000,Credit,Showroom
507048,2024-04-07,4354,114,56,1,288400000,2400000,31460000,317460000,Credit,Showroom
507049,2024-04-08,5061,149,9,1,303300000,4900000,32824000,331224000,Cash,Showroom
507050,2024-11-13,2125,103,15,1,285300000,17400000,29469000,297369000,Cash,Event
507051,2025-06-18,2791,129,81,1,299400000,10400000,31790000,320790000,Credit,Showroom
507052,2021-01-06,4436,101,59,1,239200000,5200000,25740000,259740000,Credit,Showroom
507053,2025-03-13,3579,117,9,1,181400000,2100000,19723000,199023000,Credit,Showroom
507054,2024-10-23,5313,106,69,1,387000000,2000000,42350000,427350000,Credit,Showroom
507055,2022-09-13,3494,103,56,1,302000000,19600000,31064000,313464000,Credit,Showroom
507056,2024-07-29,3148,117,40,1,187400000,4200000,20152000,203352000,Credit,Showroom
507057,2024-09-29,3409,127,75,1,273200000,8600000,29106000,293706000,Credit,Showroom
507058,2025-11-25,4677,104,57,1,282600000,1400000,30932000,312132000,Cash,Showroom
507059,2024-11-08,4436,130,99,1,670800000,36900000,69729000,703629000,Credit,Showroom
507060,2021-12-28,1808,127,82,1,283000000,5000000,30580000,308580000,Credit,Showroom
507061,2024-07-27,1644,161,20,1,421400000,28900000,43175000,435675000,Credit,Online
507062,2022-09-08,4534,101,13,1,243800000,6100000,26147000,263847000,Cash,Showroom
507063,2022-11-21,2313,114,20,1,295000000,18600000,30404000,306804000,Credit,Showroom
507064,2024-11-11,5244,140,45,1,172900000,0,19019000,191919000,Credit,Online
507065,2023-02-06,4158,177,79,1,1486300000,87500000,153868000,1552668000,Credit,Showroom
507066,2025-03-11,2948,140,21,1,175300000,3900000,18854000,190254000,Credit,Showroom
507067,2025-06-23,2427,114,106,1,283700000,9400000,30173000,304473000,Credit,Showroom
507068,2025-03-03,4871,139,21,1,247800000,10600000,26092000,263292000,Credit,Showroom
507069,2021-10-14,3270,138,103,1,244800000,12900000,25509000,257409000,Credit,Online
507070,2025-08-16,5294,123,50,1,746300000,5000000,81543000,822843000,Cash,Showroom
507071,2025-10-08,3602,109,85,1,781800000,19900000,83809000,845709000,Cash,Showroom
507072,2025-04-05,4397,114,96,1,298600000,10100000,31735000,320235000,Credit,Showroom
507073,2022-03-10,2595,108,17,1,180700000,12500000,18502000,186702000,Credit,Showroom
507074,2025-05-01,2398,125,105,1,652700000,37900000,67628000,682428000,Credit,Event
507075,2025-01-30,3667,123,24,1,740100000,51700000,75724000,764124000,Credit,Showroom
507076,2021-08-20,3644,129,73,1,299200000,2000000,32692000,329892000,Cash,Showroom
507077,2024-05-10,1329,138,89,1,243100000,5600000,26125000,263625000,Cash,Showroom
507078,2024-09-11,3957,130,21,1,641700000,43600000,65791000,663891000,Cash,Showroom
507079,2024-12-31,4358,107,48,1,398900000,7600000,43043000,434343000,Credit,Showroom
507080,2023-03-01,3307,112,18,1,239500000,15700000,24618000,248418000,Credit,Showroom
507081,2023-06-20,1314,111,55,1,226700000,14800000,23309000,235209000,Cash,Showroom
507082,2023-08-05,2422,104,12,1,285700000,10000000,30327000,306027000,Credit,Showroom
507083,2024-08-06,2989,106,70,1,385100000,7800000,41503000,418803000,Cash,Showroom
507084,2020-11-02,3556,135,115,1,292800000,16500000,30393000,306693000,Credit,Event
507085,2024-05-20,4836,130,16,1,632200000,44000000,64702000,652902000,Cash,Showroom
507086,2021-01-30,3896,125,107,6,628000000,234800000,388652000,3921852000,Credit,Fleet
507087,2025-08-17,1907,101,90,1,242600000,12800000,25278000,255078000,Credit,Showroom
507088,2024-11-30,2261,128,70,1,304700000,14800000,31889000,321789000,Cash,Showroom
507089,2021-07-28,5226,105,28,1,580300000,19900000,61644000,622044000,Cash,Showroom
507090,2022-06-18,4076,137,39,1,467200000,6600000,50666000,511266000,Credit,Showroom
507091,2025-09-22,3489,130,64,1,628900000,27200000,66187000,667887000,Cash,Showroom
507092,2025-09-21,2680,143,64,1,726100000,19000000,77781000,784881000,Credit,Showroom
507093,2022-10-23,3961,135,74,1,288600000,4400000,31262000,315462000,Cash,Online
507094,2022-03-21,1830,113,38,1,172000000,3400000,18546000,187146000,Credit,Showroom
507095,2020-06-26,3989,104,59,1,287800000,9900000,30569000,308469000,Credit,Showroom
507096,2023-05-15,3149,120,109,1,408100000,2000000,44671000,450771000,Credit,Showroom
507097,2023-04-06,1580,112,15,1,239000000,12400000,24926000,251526000,Cash,Online
507098,2024-08-20,2760,104,59,1,288800000,6400000,31064000,313464000,Cash,Showroom
507099,2024-02-01,4837,109,118,1,758000000,41200000,78848000,795648000,Cash,Showroom
507100,2024-07-07,4126,144,97,1,801900000,28900000,85030000,858030000,Credit,Showroom
507101,2023-09-16,5137,139,113,1,250000000,10400000,26356000,265956000,Cash,Showroom
507102,2024-02-14,2358,111,37,1,239500000,5200000,25773000,260073000,Credit,Showroom
507103,2024-08-06,3909,111,112,1,239800000,12700000,24981000,252081000,Cash,Showroom
507104,2024-05-26,3207,140,69,1,176700000,11800000,18139000,183039000,Credit,Showroom
507105,2025-09-02,1361,108,71,1,177000000,8800000,18502000,186702000,Cash,Showroom
507106,2025-05-17,5338,110,65,1,790400000,13400000,85470000,862470000,Credit,Event
507107,2025-01-15,2562,156,102,1,643600000,4800000,70268000,709068000,Credit,Showroom
507108,2025-05-30,1904,107,70,1,380600000,25000000,39116000,394716000,Credit,Showroom
507109,2023-10-07,2805,139,118,1,262100000,800000,28743000,290043000,Cash,Showroom
507110,2023-06-13,2428,142,53,1,294800000,17800000,30470000,307470000,Credit,Showroom
507111,2023-02-06,1541,145,49,1,354400000,16700000,37147000,374847000,Credit,Showroom
507112,2024-02-23,1192,129,15,1,306600000,6100000,33055000,333555000,Credit,Event
507113,2025-05-23,3621,114,6,1,290900000,0,31999000,322899000,Credit,Online
507114,2025-06-30,1042,114,47,1,296600000,5200000,32054000,323454000,Cash,Showroom
507115,2020-04-11,4755,116,86,1,269300000,14300000,28050000,283050000,Cash,Showroom
507116,2021-01-22,3414,109,18,4,749800000,127300000,315909000,3187809000,Credit,Fleet
507117,2025-03-21,3680,137,94,1,445700000,500000,48972000,494172000,Cash,Online
507118,2022-07-12,5290,143,69,1,715400000,21900000,76285000,769785000,Credit,Showroom
507119,2025-05-26,3049,107,20,1,398000000,22500000,41305000,416805000,Credit,Showroom
507120,2024-09-12,3167,102,57,1,455400000,29000000,46904000,473304000,Cash,Event
507121,2024-07-01,3759,116,91,1,255100000,8600000,27115000,273615000,Credit,Showroom
507122,2024-06-03,1615,103,52,1,293700000,700000,32230000,325230000,Credit,Showroom
507123,2024-01-22,3598,102,28,2,472600000,1800000,103774000,1047174000,Credit,Fleet
507124,2024-10-28,1284,164,11,1,448800000,17800000,47410000,478410000,Cash,Showroom
507125,2024-08-19,1973,126,26,1,639300000,38200000,66121000,667221000,Credit,Showroom
507126,2024-11-10,1030,111,24,1,224600000,6500000,23991000,242091000,Credit,Showroom
507127,2024-01-28,2264,117,103,4,185100000,7800000,80586000,813186000,Cash,Fleet
507128,2025-02-20,1298,145,99,1,367100000,9100000,39380000,397380000,Credit,Showroom
507129,2024-06-14,3658,121,118,1,396900000,10700000,42482000,428682000,Cash,Showroom
507130,2025-10-04,2609,126,10,1,657200000,10300000,71159000,718059000,Credit,Showroom
507131,2024-01-07,2368,102,26,1,482000000,11600000,51744000,522144000,Credit,Showroom
507132,2020-02-12,2396,109,29,1,774900000,1900000,85030000,858030000,Credit,Showroom
507133,2023-11-06,1945,164,85,1,438000000,16600000,46354000,467754000,Cash,Showroom
507134,2020-06-16,1990,149,102,1,303100000,16900000,31482000,317682000,Credit,Showroom
507135,2020-03-30,1023,159,106,1,429100000,20700000,44924000,453324000,Credit,Event
507136,2022-11-20,2342,129,18,1,296500000,9400000,31581000,318681000,Cash,Event
507137,2024-01-29,3445,116,100,1,272100000,11300000,28688000,289488000,Cash,Showroom
507138,2023-07-19,2447,139,95,1,254900000,12900000,26620000,268620000,Credit,Showroom
507139,2023-06-02,5017,105,62,1,574800000,37900000,59059000,595959000,Cash,Showroom
507140,2025-01-25,1476,117,47,1,184000000,7000000,19470000,196470000,Credit,Showroom
507141,2023-03-13,4816,104,24,1,288000000,2800000,31372000,316572000,Credit,Showroom
507142,2020-01-17,1552,120,54,1,400500000,24600000,41349000,417249000,Credit,Showroom
507143,2023-07-19,5073,121,87,1,408500000,28100000,41844000,422244000,Credit,Showroom
507144,2024-06-06,1387,103,89,1,297800000,16800000,30910000,311910000,Credit,Online
507145,2024-07-24,1714,110,104,1,746400000,1500000,81939000,826839000,Credit,Showroom
507146,2021-01-30,4237,101,65,1,251400000,900000,27555000,278055000,Cash,Showroom
507147,2025-07-17,5120,118,30,1,209700000,10000000,21967000,221667000,Credit,Showroom
507148,2020-08-12,1659,137,47,1,458000000,19600000,48224000,486624000,Credit,Showroom
507149,2021-12-20,5426,105,34,1,569500000,19800000,60467000,610167000,Credit,Showroom
507150,2025-12-20,3804,139,28,1,256800000,8900000,27269000,275169000,Cash,Showroom
507151,2020-07-29,2496,184,117,1,1289700000,47300000,136664000,1379064000,Credit,Showroom
507152,2020-11-25,1065,122,113,1,774100000,30900000,81752000,824952000,Credit,Online
507153,2021-09-20,5490,123,61,1,784300000,16800000,84425000,851925000,Cash,Showroom
507154,2024-07-11,2138,146,15,1,199700000,9800000,20889000,210789000,Credit,Showroom
507155,2021-07-05,3780,129,63,6,313000000,73100000,198539000,2003439000,Credit,Fleet
507156,2024-07-23,4566,115,35,1,297500000,17900000,30756000,310356000,Credit,Showroom
507157,2021-12-12,2996,127,85,1,292700000,17800000,30239000,305139000,Cash,Showroom
507158,2023-07-05,4484,117,85,1,184700000,9400000,19283000,194583000,Cash,Showroom
507159,2020-03-04,4284,138,113,1,247400000,17100000,25333000,255633000,Credit,Showroom
507160,2022-01-05,5292,114,120,1,284600000,6700000,30569000,308469000,Credit,Showroom
507161,2022-04-10,2952,135,56,1,284300000,5400000,30679000,309579000,Credit,Showroom
507162,2022-01-06,4775,167,85,1,652400000,8800000,70796000,714396000,Credit,Showroom
507163,2020-01-15,2664,126,96,1,645800000,3400000,70664000,713064000,Cash,Showroom
507164,2023-11-29,4690,127,51,1,276500000,10000000,29315000,295815000,Credit,Showroom
507165,2022-04-04,2915,107,36,1,368900000,10800000,39391000,397491000,Cash,Showroom
507166,2023-08-19,2082,107,5,1,391400000,27200000,40062000,404262000,Credit,Showroom
507167,2024-12-07,4449,116,47,1,262200000,14700000,27225000,274725000,Cash,Online
507168,2025-09-27,5095,102,30,1,476600000,23700000,49819000,502719000,Cash,Showroom
507169,2021-11-28,2132,118,65,1,209800000,6200000,22396000,225996000,Cash,Showroom
507170,2025-07-23,3325,152,22,1,274400000,2900000,29865000,301365000,Cash,Showroom
507171,2022-02-16,4758,116,21,1,256200000,10600000,27016000,272616000,Credit,Online
507172,2025-06-01,4750,179,114,1,1102300000,58100000,114862000,1159062000,Credit,Showroom
507173,2023-06-18,2553,116,83,1,262100000,1500000,28666000,289266000,Credit,Showroom
507174,2024-10-11,4024,102,76,1,482000000,15800000,51282000,517482000,Cash,Showroom
507175,2021-11-24,1261,102,104,1,451500000,5200000,49093000,495393000,Credit,Event
507176,2020-10-10,4216,147,72,1,202700000,9400000,21263000,214563000,Credit,Showroom
507177,2024-06-18,3746,173,4,1,1283300000,80300000,132330000,1335330000,Credit,Event
507178,2023-12-25,5496,126,32,1,659000000,41400000,67936000,685536000,Cash,Event
507179,2022-09-25,2549,128,113,1,308700000,200000,33935000,342435000,Cash,Showroom
507180,2020-09-13,3372,117,46,1,182000000,7500000,19195000,193695000,Cash,Showroom
507181,2022-03-12,4104,135,57,1,304000000,7500000,32615000,329115000,Credit,Showroom
507182,2023-05-30,2035,107,43,1,382400000,14800000,40436000,408036000,Credit,Showroom
507183,2023-10-04,3615,129,81,1,297000000,10200000,31548000,318348000,Credit,Showroom
507184,2025-09-19,4929,132,30,1,427800000,11500000,45793000,462093000,Credit,Showroom
507185,2022-06-13,4796,109,90,1,744200000,16300000,80069000,807969000,Credit,Showroom
507186,2023-05-29,3317,121,73,1,408100000,21800000,42493000,428793000,Credit,Online
507187,2024-05-03,3298,106,43,1,398400000,19600000,41668000,420468000,Credit,Online
507188,2025-08-07,1861,127,44,1,284000000,5800000,30602000,308802000,Credit,Showroom
507189,2024-12-17,4312,143,51,1,704300000,44000000,72633000,732933000,Credit,Showroom
507190,2020-05-15,1347,173,46,1,1294300000,68400000,134849000,1360749000,Cash,Online
507191,2025-05-01,2286,104,71,1,285600000,2700000,31119000,314019000,Credit,Online
507192,2020-12-25,1419,101,110,1,235800000,600000,25872000,261072000,Cash,Showroom
507193,2021-04-19,3841,136,48,3,472200000,87900000,146157000,1474857000,Credit,Fleet
507194,2025-08-15,2468,174,56,1,1900800000,109700000,197021000,1988121000,Credit,Showroom
507195,2025-01-25,5224,166,24,1,623200000,28500000,65417000,660117000,Credit,Event
507196,2025-10-22,3077,107,39,1,383000000,11900000,40821000,411921000,Credit,Event
507197,2024-11-09,4179,147,17,1,201400000,7800000,21296000,214896000,Cash,Online
507198,2025-03-05,2366,130,77,1,632500000,26700000,66638000,672438000,Credit,Online
507199,2025-11-17,3093,137,85,1,469400000,11800000,50336000,507936000,Cash,Showroom
507200,2020-05-28,1190,159,25,1,430600000,24300000,44693000,450993000,Credit,Showroom
507201,2023-09-17,3787,135,64,1,299300000,12200000,31581000,318681000,Credit,Showroom
507202,2023-05-28,1914,121,83,1,400500000,24500000,41360000,417360000,Cash,Showroom
507203,2021-02-16,4551,137,24,1,469800000,5500000,51073000,515373000,Credit,Showroom
507204,2021-04-04,3146,105,110,1,553900000,6500000,60214000,607614000,Cash,Showroom
507205,2022-11-01,2983,125,46,1,639600000,41500000,65791000,663891000,Credit,Showroom
507206,2025-06-01,4196,118,120,1,206200000,4200000,22220000,224220000,Cash,Showroom
507207,2022-06-15,3650,152,38,1,289900000,19800000,29711000,299811000,Cash,Showroom
507208,2021-02-28,3030,112,99,1,224500000,9300000,23672000,238872000,Cash,Showroom
507209,2024-09-13,4116,105,16,1,546500000,7700000,59268000,598068000,Credit,Showroom
507210,2024-12-20,2728,104,112,1,301900000,4200000,32747000,330447000,Credit,Showroom
507211,2025-06-05,1226,115,51,1,290000000,10800000,30712000,309912000,Cash,Showroom
507212,2024-11-20,1160,104,27,5,303700000,36100000,163064000,1645464000,Cash,Fleet
507213,2024-06-30,2986,123,24,1,763600000,47700000,78749000,794649000,Credit,Showroom
507214,2022-07-15,1733,138,56,1,246200000,17000000,25212000,254412000,Cash,Showroom
507215,2023-09-26,4084,125,23,1,657200000,25300000,69509000,701409000,Credit,Showroom
507216,2022-06-20,3749,137,68,1,472400000,20600000,49698000,501498000,Credit,Showroom
507217,2024-01-10,4733,110,25,1,777600000,25700000,82709000,834609000,Cash,Showroom
507218,2023-09-30,4815,103,103,1,287200000,11600000,30316000,305916000,Credit,Event
507219,2020-11-06,2152,126,79,1,621300000,24100000,65692000,662892000,Credit,Showroom
507220,2020-02-12,2622,121,42,1,408400000,13000000,43494000,438894000,Credit,Showroom
507221,2024-01-23,2766,109,51,1,791500000,37000000,82995000,837495000,Cash,Showroom
507222,2024-05-15,3546,113,50,1,172700000,3500000,18612000,187812000,Credit,Online
507223,2021-04-19,3942,127,92,1,287100000,11300000,30338000,306138000,Cash,Showroom
507224,2021-05-24,2149,122,33,1,751700000,9900000,81598000,823398000,Credit,Showroom
507225,2024-02-09,2196,125,75,1,623700000,16100000,66836000,674436000,Credit,Online
507226,2023-03-01,4829,112,81,1,233500000,14500000,24090000,243090000,Credit,Event
507227,2023-01-27,3742,129,117,6,312600000,71800000,198418000,2002218000,Credit,Fleet
507228,2020-02-28,2854,107,53,1,378100000,19900000,39402000,397602000,Credit,Showroom
507229,2023-01-21,2363,129,120,1,303700000,18800000,31339000,316239000,Credit,Showroom
507230,2024-08-07,2020,151,82,1,543400000,16900000,57915000,584415000,Cash,Showroom
507231,2021-04-18,2422,137,93,1,448800000,8400000,48444000,488844000,Cash,Showroom
507232,2023-02-07,4005,120,80,1,419900000,3800000,45771000,461871000,Cash,Showroom
507233,2023-03-13,4085,107,63,1,387000000,13900000,41041000,414141000,Credit,Showroom
507234,2024-05-02,5090,137,104,1,455300000,25600000,47267000,476967000,Cash,Showroom
507235,2023-10-01,4494,175,78,1,1056200000,27400000,113168000,1141968000,Cash,Showroom
507236,2024-07-10,1645,105,37,1,548900000,8200000,59477000,600177000,Credit,Showroom
507237,2025-03-12,5297,117,91,1,193900000,1300000,21186000,213786000,Credit,Online
507238,2021-07-25,2714,140,106,1,167500000,5900000,17776000,179376000,Credit,Showroom
507239,2025-07-28,4151,143,13,1,734000000,9200000,79728000,804528000,Cash,Online
507240,2020-12-01,4877,118,33,1,196000000,100000,21549000,217449000,Cash,Showroom
507241,2020-09-14,1584,122,5,1,743300000,34600000,77957000,786657000,Cash,Showroom
507242,2020-06-09,1768,137,34,1,469300000,31300000,48180000,486180000,Credit,Showroom
507243,2023-11-20,4977,108,47,3,180300000,35100000,55638000,561438000,Credit,Fleet
507244,2024-05-09,4955,105,88,1,577200000,8400000,62568000,631368000,Credit,Online
507245,2024-12-31,2774,125,28,1,648600000,36800000,67298000,679098000,Credit,Showroom
507246,2021-01-30,3591,163,1,1,587400000,37900000,60445000,609945000,Credit,Showroom
507247,2022-06-20,2342,128,63,1,296100000,14500000,30976000,312576000,Cash,Showroom
507248,2024-10-01,4965,114,73,1,298900000,15200000,31207000,314907000,Credit,Online
507249,2023-01-06,3499,107,14,1,371500000,25800000,38027000,383727000,Credit,Showroom
507250,2021-06-03,3616,163,55,1,555400000,4800000,60566000,611166000,Cash,Showroom
507251,2024-12-26,3966,138,11,1,245200000,5100000,26411000,266511000,Credit,Showroom
507252,2023-08-11,4272,131,87,1,377900000,22400000,39105000,394605000,Cash,Showroom
507253,2024-12-22,3570,146,57,1,207900000,13000000,21439000,216339000,Credit,Showroom
507254,2022-11-25,4037,109,90,1,768500000,26200000,81653000,823953000,Credit,Showroom
507255,2024-05-16,3253,114,72,1,290000000,7500000,31075000,313575000,Credit,Showroom
507256,2021-07-04,3993,165,43,1,433000000,17100000,45749000,461649000,Credit,Showroom
507257,2022-01-20,3763,180,117,1,1652200000,101900000,170533000,1720833000,Cash,Showroom
507258,2023-10-08,5048,114,46,4,284200000,68700000,117491000,1185591000,Credit,Fleet
507259,2020-09-23,1307,163,24,1,552900000,16000000,59059000,595959000,Credit,Showroom
507260,2025-08-13,4152,124,101,1,311600000,20600000,32010000,323010000,Credit,Showroom
507261,2022-09-03,1316,102,82,1,454800000,17100000,48147000,485847000,Credit,Showroom
507262,2022-09-02,1757,128,69,1,291600000,13600000,30580000,308580000,Credit,Showroom
507263,2023-06-28,2297,123,60,1,742000000,13600000,80124000,808524000,Credit,Showroom
507264,2022-11-29,4862,128,35,1,297900000,16000000,31009000,312909000,Cash,Online
507265,2024-01-21,3941,117,104,1,183600000,1800000,19998000,201798000,Cash,Showroom
507266,2023-03-25,4486,129,103,1,291800000,1000000,31988000,322788000,Cash,Showroom
507267,2025-03-15,3374,169,40,1,252900000,11400000,26565000,268065000,Credit,Showroom
507268,2025-09-01,4223,109,118,1,787300000,39800000,82225000,829725000,Credit,Showroom
507269,2021-12-15,2964,150,58,1,262600000,9300000,27863000,281163000,Cash,Event
507270,2022-01-20,1605,174,63,1,1920300000,41500000,206668000,2085468000,Credit,Showroom
507271,2022-09-10,4108,101,24,1,241300000,10300000,25410000,256410000,Credit,Showroom
507272,2021-06-20,5078,104,19,1,287000000,8500000,30635000,309135000,Credit,Showroom
507273,2021-02-05,3413,106,112,1,373200000,10400000,39908000,402708000,Credit,Showroom
507274,2021-03-05,1039,131,51,1,389800000,2700000,42581000,429681000,Credit,Showroom
507275,2025-02-07,3967,104,109,1,303500000,10000000,32285000,325785000,Credit,Showroom
507276,2021-02-08,1351,134,33,1,271400000,14800000,28226000,284826000,Cash,Showroom
507277,2020-10-07,2948,159,22,1,408500000,4400000,44451000,448551000,Credit,Showroom
507278,2023-09-26,1360,119,97,1,206800000,6000000,22088000,222888000,Credit,Showroom
507279,2023-03-28,2493,121,82,1,388800000,8900000,41789000,421689000,Credit,Showroom
507280,2022-07-26,2427,136,41,1,466700000,8500000,50402000,508602000,Credit,Showroom
507281,2020-11-03,1262,117,35,1,181500000,8700000,19008000,191808000,Credit,Showroom
507282,2024-01-21,4735,137,34,1,463700000,19500000,48862000,493062000,Cash,Showroom
507283,2024-01-25,3718,110,76,1,784200000,47100000,81081000,818181000,Credit,Online
507284,2022-05-25,1829,130,63,1,638000000,700000,70103000,707403000,Credit,Event
507285,2024-06-04,4786,118,89,1,208100000,10100000,21780000,219780000,Cash,Event
507286,2023-09-07,5472,143,78,1,703600000,28500000,74261000,749361000,Credit,Showroom
507287,2025-10-23,2878,109,18,1,791700000,15300000,85404000,861804000,Cash,Showroom
507288,2022-11-27,3762,121,74,1,398500000,8500000,42900000,432900000,Credit,Showroom
507289,2025-03-13,1317,111,84,1,239400000,4600000,25828000,260628000,Cash,Online
507290,2023-03-17,1225,124,76,1,319200000,13100000,33671000,339771000,Credit,Showroom
507291,2020-10-28,3701,119,42,1,206100000,7300000,21868000,220668000,Credit,Showroom
507292,2020-03-20,1489,120,5,1,417400000,12600000,44528000,449328000,Credit,Online
507293,2023-05-25,2232,133,73,1,438700000,12700000,46860000,472860000,Credit,Showroom
507294,2020-03-04,1214,111,103,1,234500000,9800000,24717000,249417000,Credit,Showroom
507295,2022-11-27,2799,113,25,1,165500000,6200000,17523000,176823000,Credit,Showroom
507296,2025-08-15,5236,105,56,1,559400000,37100000,57453000,579753000,Credit,Event
507297,2022-05-17,3597,140,31,1,167000000,9300000,17347000,175047000,Credit,Showroom
507298,2020-09-11,1685,163,78,1,585800000,34200000,60676000,612276000,Credit,Showroom
507299,2025-08-22,2641,107,81,1,376300000,21200000,39061000,394161000,Cash,Showroom
507300,2023-12-23,1084,136,80,1,459300000,16100000,48752000,491952000,Credit,Showroom
507301,2024-11-13,5184,137,68,1,455700000,11900000,48818000,492618000,Credit,Showroom
507302,2021-10-07,2385,136,71,1,457400000,29900000,47025000,474525000,Credit,Showroom
507303,2024-02-24,2074,104,24,1,291000000,9200000,30998000,312798000,Cash,Showroom
507304,2021-11-10,3340,109,88,1,761300000,5600000,83127000,838827000,Cash,Showroom
507305,2024-03-31,4259,109,49,1,776100000,22900000,82852000,836052000,Credit,Showroom
507306,2024-08-15,1086,129,104,1,303200000,800000,33264000,335664000,Cash,Showroom
507307,2023-10-12,2630,150,33,1,265100000,7300000,28358000,286158000,Cash,Showroom
507308,2021-06-15,2063,117,64,1,186800000,9500000,19503000,196803000,Credit,Showroom
507309,2025-03-12,5219,126,41,1,658800000,1300000,72325000,729825000,Cash,Event
507310,2021-04-03,4837,126,17,1,656300000,28200000,69091000,697191000,Credit,Event
507311,2023-06-20,4977,113,88,1,162200000,1900000,17633000,177933000,Cash,Showroom
507312,2022-10-19,5035,130,72,1,650900000,32800000,67991000,686091000,Credit,Online
507313,2025-06-03,4974,106,8,1,373900000,18800000,39061000,394161000,Cash,Showroom
507314,2025-02-25,2147,104,41,1,290900000,18900000,29920000,301920000,Credit,Online
507315,2023-12-08,3217,183,71,1,1837300000,32900000,198484000,2002884000,Cash,Showroom
507316,2024-05-10,2867,122,99,1,755800000,27100000,80157000,808857000,Credit,Showroom
507317,2021-06-28,4468,128,51,1,302200000,11800000,31944000,322344000,Credit,Showroom
507318,2021-06-14,3348,115,91,1,287500000,9000000,30635000,309135000,Credit,Showroom
507319,2020-04-03,3649,135,27,1,284300000,16600000,29447000,297147000,Credit,Showroom
507320,2022-11-25,3555,112,76,1,234100000,12500000,24376000,245976000,Credit,Showroom
507321,2020-03-04,3099,136,26,1,459500000,13200000,49093000,495393000,Cash,Online
507322,2024-02-16,4357,113,85,1,160800000,5100000,17127000,172827000,Credit,Online
507323,2023-11-24,2266,102,27,1,461800000,27200000,47806000,482406000,Credit,Showroom
507324,2024-01-05,2813,114,48,1,297000000,17700000,30723000,310023000,Credit,Showroom
507325,2024-03-03,4074,114,56,1,285700000,11500000,30162000,304362000,Credit,Showroom
507326,2022-08-05,4096,149,48,1,303000000,3200000,32978000,332778000,Credit,Showroom
507327,2020-11-26,2590,113,97,1,167100000,6700000,17644000,178044000,Credit,Showroom
507328,2024-03-24,4557,162,85,1,579800000,33000000,60148000,606948000,Credit,Showroom
507329,2023-01-15,1162,108,28,1,177700000,7000000,18777000,189477000,Credit,Showroom
507330,2024-08-24,1087,119,87,1,208000000,1000000,22770000,229770000,Cash,Showroom
507331,2023-12-17,4180,106,56,1,387600000,900000,42537000,429237000,Credit,Showroom
507332,2023-04-05,2186,118,86,1,207200000,12400000,21428000,216228000,Credit,Showroom
507333,2024-04-03,4718,121,55,1,407900000,11500000,43604000,440004000,Credit,Showroom
507334,2021-03-11,5312,112,89,1,238100000,3500000,25806000,260406000,Cash,Showroom
507335,2024-03-01,2961,128,94,1,313900000,6000000,33869000,341769000,Cash,Showroom
507336,2023-04-02,2834,135,82,1,287800000,13800000,30140000,304140000,Credit,Showroom
507337,2024-05-30,3909,113,25,1,161600000,11200000,16544000,166944000,Credit,Showroom
507338,2021-04-29,5317,107,91,1,398600000,7600000,43010000,434010000,Cash,Showroom
507339,2025-11-17,4382,107,31,1,381900000,2300000,41756000,421356000,Cash,Online
507340,2023-10-04,1828,131,112,1,398700000,14500000,42262000,426462000,Cash,Showroom
507341,2024-06-12,4374,117,75,1,185100000,8300000,19448000,196248000,Cash,Showroom
507342,2023-11-06,5362,138,101,1,247000000,2900000,26851000,270951000,Cash,Showroom
507343,2022-12-08,5300,112,105,1,223600000,8400000,23672000,238872000,Cash,Event
507344,2024-12-27,2669,133,82,1,433100000,8900000,46662000,470862000,Credit,Showroom
507345,2025-08-24,2290,122,87,1,742400000,44400000,76780000,774780000,Credit,Showroom
507346,2022-05-03,5458,103,61,1,288000000,13700000,30173000,304473000,Credit,Showroom
507347,2022-02-18,3901,160,10,1,374800000,13400000,39754000,401154000,Credit,Showroom
507348,2022-12-14,5358,135,58,1,290600000,600000,31900000,321900000,Credit,Event
507349,2024-02-18,5318,129,57,1,301800000,8100000,32307000,326007000,Cash,Showroom
507350,2020-05-16,4998,148,87,1,291600000,12500000,30701000,309801000,Credit,Showroom
507351,2022-10-12,4601,105,85,1,586500000,15300000,62832000,634032000,Credit,Showroom
507352,2025-02-13,2871,133,120,1,422600000,8100000,45595000,460095000,Cash,Event
507353,2022-05-06,1423,107,118,1,386800000,16500000,40733000,411033000,Credit,Showroom
507354,2021-04-03,3423,140,42,1,178300000,8200000,18711000,188811000,Cash,Showroom
507355,2024-03-11,2554,116,11,1,269300000,4000000,29183000,294483000,Credit,Showroom
507356,2022-08-29,2197,102,7,1,447300000,2400000,48939000,493839000,Credit,Showroom
507357,2024-04-20,2267,141,103,1,375300000,10800000,40095000,404595000,Cash,Showroom
507358,2022-05-01,2327,118,67,1,199700000,600000,21901000,221001000,Cash,Showroom
507359,2023-03-12,5492,179,81,1,1090300000,5700000,119306000,1203906000,Cash,Showroom
507360,2023-05-19,4542,116,32,1,254500000,4200000,27533000,277833000,Credit,Showroom
507361,2024-04-15,3963,127,27,1,278700000,7100000,29876000,301476000,Credit,Event
507362,2022-06-11,2879,125,24,1,645300000,11600000,69707000,703407000,Cash,Online
507363,2025-03-28,2839,112,10,1,224500000,3800000,24277000,244977000,Credit,Online
507364,2024-03-26,5149,175,100,1,1062400000,40100000,112453000,1134753000,Credit,Showroom
507365,2024-01-14,1161,106,47,1,398500000,26400000,40931000,413031000,Credit,Showroom
507366,2022-10-19,4953,140,101,1,178100000,12200000,18249000,184149000,Credit,Showroom
507367,2023-03-31,3514,119,96,1,200800000,5400000,21494000,216894000,Cash,Showroom
507368,2023-01-08,2328,125,18,1,632200000,37300000,65439000,660339000,Credit,Showroom
507369,2023-11-22,2357,129,61,1,314600000,15900000,32857000,331557000,Credit,Showroom
507370,2021-02-20,2761,105,1,1,584400000,20700000,62007000,625707000,Cash,Showroom
507371,2021-11-14,5320,102,61,1,473000000,19100000,49929000,503829000,Cash,Showroom
507372,2025-12-06,2249,140,113,1,169900000,4900000,18150000,183150000,Credit,Showroom
507373,2020-11-17,2273,118,38,1,194100000,700000,21274000,214674000,Credit,Showroom
507374,2025-01-21,1221,142,66,1,284300000,6400000,30569000,308469000,Credit,Showroom
507375,2024-07-10,4438,106,114,1,390600000,25100000,40205000,405705000,Credit,Showroom
507376,2022-08-31,2011,132,77,1,438000000,9200000,47168000,475968000,Credit,Online
507377,2023-07-04,5010,115,27,1,283300000,10300000,30030000,303030000,Credit,Online
507378,2024-07-18,4535,122,10,1,784300000,30500000,82918000,836718000,Credit,Showroom
507379,2021-09-17,5353,103,76,1,298500000,12000000,31515000,318015000,Credit,Showroom
507380,2023-05-28,1171,140,102,1,171500000,9000000,17875000,180375000,Credit,Showroom
507381,2025-04-01,1588,128,52,1,307800000,10200000,32736000,330336000,Credit,Showroom
507382,2023-08-09,5140,122,98,1,776500000,21900000,83006000,837606000,Cash,Showroom
507383,2022-11-16,3494,108,52,1,178000000,2600000,19294000,194694000,Cash,Showroom
507384,2023-11-01,5294,127,92,1,293800000,11600000,31042000,313242000,Credit,Showroom
507385,2020-10-05,3112,117,94,1,186900000,6700000,19822000,200022000,Credit,Showroom
507386,2023-09-24,2782,122,32,1,772200000,11900000,83633000,843933000,Cash,Showroom
507387,2024-11-21,4778,108,26,1,172800000,4500000,18513000,186813000,Credit,Showroom
507388,2023-02-18,4259,106,89,1,396500000,18500000,41580000,419580000,Credit,Showroom
507389,2023-11-15,3348,120,93,1,402200000,9200000,43230000,436230000,Credit,Event
507390,2022-06-07,2981,130,111,4,641200000,4000000,281688000,2842488000,Cash,Fleet
507391,2021-01-28,5197,130,40,1,624500000,9100000,67694000,683094000,Cash,Showroom
507392,2021-05-20,3494,110,50,1,785900000,15800000,84711000,854811000,Cash,Online
507393,2024-11-30,3922,126,34,1,629600000,42800000,64548000,651348000,Credit,Showroom
507394,2024-02-08,4284,118,9,1,202800000,9000000,21318000,215118000,Cash,Showroom
507395,2024-10-04,5014,120,85,1,388600000,18200000,40744000,411144000,Credit,Showroom
507396,2024-11-24,3543,113,47,1,169600000,5400000,18062000,182262000,Cash,Showroom
507397,2022-01-15,1761,110,98,1,794200000,53200000,81510000,822510000,Cash,Showroom
507398,2024-11-24,1928,127,6,1,287200000,6400000,30888000,311688000,Credit,Showroom
507399,2025-09-20,5399,123,83,1,779000000,54400000,79706000,804306000,Credit,Online
507400,2020-11-11,5496,137,42,1,464100000,26800000,48103000,485403000,Credit,Showroom
507401,2023-12-26,4333,132,78,1,409400000,18800000,42966000,433566000,Cash,Showroom
507402,2025-10-20,4274,123,40,1,741600000,25500000,78771000,794871000,Credit,Showroom
507403,2020-02-01,2822,179,56,1,1064400000,26200000,114202000,1152402000,Credit,Showroom
507404,2021-02-05,3452,130,41,1,668200000,30000000,70202000,708402000,Cash,Showroom
507405,2022-09-15,2053,111,80,1,224600000,5800000,24068000,242868000,Credit,Showroom
507406,2023-05-01,4345,140,67,1,166900000,5800000,17721000,178821000,Credit,Showroom
507407,2024-01-04,1940,124,23,1,326900000,17700000,34012000,343212000,Credit,Showroom
507408,2021-08-08,1065,113,38,1,160000000,5900000,16951000,171051000,Cash,Showroom
507409,2023-04-11,1666,105,77,1,565300000,25100000,59422000,599622000,Credit,Showroom
507410,2024-06-18,1683,119,31,1,204600000,7500000,21681000,218781000,Credit,Online
507411,2021-11-01,3349,180,25,1,1652600000,7600000,180950000,1825950000,Cash,Showroom
507412,2025-03-18,3047,108,56,1,180300000,4800000,19305000,194805000,Credit,Showroom
507413,2022-09-14,2084,132,49,1,440900000,21600000,46123000,465423000,Cash,Showroom
507414,2020-02-18,4125,131,38,1,390700000,22600000,40491000,408591000,Credit,Showroom
507415,2024-07-04,1976,128,109,1,291800000,2000000,31878000,321678000,Credit,Showroom
507416,2024-10-03,2398,111,42,1,238100000,3800000,25773000,260073000,Credit,Showroom
507417,2023-09-15,4802,145,20,1,344500000,3300000,37532000,378732000,Credit,Online
507418,2023-04-23,5156,107,98,1,394800000,14000000,41888000,422688000,Cash,Showroom
507419,2020-10-07,1104,124,8,1,313700000,13100000,33066000,333666000,Credit,Showroom
507420,2021-04-28,1455,104,17,1,295300000,11900000,31174000,314574000,Credit,Showroom
507421,2025-09-02,2052,132,75,1,424000000,29000000,43450000,438450000,Credit,Event
507422,2025-01-15,2685,163,58,1,561700000,33900000,58058000,585858000,Credit,Showroom
507423,2021-06-23,1538,134,120,1,264800000,12900000,27709000,279609000,Cash,Showroom
507424,2024-04-15,5276,133,118,1,416300000,6300000,45100000,455100000,Credit,Showroom
507425,2024-10-04,1702,153,3,1,434300000,10900000,46574000,469974000,Credit,Event
507426,2023-09-05,2808,135,62,2,290500000,15600000,62194000,627594000,Cash,Fleet
507427,2025-04-12,1444,131,58,1,381600000,14300000,40403000,407703000,Credit,Showroom
507428,2022-01-31,3708,118,62,5,194600000,48200000,101728000,1026528000,Credit,Fleet
507429,2021-05-01,3070,123,53,1,748300000,7400000,81499000,822399000,Credit,Showroom
507430,2022-09-15,1040,109,80,1,748700000,37200000,78265000,789765000,Credit,Showroom
507431,2025-12-12,4827,133,88,1,427200000,13200000,45540000,459540000,Credit,Event
507432,2021-07-09,1621,115,65,1,296800000,9000000,31658000,319458000,Credit,Showroom
507433,2025-06-03,4151,104,80,1,286900000,1700000,31372000,316572000,Credit,Showroom
507434,2020-03-08,2275,116,112,1,270600000,1500000,29601000,298701000,Credit,Showroom
507435,2023-10-24,4800,110,15,1,761300000,13200000,82291000,830391000,Credit,Showroom
507436,2023-06-29,1915,128,27,1,313100000,9300000,33418000,337218000,Credit,Showroom
507437,2022-08-09,2468,101,56,1,236700000,3400000,25663000,258963000,Credit,Showroom
507438,2022-10-10,4974,158,65,1,432000000,12400000,46156000,465756000,Cash,Showroom
507439,2020-01-11,3139,113,26,1,172800000,10600000,17842000,180042000,Cash,Online
507440,2024-06-09,2976,112,113,1,227500000,3400000,24651000,248751000,Cash,Showroom
507441,2023-12-26,3073,153,71,1,421200000,9100000,45331000,457431000,Credit,Showroom
507442,2023-01-09,5492,176,118,5,1447500000,483100000,742984000,7497384000,Cash,Fleet
507443,2025-12-10,4672,153,4,1,428200000,8300000,46189000,466089000,Credit,Showroom
507444,2024-01-13,4835,103,85,1,296000000,20400000,30316000,305916000,Credit,Showroom
507445,2020-09-19,2131,104,69,1,301000000,11000000,31900000,321900000,Credit,Showroom
507446,2025-05-04,5238,131,120,1,383400000,20700000,39897000,402597000,Credit,Showroom
507447,2025-03-27,5476,112,5,1,240500000,3300000,26092000,263292000,Cash,Showroom
507448,2023-12-06,4760,106,108,1,375300000,10900000,40084000,404484000,Cash,Showroom
507449,2021-09-08,3424,104,25,1,294300000,7700000,31526000,318126000,Cash,Event
507450,2022-08-11,5037,103,6,1,283300000,7800000,30305000,305805000,Credit,Showroom
507451,2021-04-06,3369,141,88,1,397700000,23000000,41217000,415917000,Credit,Showroom
507452,2025-12-12,2777,134,42,1,260800000,10900000,27489000,277389000,Cash,Showroom
507453,2023-11-02,4471,114,36,1,280300000,18500000,28798000,290598000,Cash,Showroom
507454,2022-02-25,2653,104,21,1,303700000,9200000,32395000,326895000,Credit,Showroom
507455,2023-01-28,3884,167,106,1,671700000,45200000,68915000,695415000,Credit,Showroom
507456,2024-06-14,3967,108,85,1,171400000,8400000,17930000,180930000,Credit,Showroom
507457,2024-11-20,2990,128,71,1,297700000,16800000,30899000,311799000,Credit,Showroom
507458,2023-01-12,4806,144,44,1,760000000,49900000,78111000,788211000,Credit,Event
507459,2020-06-08,4763,115,4,1,293400000,9600000,31218000,315018000,Cash,Showroom
507460,2020-10-18,2636,128,74,1,312600000,15200000,32714000,330114000,Credit,Showroom
507461,2022-05-07,3506,111,100,1,238800000,16600000,24442000,246642000,Cash,Showroom
507462,2025-10-17,4809,116,101,1,260000000,8000000,27720000,279720000,Credit,Showroom
507463,2023-05-16,3241,141,90,1,392200000,4100000,42691000,430791000,Credit,Event
507464,2022-09-11,2624,130,30,1,626200000,29400000,65648000,662448000,Cash,Showroom
507465,2020-05-16,2062,108,62,1,177000000,5500000,18865000,190365000,Credit,Online
507466,2022-03-10,4777,162,80,1,568000000,25300000,59697000,602397000,Credit,Showroom
507467,2025-05-25,1644,118,66,1,205400000,4500000,22099000,222999000,Credit,Showroom
507468,2024-12-20,4159,142,114,1,299200000,6200000,32230000,325230000,Cash,Event
507469,2020-08-06,3659,120,80,1,412600000,28200000,42284000,426684000,Credit,Showroom
507470,2022-03-07,5343,110,113,1,747800000,2000000,82038000,827838000,Credit,Showroom
507471,2023-04-28,3452,137,32,1,441200000,23400000,45958000,463758000,Credit,Showroom
507472,2022-05-03,5377,132,57,1,429000000,13200000,45738000,461538000,Cash,Showroom
507473,2024-09-18,2230,116,44,3,263300000,21100000,84568000,853368000,Credit,Fleet
507474,2024-12-07,3361,108,38,1,178900000,6400000,18975000,191475000,Cash,Showroom
507475,2025-10-01,1536,156,58,1,690400000,30400000,72600000,732600000,Credit,Showroom
507476,2024-11-19,2072,125,65,1,654100000,27900000,68882000,695082000,Credit,Showroom
507477,2023-02-21,4736,134,1,1,270300000,1300000,29590000,298590000,Cash,Showroom
507478,2021-01-29,2298,124,60,1,324100000,20600000,33385000,336885000,Credit,Showroom
507479,2022-12-12,4241,103,120,1,299800000,3800000,32560000,328560000,Credit,Showroom
507480,2025-12-22,1140,101,70,1,251000000,12700000,26213000,264513000,Cash,Showroom
507481,2024-01-29,3709,107,41,1,392600000,10900000,41987000,423687000,Cash,Showroom
507482,2025-06-22,3785,110,113,1,777500000,45200000,80553000,812853000,Cash,Showroom
507483,2024-01-26,1319,169,19,1,262100000,8600000,27885000,281385000,Credit,Online
507484,2020-06-08,3301,123,69,1,755800000,4400000,82654000,834054000,Credit,Showroom
507485,2020-02-27,3936,103,45,1,294600000,1900000,32197000,324897000,Cash,Showroom
507486,2021-10-05,3163,108,34,1,177000000,5700000,18843000,190143000,Credit,Showroom
507487,2023-05-17,2891,127,43,1,292500000,18400000,30151000,304251000,Credit,Online
507488,2020-12-17,2447,121,83,1,394700000,4700000,42900000,432900000,Cash,Showroom
507489,2024-03-22,1658,136,75,6,436900000,146800000,272206000,2746806000,Credit,Fleet
507490,2021-08-24,3064,111,42,1,231100000,15400000,23727000,239427000,Credit,Showroom
507491,2024-08-21,4351,143,101,1,711500000,26100000,75394000,760794000,Cash,Showroom
507492,2025-08-27,3500,155,66,6,670400000,40900000,437965000,4419465000,Credit,Fleet
507493,2023-08-08,3456,104,113,1,286500000,2200000,31273000,315573000,Cash,Showroom
507494,2021-04-16,4250,147,57,1,202500000,13000000,20845000,210345000,Cash,Showroom
507495,2023-08-01,2412,136,97,1,463800000,8200000,50116000,505716000,Credit,Showroom
507496,2020-01-10,1900,145,19,1,353200000,3600000,38456000,388056000,Cash,Showroom
507497,2022-05-09,2462,161,64,1,425500000,27200000,43813000,442113000,Credit,Showroom
507498,2025-03-28,2584,160,70,1,382000000,1900000,41811000,421911000,Credit,Showroom
507499,2023-11-17,2504,106,112,1,376800000,26000000,38588000,389388000,Credit,Showroom
507500,2020-05-22,2442,109,115,1,765200000,28100000,81081000,818181000,Credit,Online
507501,2025-03-27,3921,121,94,1,400300000,6100000,43362000,437562000,Cash,Online
507502,2025-07-21,2288,132,101,1,420100000,6400000,45507000,459207000,Credit,Showroom
507503,2024-10-04,2049,124,63,1,333600000,8300000,35783000,361083000,Credit,Showroom
507504,2023-10-01,3395,124,111,1,322400000,4900000,34925000,352425000,Cash,Showroom
507505,2022-03-06,1195,114,111,1,288100000,11700000,30404000,306804000,Credit,Showroom
507506,2023-07-12,4363,118,102,1,194700000,10700000,20240000,204240000,Cash,Showroom
507507,2023-11-06,3974,122,10,1,749500000,27700000,79398000,801198000,Credit,Showroom
507508,2023-01-19,1172,105,34,1,553300000,14700000,59246000,597846000,Credit,Showroom
507509,2020-09-01,3675,135,18,1,296500000,15700000,30888000,311688000,Cash,Showroom
507510,2023-07-10,5116,120,21,1,413500000,22700000,42988000,433788000,Cash,Showroom
507511,2023-04-02,1943,148,105,1,286700000,9000000,30547000,308247000,Cash,Showroom
507512,2024-05-23,1173,116,8,1,267100000,4600000,28875000,291375000,Credit,Showroom
507513,2024-12-17,3131,148,70,1,295800000,18000000,30558000,308358000,Credit,Showroom
507514,2020-12-03,2032,118,114,1,208900000,1400000,22825000,230325000,Cash,Showroom
507515,2021-06-21,4710,118,19,1,202100000,8800000,21263000,214563000,Cash,Showroom
507516,2022-04-13,4328,180,34,1,1657300000,103900000,170874000,1724274000,Credit,Showroom
507517,2021-07-26,2015,106,70,1,370800000,15500000,39083000,394383000,Cash,Showroom
507518,2023-12-12,4040,102,79,1,450000000,9700000,48433000,488733000,Credit,Showroom
507519,2022-07-19,2894,176,44,1,1507400000,21000000,163504000,1649904000,Cash,Event
507520,2022-08-13,1717,113,17,1,169600000,8100000,17765000,179265000,Cash,Showroom
507521,2020-06-21,4068,132,18,1,409000000,13600000,43494000,438894000,Credit,Showroom
507522,2022-12-09,3716,104,17,1,282300000,10100000,29942000,302142000,Cash,Showroom
507523,2023-07-20,1398,124,48,1,316100000,17900000,32802000,331002000,Credit,Showroom
507524,2023-04-22,3997,119,111,1,202600000,900000,22187000,223887000,Credit,Showroom
507525,2025-10-03,2607,120,71,1,404400000,22000000,42064000,424464000,Cash,Showroom
507526,2022-08-26,4735,148,71,1,295500000,3400000,32131000,324231000,Credit,Showroom
507527,2024-05-03,1515,136,63,1,445300000,18600000,46937000,473637000,Credit,Online
507528,2021-09-28,5214,106,37,1,374300000,23400000,38599000,389499000,Credit,Showroom
507529,2024-01-10,2263,115,46,1,286600000,8500000,30591000,308691000,Cash,Showroom
507530,2025-12-03,3345,148,45,1,292500000,6400000,31471000,317571000,Credit,Showroom
507531,2020-06-06,4851,105,4,1,551200000,12000000,59312000,598512000,Credit,Showroom
507532,2024-04-12,4455,103,55,1,294600000,9100000,31405000,316905000,Credit,Showroom
507533,2025-04-18,2041,133,37,1,421000000,13600000,44814000,452214000,Cash,Showroom
507534,2022-02-09,3282,110,78,1,787700000,40700000,82170000,829170000,Cash,Showroom
507535,2022-09-03,2204,102,93,1,466200000,6000000,50622000,510822000,Cash,Event
507536,2022-06-17,4275,115,48,1,278100000,8100000,29700000,299700000,Credit,Showroom
507537,2024-02-21,3577,116,114,1,254700000,16000000,26257000,264957000,Credit,Showroom
507538,2022-11-20,1671,114,78,1,283500000,3100000,30844000,311244000,Cash,Showroom
507539,2025-07-02,2098,139,33,1,257600000,7300000,27533000,277833000,Cash,Showroom
507540,2023-10-09,4169,148,38,1,284800000,12900000,29909000,301809000,Credit,Showroom
507541,2025-04-11,4085,112,98,1,230400000,5700000,24717000,249417000,Cash,Showroom
507542,2024-07-01,1343,124,110,1,317700000,4400000,34463000,347763000,Credit,Showroom
507543,2024-01-24,5304,136,102,1,455400000,19000000,48004000,484404000,Cash,Showroom
507544,2022-09-22,1428,110,100,1,761500000,20800000,81477000,822177000,Credit,Showroom
507545,2023-06-13,2269,131,35,1,382600000,2800000,41778000,421578000,Credit,Showroom
507546,2022-07-23,4456,102,35,1,462300000,26100000,47982000,484182000,Credit,Showroom
507547,2024-05-31,5286,121,41,1,394000000,8200000,42438000,428238000,Credit,Event
507548,2023-04-21,4346,108,45,1,183700000,5800000,19569000,197469000,Credit,Showroom
507549,2025-02-06,3630,110,118,1,766200000,11500000,83017000,837717000,Cash,Showroom
507550,2024-01-10,4466,135,46,1,281700000,3000000,30657000,309357000,Credit,Showroom
507551,2024-12-09,5003,123,29,6,747200000,24700000,490435000,4948935000,Credit,Fleet
507552,2023-06-15,5322,110,7,1,741100000,28300000,78408000,791208000,Credit,Showroom
507553,2024-03-06,2368,135,53,1,281800000,1300000,30855000,311355000,Cash,Showroom
507554,2023-09-21,3152,153,80,1,414100000,7900000,44682000,450882000,Cash,Online
507555,2023-11-05,5413,108,120,1,182100000,8600000,19085000,192585000,Credit,Showroom
507556,2022-11-04,1559,128,11,1,300900000,13200000,31647000,319347000,Credit,Showroom
507557,2025-12-17,5311,102,59,1,472200000,26800000,48994000,494394000,Credit,Showroom
507558,2025-03-25,4402,119,63,1,195800000,11500000,20273000,204573000,Credit,Online
507559,2021-03-17,5174,106,8,1,392500000,10200000,42053000,424353000,Cash,Showroom
507560,2025-03-10,5408,117,50,1,179700000,4000000,19327000,195027000,Cash,Showroom
507561,2020-08-11,2488,107,118,1,375200000,10600000,40106000,404706000,Cash,Showroom
507562,2021-12-24,1230,139,115,4,261400000,20300000,112783000,1138083000,Cash,Fleet
507563,2024-01-21,3292,128,31,1,292000000,12100000,30789000,310689000,Credit,Event
507564,2022-05-15,5372,105,25,1,556800000,37200000,57156000,576756000,Cash,Online
507565,2024-06-10,1674,106,52,1,376400000,20700000,39127000,394827000,Credit,Showroom
507566,2022-04-09,2206,127,59,1,275500000,10900000,29106000,293706000,Credit,Showroom
507567,2025-11-14,1491,107,16,1,386300000,13200000,41041000,414141000,Credit,Showroom
507568,2023-12-24,4118,112,97,1,240200000,4300000,25949000,261849000,Cash,Showroom
507569,2020-01-26,3512,101,9,1,236100000,5400000,25377000,256077000,Cash,Showroom
507570,2021-10-30,2982,110,77,1,779600000,23100000,83215000,839715000,Cash,Showroom
507571,2023-05-21,2191,125,61,1,642000000,6300000,69927000,705627000,Credit,Showroom
507572,2021-06-28,1034,108,62,1,172600000,2000000,18766000,189366000,Credit,Online
507573,2023-07-05,4732,107,23,5,374700000,45200000,201113000,2029413000,Credit,Fleet
507574,2020-06-26,3169,107,28,1,373500000,12800000,39677000,400377000,Credit,Online
507575,2025-06-30,3620,157,17,1,340000000,8700000,36443000,367743000,Credit,Event
507576,2024-04-10,1580,104,107,1,291000000,15200000,30338000,306138000,Credit,Showroom
507577,2020-10-05,2097,140,20,1,169500000,1900000,18436000,186036000,Credit,Showroom
507578,2022-11-23,4258,113,94,1,161400000,400000,17710000,178710000,Credit,Showroom
507579,2024-12-25,2596,158,79,2,410100000,7900000,89353000,901653000,Cash,Fleet
507580,2022-05-10,1800,104,22,1,295700000,5700000,31900000,321900000,Credit,Showroom
507581,2025-08-31,3451,113,63,1,171000000,7600000,17974000,181374000,Credit,Online
507582,2025-07-20,2306,131,111,1,395000000,22500000,40975000,413475000,Credit,Showroom
507583,2025-06-03,1929,106,117,1,374100000,8400000,40227000,405927000,Cash,Showroom
507584,2024-07-11,2564,127,27,1,292100000,6900000,31372000,316572000,Credit,Event
507585,2024-02-01,1931,105,44,1,571700000,13800000,61369000,619269000,Credit,Showroom
507586,2025-08-01,3511,128,2,1,310500000,21500000,31790000,320790000,Credit,Showroom
507587,2020-03-05,2212,126,62,1,643800000,26500000,67903000,685203000,Cash,Showroom
507588,2023-03-08,5104,130,5,1,665200000,26800000,70224000,708624000,Credit,Showroom
507589,2024-01-16,1069,126,72,1,663900000,21500000,70664000,713064000,Credit,Showroom
507590,2022-07-27,1281,136,4,4,450900000,63600000,191400000,1931400000,Cash,Fleet
507591,2023-01-06,3002,126,96,1,621400000,16600000,66528000,671328000,Credit,Showroom
507592,2024-09-28,3556,145,87,1,360300000,23600000,37037000,373737000,Credit,Showroom
507593,2022-05-27,5115,118,106,1,205900000,11900000,21340000,215340000,Cash,Showroom
507594,2025-12-07,3050,144,67,1,759600000,21700000,81169000,819069000,Credit,Showroom
507595,2025-06-03,2466,152,37,1,276200000,16300000,28589000,288489000,Credit,Showroom
507596,2021-06-01,1718,106,119,1,378400000,18900000,39545000,399045000,Credit,Showroom
507597,2025-12-14,4793,131,26,1,383800000,4700000,41701000,420801000,Credit,Event
507598,2020-08-23,2141,124,38,1,331100000,23100000,33880000,341880000,Credit,Online
507599,2021-07-26,1470,108,17,1,181700000,6600000,19261000,194361000,Credit,Showroom
507600,2025-12-19,2460,126,79,1,666100000,32600000,69685000,703185000,Cash,Showroom
507601,2024-11-27,2121,169,83,1,261300000,100000,28732000,289932000,Cash,Showroom
507602,2025-12-09,1192,128,14,1,294200000,3600000,31966000,322566000,Cash,Showroom
507603,2025-05-10,3148,163,115,1,550900000,18800000,58531000,590631000,Credit,Showroom
507604,2025-08-02,1744,134,14,1,258200000,7700000,27555000,278055000,Cash,Showroom
507605,2021-09-12,2751,132,50,1,436400000,9300000,46981000,474081000,Credit,Showroom
507606,2025-11-15,3863,123,9,1,773400000,42200000,80432000,811632000,Credit,Showroom
507607,2023-06-28,3200,125,105,1,635100000,23900000,67232000,678432000,Credit,Showroom
507608,2024-12-27,2903,109,7,1,794100000,27700000,84304000,850704000,Cash,Showroom
507609,2021-01-14,2058,136,95,1,461700000,15200000,49115000,495615000,Credit,Showroom
507610,2025-03-30,5339,130,35,1,668300000,16900000,71654000,723054000,Credit,Showroom
507611,2024-10-14,1651,129,68,1,297100000,17900000,30712000,309912000,Credit,Showroom
507612,2022-05-19,4070,124,73,1,315700000,21900000,32318000,326118000,Cash,Showroom
507613,2024-09-29,1517,103,57,1,285900000,8000000,30569000,308469000,Cash,Showroom
507614,2024-06-05,3133,118,118,1,198800000,11600000,20592000,207792000,Credit,Showroom
507615,2023-03-31,1603,104,95,1,301600000,5400000,32582000,328782000,Credit,Showroom
507616,2023-06-13,5055,139,41,1,260300000,8600000,27687000,279387000,Cash,Showroom
507617,2024-12-07,1422,146,82,1,194100000,9900000,20262000,204462000,Credit,Showroom
507618,2020-11-01,2687,121,110,1,390800000,500000,42933000,433233000,Cash,Showroom
507619,2022-04-06,2405,105,115,1,558000000,6900000,60621000,611721000,Cash,Showroom
507620,2021-04-25,1848,107,35,1,386100000,15800000,40733000,411033000,Credit,Showroom
507621,2025-10-24,5343,103,28,1,300000000,6700000,32263000,325563000,Credit,Showroom
507622,2024-12-02,5114,156,107,1,652500000,9400000,70741000,713841000,Credit,Showroom
507623,2024-02-28,1670,102,16,1,479000000,11300000,51447000,519147000,Credit,Event
507624,2024-06-21,5162,119,43,1,200300000,2800000,21725000,219225000,Credit,Showroom
507625,2022-08-24,2149,118,116,1,207100000,100000,22770000,229770000,Credit,Showroom
507626,2024-02-17,4940,132,56,1,428200000,10100000,45991000,464091000,Cash,Showroom
507627,2023-01-27,3984,146,9,1,208500000,11700000,21648000,218448000,Credit,Showroom
507628,2025-09-09,4880,139,70,1,249900000,14400000,25905000,261405000,Credit,Showroom
507629,2025-05-09,1370,138,7,1,247400000,12900000,25795000,260295000,Credit,Showroom
507630,2023-11-17,5425,116,119,1,258300000,10700000,27236000,274836000,Credit,Event
507631,2024-04-06,2285,102,94,1,480000000,21800000,50402000,508602000,Credit,Showroom
507632,2023-05-20,5164,105,59,1,570500000,22000000,60335000,608835000,Credit,Showroom
507633,2025-06-06,5101,108,78,1,179900000,4700000,19272000,194472000,Credit,Showroom
507634,2025-04-24,5433,140,15,1,174000000,3500000,18755000,189255000,Credit,Showroom
507635,2024-08-06,4329,130,25,5,625700000,197700000,322388000,3253188000,Credit,Fleet
507636,2020-11-19,5175,128,110,2,302700000,34800000,62766000,633366000,Credit,Fleet
507637,2024-03-24,3612,102,7,1,450800000,29000000,46398000,468198000,Cash,Showroom
507638,2022-11-10,1964,103,75,1,300800000,18000000,31108000,313908000,Cash,Showroom
507639,2024-01-12,5405,112,31,1,239800000,10600000,25212000,254412000,Cash,Showroom
507640,2022-02-07,3990,127,77,1,281000000,14600000,29304000,295704000,Cash,Event
507641,2020-10-27,3346,121,13,1,418900000,26300000,43186000,435786000,Cash,Showroom
507642,2025-11-08,1154,123,111,1,766200000,32900000,80663000,813963000,Credit,Showroom
507643,2024-11-11,3845,129,78,1,311300000,12300000,32890000,331890000,Credit,Showroom
507644,2021-08-25,1137,138,87,1,253400000,12000000,26554000,267954000,Cash,Showroom
507645,2022-01-26,2668,106,54,1,391000000,17200000,41118000,414918000,Credit,Showroom
507646,2023-12-10,4439,113,109,1,172700000,500000,18942000,191142000,Credit,Showroom
507647,2025-11-30,2593,124,113,1,324900000,4300000,35266000,355866000,Credit,Event
507648,2024-09-21,5448,141,116,1,396400000,13300000,42141000,425241000,Cash,Showroom
507649,2024-02-17,4441,126,1,1,648500000,40800000,66847000,674547000,Credit,Showroom
507650,2022-03-02,2278,117,115,1,183400000,12400000,18810000,189810000,Credit,Showroom
507651,2024-03-21,3232,139,105,1,259200000,9800000,27434000,276834000,Cash,Showroom
507652,2022-03-28,1682,160,49,1,387700000,17400000,40733000,411033000,Credit,Showroom
507653,2023-05-03,3314,147,57,1,205500000,3400000,22231000,224331000,Credit,Showroom
507654,2022-08-22,2194,119,95,1,199700000,13700000,20460000,206460000,Cash,Online
507655,2024-11-10,2641,115,44,1,288300000,2500000,31438000,317238000,Credit,Showroom
507656,2023-11-11,2014,113,102,1,163600000,8400000,17072000,172272000,Credit,Online
507657,2024-12-05,3161,126,102,1,653600000,15500000,70191000,708291000,Credit,Online
507658,2024-01-20,5392,122,103,1,778200000,13200000,84150000,849150000,Credit,Showroom
507659,2025-03-26,1605,104,97,1,293200000,17800000,30294000,305694000,Cash,Event
507660,2025-10-01,3954,105,119,1,564200000,39100000,57761000,582861000,Cash,Showroom
507661,2023-11-23,1806,104,35,1,284900000,14900000,29700000,299700000,Credit,Online
507662,2025-06-18,1371,139,13,1,258400000,11000000,27214000,274614000,Credit,Online
507663,2025-04-27,5371,125,57,1,638400000,38900000,65945000,665445000,Credit,Showroom
507664,2022-09-05,2145,130,16,1,665300000,19200000,71071000,717171000,Credit,Showroom
507665,2022-01-01,3493,119,110,1,209100000,100000,22990000,231990000,Credit,Showroom
507666,2025-12-25,1889,120,60,1,389100000,22200000,40359000,407259000,Credit,Showroom
507667,2021-11-24,1311,119,11,1,198700000,7300000,21054000,212454000,Credit,Showroom
507668,2025-11-25,4076,114,17,1,278400000,17700000,28677000,289377000,Cash,Showroom
507669,2025-06-15,3884,137,40,1,465100000,22300000,48708000,491508000,Credit,Showroom
507670,2021-12-25,1855,159,78,1,414900000,24600000,42933000,433233000,Cash,Showroom
507671,2023-01-07,3939,101,90,1,234300000,13300000,24310000,245310000,Cash,Showroom
507672,2025-10-18,4060,123,10,6,770200000,122400000,494868000,4993668000,Cash,Fleet
507673,2024-02-27,5265,108,84,1,174600000,6100000,18535000,187035000,Credit,Online
507674,2025-11-28,1616,101,56,1,247800000,13200000,25806000,260406000,Credit,Showroom
507675,2023-12-02,2719,109,104,1,796900000,17800000,85701000,864801000,Cash,Showroom
507676,2023-05-04,4188,115,15,1,282700000,10100000,29986000,302586000,Credit,Showroom
507677,2025-10-16,2053,136,61,1,439300000,6300000,47630000,480630000,Cash,Showroom
507678,2024-06-04,5395,110,11,1,793800000,22900000,84799000,855699000,Cash,Online
507679,2023-01-14,2109,116,60,1,259600000,17300000,26653000,268953000,Cash,Showroom
507680,2022-07-02,1092,131,88,1,373500000,7400000,40271000,406371000,Credit,Showroom
507681,2023-04-02,2981,103,3,1,304000000,7200000,32648000,329448000,Cash,Showroom
507682,2025-04-08,3795,114,114,1,280000000,9100000,29799000,300699000,Cash,Showroom
507683,2023-11-30,5424,106,107,1,393600000,20100000,41085000,414585000,Cash,Showroom
507684,2025-11-10,1742,107,31,1,390100000,12700000,41514000,418914000,Credit,Showroom
507685,2023-02-27,3315,125,94,1,657800000,3800000,71940000,725940000,Cash,Online
507686,2021-12-06,3407,136,2,1,444900000,10200000,47817000,482517000,Credit,Showroom
507687,2024-08-13,1240,104,95,6,281900000,59300000,179531000,1811631000,Credit,Fleet
507688,2024-03-22,2416,107,5,1,393900000,19600000,41173000,415473000,Credit,Showroom
507689,2020-08-20,1487,121,106,1,415600000,7700000,44869000,452769000,Credit,Online
507690,2022-04-14,3761,130,20,1,655000000,25600000,69234000,698634000,Cash,Showroom
507691,2025-03-02,3085,101,27,1,248700000,7200000,26565000,268065000,Credit,Showroom
507692,2020-08-17,3938,107,110,1,389400000,20300000,40601000,409701000,Credit,Showroom
507693,2023-05-15,1834,142,117,1,282900000,0,31119000,314019000,Credit,Showroom
507694,2021-11-05,3514,117,98,5,188700000,36000000,99825000,1007325000,Credit,Fleet
507695,2024-05-08,3347,142,9,1,287900000,18600000,29623000,298923000,Credit,Showroom
507696,2022-12-26,2104,112,79,1,240000000,4400000,25916000,261516000,Credit,Showroom
507697,2024-02-22,4409,118,17,1,202000000,200000,22198000,223998000,Credit,Showroom
507698,2020-04-02,1409,118,65,1,207400000,5100000,22253000,224553000,Credit,Showroom
507699,2021-06-04,3685,105,79,1,572200000,4200000,62480000,630480000,Credit,Event
507700,2024-11-07,2789,104,72,1,292100000,13800000,30613000,308913000,Cash,Showroom
507701,2022-01-17,2062,118,31,1,203400000,4100000,21923000,221223000,Credit,Showroom
507702,2025-12-20,4710,127,6,1,274000000,13300000,28677000,289377000,Credit,Showroom
507703,2023-12-08,1903,107,94,1,397200000,15700000,41965000,423465000,Credit,Online
507704,2025-07-26,2480,106,54,1,374900000,19800000,39061000,394161000,Cash,Showroom
507705,2024-06-23,1592,120,22,1,394500000,12900000,41976000,423576000,Cash,Showroom
507706,2022-04-23,2709,136,3,1,449300000,1600000,49247000,496947000,Credit,Showroom
507707,2023-08-21,1583,105,2,1,556000000,16400000,59356000,598956000,Credit,Showroom
507708,2023-11-23,3601,136,72,1,437600000,28300000,45023000,454323000,Credit,Showroom
507709,2023-05-08,4168,148,109,1,298400000,4700000,32307000,326007000,Cash,Showroom
507710,2023-11-04,4954,103,4,1,290200000,18400000,29898000,301698000,Credit,Online
507711,2023-08-20,4154,154,41,1,860900000,30000000,91399000,922299000,Credit,Showroom
507712,2024-03-31,4960,105,102,1,581200000,29500000,60687000,612387000,Cash,Showroom
507713,2025-02-10,5363,106,73,1,376200000,2200000,41140000,415140000,Credit,Showroom
507714,2024-04-17,3546,127,72,1,271900000,2600000,29623000,298923000,Credit,Showroom
507715,2025-07-14,3090,113,120,1,164800000,3900000,17699000,178599000,Credit,Showroom
507716,2023-08-13,2385,112,96,1,228700000,6800000,24409000,246309000,Credit,Online
507717,2022-09-07,2484,117,38,1,179400000,4300000,19261000,194361000,Credit,Showroom
507718,2023-06-09,1805,138,39,1,253300000,12200000,26521000,267621000,Cash,Showroom
507719,2022-12-25,3183,119,53,1,203400000,4600000,21868000,220668000,Cash,Showroom
507720,2024-02-23,1837,104,67,1,293100000,3300000,31878000,321678000,Credit,Showroom
507721,2025-05-24,4479,129,29,1,297500000,12800000,31317000,316017000,Credit,Showroom
507722,2025-08-14,1142,120,71,1,396800000,19100000,41547000,419247000,Credit,Showroom
507723,2025-07-31,4406,131,86,1,372900000,1500000,40854000,412254000,Credit,Showroom
507724,2024-08-31,3052,128,1,1,297300000,12400000,31339000,316239000,Credit,Showroom
507725,2025-12-31,5005,101,14,1,234600000,6200000,25124000,253524000,Cash,Showroom
507726,2022-10-26,1716,134,58,1,266200000,13000000,27852000,281052000,Credit,Showroom
507727,2021-06-30,3870,128,106,1,302000000,12900000,31801000,320901000,Credit,Showroom
507728,2022-09-18,1643,103,46,1,303600000,18600000,31350000,316350000,Cash,Showroom
507729,2021-05-28,3375,150,117,1,261000000,5600000,28094000,283494000,Cash,Showroom
507730,2022-05-15,3652,119,45,1,207500000,11000000,21615000,218115000,Cash,Showroom
507731,2023-03-11,5208,108,27,1,176100000,1300000,19228000,194028000,Credit,Showroom
507732,2022-01-12,1854,115,28,1,286600000,15100000,29865000,301365000,Credit,Showroom
507733,2021-07-19,4641,108,74,1,176500000,7700000,18568000,187368000,Cash,Showroom
507734,2021-01-02,3584,102,84,1,449100000,29600000,46145000,465645000,Credit,Showroom
507735,2023-07-28,4642,125,119,1,623000000,15300000,66847000,674547000,Credit,Showroom
507736,2023-06-21,3709,118,3,1,199300000,8200000,21021000,212121000,Cash,Showroom
507737,2022-01-07,1186,148,1,1,288900000,13400000,30305000,305805000,Credit,Showroom
507738,2022-08-07,1096,111,60,1,230900000,3500000,25014000,252414000,Credit,Showroom
507739,2022-08-04,4018,124,72,2,318900000,2800000,69850000,704850000,Cash,Fleet
507740,2025-04-25,2614,109,13,1,740200000,25400000,78628000,793428000,Cash,Showroom
507741,2025-04-06,2008,142,52,1,286400000,11000000,30294000,305694000,Credit,Showroom
507742,2025-01-08,1116,125,3,1,625600000,19400000,66682000,672882000,Credit,Showroom
507743,2025-12-23,2543,113,61,1,164500000,1300000,17952000,181152000,Cash,Showroom
507744,2024-10-02,1477,112,7,1,240400000,5600000,25828000,260628000,Credit,Event
507745,2022-02-05,5172,113,3,1,162800000,4400000,17424000,175824000,Credit,Showroom
507746,2022-08-17,2184,102,66,1,473200000,29400000,48818000,492618000,Credit,Showroom
507747,2023-03-20,2546,131,114,1,371800000,23500000,38313000,386613000,Credit,Showroom
507748,2020-12-18,3002,112,69,1,241200000,5200000,25960000,261960000,Credit,Showroom
507749,2020-02-01,5159,129,100,1,314100000,8300000,33638000,339438000,Cash,Showroom
507750,2025-04-22,1415,105,48,1,560600000,28000000,58586000,591186000,Cash,Showroom
507751,2024-06-09,1513,115,58,1,298400000,2400000,32560000,328560000,Credit,Showroom
507752,2024-10-21,2698,115,100,1,291400000,8100000,31163000,314463000,Credit,Showroom
507753,2024-06-06,2003,129,81,1,302400000,12500000,31889000,321789000,Cash,Showroom
507754,2021-11-26,5040,135,80,1,283800000,18600000,29172000,294372000,Credit,Event
507755,2020-02-29,2583,108,16,1,174400000,6700000,18447000,186147000,Credit,Event
507756,2020-06-08,2479,108,22,1,169700000,8000000,17787000,179487000,Credit,Showroom
507757,2025-09-20,2083,114,70,5,297800000,66500000,156475000,1578975000,Cash,Fleet
507758,2023-02-14,4471,113,8,1,162700000,2800000,17589000,177489000,Cash,Showroom
507759,2024-07-07,4562,139,98,1,250500000,8400000,26631000,268731000,Credit,Showroom
507760,2023-11-08,2095,117,58,1,191600000,12600000,19690000,198690000,Cash,Showroom
507761,2024-04-20,2387,182,60,1,1912000000,3500000,209935000,2118435000,Credit,Showroom
507762,2023-08-22,4473,108,13,1,172900000,4200000,18557000,187257000,Cash,Event
507763,2024-09-02,2432,181,20,1,1668400000,62700000,176627000,1782327000,Credit,Showroom
507764,2022-06-08,2868,114,106,1,279700000,15300000,29084000,293484000,Credit,Event
507765,2023-05-29,3343,122,58,1,776300000,5200000,84821000,855921000,Credit,Showroom
507766,2024-01-19,1967,116,38,1,272500000,3400000,29601000,298701000,Credit,Online
507767,2025-04-29,3880,164,68,1,441500000,29700000,45298000,457098000,Credit,Showroom
507768,2020-01-04,2676,109,66,1,790800000,45700000,81961000,827061000,Credit,Showroom
507769,2020-01-30,3057,185,38,1,886600000,40800000,93038000,938838000,Credit,Showroom
507770,2020-08-06,1898,172,31,1,1292700000,70200000,134475000,1356975000,Credit,Showroom
507771,2020-11-02,3481,104,103,1,304300000,15700000,31746000,320346000,Cash,Showroom
507772,2022-03-10,3248,150,7,1,258100000,9200000,27379000,276279000,Credit,Showroom
507773,2024-02-09,3069,105,93,1,551100000,9400000,59587000,601287000,Cash,Showroom
507774,2023-07-21,4930,139,110,1,245900000,12000000,25729000,259629000,Credit,Showroom
507775,2024-10-30,3915,109,49,1,750700000,5900000,81928000,826728000,Credit,Showroom
507776,2021-01-02,3767,102,58,1,446600000,7800000,48268000,487068000,Credit,Showroom
507777,2022-04-30,4570,117,82,1,192600000,2900000,20867000,210567000,Cash,Showroom
507778,2023-06-07,2625,166,50,1,638100000,18800000,68123000,687423000,Credit,Showroom
507779,2025-12-19,3629,106,42,1,384600000,19300000,40183000,405483000,Cash,Showroom
507780,2024-07-30,1463,173,41,1,1385400000,78200000,143792000,1450992000,Credit,Showroom
507781,2025-09-16,5081,114,12,1,292300000,13900000,30624000,309024000,Credit,Showroom
507782,2021-05-02,1211,125,104,1,649400000,34300000,67661000,682761000,Credit,Online
507783,2020-07-02,1773,107,6,1,378200000,26300000,38709000,390609000,Credit,Showroom
507784,2020-01-11,1097,114,6,1,282200000,8500000,30107000,303807000,Cash,Showroom
507785,2025-02-10,1025,102,19,1,472300000,25900000,49104000,495504000,Credit,Showroom
507786,2025-10-27,4068,129,91,1,294100000,400000,32307000,326007000,Credit,Showroom
507787,2025-06-25,5117,127,10,1,293600000,16100000,30525000,308025000,Credit,Showroom
507788,2024-08-14,5236,128,13,1,306700000,3600000,33341000,336441000,Credit,Showroom
507789,2020-03-16,3198,118,104,1,200700000,4800000,21549000,217449000,Cash,Showroom
507790,2024-11-12,3778,108,104,1,171900000,900000,18810000,189810000,Credit,Showroom
507791,2024-08-23,4023,122,36,1,794200000,33600000,83666000,844266000,Credit,Showroom
507792,2020-09-22,3956,123,18,1,755100000,45400000,78067000,787767000,Credit,Event
507793,2022-01-07,1434,136,65,1,464900000,25400000,48345000,487845000,Credit,Showroom
507794,2022-04-10,3766,109,54,1,780000000,12600000,84414000,851814000,Cash,Event
507795,2024-03-19,4078,124,94,1,317100000,4000000,34441000,347541000,Credit,Online
507796,2023-04-04,4005,127,101,1,292200000,14700000,30525000,308025000,Cash,Online
507797,2022-01-23,5403,106,79,1,368600000,12600000,39160000,395160000,Credit,Showroom
507798,2024-01-23,4488,108,47,1,171100000,0,18821000,189921000,Cash,Showroom
507799,2024-02-22,4033,115,93,1,284500000,9800000,30217000,304917000,Credit,Showroom
507800,2024-10-17,1380,103,32,1,299700000,17500000,31042000,313242000,Credit,Showroom
507801,2024-11-13,3501,113,50,1,172100000,200000,18909000,190809000,Credit,Showroom
507802,2022-03-08,4540,111,92,1,236000000,5500000,25355000,255855000,Credit,Event
507803,2020-10-28,4047,135,117,1,304200000,4700000,32945000,332445000,Credit,Showroom
507804,2020-05-07,1139,108,71,1,175400000,1300000,19151000,193251000,Cash,Showroom
507805,2025-06-01,1077,141,24,1,390500000,17200000,41063000,414363000,Cash,Showroom
507806,2024-09-30,4732,172,98,1,1298400000,69700000,135157000,1363857000,Credit,Showroom
507807,2023-01-20,5275,174,29,1,1907300000,61500000,203038000,2048838000,Cash,Showroom
507808,2024-06-30,5309,108,9,1,181700000,1400000,19833000,200133000,Credit,Showroom
507809,2022-09-26,1464,176,115,1,1504800000,54900000,159489000,1609389000,Credit,Online
507810,2025-10-31,2417,140,115,1,175500000,5900000,18656000,188256000,Credit,Showroom
507811,2020-06-02,2443,101,63,1,234400000,9400000,24750000,249750000,Cash,Showroom
507812,2021-01-29,4378,121,80,1,416600000,26000000,42966000,433566000,Credit,Showroom
507813,2025-01-29,2379,105,83,1,547700000,5600000,59631000,601731000,Credit,Showroom
507814,2023-06-06,4499,126,26,1,644000000,21500000,68475000,690975000,Cash,Showroom
507815,2025-06-24,2881,180,35,1,1638100000,13800000,178673000,1802973000,Credit,Showroom
507816,2023-01-02,3056,103,43,1,299300000,12400000,31559000,318459000,Credit,Showroom
507817,2023-10-11,3239,110,95,2,739700000,28800000,159566000,1610166000,Cash,Fleet
507818,2024-06-08,2532,104,20,1,282000000,400000,30976000,312576000,Cash,Showroom
507819,2022-12-11,2692,139,17,1,255600000,100000,28105000,283605000,Cash,Showroom
507820,2023-12-12,3356,111,97,1,227300000,400000,24959000,251859000,Credit,Showroom
507821,2023-06-05,2459,116,15,1,270000000,16200000,27918000,281718000,Cash,Online
507822,2020-11-08,2833,116,62,1,254800000,11500000,26763000,270063000,Credit,Showroom
507823,2025-03-15,4730,167,63,1,656400000,38000000,68024000,686424000,Credit,Showroom
507824,2021-11-22,3212,126,103,1,671500000,3300000,73502000,741702000,Credit,Showroom
507825,2023-04-16,1543,117,117,1,189700000,11200000,19635000,198135000,Credit,Event
507826,2025-01-06,1117,105,4,1,547500000,37100000,56144000,566544000,Credit,Showroom
507827,2024-07-27,2188,122,51,1,796200000,40300000,83149000,839049000,Cash,Showroom
507828,2024-06-10,3588,126,11,1,627600000,18500000,67001000,676101000,Cash,Showroom
507829,2024-02-28,5207,117,27,1,189800000,2000000,20658000,208458000,Credit,Showroom
507830,2020-02-14,1528,147,25,1,206900000,10900000,21560000,217560000,Cash,Showroom
507831,2025-12-26,5471,143,26,1,733700000,49800000,75229000,759129000,Credit,Showroom
507832,2024-03-02,4549,104,12,4,300600000,46200000,127182000,1283382000,Credit,Fleet
507833,2024-11-26,3738,152,21,1,289900000,15800000,30151000,304251000,Cash,Showroom
507834,2024-12-17,4886,131,78,1,394200000,13500000,41877000,422577000,Cash,Online
507835,2023-12-12,2340,107,79,1,395600000,10900000,42317000,427017000,Cash,Showroom
507836,2025-08-30,4404,108,4,1,170600000,9300000,17743000,179043000,Cash,Showroom
507837,2020-05-26,5190,114,39,1,280300000,10600000,29667000,299367000,Credit,Showroom
507838,2024-04-17,2326,155,32,1,675800000,17000000,72468000,731268000,Cash,Showroom
507839,2023-04-13,4961,140,18,1,166700000,4300000,17864000,180264000,Credit,Event
507840,2025-10-16,5370,155,95,5,666600000,224500000,341935000,3450435000,Credit,Fleet
507841,2024-10-19,2031,130,62,1,647300000,300000,71170000,718170000,Cash,Showroom
507842,2021-08-21,4788,112,7,1,228300000,4300000,24640000,248640000,Cash,Showroom
507843,2022-03-06,4229,157,23,1,327500000,13100000,34584000,348984000,Credit,Online
507844,2024-07-08,3926,157,17,1,330800000,13500000,34903000,352203000,Cash,Showroom
507845,2024-01-11,3636,106,65,1,381600000,21500000,39611000,399711000,Cash,Showroom
507846,2020-02-27,2721,111,44,1,233700000,11200000,24475000,246975000,Credit,Online
507847,2025-08-20,5441,103,33,1,284900000,9700000,30272000,305472000,Credit,Event
507848,2025-06-19,4305,170,71,1,329800000,19000000,34188000,344988000,Credit,Showroom
507849,2025-02-25,2800,106,94,1,398600000,2900000,43527000,439227000,Credit,Showroom
507850,2023-08-01,4474,147,64,1,202900000,2500000,22044000,222444000,Cash,Showroom
507851,2023-11-20,5442,103,33,1,283000000,18600000,29084000,293484000,Credit,Showroom
507852,2020-05-18,3015,120,18,1,418000000,26200000,43098000,434898000,Credit,Showroom
507853,2023-07-13,4286,104,43,1,287500000,12600000,30239000,305139000,Credit,Showroom
507854,2024-05-07,4771,105,8,1,563600000,18500000,59961000,605061000,Cash,Online
507855,2023-06-02,1857,109,78,1,772500000,8600000,84029000,847929000,Cash,Showroom
507856,2022-10-09,5047,120,87,1,410900000,15800000,43461000,438561000,Credit,Online
507857,2024-09-28,3779,105,86,1,579500000,8000000,62865000,634365000,Credit,Showroom
507858,2025-05-28,4955,127,11,1,274400000,12900000,28765000,290265000,Credit,Showroom
507859,2023-09-04,3704,179,28,1,1058000000,21800000,113982000,1150182000,Credit,Showroom
507860,2022-11-14,4514,134,108,1,264600000,300000,29073000,293373000,Credit,Showroom
507861,2023-05-21,2007,106,119,1,388300000,10400000,41569000,419469000,Credit,Showroom
507862,2025-11-04,4702,117,18,1,191600000,8200000,20174000,203574000,Credit,Event
507863,2023-12-09,1057,146,14,1,195800000,10700000,20361000,205461000,Credit,Showroom
507864,2025-10-18,5324,119,13,1,200100000,11800000,20713000,209013000,Credit,Showroom
507865,2022-10-11,3982,137,91,1,465300000,16200000,49401000,498501000,Cash,Showroom
507866,2021-05-04,4550,112,39,1,225400000,7300000,23991000,242091000,Credit,Showroom
507867,2025-07-18,2676,132,28,1,433900000,28600000,44583000,449883000,Credit,Showroom
507868,2022-08-14,1862,115,83,1,297800000,300000,32725000,330225000,Credit,Showroom
507869,2024-06-13,2605,109,16,1,788500000,20700000,84458000,852258000,Credit,Showroom
507870,2025-03-09,2292,118,12,1,204000000,10200000,21318000,215118000,Credit,Showroom
507871,2021-04-30,3003,105,53,1,577100000,37300000,59378000,599178000,Cash,Showroom
507872,2023-09-21,2849,137,67,1,471000000,25600000,48994000,494394000,Credit,Showroom
507873,2024-01-08,3819,169,50,5,267600000,1100000,147059000,1483959000,Credit,Fleet
507874,2023-03-22,2470,185,26,1,896600000,57400000,92312000,931512000,Credit,Showroom
507875,2024-04-19,3912,106,93,1,389900000,9300000,41866000,422466000,Cash,Showroom
507876,2020-07-09,3115,120,48,1,407800000,18000000,42878000,432678000,Cash,Showroom
507877,2020-02-06,2424,110,8,1,770600000,20100000,82555000,833055000,Credit,Event
507878,2020-09-29,4498,151,120,1,573600000,35300000,59213000,597513000,Credit,Showroom
507879,2025-05-30,3232,136,95,1,457700000,1700000,50160000,506160000,Cash,Showroom
507880,2023-03-25,2580,117,4,1,189800000,3500000,20493000,206793000,Credit,Showroom
507881,2024-10-30,2488,122,47,1,752600000,9400000,81752000,824952000,Credit,Online
507882,2025-09-14,5340,125,24,1,654800000,5300000,71445000,720945000,Credit,Showroom
507883,2022-07-16,4393,112,32,1,231900000,2900000,25190000,254190000,Cash,Showroom
507884,2023-01-03,5069,161,89,1,427800000,21000000,44748000,451548000,Credit,Showroom
507885,2024-12-22,4984,180,20,1,1610800000,83600000,167992000,1695192000,Credit,Event
507886,2025-08-29,4057,110,6,1,764800000,33500000,80443000,811743000,Credit,Showroom
507887,2021-11-24,5297,110,35,1,765600000,22100000,81785000,825285000,Cash,Showroom
507888,2020-04-05,4883,140,19,1,171900000,1500000,18744000,189144000,Credit,Event
507889,2024-06-27,3017,102,81,1,458800000,14000000,48928000,493728000,Credit,Showroom
507890,2024-05-15,3687,104,88,1,294300000,8400000,31449000,317349000,Cash,Showroom
507891,2024-12-02,5366,106,75,1,373200000,7300000,40249000,406149000,Credit,Showroom
507892,2020-01-09,3462,130,91,1,667600000,27600000,70400000,710400000,Credit,Showroom
507893,2023-10-18,1251,185,35,1,864200000,58200000,88660000,894660000,Cash,Showroom
507894,2024-04-24,1743,110,55,1,755700000,18500000,81092000,818292000,Credit,Online
507895,2023-06-19,4407,164,82,1,438800000,27000000,45298000,457098000,Credit,Showroom
507896,2023-11-20,4253,121,50,1,397500000,10300000,42592000,429792000,Credit,Showroom
507897,2021-03-17,5077,108,99,1,183200000,12300000,18799000,189699000,Cash,Showroom
507898,2025-10-23,3343,140,56,1,168800000,4500000,18073000,182373000,Credit,Showroom
507899,2023-12-18,1890,175,1,1,1119600000,54100000,117205000,1182705000,Credit,Online
507900,2022-09-20,1884,134,33,1,254600000,200000,27984000,282384000,Credit,Event
507901,2023-06-16,3354,130,18,1,628500000,39500000,64790000,653790000,Cash,Showroom
507902,2022-11-11,3386,187,41,1,1268700000,27700000,136510000,1377510000,Cash,Showroom
507903,2024-03-15,4400,115,77,1,285100000,18900000,29282000,295482000,Cash,Showroom
507904,2023-07-09,4040,115,34,1,290200000,1400000,31768000,320568000,Cash,Showroom
507905,2022-06-27,2715,164,102,1,430800000,7100000,46607000,470307000,Credit,Showroom
507906,2021-03-15,4063,112,99,1,233600000,12900000,24277000,244977000,Credit,Online
507907,2022-10-01,1635,106,72,1,397300000,5100000,43142000,435342000,Cash,Showroom
507908,2025-07-28,2858,107,79,1,389600000,23600000,40260000,406260000,Credit,Showroom
507909,2022-03-08,1650,163,25,1,559400000,31000000,58124000,586524000,Credit,Showroom
507910,2025-09-27,1284,109,62,1,750800000,15700000,80861000,815961000,Credit,Online
507911,2022-03-24,3073,152,10,1,287900000,15300000,29986000,302586000,Credit,Showroom
507912,2023-01-13,4803,107,76,1,387600000,14100000,41085000,414585000,Credit,Showroom
507913,2020-11-27,3122,102,90,1,463800000,31200000,47586000,480186000,Credit,Showroom
507914,2023-12-17,3586,145,29,1,344400000,19200000,35772000,360972000,Credit,Showroom
507915,2025-03-26,1307,135,108,1,296600000,15500000,30921000,312021000,Credit,Online
507916,2022-04-30,2465,119,67,1,202500000,600000,22209000,224109000,Credit,Event
507917,2024-03-28,4390,108,23,1,181200000,200000,19910000,200910000,Cash,Showroom
507918,2023-11-12,4745,144,33,1,785300000,6600000,85657000,864357000,Credit,Showroom
507919,2024-09-30,4164,127,3,1,278300000,100000,30602000,308802000,Credit,Showroom
507920,2024-11-25,5417,106,66,1,382500000,8200000,41173000,415473000,Cash,Showroom
507921,2021-05-27,3923,125,116,1,669600000,11900000,72347000,730047000,Credit,Showroom
507922,2025-02-11,4022,103,48,1,302900000,7300000,32516000,328116000,Credit,Showroom
507923,2021-06-12,2180,120,110,1,392000000,12400000,41756000,421356000,Credit,Showroom
507924,2023-03-30,3175,149,53,1,289000000,19800000,29612000,298812000,Cash,Showroom
507925,2020-10-05,5408,123,5,1,744500000,50000000,76395000,770895000,Credit,Online
507926,2022-11-23,5121,107,62,1,382700000,10800000,40909000,412809000,Credit,Event
507927,2023-08-27,3940,143,30,1,725400000,46400000,74690000,753690000,Cash,Showroom
507928,2023-02-17,2513,143,61,1,747400000,34400000,78430000,791430000,Credit,Showroom
507929,2023-08-01,5032,112,7,1,237900000,500000,26114000,263514000,Credit,Showroom
507930,2021-04-02,2810,124,85,1,313700000,16700000,32670000,329670000,Cash,Showroom
507931,2025-11-12,2941,126,35,1,625900000,39600000,64493000,650793000,Credit,Event
507932,2021-08-06,5321,110,23,1,779600000,43900000,80927000,816627000,Credit,Showroom
507933,2023-09-12,4364,104,72,1,291900000,2000000,31889000,321789000,Credit,Showroom
507934,2025-02-21,3753,131,107,1,397100000,7000000,42911000,433011000,Credit,Showroom
507935,2023-10-09,3845,132,63,1,420600000,23700000,43659000,440559000,Credit,Showroom
507936,2022-11-12,3586,142,9,1,282300000,14400000,29469000,297369000,Cash,Online
507937,2025-05-30,1840,147,112,1,206100000,13400000,21197000,213897000,Cash,Event
507938,2022-04-18,1168,175,55,1,1107300000,53700000,115896000,1169496000,Credit,Showroom
507939,2022-11-11,3785,101,42,1,242000000,7400000,25806000,260406000,Credit,Showroom
507940,2022-09-02,1404,102,3,1,452300000,22400000,47289000,477189000,Cash,Showroom
507941,2024-09-09,2916,123,11,1,794800000,20800000,85140000,859140000,Cash,Showroom
507942,2023-02-25,1137,134,56,1,265900000,8200000,28347000,286047000,Credit,Online
507943,2025-01-12,2858,126,88,1,640500000,16900000,68596000,692196000,Credit,Showroom
507944,2023-05-08,1804,144,86,1,802900000,23400000,85745000,865245000,Cash,Showroom
507945,2023-01-17,5186,104,114,1,302400000,4400000,32780000,330780000,Credit,Showroom
507946,2024-11-04,5158,116,69,1,263900000,4500000,28534000,287934000,Credit,Showroom
507947,2025-12-10,1276,122,56,1,753500000,4300000,82412000,831612000,Credit,Showroom
507948,2025-08-12,2517,110,54,1,772400000,40000000,80564000,812964000,Cash,Online
507949,2024-11-19,4434,105,57,1,560400000,28600000,58498000,590298000,Cash,Showroom
507950,2023-06-13,3480,149,102,1,284000000,1700000,31053000,313353000,Credit,Online
507951,2025-08-17,1067,148,9,1,287000000,5900000,30921000,312021000,Credit,Showroom
507952,2021-12-03,2411,101,11,1,247200000,100000,27181000,274281000,Cash,Showroom
507953,2024-03-18,1699,118,59,1,207500000,14100000,21274000,214674000,Credit,Showroom
507954,2022-11-29,3390,110,95,1,747700000,49800000,76769000,774669000,Credit,Showroom
507955,2024-04-03,1987,122,55,1,762900000,12900000,82500000,832500000,Credit,Showroom
507956,2020-10-14,3573,122,67,1,763900000,37100000,79948000,806748000,Credit,Showroom
507957,2023-08-24,4318,145,77,1,352100000,4200000,38269000,386169000,Credit,Showroom
507958,2025-03-12,4109,115,61,1,293500000,12900000,30866000,311466000,Cash,Showroom
507959,2025-04-24,3795,112,24,1,240200000,2700000,26125000,263625000,Cash,Showroom
507960,2023-06-19,2428,119,37,4,198400000,11500000,86031000,868131000,Cash,Fleet
507961,2023-12-12,2956,128,9,1,295100000,4000000,32021000,323121000,Credit,Showroom
507962,2021-06-12,5118,161,115,1,407900000,19900000,42680000,430680000,Credit,Showroom
507963,2022-12-07,1506,128,62,1,310200000,17400000,32208000,325008000,Cash,Showroom
507964,2021-08-19,1263,123,11,1,742800000,18500000,79673000,803973000,Cash,Showroom
507965,2025-02-19,3983,130,115,1,632200000,43400000,64768000,653568000,Cash,Showroom
507966,2023-08-23,4858,126,80,1,631200000,44100000,64581000,651681000,Credit,Showroom
507967,2023-08-20,4265,108,82,1,179000000,3000000,19360000,195360000,Credit,Online
507968,2025-05-03,4270,129,81,1,291300000,13000000,30613000,308913000,Credit,Showroom
507969,2024-08-24,2415,122,1,1,781700000,40800000,81499000,822399000,Cash,Showroom
507970,2025-04-25,3671,107,112,1,389600000,2600000,42570000,429570000,Cash,Showroom
507971,2022-10-17,3261,110,94,1,766900000,33000000,80729000,814629000,Credit,Showroom
507972,2020-01-18,4180,119,71,1,205500000,4700000,22088000,222888000,Cash,Showroom
507973,2025-01-01,4128,107,30,1,381600000,5100000,41415000,417915000,Cash,Showroom
507974,2024-10-05,3642,125,77,1,638300000,22700000,67716000,683316000,Credit,Showroom
507975,2020-11-09,1507,114,21,1,280900000,12300000,29546000,298146000,Credit,Showroom
507976,2021-02-27,3263,174,58,1,1845900000,121600000,189673000,1913973000,Cash,Showroom
507977,2020-11-05,3797,166,114,1,643600000,800000,70708000,713508000,Credit,Showroom
507978,2024-02-08,1464,108,89,1,172100000,600000,18865000,190365000,Credit,Showroom
507979,2025-04-22,3991,101,84,1,247900000,13200000,25817000,260517000,Cash,Showroom
507980,2022-09-06,1364,116,55,3,261800000,34500000,82599000,833499000,Credit,Fleet
507981,2022-02-21,2367,138,48,1,249700000,5300000,26884000,271284000,Credit,Online
507982,2025-03-21,4594,172,37,1,1380200000,90900000,141823000,1431123000,Cash,Showroom
507983,2024-08-17,2610,140,97,1,166100000,3300000,17908000,180708000,Cash,Online
507984,2023-06-09,2737,133,34,1,433600000,17400000,45782000,461982000,Credit,Online
507985,2021-03-27,4719,111,83,1,229500000,14800000,23617000,238317000,Cash,Showroom
507986,2024-06-03,3105,109,76,1,782500000,47500000,80850000,815850000,Cash,Showroom
507987,2023-12-22,2580,159,58,5,422400000,33700000,228613000,2306913000,Cash,Fleet
507988,2021-09-06,3325,140,56,1,173600000,10200000,17974000,181374000,Cash,Showroom
507989,2024-03-01,3719,124,49,1,324800000,5200000,35156000,354756000,Credit,Showroom
507990,2023-12-26,3155,105,43,1,581100000,38500000,59686000,602286000,Credit,Showroom
507991,2020-10-07,1512,106,76,1,376000000,4900000,40821000,411921000,Cash,Showroom
507992,2020-11-06,1297,156,78,1,688400000,29400000,72490000,731490000,Credit,Showroom
507993,2022-06-23,1109,121,111,1,415900000,6100000,45078000,454878000,Credit,Online
507994,2025-03-22,2207,133,88,1,435800000,26000000,45078000,454878000,Cash,Online
507995,2025-12-18,5455,101,38,1,243900000,8700000,25872000,261072000,Cash,Showroom
507996,2022-10-06,4231,123,116,1,761600000,52000000,78056000,787656000,Credit,Showroom
507997,2024-06-01,1106,109,82,1,767400000,27700000,81367000,821067000,Credit,Showroom
507998,2022-03-07,3193,102,53,1,449800000,15300000,47795000,482295000,Credit,Showroom
507999,2025-04-19,2560,124,21,1,313000000,15400000,32736000,330336000,Cash,Showroom
508000,2025-08-07,4551,115,45,6,277100000,110800000,170698000,1722498000,Cash,Fleet
508001,2023-08-08,1692,148,20,1,282000000,300000,30987000,312687000,Credit,Showroom
508002,2024-06-21,2085,108,30,1,181800000,6500000,19283000,194583000,Credit,Showroom
508003,2021-10-12,2814,109,50,1,753000000,27800000,79772000,804972000,Credit,Showroom
508004,2022-02-23,2752,109,18,1,768800000,5700000,83941000,847041000,Credit,Showroom
508005,2024-03-23,3118,138,40,1,257100000,7100000,27500000,277500000,Credit,Event
508006,2021-12-17,4470,133,59,1,421000000,24600000,43604000,440004000,Credit,Showroom
508007,2021-09-18,1310,137,116,1,437700000,29200000,44935000,453435000,Credit,Showroom
508008,2023-08-28,4675,139,70,1,259700000,3800000,28149000,284049000,Cash,Showroom
508009,2023-06-25,1332,113,15,1,161200000,7300000,16929000,170829000,Credit,Showroom
508010,2023-06-07,4380,131,69,1,397500000,1700000,43538000,439338000,Cash,Showroom
508011,2024-03-02,1091,104,22,1,289100000,14700000,30184000,304584000,Cash,Showroom
508012,2022-07-23,4185,108,104,1,182600000,5100000,19525000,197025000,Credit,Showroom
508013,2024-02-17,5050,101,64,1,247200000,5400000,26598000,268398000,Credit,Online
508014,2024-01-03,1688,109,15,1,791400000,48100000,81763000,825063000,Cash,Showroom
508015,2025-05-29,1133,107,93,1,390600000,1700000,42779000,431679000,Credit,Online
508016,2023-05-25,1061,117,114,1,191800000,4600000,20592000,207792000,Cash,Showroom
508017,2022-07-01,3954,122,108,1,745900000,51400000,76395000,770895000,Cash,Online
508018,2024-06-25,4738,115,84,1,293900000,18600000,30283000,305583000,Cash,Showroom
508019,2023-01-01,1683,111,90,1,225800000,7100000,24057000,242757000,Cash,Showroom
508020,2023-11-30,4506,115,41,1,288200000,17100000,29821000,300921000,Cash,Showroom
508021,2021-12-28,2009,133,56,1,418600000,8900000,45067000,454767000,Credit,Showroom
508022,2022-09-02,1433,109,78,1,776900000,2800000,85151000,859251000,Cash,Showroom
508023,2024-07-19,3806,114,18,1,283600000,3500000,30811000,310911000,Credit,Showroom
508024,2021-11-16,1231,146,119,1,201300000,200000,22121000,223221000,Cash,Showroom
508025,2025-01-01,1727,104,103,1,288400000,15500000,30019000,302919000,Credit,Showroom
508026,2025-06-09,4495,108,99,1,172100000,11100000,17710000,178710000,Credit,Showroom
508027,2024-08-17,4629,129,110,4,313200000,12300000,136455000,1376955000,Credit,Fleet
508028,2021-11-04,3479,109,98,1,795500000,48100000,82214000,829614000,Credit,Showroom
508029,2022-09-18,3961,169,11,1,266900000,13800000,27841000,280941000,Credit,Online
508030,2025-12-25,3640,112,9,1,240600000,600000,26400000,266400000,Cash,Showroom
508031,2022-04-17,3373,138,46,1,249300000,8100000,26532000,267732000,Credit,Showroom
508032,2024-04-25,4859,131,109,1,376500000,1500000,41250000,416250000,Credit,Showroom
508033,2023-02-20,2334,124,95,1,335100000,12100000,35530000,358530000,Credit,Event
508034,2023-12-05,1550,129,56,1,310300000,1200000,34001000,343101000,Cash,Event
508035,2025-05-03,3181,139,20,1,244000000,9300000,25817000,260517000,Cash,Showroom
508036,2022-09-08,1368,102,113,1,462400000,19600000,48708000,491508000,Credit,Event
508037,2022-09-29,3710,108,78,1,177300000,10600000,18337000,185037000,Cash,Event
508038,2023-01-17,4225,119,74,1,200900000,4000000,21659000,218559000,Credit,Showroom
508039,2022-03-25,2247,115,21,1,296500000,10600000,31449000,317349000,Credit,Showroom
508040,2023-01-10,2766,117,88,1,190600000,11800000,19668000,198468000,Cash,Showroom
508041,2022-03-20,3833,103,88,1,285000000,11600000,30074000,303474000,Cash,Online
508042,2025-07-17,3973,125,98,1,622500000,34000000,64735000,653235000,Cash,Showroom
508043,2025-10-29,5221,101,68,5,239800000,1700000,131703000,1329003000,Credit,Fleet
508044,2023-09-28,4995,107,52,1,371200000,7700000,39985000,403485000,Credit,Showroom
508045,2025-04-17,3885,123,25,1,776600000,12900000,84007000,847707000,Credit,Showroom
508046,2020-11-10,2354,111,12,1,241100000,12900000,25102000,253302000,Credit,Event
508047,2022-02-04,3473,173,51,1,1289000000,38400000,137566000,1388166000,Credit,Event
508048,2022-12-28,1266,120,106,1,402300000,3800000,43835000,442335000,Credit,Showroom
508049,2020-04-01,2154,109,116,1,746100000,22000000,79651000,803751000,Credit,Online
508050,2025-12-30,3762,102,17,1,454000000,26200000,47058000,474858000,Cash,Showroom
508051,2023-11-27,1798,103,78,1,292700000,7700000,31350000,316350000,Credit,Showroom
508052,2024-12-30,3559,115,49,1,283200000,5600000,30536000,308136000,Cash,Showroom
508053,2021-05-09,3631,124,73,1,328600000,13600000,34650000,349650000,Credit,Showroom
508054,2024-05-14,4008,114,89,1,282700000,18500000,29062000,293262000,Credit,Showroom
508055,2021-02-18,4063,123,4,1,746900000,2300000,81906000,826506000,Credit,Online
508056,2021-03-13,5174,104,47,1,299200000,1700000,32725000,330225000,Credit,Showroom
508057,2020-01-30,2392,135,83,1,288200000,2400000,31438000,317238000,Credit,Showroom
508058,2022-12-25,5232,115,56,1,296900000,3600000,32263000,325563000,Credit,Showroom
508059,2023-06-15,5475,110,58,1,752200000,34700000,78925000,796425000,Cash,Showroom
508060,2022-06-29,4205,129,12,1,300700000,12300000,31724000,320124000,Credit,Showroom
508061,2024-08-28,3858,106,103,1,372100000,4300000,40458000,408258000,Credit,Showroom
508062,2020-01-25,4958,121,58,6,390400000,112900000,245245000,2474745000,Cash,Fleet
508063,2022-05-31,3029,102,79,2,480600000,54400000,99748000,1006548000,Credit,Fleet
508064,2022-02-05,5483,145,75,1,353800000,1800000,38720000,390720000,Credit,Showroom
508065,2025-12-24,1770,153,20,1,408600000,10700000,43769000,441669000,Credit,Online
508066,2024-05-23,5462,113,95,1,160300000,1500000,17468000,176268000,Credit,Showroom
508067,2022-02-18,2808,134,49,1,256100000,13200000,26719000,269619000,Credit,Showroom
508068,2023-07-01,1021,145,46,1,367400000,4100000,39963000,403263000,Credit,Showroom
508069,2023-09-07,2732,106,86,1,389000000,21000000,40480000,408480000,Credit,Showroom
508070,2023-11-23,2870,101,55,1,250200000,15100000,25861000,260961000,Credit,Showroom
508071,2021-02-11,4405,122,82,1,772300000,8700000,83996000,847596000,Credit,Showroom
508072,2025-05-10,4470,110,76,1,795300000,3700000,87076000,878676000,Credit,Showroom
508073,2020-11-24,5063,177,115,1,1437400000,38100000,153923000,1553223000,Cash,Showroom
508074,2022-11-12,4681,111,80,1,237000000,5600000,25454000,256854000,Credit,Showroom
508075,2025-09-03,3974,107,83,1,375700000,24400000,38643000,389943000,Credit,Event
508076,2024-05-26,5170,103,97,2,298400000,4900000,65109000,657009000,Credit,Fleet
508077,2024-09-30,3057,154,111,1,883500000,100000,97174000,980574000,Credit,Showroom
508078,2023-01-21,2658,132,14,1,430400000,18100000,45353000,457653000,Credit,Showroom
508079,2021-10-09,1069,131,81,1,377600000,25000000,38786000,391386000,Credit,Showroom
508080,2025-07-20,1892,118,78,1,205200000,4500000,22077000,222777000,Credit,Event
508081,2021-02-23,3713,163,28,2,576400000,41200000,122276000,1233876000,Cash,Fleet
508082,2025-02-28,2656,109,114,1,765600000,19600000,82060000,828060000,Cash,Showroom
508083,2023-02-25,1622,103,49,1,298300000,3800000,32395000,326895000,Credit,Showroom
508084,2025-01-29,2638,101,114,1,250000000,5800000,26862000,271062000,Credit,Showroom
508085,2025-01-29,2512,169,46,1,271700000,4100000,29436000,297036000,Credit,Showroom
508086,2023-09-26,3159,109,77,1,738100000,31100000,77770000,784770000,Credit,Event
508087,2025-10-11,5457,114,12,1,287200000,13800000,30074000,303474000,Cash,Showroom
508088,2023-07-22,2756,122,68,1,742300000,14400000,80069000,807969000,Credit,Event
508089,2021-09-04,4867,110,107,1,778500000,39900000,81246000,819846000,Credit,Showroom
508090,2022-03-08,2670,154,10,1,889900000,57300000,91586000,924186000,Cash,Showroom
508091,2021-08-29,3569,113,103,1,160900000,7800000,16841000,169941000,Cash,Showroom
508092,2023-11-06,3254,128,68,1,299000000,16900000,31031000,313131000,Credit,Event
508093,2020-01-22,4606,129,112,1,302300000,7500000,32428000,327228000,Credit,Showroom
508094,2023-03-05,2465,172,25,1,1333800000,91000000,136708000,1379508000,Cash,Event
508095,2022-02-06,5417,108,3,1,179000000,500000,19635000,198135000,Cash,Showroom
508096,2023-03-29,3013,154,113,1,852600000,9800000,92708000,935508000,Cash,Showroom
508097,2023-04-22,3710,143,45,1,699900000,40300000,72556000,732156000,Credit,Event
508098,2025-04-18,2432,113,80,1,172700000,800000,18909000,190809000,Credit,Showroom
508099,2025-03-06,2598,130,3,1,633500000,900000,69586000,702186000,Credit,Showroom
508100,2025-11-22,1161,157,13,1,340800000,22800000,34980000,352980000,Credit,Showroom
508101,2020-03-09,5420,144,106,1,788300000,51400000,81059000,817959000,Credit,Showroom
508102,2024-07-24,1495,163,31,1,577500000,9900000,62436000,630036000,Credit,Online
508103,2022-02-19,1174,137,50,1,440400000,23800000,45826000,462426000,Credit,Showroom
508104,2022-11-10,5406,117,25,1,189500000,10100000,19734000,199134000,Credit,Showroom
508105,2020-12-01,1801,175,15,1,1089100000,28400000,116677000,1177377000,Credit,Event
508106,2025-12-10,5018,126,23,1,665600000,11000000,72006000,726606000,Credit,Showroom
508107,2021-05-14,2829,120,117,1,418400000,400000,45980000,463980000,Credit,Event
508108,2023-10-15,3284,104,48,1,299100000,14800000,31273000,315573000,Credit,Showroom
508109,2020-05-31,2117,117,73,1,179700000,3700000,19360000,195360000,Cash,Online
508110,2020-01-31,5321,137,68,1,445300000,15200000,47311000,477411000,Credit,Showroom
508111,2022-11-13,3408,122,1,1,788800000,43300000,82005000,827505000,Cash,Showroom
508112,2021-08-24,1374,134,65,1,268500000,14500000,27940000,281940000,Cash,Showroom
508113,2025-07-13,5173,146,71,1,200400000,12700000,20647000,208347000,Credit,Showroom
508114,2025-05-31,3396,130,40,1,664300000,2200000,72831000,734931000,Credit,Online
508115,2022-12-08,4820,107,16,1,382200000,25000000,39292000,396492000,Credit,Showroom
508116,2022-06-01,4854,106,34,1,378000000,21300000,39237000,395937000,Credit,Showroom
508117,2021-06-11,2214,132,9,1,425300000,19800000,44605000,450105000,Credit,Showroom
508118,2025-07-29,1396,110,75,1,769000000,49900000,79101000,798201000,Credit,Showroom
508119,2025-04-30,2951,126,19,1,629900000,27800000,66231000,668331000,Credit,Event
508120,2025-12-21,5299,122,92,1,750200000,25900000,79673000,803973000,Credit,Online
508121,2021-08-15,3319,121,21,1,389900000,17100000,41008000,413808000,Credit,Showroom
508122,2020-08-14,5012,102,50,6,467300000,42700000,303721000,3064821000,Cash,Fleet
508123,2023-08-08,5394,104,64,1,288900000,11000000,30569000,308469000,Credit,Online
508124,2022-01-23,5418,144,28,1,768200000,36400000,80498000,812298000,Cash,Showroom
508125,2024-07-22,2830,174,99,1,1828300000,108800000,189145000,1908645000,Cash,Showroom
508126,2025-09-07,1699,137,112,1,470100000,6700000,50974000,514374000,Cash,Showroom
508127,2025-04-19,1305,102,95,1,457800000,16800000,48510000,489510000,Credit,Showroom
508128,2025-04-28,3030,103,3,1,299900000,20500000,30734000,310134000,Credit,Showroom
508129,2024-02-12,4675,137,93,1,469100000,2800000,51293000,517593000,Credit,Showroom
508130,2024-08-10,1125,103,111,1,295000000,1500000,32285000,325785000,Credit,Showroom
508131,2024-02-23,5208,108,81,1,174100000,2100000,18920000,190920000,Credit,Showroom
508132,2025-04-02,4262,142,82,1,286200000,4900000,30943000,312243000,Cash,Event
508133,2023-06-28,3821,103,100,1,290700000,18400000,29953000,302253000,Cash,Online
508134,2024-09-26,4824,116,5,1,270200000,4300000,29249000,295149000,Credit,Showroom
508135,2023-03-18,4022,120,35,1,417500000,300000,45892000,463092000,Cash,Showroom
508136,2025-05-01,1191,134,13,1,255500000,8100000,27214000,274614000,Cash,Online
508137,2022-07-27,2767,114,118,1,290200000,14200000,30360000,306360000,Credit,Showroom
508138,2021-02-03,1997,104,32,1,296900000,5600000,32043000,323343000,Credit,Showroom
508139,2024-08-15,3435,136,94,1,465900000,2700000,50952000,514152000,Cash,Event
508140,2022-12-09,1988,106,119,1,381500000,11400000,40711000,410811000,Credit,Showroom
508141,2023-01-12,4600,132,40,1,439900000,15600000,46673000,470973000,Credit,Showroom
508142,2024-07-06,5162,107,47,1,378300000,400000,41569000,419469000,Cash,Showroom
508143,2023-07-26,1724,129,103,1,309800000,300000,34045000,343545000,Credit,Event
508144,2023-05-17,3264,115,41,1,294700000,12300000,31064000,313464000,Cash,Showroom
508145,2022-10-05,1584,139,79,1,252700000,6500000,27082000,273282000,Cash,Showroom
508146,2022-05-13,1189,140,26,5,170000000,39600000,89144000,899544000,Credit,Fleet
508147,2023-04-21,1353,180,49,1,1624900000,48000000,173459000,1750359000,Credit,Showroom
508148,2022-06-03,2469,101,51,1,247300000,2800000,26895000,271395000,Cash,Showroom
508149,2023-12-27,4465,108,101,1,178500000,11300000,18392000,185592000,Credit,Showroom
508150,2023-08-06,2907,145,33,1,359000000,3600000,39094000,394494000,Cash,Showroom
508151,2023-01-12,1521,105,51,1,550700000,4300000,60104000,606504000,Cash,Showroom
508152,2025-01-24,1008,122,1,1,796400000,37400000,83490000,842490000,Cash,Showroom
508153,2023-01-04,1826,135,10,1,289100000,12400000,30437000,307137000,Cash,Showroom
508154,2022-08-26,1970,106,10,1,380300000,26100000,38962000,393162000,Credit,Showroom
508155,2021-01-04,1626,112,117,1,229800000,14000000,23738000,239538000,Credit,Showroom
508156,2023-09-17,4497,144,44,1,787800000,3000000,86328000,871128000,Credit,Showroom
508157,2023-07-04,3317,123,62,1,742500000,39500000,77330000,780330000,Cash,Showroom
508158,2020-07-30,2939,118,53,1,202900000,13400000,20845000,210345000,Credit,Showroom
508159,2023-03-12,5073,153,94,1,440100000,30600000,45045000,454545000,Credit,Showroom
508160,2024-04-04,3319,103,117,1,281300000,15000000,29293000,295593000,Credit,Showroom
508161,2024-07-10,4432,105,30,1,571700000,22000000,60467000,610167000,Cash,Showroom
508162,2023-09-09,4555,129,99,1,306200000,9800000,32604000,329004000,Credit,Showroom
508163,2023-04-16,1382,105,106,1,574100000,8300000,62238000,628038000,Credit,Online
508164,2025-12-22,1420,106,45,1,376900000,25400000,38665000,390165000,Credit,Showroom
508165,2022-07-16,4271,109,16,1,784100000,18900000,84172000,849372000,Credit,Event
508166,2025-04-16,5424,126,91,1,652100000,6800000,70983000,716283000,Credit,Showroom
508167,2020-06-28,5213,127,100,1,276900000,12900000,29040000,293040000,Cash,Showroom
508168,2021-11-10,5048,172,65,1,1362600000,13200000,148434000,1497834000,Credit,Showroom
508169,2023-01-05,4374,137,65,1,457700000,5700000,49720000,501720000,Credit,Event
508170,2022-08-14,1684,109,48,1,741300000,38400000,77319000,780219000,Credit,Showroom
508171,2020-03-24,4762,106,92,1,389700000,11300000,41624000,420024000,Credit,Showroom
508172,2024-12-13,3779,103,22,1,294000000,2600000,32054000,323454000,Cash,Showroom
508173,2021-03-28,2017,107,48,1,394600000,13900000,41877000,422577000,Cash,Showroom
508174,2024-11-12,5038,116,34,1,259100000,13600000,27005000,272505000,Credit,Showroom
508175,2022-07-20,1217,151,29,1,568000000,15100000,60819000,613719000,Credit,Online
508176,2025-08-05,3558,121,8,1,406300000,2300000,44440000,448440000,Credit,Showroom
508177,2020-04-04,5434,149,120,1,288800000,15100000,30107000,303807000,Cash,Showroom
508178,2025-01-06,1684,106,23,1,378700000,26200000,38775000,391275000,Cash,Showroom
508179,2024-08-08,2350,146,11,1,204900000,9900000,21450000,216450000,Credit,Showroom
508180,2025-05-13,3477,104,33,1,300900000,10400000,31955000,322455000,Cash,Showroom
508181,2020-06-27,2636,132,51,1,416500000,24500000,43120000,435120000,Cash,Showroom
508182,2025-06-30,4210,113,94,5,170200000,44500000,88715000,895215000,Credit,Fleet
508183,2024-03-25,2836,128,98,1,313000000,6900000,33671000,339771000,Credit,Showroom
508184,2024-10-25,3225,110,27,1,792600000,30900000,83787000,845487000,Credit,Showroom
508185,2021-02-18,4121,112,8,1,224300000,6500000,23958000,241758000,Cash,Showroom
508186,2025-01-29,3320,118,95,1,205300000,6700000,21846000,220446000,Cash,Showroom
508187,2025-07-13,2596,131,64,1,394000000,3600000,42944000,433344000,Credit,Showroom
508188,2022-11-19,3456,157,75,1,341000000,11500000,36245000,365745000,Cash,Online
508189,2024-10-28,1253,127,120,1,284700000,16500000,29502000,297702000,Credit,Showroom
508190,2024-02-05,2455,113,71,1,162000000,8700000,16863000,170163000,Credit,Showroom
508191,2022-09-02,2908,106,120,1,394400000,14900000,41745000,421245000,Credit,Showroom
508192,2025-07-15,1814,109,68,1,746900000,24200000,79497000,802197000,Cash,Showroom
508193,2022-06-07,2519,142,77,1,287700000,17900000,29678000,299478000,Cash,Showroom
508194,2023-01-17,1973,125,102,1,642200000,26100000,67771000,683871000,Credit,Online
508195,2022-07-26,2899,107,34,1,395800000,19200000,41426000,418026000,Cash,Event
508196,2024-01-23,4506,128,44,1,302100000,800000,33143000,334443000,Credit,Showroom
508197,2020-11-21,2036,111,52,1,233500000,7400000,24871000,250971000,Cash,Showroom
508198,2023-12-17,2229,101,33,1,233800000,4300000,25245000,254745000,Credit,Online
508199,2023-01-19,3653,129,115,1,312700000,8100000,33506000,338106000,Cash,Showroom
508200,2022-03-26,1831,129,64,1,303700000,20600000,31141000,314241000,Credit,Showroom
508201,2024-10-11,5290,110,109,1,745100000,8400000,81037000,817737000,Credit,Online
508202,2025-12-16,4090,116,78,3,272200000,4200000,89364000,901764000,Credit,Fleet
508203,2022-03-29,3524,138,12,1,254600000,16200000,26224000,264624000,Credit,Showroom
508204,2023-08-13,4825,132,37,1,412400000,28100000,42273000,426573000,Credit,Online
508205,2025-05-10,3081,160,105,1,383400000,11500000,40909000,412809000,Credit,Showroom
508206,2023-05-26,2530,115,7,1,290800000,1000000,31878000,321678000,Credit,Showroom
508207,2022-07-12,2469,106,32,1,368600000,11000000,39336000,396936000,Cash,Event
508208,2024-11-11,5345,114,56,1,291600000,300000,32043000,323343000,Cash,Showroom
508209,2022-04-20,2867,133,78,1,418800000,9500000,45023000,454323000,Cash,Showroom
508210,2024-05-07,1604,110,93,1,762000000,45000000,78870000,795870000,Credit,Online
508211,2020-03-31,2952,102,45,1,471800000,21700000,49511000,499611000,Cash,Showroom
508212,2024-12-12,1552,151,22,1,566500000,32300000,58762000,592962000,Credit,Showroom
508213,2025-11-19,3598,101,61,1,239800000,10800000,25190000,254190000,Cash,Event
508214,2022-08-16,3804,110,24,1,741800000,48200000,76296000,769896000,Cash,Showroom
508215,2022-06-04,2959,107,37,1,393500000,19800000,41107000,414807000,Credit,Event
508216,2021-08-18,2362,167,56,1,626000000,6300000,68167000,687867000,Credit,Online
508217,2022-09-20,5290,105,40,1,579900000,20500000,61534000,620934000,Cash,Showroom
508218,2020-02-18,3499,139,74,1,257200000,13700000,26785000,270285000,Cash,Showroom
508219,2023-08-09,2173,101,115,1,244700000,9200000,25905000,261405000,Credit,Online
508220,2022-09-01,3411,112,107,1,241300000,13900000,25014000,252414000,Cash,Event
508221,2023-02-25,3749,111,90,1,232200000,2100000,25311000,255411000,Cash,Showroom
508222,2020-12-30,3202,119,92,1,201800000,2800000,21890000,220890000,Cash,Showroom
508223,2023-09-19,2802,118,77,1,204800000,3700000,22121000,223221000,Cash,Showroom
508224,2023-06-17,2066,102,95,1,456600000,23300000,47663000,480963000,Cash,Showroom
508225,2022-01-08,2186,131,75,1,396300000,5100000,43032000,434232000,Credit,Showroom
508226,2020-08-25,4784,111,22,1,232700000,9000000,24607000,248307000,Credit,Showroom
508227,2024-09-20,3442,119,6,1,197400000,7400000,20900000,210900000,Credit,Showroom
508228,2024-05-13,2731,166,29,1,662900000,12100000,71588000,722388000,Credit,Showroom
508229,2022-12-12,4479,104,14,1,291300000,13100000,30602000,308802000,Credit,Online
508230,2024-04-25,4353,102,31,1,452200000,12700000,48345000,487845000,Credit,Showroom
508231,2024-07-15,4846,120,40,1,402100000,21600000,41855000,422355000,Cash,Showroom
508232,2020-11-30,4327,113,4,1,160100000,9100000,16610000,167610000,Credit,Online
508233,2020-04-12,2016,132,8,1,434700000,10100000,46706000,471306000,Cash,Event
508234,2024-04-01,1293,104,37,1,304200000,13000000,32032000,323232000,Credit,Showroom
508235,2025-06-23,4590,135,29,1,286600000,1800000,31328000,316128000,Credit,Online
508236,2024-03-02,3503,103,73,1,282000000,1500000,30855000,311355000,Cash,Showroom
508237,2022-01-21,5345,153,20,1,439800000,18500000,46343000,467643000,Cash,Showroom
508238,2023-10-27,1333,109,84,1,764500000,31700000,80608000,813408000,Credit,Showroom
508239,2022-05-07,3514,172,62,1,1382900000,12800000,150711000,1520811000,Credit,Showroom
508240,2023-02-27,1045,162,46,1,566700000,21800000,59939000,604839000,Credit,Showroom
508241,2021-09-12,1086,110,16,1,750100000,12000000,81191000,819291000,Cash,Event
508242,2023-09-17,2052,155,104,1,645000000,23600000,68354000,689754000,Credit,Showroom
508243,2023-08-01,1843,118,66,1,202500000,12600000,20889000,210789000,Credit,Showroom
508244,2023-05-05,4215,111,66,1,224500000,8700000,23738000,239538000,Cash,Showroom
508245,2024-04-03,3047,121,111,1,413300000,28300000,42350000,427350000,Credit,Showroom
508246,2025-09-23,4064,155,24,1,645600000,30400000,67672000,682872000,Credit,Showroom
508247,2023-01-11,4716,156,105,1,677800000,27900000,71489000,721389000,Credit,Showroom
508248,2023-11-09,1811,121,100,1,408500000,24700000,42218000,426018000,Credit,Online
508249,2020-09-28,2260,109,50,1,791200000,22000000,84612000,853812000,Cash,Showroom
508250,2021-08-07,2830,105,32,1,586700000,3700000,64130000,647130000,Credit,Showroom
508251,2023-09-01,1699,108,23,1,171200000,4500000,18337000,185037000,Credit,Showroom
508252,2025-04-21,4038,166,89,1,660900000,26100000,69828000,704628000,Credit,Showroom
508253,2022-04-18,1821,135,67,1,297400000,12900000,31295000,315795000,Credit,Showroom
508254,2021-05-10,3508,147,86,1,202800000,10300000,21175000,213675000,Credit,Showroom
508255,2020-08-07,4693,106,80,1,375500000,21000000,38995000,393495000,Cash,Showroom
508256,2024-03-22,5166,166,27,1,636100000,16900000,68112000,687312000,Cash,Showroom
508257,2020-06-01,1566,117,21,1,186100000,8200000,19569000,197469000,Cash,Online
508258,2025-02-12,1462,116,62,1,272500000,13700000,28468000,287268000,Credit,Showroom
508259,2025-07-19,2668,137,39,1,442000000,17900000,46651000,470751000,Credit,Showroom
508260,2020-08-25,2890,160,26,1,388100000,23700000,40084000,404484000,Credit,Showroom
508261,2025-08-01,1211,120,108,1,396600000,17000000,41756000,421356000,Credit,Showroom
508262,2025-07-14,2970,113,5,1,171700000,6700000,18150000,183150000,Cash,Showroom
508263,2021-02-03,1064,103,12,1,303900000,2200000,33187000,334887000,Cash,Showroom
508264,2025-10-24,4112,106,49,1,385700000,12400000,41063000,414363000,Cash,Showroom
508265,2023-06-24,4406,121,90,1,399400000,16600000,42108000,424908000,Credit,Showroom
508266,2025-02-20,3500,175,60,1,1127300000,32500000,120428000,1215228000,Credit,Showroom
508267,2024-08-10,3870,114,89,1,296400000,10800000,31416000,317016000,Cash,Showroom
508268,2024-02-10,5205,110,98,1,790200000,1700000,86735000,875235000,Cash,Showroom
508269,2022-05-25,1286,110,40,1,765300000,39400000,79849000,805749000,Cash,Event
508270,2023-11-05,2176,130,71,1,653900000,39300000,67606000,682206000,Credit,Showroom
508271,2025-12-20,2908,149,31,1,282700000,11200000,29865000,301365000,Credit,Showroom
508272,2022-08-13,1529,103,61,1,287500000,19800000,29447000,297147000,Cash,Showroom
508273,2023-07-20,5315,102,78,1,448400000,20800000,47036000,474636000,Cash,Showroom
508274,2025-01-05,2632,142,91,1,288600000,13100000,30305000,305805000,Cash,Showroom
508275,2024-05-08,1392,101,11,1,249700000,11800000,26169000,264069000,Credit,Showroom
508276,2020-07-14,4177,107,51,1,390500000,21000000,40645000,410145000,Cash,Showroom
508277,2023-05-21,4542,129,72,1,291700000,8400000,31163000,314463000,Credit,Showroom
508278,2023-01-20,1922,126,74,1,650100000,38400000,67287000,678987000,Credit,Showroom
508279,2021-01-07,1978,121,102,1,406800000,6100000,44077000,444777000,Credit,Showroom
508280,2024-11-02,1611,143,82,1,752700000,28000000,79717000,804417000,Credit,Showroom
508281,2024-10-10,5441,107,80,1,390700000,15200000,41305000,416805000,Credit,Showroom
508282,2021-01-25,1721,104,40,1,301000000,15800000,31372000,316572000,Credit,Online
508283,2024-11-15,1926,152,32,3,285400000,38800000,89914000,907314000,Cash,Fleet
508284,2025-12-01,3216,130,113,1,660900000,34600000,68893000,695193000,Credit,Showroom
508285,2021-11-28,4354,121,67,1,399000000,5800000,43252000,436452000,Credit,Showroom
508286,2024-10-18,5472,115,18,1,285700000,6600000,30701000,309801000,Credit,Showroom
508287,2024-10-25,2125,109,60,1,745400000,39200000,77682000,783882000,Cash,Showroom
508288,2022-01-22,5140,128,61,1,293500000,14000000,30745000,310245000,Credit,Showroom
508289,2025-09-18,5270,120,42,1,416200000,6200000,45100000,455100000,Cash,Showroom
508290,2022-01-25,2947,109,114,1,746400000,100000,82093000,828393000,Credit,Showroom
508291,2025-12-17,2593,139,81,1,253100000,17100000,25960000,261960000,Credit,Showroom
508292,2025-10-17,3381,176,15,1,1456300000,56100000,154022000,1554222000,Credit,Showroom
508293,2020-04-13,2156,105,55,1,563100000,3500000,61556000,621156000,Credit,Showroom
508294,2020-12-13,4627,101,58,1,244900000,6200000,26257000,264957000,Credit,Showroom
508295,2020-03-20,4274,139,91,1,255100000,4000000,27621000,278721000,Cash,Showroom
508296,2024-03-15,3005,128,113,1,299500000,1900000,32736000,330336000,Credit,Showroom
508297,2022-10-09,4921,115,48,1,296600000,13800000,31108000,313908000,Cash,Showroom
508298,2022-06-24,1589,101,12,1,237200000,4200000,25630000,258630000,Credit,Showroom
508299,2024-06-25,4137,107,94,1,380800000,4300000,41415000,417915000,Credit,Online
508300,2025-10-26,2176,105,50,1,569800000,22400000,60214000,607614000,Credit,Showroom
508301,2025-01-14,3755,107,72,1,383900000,10900000,41030000,414030000,Cash,Showroom
508302,2024-03-07,2343,109,35,1,795200000,25300000,84689000,854589000,Cash,Showroom
508303,2020-11-20,1233,144,81,1,802200000,33800000,84524000,852924000,Credit,Showroom
508304,2020-01-08,3812,117,91,1,191100000,9000000,20031000,202131000,Credit,Showroom
508305,2024-02-18,4117,118,16,1,207900000,3800000,22451000,226551000,Cash,Showroom
508306,2021-03-13,3478,115,50,1,280100000,6000000,30151000,304251000,Credit,Showroom
508307,2024-05-15,3054,142,31,1,290500000,6300000,31262000,315462000,Cash,Online
508308,2023-06-15,3043,157,107,1,344500000,18500000,35860000,361860000,Cash,Showroom
508309,2021-04-24,4771,162,23,1,562300000,38300000,57640000,581640000,Credit,Event
508310,2023-06-14,1602,146,63,1,196800000,13300000,20185000,203685000,Credit,Showroom
508311,2021-01-22,4729,112,56,1,230000000,16000000,23540000,237540000,Cash,Online
508312,2020-01-07,4110,154,99,1,887700000,28400000,94523000,953823000,Credit,Showroom
508313,2022-02-14,2024,167,85,1,652300000,17900000,69784000,704184000,Cash,Showroom
508314,2021-01-10,5423,106,111,1,386000000,24800000,39732000,400932000,Credit,Showroom
508315,2021-07-14,4138,112,1,1,225800000,4700000,24321000,245421000,Cash,Showroom
508316,2025-11-16,4064,121,113,1,390500000,2000000,42735000,431235000,Cash,Online
508317,2025-11-22,5128,102,16,5,476200000,16800000,260062000,2624262000,Cash,Fleet
508318,2022-02-26,2598,102,41,1,465100000,20800000,48873000,493173000,Credit,Showroom
508319,2021-08-27,3508,112,34,1,238300000,15900000,24464000,246864000,Credit,Event
508320,2023-10-21,2685,110,63,1,762400000,32000000,80344000,810744000,Credit,Showroom
508321,2022-07-26,2868,115,22,1,291600000,3500000,31691000,319791000,Credit,Showroom
508322,2021-01-03,1762,117,80,1,182100000,2600000,19745000,199245000,Cash,Showroom
508323,2025-10-26,2374,106,65,1,398800000,16100000,42097000,424797000,Cash,Showroom
508324,2025-03-11,4733,106,104,1,391100000,21700000,40634000,410034000,Credit,Showroom
508325,2024-10-26,3228,138,3,1,258800000,6600000,27742000,279942000,Credit,Showroom
508326,2025-11-01,2791,129,71,1,292900000,4500000,31724000,320124000,Cash,Showroom
508327,2023-04-17,2345,116,74,1,271000000,18300000,27797000,280497000,Credit,Showroom
508328,2023-11-02,5183,113,3,1,164000000,1300000,17897000,180597000,Credit,Online
508329,2023-12-08,5083,179,75,1,1059000000,29600000,113234000,1142634000,Cash,Showroom
508330,2022-12-18,3713,113,55,1,169600000,3700000,18249000,184149000,Cash,Online
508331,2024-06-07,1500,115,93,1,278700000,17300000,28754000,290154000,Credit,Event
508332,2020-12-22,5111,158,120,1,439100000,11700000,47014000,474414000,Credit,Showroom
508333,2024-07-13,4758,134,94,1,255400000,8600000,27148000,273948000,Credit,Showroom
508334,2021-06-19,4933,141,89,1,388700000,5700000,42130000,425130000,Credit,Online
508335,2021-11-12,4846,144,92,2,774200000,42000000,165704000,1672104000,Credit,Fleet
508336,2020-06-15,4632,165,87,5,433700000,7100000,237754000,2399154000,Cash,Fleet
508337,2022-03-28,3535,125,47,1,657100000,38900000,68002000,686202000,Cash,Showroom
508338,2022-01-02,2519,143,114,1,700400000,37300000,72941000,736041000,Cash,Showroom
508339,2022-03-07,4586,117,69,1,188800000,2900000,20449000,206349000,Credit,Showroom
508340,2022-03-06,3060,119,74,1,197800000,4400000,21274000,214674000,Credit,Showroom
508341,2022-06-25,3173,126,100,1,628500000,33000000,65505000,661005000,Credit,Showroom
508342,2022-04-20,5161,122,93,1,749100000,2100000,82170000,829170000,Credit,Showroom
508343,2024-08-22,2959,112,94,1,237000000,800000,25982000,262182000,Credit,Online
508344,2024-07-26,2315,112,106,1,236000000,12500000,24585000,248085000,Credit,Showroom
508345,2024-06-13,5240,106,74,1,384400000,21400000,39930000,402930000,Credit,Showroom
508346,2023-12-15,4255,124,14,1,325500000,15400000,34111000,344211000,Credit,Showroom
508347,2025-01-20,1551,146,78,1,202000000,8300000,21307000,215007000,Credit,Showroom
508348,2025-12-16,3099,110,49,1,769000000,40000000,80190000,809190000,Credit,Online
508349,2020-03-30,1395,154,47,1,864800000,4000000,94688000,955488000,Cash,Showroom
508350,2024-11-07,2327,128,6,1,310500000,13300000,32692000,329892000,Credit,Showroom
508351,2024-07-27,1460,154,116,1,900400000,54300000,93071000,939171000,Credit,Showroom
508352,2023-08-12,3875,110,11,1,750300000,26700000,79596000,803196000,Cash,Showroom
508353,2021-06-02,5229,106,31,1,374100000,14400000,39567000,399267000,Cash,Showroom
508354,2025-05-20,3718,173,55,1,1359900000,53300000,143726000,1450326000,Cash,Showroom
508355,2022-07-25,1890,132,44,1,438900000,30200000,44957000,453657000,Cash,Showroom
508356,2025-03-25,4358,141,66,1,378900000,20000000,39479000,398379000,Cash,Online
508357,2025-03-12,3276,108,106,1,178200000,2200000,19360000,195360000,Cash,Showroom
508358,2025-02-06,4442,114,24,1,276800000,1000000,30338000,306138000,Credit,Showroom
508359,2025-03-19,5455,103,76,1,298300000,4200000,32351000,326451000,Credit,Online
508360,2025-02-14,3704,141,103,1,377100000,3200000,41129000,415029000,Credit,Showroom
508361,2025-06-15,2291,133,57,1,432400000,1200000,47432000,478632000,Cash,Showroom
508362,2025-12-25,4792,108,54,1,178200000,6600000,18876000,190476000,Cash,Showroom
508363,2020-07-03,3465,127,111,1,290000000,10700000,30723000,310023000,Credit,Showroom
508364,2023-10-17,4615,109,103,1,795700000,34200000,83765000,845265000,Credit,Online
508365,2020-05-24,1159,128,111,1,308600000,4500000,33451000,337551000,Cash,Showroom
508366,2024-02-19,1868,139,2,1,247400000,4500000,26719000,269619000,Credit,Event
508367,2024-09-03,1790,102,93,1,463000000,12800000,49522000,499722000,Credit,Showroom
508368,2025-09-19,5128,132,88,1,421100000,15300000,44638000,450438000,Credit,Event
508369,2024-05-03,4916,106,55,1,379900000,17200000,39897000,402597000,Credit,Showroom
508370,2023-05-02,4488,143,47,1,753800000,48600000,77572000,782772000,Cash,Showroom
508371,2023-07-11,4930,136,114,1,442400000,19400000,46530000,469530000,Credit,Showroom
508372,2025-02-12,3776,112,34,1,227600000,2900000,24717000,249417000,Credit,Showroom
508373,2024-10-31,2624,107,18,1,374500000,7800000,40337000,407037000,Credit,Showroom
508374,2023-09-12,4638,108,78,1,173800000,9600000,18062000,182262000,Credit,Showroom
508375,2020-10-06,1108,184,102,1,1298500000,34600000,139029000,1402929000,Credit,Online
508376,2021-05-28,3549,132,99,1,434300000,9500000,46728000,471528000,Credit,Showroom
508377,2025-12-07,1244,101,105,1,239000000,14200000,24728000,249528000,Credit,Showroom
508378,2024-10-06,3138,101,39,1,240200000,500000,26367000,266067000,Cash,Showroom
508379,2023-10-26,4663,165,76,1,435900000,29000000,44759000,451659000,Credit,Showroom
508380,2022-11-09,2842,137,116,1,439200000,18900000,46233000,466533000,Credit,Showroom
508381,2024-05-07,2766,118,68,1,201000000,8100000,21219000,214119000,Cash,Showroom
508382,2024-09-07,1194,114,21,1,280000000,4300000,30327000,306027000,Credit,Online
508383,2024-11-01,4689,104,92,1,285800000,1300000,31295000,315795000,Credit,Showroom
508384,2023-01-18,1020,136,33,1,469000000,22100000,49159000,496059000,Credit,Showroom
508385,2023-04-24,3958,126,71,1,666500000,43600000,68519000,691419000,Cash,Showroom
508386,2021-10-07,1627,108,72,1,174500000,4700000,18678000,188478000,Credit,Showroom
508387,2025-09-06,3744,122,88,1,770800000,30400000,81444000,821844000,Cash,Showroom
508388,2022-03-25,4385,122,25,1,740400000,15100000,79783000,805083000,Credit,Showroom
508389,2025-03-02,2729,113,52,1,168800000,7400000,17754000,179154000,Cash,Showroom
508390,2023-02-08,4665,124,113,1,322400000,900000,35365000,356865000,Cash,Showroom
508391,2025-07-14,4616,108,33,1,170200000,2600000,18436000,186036000,Credit,Showroom
508392,2021-10-04,4537,107,43,1,388400000,22900000,40205000,405705000,Credit,Showroom
508393,2024-02-03,5303,129,28,1,292800000,3500000,31823000,321123000,Credit,Showroom
508394,2022-06-04,4831,140,2,1,174000000,2700000,18843000,190143000,Cash,Online
508395,2022-01-10,4052,143,81,1,713800000,15900000,76769000,774669000,Credit,Showroom
508396,2021-07-26,4058,168,45,1,262600000,4400000,28402000,286602000,Credit,Showroom
508397,2025-07-08,3648,113,26,1,163900000,10300000,16896000,170496000,Cash,Showroom
508398,2025-01-13,1850,108,35,1,176200000,4500000,18887000,190587000,Cash,Showroom
508399,2024-11-04,3764,108,41,1,180200000,11500000,18557000,187257000,Credit,Showroom
508400,2020-06-12,3667,117,23,1,185900000,5800000,19811000,199911000,Cash,Online
508401,2024-07-14,4734,143,21,1,698400000,10000000,75724000,764124000,Credit,Showroom
508402,2023-03-15,2744,134,45,1,256100000,2000000,27951000,282051000,Credit,Showroom
508403,2024-06-17,2063,101,2,1,248400000,16300000,25531000,257631000,Credit,Showroom
508404,2024-12-11,3087,105,1,1,579400000,20200000,61512000,620712000,Credit,Showroom
508405,2024-09-14,3321,105,18,1,580500000,30900000,60456000,610056000,Credit,Showroom
508406,2025-07-15,4769,121,72,1,412800000,25700000,42581000,429681000,Credit,Showroom
508407,2022-04-06,2246,106,70,1,390400000,4200000,42482000,428682000,Cash,Showroom
508408,2021-11-23,5047,139,92,1,256300000,13000000,26763000,270063000,Credit,Showroom
508409,2021-04-17,3739,144,20,1,786200000,29100000,83281000,840381000,Credit,Showroom
508410,2022-12-16,5104,129,114,1,296400000,5200000,32032000,323232000,Cash,Showroom
508411,2024-05-04,3675,104,6,1,291800000,6400000,31394000,316794000,Credit,Online
508412,2024-05-09,2668,105,36,1,574400000,30200000,59862000,604062000,Cash,Showroom
508413,2022-07-06,3863,144,17,1,800500000,27400000,85041000,858141000,Credit,Event
508414,2021-04-26,1260,105,6,1,563300000,28800000,58795000,593295000,Credit,Showroom
508415,2024-04-03,1632,113,98,1,160700000,6800000,16929000,170829000,Credit,Showroom
508416,2024-01-11,1125,152,118,1,273400000,8100000,29183000,294483000,Credit,Showroom
508417,2024-10-17,1063,102,42,1,467500000,11900000,50116000,505716000,Cash,Online
508418,2022-01-26,5264,113,22,1,161800000,2100000,17567000,177267000,Credit,Showroom
508419,2025-05-05,1504,122,30,1,789200000,3700000,86405000,871905000,Credit,Showroom
508420,2024-03-15,4335,179,116,1,1074900000,2700000,117942000,1190142000,Credit,Online
508421,2022-12-22,1154,133,113,1,425000000,10500000,45595000,460095000,Cash,Showroom
508422,2021-07-16,3688,110,67,1,773600000,29300000,81873000,826173000,Cash,Showroom
508423,2023-12-08,5040,109,73,1,750400000,17800000,80586000,813186000,Cash,Showroom
508424,2024-02-01,3619,112,66,1,237400000,14700000,24497000,247197000,Credit,Showroom
508425,2025-05-30,3757,180,59,1,1616700000,65200000,170665000,1722165000,Cash,Showroom
508426,2025-05-19,1967,146,72,5,199700000,68800000,102267000,1031967000,Cash,Fleet
508427,2020-01-19,1800,106,28,1,389800000,1200000,42746000,431346000,Credit,Showroom
508428,2023-10-06,5337,102,106,2,482400000,46900000,100969000,1018869000,Credit,Fleet
508429,2022-03-08,3134,104,38,1,299600000,17600000,31020000,313020000,Cash,Showroom
508430,2024-08-28,5098,114,5,1,279500000,3600000,30349000,306249000,Credit,Event
508431,2025-10-15,4893,144,68,1,799500000,49600000,82489000,832389000,Credit,Showroom
508432,2022-04-20,2196,108,18,1,179600000,2700000,19459000,196359000,Credit,Showroom
508433,2024-05-26,3470,104,28,1,303300000,19100000,31262000,315462000,Credit,Showroom
508434,2025-10-04,2072,124,102,1,314400000,15900000,32835000,331335000,Credit,Showroom
508435,2022-01-05,3593,140,28,1,174100000,8900000,18172000,183372000,Credit,Showroom
508436,2020-03-04,4443,142,16,1,297800000,12000000,31438000,317238000,Credit,Showroom
508437,2024-05-19,1556,118,52,1,198400000,1100000,21703000,219003000,Cash,Showroom
508438,2025-03-09,4175,116,96,1,255300000,10700000,26906000,271506000,Credit,Event
508439,2020-07-21,4765,133,117,1,434100000,7700000,46904000,473304000,Cash,Online
508440,2024-03-22,3013,162,97,1,579900000,3800000,63371000,639471000,Cash,Showroom
508441,2020-06-04,1894,109,35,6,768300000,192800000,485870000,4902870000,Credit,Fleet
508442,2025-12-11,1134,118,79,1,207100000,1900000,22572000,227772000,Cash,Showroom
508443,2021-01-21,3645,138,13,1,244900000,14000000,25399000,256299000,Credit,Showroom
508444,2021-08-21,2626,122,63,1,760400000,42400000,78980000,796980000,Credit,Showroom
508445,2024-11-30,2325,121,16,1,399100000,2700000,43604000,440004000,Credit,Showroom
508446,2020-05-14,4716,131,86,1,395200000,27500000,40447000,408147000,Cash,Event
508447,2025-04-01,2454,106,108,1,375400000,400000,41250000,416250000,Credit,Showroom
508448,2021-01-25,2461,148,15,6,281900000,51500000,180389000,1820289000,Cash,Fleet
508449,2020-04-21,1813,101,23,1,249200000,16400000,25608000,258408000,Credit,Showroom
508450,2021-05-02,4674,114,49,1,279600000,4600000,30250000,305250000,Credit,Showroom
508451,2025-04-09,4164,139,67,1,248600000,6600000,26620000,268620000,Credit,Showroom
508452,2021-09-17,3379,109,59,1,748900000,47100000,77198000,778998000,Cash,Online
508453,2024-01-07,4451,109,67,1,752500000,21600000,80399000,811299000,Cash,Showroom
508454,2024-08-15,4967,139,58,1,258300000,11000000,27203000,274503000,Credit,Showroom
508455,2022-10-03,1010,108,88,1,176100000,900000,19272000,194472000,Credit,Showroom
508456,2022-01-24,5073,117,117,1,190800000,11900000,19679000,198579000,Cash,Showroom
508457,2020-01-01,1491,131,3,1,397800000,15600000,42042000,424242000,Credit,Event
508458,2025-09-01,2077,111,117,1,223200000,2100000,24321000,245421000,Credit,Online
508459,2024-01-06,4221,121,21,1,394200000,17600000,41426000,418026000,Credit,Showroom
508460,2024-05-21,4326,120,111,1,414000000,200000,45518000,459318000,Credit,Event
508461,2023-06-02,1149,135,33,1,284700000,18600000,29271000,295371000,Credit,Online
508462,2021-03-26,5464,110,8,1,784400000,45000000,81334000,820734000,Cash,Online
508463,2025-11-01,4403,101,54,1,242900000,16800000,24871000,250971000,Credit,Showroom
508464,2021-08-18,5280,152,49,1,287400000,14700000,29997000,302697000,Credit,Showroom
508465,2024-10-02,1576,130,80,1,633900000,24800000,67001000,676101000,Credit,Showroom
508466,2025-03-18,3594,137,83,1,459100000,10100000,49390000,498390000,Cash,Showroom
508467,2020-04-26,2435,108,101,1,182200000,3500000,19657000,198357000,Credit,Showroom
508468,2022-06-15,4521,110,107,1,788300000,39600000,82357000,831057000,Credit,Showroom
508469,2024-09-25,1706,170,98,1,354900000,13700000,37532000,378732000,Credit,Showroom
508470,2022-04-01,1772,123,11,1,740800000,2100000,81257000,819957000,Credit,Showroom
508471,2020-09-13,3357,103,59,1,290700000,13800000,30459000,307359000,Credit,Showroom
508472,2022-05-07,2600,101,3,1,238200000,12900000,24783000,250083000,Credit,Showroom
508473,2021-12-31,2680,129,12,1,303700000,800000,33319000,336219000,Credit,Showroom
508474,2025-10-02,1159,172,30,1,1335300000,68400000,139359000,1406259000,Cash,Showroom
508475,2025-10-14,3894,132,50,1,423800000,12900000,45199000,456099000,Credit,Online
508476,2022-05-21,4815,118,10,1,200700000,11700000,20790000,209790000,Credit,Showroom
508477,2022-04-02,3701,128,4,1,310200000,1100000,34001000,343101000,Credit,Event
508478,2022-05-18,1534,102,95,1,475500000,300000,52272000,527472000,Credit,Showroom
508479,2020-04-18,1213,101,56,1,239000000,14200000,24728000,249528000,Cash,Showroom
508480,2021-02-28,3345,108,81,1,183600000,8300000,19283000,194583000,Cash,Showroom
508481,2024-08-05,1937,102,29,1,473900000,9200000,51117000,515817000,Credit,Showroom
508482,2021-01-30,3999,102,38,1,450200000,28800000,46354000,467754000,Credit,Showroom
508483,2024-04-28,4188,113,27,1,171200000,8400000,17908000,180708000,Credit,Showroom
508484,2022-01-19,1893,105,66,1,576300000,28600000,60247000,607947000,Credit,Event
508485,2021-02-18,3240,149,67,1,296000000,300000,32527000,328227000,Credit,Showroom
508486,2020-04-12,3989,128,37,1,304700000,17600000,31581000,318681000,Credit,Showroom
508487,2025-02-14,2596,105,75,1,545500000,7500000,59180000,597180000,Cash,Showroom
508488,2021-01-23,3903,148,76,1,292800000,8000000,31328000,316128000,Cash,Event
508489,2025-11-08,3068,138,94,1,252800000,3600000,27412000,276612000,Cash,Showroom
508490,2025-02-22,2513,111,94,1,241300000,8400000,25619000,258519000,Cash,Event
508491,2021-05-14,4767,117,31,1,191800000,13300000,19635000,198135000,Credit,Showroom
508492,2024-09-16,2651,107,10,1,390300000,19300000,40810000,411810000,Credit,Online
508493,2021-04-26,4531,133,67,1,433600000,26100000,44825000,452325000,Credit,Showroom
508494,2023-04-16,1652,114,55,4,283000000,16600000,122694000,1238094000,Credit,Fleet
508495,2021-12-15,2257,104,78,1,303500000,20700000,31108000,313908000,Credit,Showroom
508496,2025-10-18,2713,173,59,1,1330800000,30400000,143044000,1443444000,Credit,Event
508497,2020-07-20,3963,106,100,1,375500000,4500000,40810000,411810000,Credit,Showroom
508498,2021-11-23,2156,103,118,1,283900000,12200000,29887000,301587000,Credit,Showroom
508499,2024-12-23,2311,138,80,1,252900000,10100000,26708000,269508000,Credit,Showroom
508500,2022-01-25,2386,105,34,1,569400000,38200000,58432000,589632000,Credit,Showroom
508501,2020-08-15,5266,121,42,1,417600000,27200000,42944000,433344000,Credit,Showroom
508502,2023-02-26,5404,123,39,1,785900000,40000000,82049000,827949000,Credit,Showroom
508503,2024-11-04,5453,107,10,4,369300000,81400000,153538000,1549338000,Cash,Fleet
508504,2020-04-07,3136,118,60,1,198400000,5000000,21274000,214674000,Credit,Showroom
508505,2021-05-18,1966,140,26,1,173300000,2400000,18799000,189699000,Credit,Showroom
508506,2023-04-27,5081,122,80,1,745900000,19500000,79904000,806304000,Cash,Showroom
508507,2023-03-07,2986,131,78,1,381300000,14400000,40359000,407259000,Credit,Showroom
508508,2023-09-15,4617,134,76,1,261400000,13500000,27269000,275169000,Credit,Online
508509,2023-02-27,3366,135,7,1,293900000,11100000,31108000,313908000,Credit,Showroom
508510,2022-04-12,4918,119,1,1,199100000,800000,21813000,220113000,Cash,Showroom
508511,2021-07-07,5434,110,58,1,759400000,20600000,81268000,820068000,Credit,Showroom
508512,2020-08-07,4523,135,4,1,301800000,20600000,30932000,312132000,Cash,Showroom
508513,2022-07-03,3998,123,61,1,789000000,52100000,81059000,817959000,Credit,Event
508514,2021-04-14,3872,138,57,1,246100000,1200000,26939000,271839000,Credit,Online
508515,2025-09-21,1454,136,14,1,436900000,29100000,44858000,452658000,Credit,Event
508516,2021-11-18,2749,116,45,1,269500000,11600000,28369000,286269000,Credit,Showroom
508517,2023-05-27,5240,149,116,1,288800000,6300000,31075000,313575000,Credit,Showroom
508518,2023-04-11,3446,103,105,1,288600000,8900000,30767000,310467000,Cash,Online
508519,2025-08-06,4735,107,88,1,398000000,16000000,42020000,424020000,Credit,Showroom
508520,2024-06-23,2068,109,61,1,757100000,3900000,82852000,836052000,Credit,Showroom
508521,2025-08-24,2262,116,119,1,271400000,8300000,28941000,292041000,Credit,Online
508522,2023-06-22,4586,109,70,1,741300000,7000000,80773000,815073000,Credit,Showroom
508523,2024-12-10,2368,110,8,1,749000000,30100000,79079000,797979000,Credit,Showroom
508524,2025-05-07,3339,137,88,1,457900000,10400000,49225000,496725000,Credit,Showroom
508525,2023-09-01,1557,106,100,1,372500000,4900000,40436000,408036000,Credit,Showroom
508526,2022-03-21,2012,103,32,1,284800000,400000,31284000,315684000,Cash,Showroom
508527,2023-11-02,3228,104,12,1,285600000,18300000,29403000,296703000,Credit,Showroom
508528,2024-03-15,2264,109,33,1,739600000,46000000,76296000,769896000,Credit,Showroom
508529,2023-11-03,1797,127,2,1,288200000,2700000,31405000,316905000,Credit,Showroom
508530,2023-04-04,1290,112,50,1,225100000,10300000,23628000,238428000,Cash,Showroom
508531,2024-06-30,3900,104,17,1,304400000,11600000,32208000,325008000,Credit,Showroom
508532,2022-03-06,1283,103,98,1,301900000,20700000,30932000,312132000,Cash,Showroom
508533,2022-12-12,4575,106,71,1,378100000,14400000,40007000,403707000,Credit,Showroom
508534,2025-12-20,4682,140,87,1,173400000,1100000,18953000,191253000,Credit,Online
508535,2024-08-09,1477,127,25,1,287000000,18100000,29579000,298479000,Credit,Showroom
508536,2024-06-19,3216,113,17,1,165000000,700000,18073000,182373000,Credit,Event
508537,2024-01-18,4148,106,92,1,380600000,22200000,39424000,397824000,Credit,Showroom
508538,2024-04-28,4681,102,63,1,481700000,10200000,51865000,523365000,Cash,Event
508539,2023-07-29,4085,144,2,1,774400000,53500000,79299000,800199000,Cash,Showroom
508540,2021-08-04,3895,124,96,1,310700000,17900000,32208000,325008000,Credit,Showroom
508541,2023-02-09,4829,126,91,1,665800000,18200000,71236000,718836000,Credit,Showroom
508542,2023-08-28,2981,131,9,1,393600000,24800000,40568000,409368000,Credit,Showroom
508543,2024-10-16,5223,163,16,1,581200000,24300000,61259000,618159000,Credit,Online
508544,2021-07-26,4804,135,105,1,299400000,12400000,31570000,318570000,Credit,Showroom
508545,2023-02-14,2851,110,17,1,774000000,43300000,80377000,811077000,Cash,Showroom
508546,2025-11-30,2071,109,119,1,757700000,15200000,81675000,824175000,Credit,Online
508547,2025-04-21,4798,101,35,4,235000000,48100000,98109000,990009000,Credit,Fleet
508548,2022-01-20,3374,105,15,1,553100000,26300000,57948000,584748000,Credit,Showroom
508549,2025-08-22,4673,123,53,1,772300000,9200000,83941000,847041000,Credit,Event
508550,2020-04-03,4757,102,24,1,477100000,15400000,50787000,512487000,Credit,Showroom
508551,2025-11-24,5080,118,42,1,194900000,3800000,21021000,212121000,Cash,Showroom
508552,2021-03-22,1451,124,9,1,322100000,12400000,34067000,343767000,Credit,Showroom
508553,2020-03-24,2913,132,40,1,418500000,8400000,45111000,455211000,Cash,Event
508554,2025-06-20,5415,126,93,1,620900000,36000000,64339000,649239000,Credit,Showroom
508555,2024-06-30,1492,116,51,1,255500000,9200000,27093000,273393000,Credit,Showroom
508556,2022-04-07,1734,150,21,1,270600000,18500000,27731000,279831000,Credit,Showroom
508557,2021-05-04,4798,124,53,1,323600000,5700000,34969000,352869000,Credit,Showroom
508558,2023-04-05,3024,178,87,1,1113300000,56900000,116204000,1172604000,Credit,Showroom
508559,2021-05-31,4441,117,102,1,190200000,10500000,19767000,199467000,Cash,Online
508560,2023-05-25,1995,105,3,1,571200000,8700000,61875000,624375000,Credit,Showroom
508561,2024-11-22,4849,157,38,1,334500000,9200000,35783000,361083000,Credit,Showroom
508562,2024-05-22,5015,109,59,1,769200000,8900000,83633000,843933000,Credit,Showroom
508563,2020-01-21,1910,136,41,1,453200000,7000000,49082000,495282000,Credit,Showroom
508564,2023-01-30,2224,115,67,1,277100000,17800000,28523000,287823000,Cash,Showroom
508565,2024-11-08,2468,125,67,1,639500000,32800000,66737000,673437000,Cash,Showroom
508566,2025-08-29,4095,133,67,1,415600000,1400000,45562000,459762000,Credit,Showroom
508567,2024-12-08,1918,128,73,1,309900000,15500000,32384000,326784000,Credit,Showroom
508568,2025-07-02,1351,109,30,1,738100000,19600000,79035000,797535000,Credit,Showroom
508569,2025-11-29,5341,130,62,1,638100000,22400000,67727000,683427000,Cash,Showroom
508570,2021-03-11,5417,138,26,1,248000000,10000000,26180000,264180000,Credit,Showroom
508571,2021-04-30,3895,145,66,1,346800000,2300000,37895000,382395000,Credit,Event
508572,2023-03-17,1463,167,80,1,671000000,5600000,73194000,738594000,Credit,Showroom
508573,2022-11-06,2758,129,31,1,307500000,6100000,33154000,334554000,Credit,Showroom
508574,2022-04-13,3567,132,43,1,436000000,24400000,45276000,456876000,Credit,Showroom
508575,2020-09-28,5040,130,13,1,628500000,34300000,65362000,659562000,Credit,Showroom
508576,2025-03-25,1619,116,51,1,269000000,1000000,29480000,297480000,Credit,Showroom
508577,2025-01-09,4675,104,15,1,294300000,18200000,30371000,306471000,Credit,Showroom
508578,2022-05-05,1126,163,101,1,585900000,20600000,62183000,627483000,Credit,Showroom
508579,2021-09-15,4369,103,112,1,303800000,19200000,31306000,315906000,Cash,Showroom
508580,2024-08-13,1837,102,98,1,465900000,15900000,49500000,499500000,Credit,Showroom
508581,2022-03-06,2282,122,46,1,745000000,49500000,76505000,772005000,Credit,Showroom
508582,2021-04-13,3154,109,3,1,796700000,14300000,86064000,868464000,Credit,Event
508583,2023-03-09,3868,115,79,1,293500000,4200000,31823000,321123000,Cash,Showroom
508584,2023-11-19,3248,114,8,1,297800000,8600000,31812000,321012000,Cash,Showroom
508585,2024-04-16,1871,128,51,1,302400000,3000000,32934000,332334000,Credit,Showroom
508586,2021-06-12,4506,112,116,1,238000000,9700000,25113000,253413000,Credit,Showroom
508587,2023-05-22,3032,110,87,1,754700000,43000000,78287000,789987000,Credit,Showroom
508588,2022-01-29,5002,104,94,1,303500000,6600000,32659000,329559000,Credit,Showroom
508589,2021-01-17,1807,106,20,1,391700000,18000000,41107000,414807000,Cash,Showroom
508590,2022-05-03,3522,102,50,1,465800000,15600000,49522000,499722000,Cash,Showroom
508591,2023-04-08,2287,105,75,1,569700000,8800000,61699000,622599000,Credit,Showroom
508592,2024-12-13,5110,104,7,1,283900000,6300000,30536000,308136000,Credit,Showroom
508593,2023-10-26,5449,139,114,1,244700000,15900000,25168000,253968000,Credit,Event
508594,2024-11-17,4144,163,53,1,547900000,33500000,56584000,570984000,Credit,Showroom
508595,2025-01-30,2783,148,1,1,282500000,12300000,29722000,299922000,Cash,Showroom
508596,2023-10-03,1469,162,32,1,553800000,8900000,59939000,604839000,Credit,Showroom
508597,2023-07-13,1428,107,89,1,388000000,23600000,40084000,404484000,Credit,Showroom
508598,2021-06-22,3004,132,87,1,427300000,11300000,45760000,461760000,Credit,Showroom
508599,2025-12-28,1913,128,38,1,296100000,12200000,31229000,315129000,Cash,Showroom
508600,2024-08-13,4173,102,74,1,450700000,14300000,48004000,484404000,Cash,Showroom
508601,2021-11-11,5392,153,16,1,410800000,8900000,44209000,446109000,Credit,Online
508602,2022-04-30,3249,104,32,1,289100000,4500000,31306000,315906000,Cash,Showroom
508603,2025-10-01,3799,133,54,1,429900000,28300000,44176000,445776000,Credit,Showroom
508604,2023-08-26,2144,146,120,1,203700000,6300000,21714000,219114000,Credit,Showroom
508605,2022-07-28,3686,167,14,1,646600000,32100000,67595000,682095000,Credit,Showroom
508606,2025-12-30,4095,185,64,1,872000000,18900000,93841000,946941000,Credit,Showroom
508607,2023-05-16,1695,108,10,1,170600000,8300000,17853000,180153000,Credit,Showroom
508608,2025-08-10,3514,114,7,1,279200000,4000000,30272000,305472000,Credit,Showroom
508609,2022-10-08,2144,113,48,1,169500000,9400000,17611000,177711000,Credit,Showroom
508610,2023-05-18,1139,123,16,1,764600000,28300000,80993000,817293000,Credit,Showroom
508611,2024-03-06,4888,133,85,1,416400000,11900000,44495000,448995000,Cash,Showroom
508612,2024-05-28,3545,127,71,1,282900000,17500000,29194000,294594000,Credit,Online
508613,2024-11-16,3688,178,115,1,1098200000,49900000,115313000,1163613000,Credit,Showroom
508614,2024-11-13,1844,175,107,1,1059200000,15200000,114840000,1158840000,Cash,Showroom
508615,2024-10-12,3811,130,6,1,659600000,24100000,69905000,705405000,Credit,Showroom
508616,2024-07-08,1028,182,91,1,1918700000,82100000,202026000,2038626000,Credit,Showroom
508617,2021-12-31,3271,128,11,1,291000000,4800000,31482000,317682000,Cash,Showroom
508618,2021-06-24,3872,134,80,1,252900000,8100000,26928000,271728000,Credit,Showroom
508619,2021-12-31,4860,106,113,4,373500000,28500000,161205000,1626705000,Credit,Fleet
508620,2025-04-23,2563,115,112,1,292000000,9300000,31097000,313797000,Credit,Showroom
508621,2025-02-21,4570,126,53,1,665700000,40800000,68739000,693639000,Credit,Showroom
508622,2024-07-02,1608,136,68,1,448700000,24600000,46651000,470751000,Credit,Showroom
508623,2025-09-22,2910,107,23,1,373200000,14300000,39479000,398379000,Cash,Showroom
508624,2021-04-28,2237,137,41,1,450000000,27200000,46508000,469308000,Credit,Showroom
508625,2021-12-09,3370,108,114,1,173400000,1200000,18942000,191142000,Credit,Online
508626,2024-05-19,4828,145,103,1,361400000,18000000,37774000,381174000,Credit,Showroom
508627,2022-07-08,5263,103,6,1,287600000,11200000,30404000,306804000,Cash,Showroom
508628,2024-07-15,3384,107,38,1,370800000,16700000,38951000,393051000,Cash,Showroom
508629,2025-03-09,4245,105,30,1,580400000,11800000,62546000,631146000,Cash,Showroom
508630,2024-09-07,1317,158,72,1,436900000,30200000,44737000,451437000,Credit,Showroom
508631,2023-02-21,4733,114,50,1,291100000,10200000,30899000,311799000,Cash,Showroom
508632,2022-08-22,5335,131,100,1,377700000,2600000,41261000,416361000,Credit,Showroom
508633,2020-04-26,4230,165,49,1,419900000,300000,46156000,465756000,Credit,Showroom
508634,2023-03-05,5221,128,87,1,312300000,21800000,31955000,322455000,Credit,Online
508635,2020-06-20,4452,125,89,1,640600000,29000000,67276000,678876000,Cash,Showroom
508636,2025-01-10,2225,124,24,1,319300000,19800000,32945000,332445000,Credit,Showroom
508637,2023-09-24,3851,128,86,1,303300000,14400000,31779000,320679000,Credit,Showroom
508638,2023-09-25,3964,114,1,1,293200000,500000,32197000,324897000,Credit,Showroom
508639,2020-05-10,5384,133,44,1,428600000,16200000,45364000,457764000,Cash,Showroom
508640,2025-12-13,3996,130,38,1,645000000,10000000,69850000,704850000,Credit,Showroom
508641,2022-05-22,1334,143,7,1,749700000,43100000,77726000,784326000,Cash,Showroom
508642,2023-09-20,2088,111,13,1,225900000,2200000,24607000,248307000,Credit,Showroom
508643,2021-03-10,1333,108,90,1,174200000,1800000,18964000,191364000,Credit,Event
508644,2022-03-12,1207,106,118,1,381300000,15500000,40238000,406038000,Credit,Showroom
508645,2023-01-23,4194,125,77,1,652600000,45200000,66814000,674214000,Credit,Event
508646,2025-03-13,3032,115,48,1,276900000,8700000,29502000,297702000,Credit,Online
508647,2021-03-10,5411,113,63,1,170200000,2800000,18414000,185814000,Credit,Showroom
508648,2021-07-13,5224,121,91,1,413400000,19300000,43351000,437451000,Credit,Showroom
508649,2021-02-07,1650,185,63,1,906600000,48800000,94358000,952158000,Cash,Showroom
508650,2023-04-16,4177,112,120,1,233200000,6300000,24959000,251859000,Cash,Showroom
508651,2025-10-16,3599,121,58,1,403700000,17100000,42526000,429126000,Cash,Showroom
508652,2020-07-19,3560,162,115,1,579000000,20600000,61424000,619824000,Credit,Showroom
508653,2025-09-11,1506,129,114,1,308700000,5700000,33330000,336330000,Credit,Showroom
508654,2024-07-23,3636,121,115,1,402000000,24700000,41503000,418803000,Credit,Online
508655,2021-08-31,2216,114,83,1,290100000,1200000,31779000,320679000,Credit,Event
508656,2023-09-20,1917,112,107,1,226300000,1200000,24761000,249861000,Credit,Showroom
508657,2021-04-24,4492,120,91,1,396300000,3100000,43252000,436452000,Credit,Showroom
508658,2021-06-03,2209,130,31,1,623400000,14800000,66946000,675546000,Credit,Showroom
508659,2022-06-09,4493,141,56,1,378500000,15300000,39952000,403152000,Cash,Showroom
508660,2020-12-14,1882,149,63,1,283800000,18600000,29172000,294372000,Cash,Showroom
508661,2025-07-03,5005,125,43,1,668800000,27500000,70543000,711843000,Credit,Showroom
508662,2021-09-28,4382,151,116,1,546800000,14600000,58542000,590742000,Credit,Showroom
508663,2023-10-04,2393,124,97,1,326600000,11700000,34639000,349539000,Credit,Showroom
508664,2024-07-20,4639,110,70,1,781500000,6200000,85283000,860583000,Credit,Showroom
508665,2021-07-30,3436,105,91,6,576200000,111200000,368060000,3714060000,Credit,Fleet
508666,2025-09-27,1493,113,12,1,173000000,3700000,18623000,187923000,Credit,Showroom
508667,2025-04-20,1955,107,69,1,376000000,20300000,39127000,394827000,Credit,Showroom
508668,2024-02-05,3194,102,110,1,466000000,17200000,49368000,498168000,Cash,Showroom
508669,2023-06-19,3023,116,53,1,264900000,15500000,27434000,276834000,Credit,Showroom
508670,2023-08-19,4332,145,104,1,354000000,22800000,36432000,367632000,Cash,Showroom
508671,2024-04-19,4929,127,16,1,282600000,3500000,30701000,309801000,Cash,Online
508672,2022-07-30,5265,132,111,1,412000000,7000000,44550000,449550000,Credit,Showroom
508673,2025-01-05,1875,131,110,1,379400000,9500000,40689000,410589000,Credit,Showroom
508674,2022-01-22,2479,110,14,1,775200000,0,85272000,860472000,Cash,Showroom
508675,2021-02-09,1326,108,19,1,180200000,300000,19789000,199689000,Credit,Showroom
508676,2025-07-08,1954,151,50,1,572900000,4400000,62535000,631035000,Cash,Online
508677,2022-12-04,5326,115,21,1,288000000,9600000,30624000,309024000,Credit,Online
508678,2025-02-26,3454,163,107,1,555700000,11500000,59862000,604062000,Cash,Showroom
508679,2024-05-21,4254,141,13,1,390300000,1700000,42746000,431346000,Credit,Showroom
508680,2025-01-20,5360,166,30,1,663400000,41700000,68387000,690087000,Credit,Showroom
508681,2025-05-27,4183,103,116,1,302800000,700000,33231000,335331000,Credit,Showroom
508682,2024-05-25,1306,118,30,1,194600000,3800000,20988000,211788000,Cash,Event
508683,2022-03-24,1142,167,66,1,653500000,22400000,69421000,700521000,Credit,Showroom
508684,2022-05-16,1680,111,64,1,239400000,12900000,24915000,251415000,Cash,Showroom
508685,2023-10-18,2291,103,25,1,297200000,20500000,30437000,307137000,Credit,Showroom
508686,2021-11-24,3907,112,67,1,240400000,1600000,26268000,265068000,Cash,Event
508687,2020-10-02,2967,113,38,1,162300000,1900000,17644000,178044000,Credit,Showroom
508688,2025-01-10,2517,140,87,1,166000000,6400000,17556000,177156000,Cash,Showroom
508689,2025-10-31,3607,110,12,1,768900000,21100000,82258000,830058000,Cash,Event
508690,2021-08-25,4552,110,98,3,772900000,123900000,241428000,2436228000,Credit,Fleet
508691,2023-03-13,3447,178,26,1,1102800000,3100000,120967000,1220667000,Credit,Online
508692,2024-10-02,4258,122,110,1,792700000,44200000,82335000,830835000,Credit,Showroom
508693,2023-02-07,4052,113,100,1,168600000,2600000,18260000,184260000,Credit,Showroom
508694,2022-03-17,3029,103,38,1,301300000,8800000,32175000,324675000,Credit,Showroom
508695,2025-01-15,1346,110,91,1,779300000,43800000,80905000,816405000,Cash,Showroom
508696,2024-12-13,1710,172,72,1,1309700000,61100000,137346000,1385946000,Cash,Showroom
508697,2024-01-06,2814,104,61,1,299400000,20400000,30690000,309690000,Credit,Showroom
508698,2024-01-08,3306,134,13,1,271600000,3700000,29469000,297369000,Credit,Showroom
508699,2025-03-14,2195,102,117,1,479600000,5700000,52129000,526029000,Credit,Showroom
508700,2025-10-21,2031,146,81,1,204900000,14100000,20988000,211788000,Credit,Showroom
508701,2025-09-05,4617,141,82,1,396400000,6800000,42856000,432456000,Credit,Showroom
508702,2025-05-06,4678,102,54,1,463200000,26700000,48015000,484515000,Cash,Showroom
508703,2025-01-17,3392,135,113,1,292200000,4800000,31614000,319014000,Cash,Online
508704,2023-11-02,1436,133,47,1,428700000,9100000,46156000,465756000,Credit,Showroom
508705,2021-06-16,2085,147,5,1,199400000,900000,21835000,220335000,Credit,Showroom
508706,2025-06-14,3361,129,62,1,293200000,200000,32230000,325230000,Cash,Showroom
508707,2025-06-06,4228,113,81,1,162700000,400000,17853000,180153000,Cash,Event
508708,2022-09-10,2402,117,88,1,188300000,11500000,19448000,196248000,Credit,Showroom
508709,2023-03-26,2895,103,15,1,285100000,8000000,30481000,307581000,Cash,Event
508710,2021-12-26,5090,115,74,1,299000000,1900000,32681000,329781000,Credit,Event
508711,2023-11-25,2038,127,24,1,273800000,11200000,28886000,291486000,Cash,Showroom
508712,2025-08-08,4365,128,58,6,306700000,73500000,194337000,1961037000,Credit,Fleet
508713,2021-02-22,1908,103,104,1,292700000,17400000,30283000,305583000,Credit,Showroom
508714,2022-09-10,3712,122,13,1,768300000,45000000,79563000,802863000,Credit,Showroom
508715,2023-12-15,4300,118,108,1,200600000,12000000,20746000,209346000,Credit,Showroom
508716,2025-01-15,5243,126,26,1,643500000,29000000,67595000,682095000,Credit,Showroom
508717,2024-09-01,2480,104,65,1,301100000,11600000,31845000,321345000,Credit,Event
508718,2022-03-03,2794,105,100,1,583600000,2600000,63910000,644910000,Cash,Showroom
508719,2020-10-07,5282,165,77,1,426200000,17500000,44957000,453657000,Cash,Showroom
508720,2024-05-13,5209,140,63,1,178400000,4100000,19173000,193473000,Cash,Showroom
508721,2021-04-15,3313,128,28,1,302500000,7400000,32461000,327561000,Credit,Showroom
508722,2022-05-26,3804,101,15,1,234200000,1800000,25564000,257964000,Credit,Showroom
508723,2024-11-05,4233,116,113,1,255400000,15100000,26433000,266733000,Cash,Showroom
508724,2020-01-28,2416,108,117,1,178900000,5500000,19074000,192474000,Credit,Showroom
508725,2025-07-08,3871,123,95,1,743600000,2800000,81488000,822288000,Cash,Online
508726,2021-11-03,2815,147,46,1,198500000,9600000,20779000,209679000,Cash,Showroom
508727,2022-08-10,4265,116,69,1,267400000,15500000,27709000,279609000,Credit,Showroom
508728,2024-11-28,4035,164,85,1,449500000,28700000,46288000,467088000,Cash,Showroom
508729,2025-06-07,4401,131,99,1,386900000,5000000,42009000,423909000,Credit,Showroom
508730,2024-08-01,5191,128,70,1,299500000,2000000,32725000,330225000,Cash,Showroom
508731,2025-01-20,4229,133,26,1,438300000,17900000,46244000,466644000,Cash,Showroom
508732,2025-06-09,5063,157,108,1,338200000,4600000,36696000,370296000,Cash,Showroom
508733,2022-11-01,3932,105,116,1,571200000,29900000,59543000,600843000,Credit,Showroom
508734,2025-05-31,5300,129,52,1,295000000,15700000,30723000,310023000,Credit,Showroom
508735,2024-03-02,3864,121,48,1,399500000,300000,43912000,443112000,Cash,Showroom
508736,2024-04-10,5440,175,50,1,1074100000,67800000,110693000,1116993000,Cash,Event
508737,2025-07-20,2690,102,15,1,475300000,8400000,51359000,518259000,Cash,Event
508738,2022-04-20,3411,143,92,1,733900000,22300000,78276000,789876000,Credit,Showroom
508739,2022-01-25,1661,101,78,1,250200000,2800000,27214000,274614000,Credit,Showroom
508740,2024-01-17,2272,111,66,1,240500000,1800000,26257000,264957000,Credit,Event
508741,2023-09-04,5461,115,103,1,289700000,18400000,29843000,301143000,Credit,Showroom
508742,2025-03-21,2125,114,63,1,284400000,2200000,31042000,313242000,Cash,Showroom
508743,2025-10-15,1040,126,70,1,628000000,3400000,68706000,693306000,Credit,Event
508744,2020-03-26,2416,108,105,1,169800000,400000,18634000,188034000,Credit,Showroom
508745,2023-10-25,2982,162,8,1,576100000,26100000,60500000,610500000,Credit,Showroom
508746,2025-10-16,2452,101,56,1,244700000,15800000,25179000,254079000,Credit,Showroom
508747,2024-02-09,3353,127,45,1,276300000,8000000,29513000,297813000,Credit,Showroom
508748,2024-03-30,4081,110,26,1,769600000,6400000,83952000,847152000,Credit,Showroom
508749,2025-12-28,3785,137,63,1,461900000,26600000,47883000,483183000,Credit,Showroom
508750,2021-09-07,3654,124,3,1,315900000,8700000,33792000,340992000,Cash,Showroom
508751,2023-07-18,2784,109,5,1,779400000,1800000,85536000,863136000,Credit,Event
508752,2024-01-04,3511,138,93,1,247700000,15800000,25509000,257409000,Credit,Showroom
508753,2023-07-11,2479,108,34,1,171100000,1500000,18656000,188256000,Credit,Event
508754,2025-10-01,5095,144,65,1,810800000,56000000,83028000,837828000,Cash,Showroom
508755,2023-04-13,2960,115,117,1,277500000,11900000,29216000,294816000,Cash,Showroom
508756,2024-02-03,2937,101,69,1,233600000,1600000,25520000,257520000,Credit,Online
508757,2025-06-10,1977,101,67,1,250400000,14600000,25938000,261738000,Cash,Showroom
508758,2023-07-15,1622,104,18,1,297900000,14900000,31130000,314130000,Cash,Showroom
508759,2023-08-13,2988,111,31,1,231400000,13300000,23991000,242091000,Cash,Showroom
508760,2024-01-11,2373,103,85,1,296900000,11100000,31438000,317238000,Cash,Showroom
508761,2021-08-01,1236,105,85,1,577800000,38900000,59279000,598179000,Credit,Showroom
508762,2021-02-25,1097,105,100,1,562400000,11400000,60610000,611610000,Credit,Showroom
508763,2024-03-02,1339,139,43,1,258300000,900000,28314000,285714000,Credit,Showroom
508764,2024-07-22,3671,104,114,1,282000000,100000,31009000,312909000,Credit,Showroom
508765,2022-09-06,3594,101,34,1,249400000,11600000,26158000,263958000,Credit,Showroom
508766,2024-04-12,3707,108,71,1,178400000,6900000,18865000,190365000,Credit,Showroom
508767,2023-03-31,2941,108,120,1,183700000,11700000,18920000,190920000,Cash,Showroom
508768,2023-09-30,3088,105,109,1,547400000,13200000,58762000,592962000,Credit,Showroom
508769,2022-11-09,4907,105,81,1,553500000,300000,60852000,614052000,Cash,Showroom
508770,2024-03-20,3455,104,98,1,288400000,9000000,30734000,310134000,Credit,Online
508771,2021-08-18,1602,107,8,1,369300000,16400000,38819000,391719000,Credit,Showroom
508772,2025-03-31,1351,135,56,1,295200000,17100000,30591000,308691000,Credit,Showroom
508773,2020-04-22,3130,139,81,1,251600000,14300000,26103000,263403000,Cash,Showroom
508774,2025-06-04,4349,109,9,1,763200000,1700000,83765000,845265000,Credit,Showroom
508775,2021-06-16,4978,137,5,1,467700000,29500000,48202000,486402000,Credit,Online
508776,2025-02-13,4947,130,72,1,643000000,13700000,69223000,698523000,Cash,Showroom
508777,2021-08-20,3085,121,71,1,398800000,5900000,43219000,436119000,Credit,Showroom
508778,2021-02-08,1764,134,108,1,252500000,8600000,26829000,270729000,Credit,Showroom
508779,2025-12-29,3737,143,48,1,715900000,900000,78650000,793650000,Credit,Showroom
508780,2024-11-09,2630,146,93,1,195200000,4100000,21021000,212121000,Credit,Showroom
508781,2021-11-27,3287,114,85,1,292200000,5500000,31537000,318237000,Credit,Showroom
508782,2024-01-22,2675,119,59,1,194300000,1900000,21164000,213564000,Credit,Showroom
508783,2024-11-16,3083,105,85,1,547800000,17100000,58377000,589077000,Cash,Showroom
508784,2025-10-28,2814,112,5,1,224500000,3800000,24277000,244977000,Credit,Showroom
508785,2020-08-14,5335,125,89,1,643200000,3900000,70323000,709623000,Credit,Showroom
508786,2024-03-08,5099,105,19,1,575000000,25500000,60445000,609945000,Cash,Showroom
508787,2023-02-28,1807,154,58,1,904800000,51500000,93863000,947163000,Credit,Showroom
508788,2022-05-17,2274,130,15,1,632500000,36000000,65615000,662115000,Cash,Showroom
508789,2025-12-06,4710,127,58,1,274000000,18400000,28116000,283716000,Credit,Showroom
508790,2025-11-01,3051,135,9,1,296100000,15700000,30844000,311244000,Cash,Showroom
508791,2025-12-05,3274,128,53,1,291100000,15100000,30360000,306360000,Credit,Event
508792,2020-08-12,1010,151,18,1,580600000,36400000,59862000,604062000,Credit,Showroom
508793,2023-05-14,3146,137,112,1,464400000,11700000,49797000,502497000,Credit,Online
508794,2024-08-11,4380,138,51,1,258600000,4200000,27984000,282384000,Credit,Showroom
508795,2025-06-30,4790,165,80,1,439600000,23500000,45771000,461871000,Credit,Showroom
508796,2021-08-19,3885,139,69,1,253500000,15800000,26147000,263847000,Credit,Showroom
508797,2024-06-24,4740,167,20,1,625300000,23700000,66176000,667776000,Credit,Showroom
508798,2025-11-16,4829,102,102,1,454100000,10900000,48752000,491952000,Cash,Showroom
508799,2022-11-02,4907,134,39,1,263100000,5600000,28325000,285825000,Credit,Showroom
508800,2024-05-17,2613,128,76,1,301100000,5200000,32549000,328449000,Credit,Showroom
508801,2025-05-05,4738,176,86,1,1517700000,45200000,161975000,1634475000,Cash,Showroom
508802,2024-11-28,5389,146,1,1,203600000,700000,22319000,225219000,Credit,Event
508803,2020-11-08,1929,131,103,1,396400000,10200000,42482000,428682000,Credit,Showroom
508804,2025-08-23,2206,108,117,1,174300000,7300000,18370000,185370000,Cash,Showroom
508805,2025-08-26,1134,113,14,1,168700000,9500000,17512000,176712000,Credit,Showroom
508806,2024-04-25,1977,116,47,1,272400000,15100000,28303000,285603000,Cash,Showroom
508807,2020-07-27,1369,106,16,1,389000000,7200000,41998000,423798000,Credit,Showroom
508808,2024-08-18,4152,116,117,1,260900000,7300000,27896000,281496000,Credit,Event
508809,2023-12-04,3732,137,45,1,448700000,4400000,48873000,493173000,Credit,Showroom
508810,2022-02-21,1149,140,72,1,165200000,3100000,17831000,179931000,Credit,Showroom
508811,2025-07-04,3301,114,41,1,289400000,14100000,30283000,305583000,Credit,Showroom
508812,2023-11-07,1304,124,81,1,311300000,6100000,33572000,338772000,Credit,Showroom
508813,2021-02-26,5198,138,93,1,255900000,3500000,27764000,280164000,Credit,Showroom
508814,2024-12-08,5319,106,104,1,372400000,9600000,39908000,402708000,Cash,Online
508815,2023-06-11,2917,131,16,1,384900000,5600000,41723000,421023000,Credit,Showroom
508816,2022-09-11,2293,115,70,1,299000000,8100000,31999000,322899000,Credit,Showroom
508817,2025-04-05,4234,122,101,1,753900000,16400000,81125000,818625000,Cash,Showroom
508818,2020-10-04,1071,103,11,1,303900000,11600000,32153000,324453000,Credit,Event
508819,2022-08-14,3880,133,32,6,429400000,3600000,283008000,2855808000,Cash,Fleet
508820,2024-10-13,1700,123,50,1,771500000,31700000,81378000,821178000,Cash,Showroom
508821,2025-11-27,4274,109,32,1,760600000,24300000,80993000,817293000,Credit,Online
508822,2025-04-08,4101,125,74,1,646400000,44500000,66209000,668109000,Credit,Event
508823,2023-02-02,4020,126,1,1,645400000,10600000,69828000,704628000,Credit,Showroom
508824,2021-10-26,2285,162,18,1,568900000,12500000,61204000,617604000,Credit,Showroom
508825,2022-04-20,1365,135,80,1,299400000,18900000,30855000,311355000,Credit,Event
508826,2022-05-12,1450,142,6,1,284500000,7800000,30437000,307137000,Cash,Online
508827,2022-08-06,2538,105,88,1,584400000,16600000,62458000,630258000,Cash,Showroom
508828,2021-08-27,4535,106,6,4,387900000,17200000,168784000,1703184000,Credit,Fleet
508829,2025-03-18,2232,110,67,1,737500000,13900000,79596000,803196000,Credit,Showroom
508830,2025-10-04,4610,118,117,1,198500000,200000,21813000,220113000,Cash,Showroom
508831,2024-02-04,3072,166,120,3,624100000,82200000,196911000,1987011000,Credit,Fleet
508832,2024-10-25,3812,106,114,1,379400000,6600000,41008000,413808000,Credit,Showroom
508833,2021-08-05,1930,145,70,1,365200000,7900000,39303000,396603000,Credit,Showroom
508834,2020-03-11,3651,105,12,1,559500000,13000000,60115000,606615000,Cash,Event
508835,2023-08-22,3514,110,71,1,746900000,32100000,78628000,793428000,Credit,Showroom
508836,2024-10-13,2240,114,4,1,291900000,3000000,31779000,320679000,Credit,Showroom
508837,2021-05-08,4768,103,3,1,285500000,19500000,29260000,295260000,Credit,Showroom
508838,2023-09-20,4434,125,114,1,639300000,21200000,67991000,686091000,Credit,Showroom
508839,2022-03-06,1023,103,70,1,297200000,1900000,32483000,327783000,Cash,Showroom
508840,2022-04-03,4071,140,74,1,169800000,300000,18645000,188145000,Credit,Showroom
508841,2024-05-12,3252,138,110,1,243300000,7000000,25993000,262293000,Cash,Online
508842,2024-01-26,5102,131,93,1,387100000,22100000,40150000,405150000,Cash,Showroom
508843,2025-11-28,5206,124,13,1,310400000,13700000,32637000,329337000,Credit,Showroom
508844,2025-08-10,2200,106,10,1,388400000,6900000,41965000,423465000,Credit,Online
508845,2021-05-26,1859,109,31,1,738600000,24100000,78595000,793095000,Cash,Showroom
508846,2025-07-14,2801,153,30,1,433600000,3900000,47267000,476967000,Cash,Showroom
508847,2022-03-09,3747,118,80,1,197700000,11000000,20537000,207237000,Cash,Showroom
508848,2025-10-16,4939,141,26,1,395500000,1700000,43318000,437118000,Credit,Showroom
508849,2024-08-02,1375,149,85,1,295500000,15500000,30800000,310800000,Credit,Showroom
508850,2023-04-04,4943,115,54,1,294800000,12300000,31075000,313575000,Credit,Showroom
508851,2021-11-06,4319,161,108,1,408200000,11900000,43593000,439893000,Credit,Showroom
508852,2025-06-09,3214,173,9,1,1293500000,43800000,137467000,1387167000,Credit,Showroom
508853,2022-11-29,4798,105,82,1,584700000,38200000,60115000,606615000,Credit,Showroom
508854,2025-09-12,3597,128,4,1,291300000,9500000,30998000,312798000,Credit,Showroom
508855,2022-10-18,3819,106,35,1,388200000,15300000,41019000,413919000,Credit,Showroom
508856,2023-04-17,3771,139,21,1,243500000,12700000,25388000,256188000,Credit,Showroom
508857,2021-07-01,4835,137,54,1,438800000,15000000,46618000,470418000,Credit,Showroom
508858,2021-09-03,1480,148,10,1,296000000,14100000,31009000,312909000,Cash,Showroom
508859,2020-09-07,4165,108,110,1,183500000,11400000,18931000,191031000,Credit,Showroom
508860,2025-08-30,4056,164,92,1,445900000,3300000,48686000,491286000,Cash,Showroom
508861,2025-03-19,4397,106,39,1,385400000,11100000,41173000,415473000,Cash,Showroom
508862,2021-06-03,1735,117,93,1,185000000,10100000,19239000,194139000,Cash,Online
508863,2025-04-08,1023,102,76,1,475000000,16100000,50479000,509379000,Credit,Showroom
508864,2020-06-21,2682,116,2,1,259900000,12800000,27181000,274281000,Cash,Showroom
508865,2024-01-02,4826,160,43,1,382600000,21100000,39765000,401265000,Credit,Showroom
508866,2025-09-30,2622,127,106,1,288800000,16800000,29920000,301920000,Credit,Showroom
508867,2025-07-28,2404,129,11,1,301600000,11200000,31944000,322344000,Credit,Showroom
508868,2022-08-15,4368,110,74,1,772000000,50100000,79409000,801309000,Credit,Showroom
508869,2024-05-14,5158,141,42,1,377700000,20300000,39314000,396714000,Credit,Showroom
508870,2022-08-18,1679,149,52,1,286600000,8100000,30635000,309135000,Credit,Showroom
508871,2023-10-03,4157,110,27,1,776600000,24900000,82687000,834387000,Credit,Showroom
508872,2023-12-06,3723,106,60,1,388700000,16400000,40953000,413253000,Cash,Showroom
508873,2023-11-01,3080,107,89,1,388000000,4900000,42141000,425241000,Credit,Showroom
508874,2020-08-03,1039,124,14,1,314900000,20200000,32417000,327117000,Cash,Showroom
508875,2025-03-15,5266,138,6,1,248700000,1300000,27214000,274614000,Credit,Showroom
508876,2023-06-30,5106,109,47,1,765300000,5300000,83600000,843600000,Cash,Showroom
508877,2021-09-21,1531,104,27,1,292100000,7900000,31262000,315462000,Credit,Showroom
508878,2021-11-07,2037,106,20,6,391200000,141800000,242594000,2447994000,Credit,Fleet
508879,2024-04-12,4523,109,39,1,777300000,2600000,85217000,859917000,Credit,Showroom
508880,2021-05-16,1074,133,37,1,439900000,12800000,46981000,474081000,Cash,Showroom
508881,2025-12-04,2424,137,15,1,471400000,18100000,49863000,503163000,Cash,Event
508882,2021-01-30,4240,168,39,1,259100000,2900000,28182000,284382000,Cash,Showroom
508883,2022-07-06,4507,139,45,1,257800000,7200000,27566000,278166000,Credit,Online
508884,2023-12-12,4948,121,104,1,419500000,3600000,45749000,461649000,Credit,Showroom
508885,2022-01-01,1212,133,58,1,412200000,27100000,42361000,427461000,Credit,Showroom
508886,2022-01-29,1289,145,6,1,350900000,11800000,37301000,376401000,Credit,Showroom
508887,2022-11-04,1652,167,19,1,666800000,12800000,71940000,725940000,Cash,Event
508888,2022-09-25,3322,146,108,1,204000000,9600000,21384000,215784000,Cash,Online
508889,2020-08-03,3907,108,74,1,171200000,8600000,17886000,180486000,Credit,Event
508890,2025-07-10,2370,112,9,1,226900000,4200000,24497000,247197000,Credit,Showroom
508891,2024-01-01,4106,114,98,1,278700000,2200000,30415000,306915000,Cash,Showroom
508892,2023-07-21,1145,178,28,1,1076000000,10600000,117194000,1182594000,Credit,Showroom
508893,2021-04-03,4082,135,42,1,289300000,19700000,29656000,299256000,Credit,Event
508894,2020-07-18,4536,101,11,1,251600000,8900000,26697000,269397000,Credit,Showroom
508895,2023-10-27,2574,181,96,1,1639900000,45200000,175417000,1770117000,Credit,Showroom
508896,2021-12-10,5173,165,61,1,443000000,21100000,46409000,468309000,Credit,Showroom
508897,2021-04-08,3156,149,96,1,299000000,2500000,32615000,329115000,Cash,Showroom
508898,2023-10-19,3962,111,87,1,232000000,14700000,23903000,241203000,Credit,Online
508899,2022-10-10,4663,107,12,1,381300000,15700000,40216000,405816000,Cash,Showroom
508900,2025-01-02,2898,105,37,1,581100000,4600000,63415000,639915000,Cash,Online
508901,2020-01-06,5065,115,54,1,276700000,17400000,28523000,287823000,Credit,Showroom
508902,2020-10-22,5278,103,6,1,291500000,6200000,31383000,316683000,Credit,Online
508903,2023-09-03,3785,120,6,1,419100000,600000,46035000,464535000,Cash,Online
508904,2023-09-10,3128,115,51,1,292800000,15500000,30503000,307803000,Credit,Showroom
508905,2024-03-26,2579,169,8,1,262300000,5500000,28248000,285048000,Cash,Event
508906,2021-11-17,4431,119,109,1,205200000,12800000,21164000,213564000,Credit,Online
508907,2022-03-17,3787,132,3,1,416300000,11800000,44495000,448995000,Credit,Showroom
508908,2021-12-29,2347,139,13,1,248900000,12000000,26059000,262959000,Credit,Showroom
508909,2024-12-11,4071,123,94,1,777000000,4800000,84942000,857142000,Cash,Showroom
508910,2025-12-26,3443,115,99,1,281000000,6300000,30217000,304917000,Credit,Showroom
508911,2022-06-12,1831,104,97,1,282900000,8800000,30151000,304251000,Cash,Showroom
508912,2020-10-15,1968,108,119,1,178600000,7600000,18810000,189810000,Cash,Showroom
508913,2025-05-12,3763,126,14,1,664000000,12700000,71643000,722943000,Credit,Showroom
508914,2025-06-02,1217,106,66,1,396900000,4500000,43164000,435564000,Credit,Showroom
508915,2023-07-09,4650,107,26,1,379400000,24500000,39039000,393939000,Cash,Showroom
508916,2024-05-29,1506,119,58,1,207200000,12100000,21461000,216561000,Credit,Showroom
508917,2021-06-24,1756,140,27,1,178300000,1300000,19470000,196470000,Credit,Showroom
508918,2021-08-10,3985,118,13,1,203400000,12500000,20999000,211899000,Cash,Showroom
508919,2021-03-08,2444,115,92,1,285900000,10300000,30316000,305916000,Cash,Event
508920,2022-10-12,2013,101,107,1,235700000,6200000,25245000,254745000,Cash,Showroom
508921,2024-04-19,4986,124,46,1,312000000,20600000,32054000,323454000,Credit,Showroom
508922,2022-04-26,4056,153,75,1,422000000,7000000,45650000,460650000,Credit,Online
508923,2024-10-16,3012,135,68,2,290600000,39700000,59565000,601065000,Credit,Fleet
508924,2022-12-26,2441,103,89,1,298600000,19500000,30701000,309801000,Cash,Showroom
508925,2025-01-23,3632,141,78,1,393500000,19300000,41162000,415362000,Credit,Showroom
508926,2024-01-15,1167,103,22,1,293100000,17600000,30305000,305805000,Cash,Online
508927,2022-08-28,2655,107,88,1,372500000,2300000,40722000,410922000,Credit,Online
508928,2022-06-25,2279,162,109,1,560300000,25200000,58861000,593961000,Cash,Showroom
508929,2025-04-11,4006,174,89,1,1869000000,11300000,204347000,2062047000,Credit,Showroom
508930,2023-08-26,3244,113,98,1,164400000,4400000,17600000,177600000,Credit,Event
508931,2024-09-23,2619,102,84,1,468500000,32700000,47938000,483738000,Cash,Showroom
508932,2025-11-15,4301,160,44,1,385500000,17500000,40480000,408480000,Cash,Online
508933,2020-09-11,3720,125,117,1,658300000,20800000,70125000,707625000,Credit,Showroom
508934,2021-04-08,4622,114,2,1,279600000,13600000,29260000,295260000,Credit,Showroom
508935,2020-11-08,5134,119,111,1,195200000,11700000,20185000,203685000,Credit,Showroom
508936,2025-08-20,2267,171,14,1,342400000,13600000,36168000,364968000,Credit,Showroom
508937,2021-01-19,3043,106,106,1,369300000,14700000,39006000,393606000,Cash,Showroom
508938,2023-11-29,3889,102,85,1,474200000,14000000,50622000,510822000,Credit,Showroom
508939,2024-09-15,4425,114,106,1,294200000,7000000,31592000,318792000,Cash,Showroom
508940,2023-10-21,4969,102,117,1,472500000,16600000,50149000,506049000,Credit,Showroom
508941,2023-01-20,3665,144,91,1,785200000,20500000,84117000,848817000,Credit,Showroom
508942,2021-02-01,2959,132,113,1,419300000,23300000,43560000,439560000,Credit,Showroom
508943,2022-10-23,4085,131,100,1,375400000,400000,41250000,416250000,Credit,Showroom
508944,2023-06-01,3988,148,56,1,303500000,20300000,31152000,314352000,Credit,Online
508945,2020-08-13,4022,137,42,1,449300000,11000000,48213000,486513000,Credit,Online
508946,2025-03-30,5009,129,66,1,297100000,8000000,31801000,320901000,Cash,Showroom
508947,2025-12-02,3150,117,78,1,180500000,6800000,19107000,192807000,Credit,Showroom
508948,2025-09-10,2917,135,115,1,289900000,15600000,30173000,304473000,Credit,Online
508949,2023-03-03,4881,121,108,1,411000000,15200000,43538000,439338000,Credit,Showroom
508950,2024-02-11,5161,162,67,1,544100000,35300000,55968000,564768000,Credit,Showroom
508951,2022-05-26,3440,109,79,1,797500000,14700000,86108000,868908000,Cash,Event
508952,2024-08-19,1766,104,112,1,298400000,17400000,30910000,311910000,Credit,Showroom
508953,2020-11-12,4471,122,35,1,787900000,15700000,84942000,857142000,Credit,Showroom
508954,2022-05-19,5028,117,7,1,189700000,0,20867000,210567000,Credit,Showroom
508955,2024-07-29,2961,119,68,1,202400000,5900000,21615000,218115000,Cash,Showroom
508956,2023-05-11,2166,102,74,1,459300000,9000000,49533000,499833000,Cash,Showroom
508957,2021-02-07,1515,115,80,1,298700000,18800000,30789000,310689000,Credit,Showroom
508958,2021-03-10,4718,123,23,1,773700000,11700000,83820000,845820000,Credit,Showroom
508959,2022-01-09,4520,133,31,1,438200000,1700000,48015000,484515000,Credit,Showroom
508960,2021-12-05,2725,104,52,1,296700000,4700000,32120000,324120000,Cash,Showroom
508961,2025-09-12,5441,101,86,1,241600000,13400000,25102000,253302000,Credit,Event
508962,2025-07-21,4392,122,73,1,737600000,29100000,77935000,786435000,Credit,Showroom
508963,2021-07-29,4215,145,61,1,360200000,2600000,39336000,396936000,Credit,Showroom
508964,2023-11-20,3960,155,36,1,687900000,31900000,72160000,728160000,Credit,Showroom
508965,2023-07-12,4559,116,6,1,259100000,17400000,26587000,268287000,Cash,Showroom
508966,2021-01-14,1954,130,106,1,651300000,3100000,71302000,719502000,Credit,Showroom
508967,2023-03-29,4346,116,59,1,271700000,300000,29854000,301254000,Credit,Showroom
508968,2024-01-28,5073,116,100,1,256100000,4700000,27654000,279054000,Credit,Showroom
508969,2025-11-14,2869,121,69,1,407700000,7700000,44000000,444000000,Credit,Event
508970,2021-03-25,5365,113,114,1,167800000,8000000,17578000,177378000,Cash,Showroom
508971,2023-08-03,1005,121,62,1,406900000,6700000,44022000,444222000,Cash,Online
508972,2023-03-26,3711,103,79,1,299200000,20900000,30613000,308913000,Credit,Showroom
508973,2021-07-16,3724,125,107,1,661600000,31600000,69300000,699300000,Cash,Showroom
508974,2020-10-02,3842,107,1,1,390400000,6700000,42207000,425907000,Cash,Online
508975,2020-10-26,3119,117,40,1,183500000,700000,20108000,202908000,Cash,Showroom
508976,2023-01-01,3877,104,52,1,292400000,500000,32109000,324009000,Credit,Showroom
508977,2025-05-12,2708,115,92,1,295600000,2600000,32230000,325230000,Credit,Showroom
508978,2025-02-24,2566,107,1,1,375500000,14300000,39732000,400932000,Credit,Showroom
508979,2023-03-03,4534,102,25,1,469200000,28600000,48466000,489066000,Credit,Online
508980,2021-12-13,2053,150,26,1,257500000,7200000,27533000,277833000,Credit,Showroom
508981,2020-12-12,3883,119,57,1,207900000,4600000,22363000,225663000,Credit,Showroom
508982,2022-12-14,1160,118,66,1,195600000,10400000,20372000,205572000,Cash,Showroom
508983,2024-03-29,1329,170,108,1,338400000,12100000,35893000,362193000,Credit,Showroom
508984,2024-10-01,2007,110,96,1,792600000,14100000,85635000,864135000,Credit,Showroom
508985,2022-11-22,2113,101,17,1,237900000,8400000,25245000,254745000,Cash,Showroom
508986,2024-03-06,5200,125,50,1,644700000,21100000,68596000,692196000,Credit,Event
508987,2020-12-04,5417,101,60,1,238500000,16100000,24464000,246864000,Credit,Online
508988,2024-11-08,1283,114,79,1,291000000,1800000,31812000,321012000,Credit,Showroom
508989,2024-05-16,2109,112,68,1,228300000,2200000,24871000,250971000,Cash,Showroom
508990,2022-03-09,4580,154,94,1,867200000,41500000,90827000,916527000,Cash,Showroom
508991,2023-07-31,5312,124,66,1,316200000,20300000,32549000,328449000,Credit,Showroom
508992,2022-10-22,1091,103,108,1,295400000,16500000,30679000,309579000,Cash,Showroom
508993,2020-09-01,2369,125,116,1,625500000,42800000,64097000,646797000,Cash,Showroom
508994,2023-01-28,3381,129,67,1,313600000,13600000,33000000,333000000,Cash,Event
508995,2023-05-03,4021,112,60,1,237600000,12200000,24794000,250194000,Cash,Showroom
508996,2025-11-04,4238,102,78,1,448900000,20000000,47179000,476079000,Cash,Showroom
508997,2024-09-01,3416,158,18,1,440700000,18500000,46442000,468642000,Credit,Showroom
508998,2022-03-03,3780,113,75,1,169700000,5600000,18051000,182151000,Credit,Showroom
508999,2025-09-19,1290,154,55,1,880400000,6600000,96118000,969918000,Cash,Showroom
509000,2025-07-17,1470,129,62,1,310400000,19300000,32021000,323121000,Credit,Showroom
509001,2024-01-28,3965,102,36,1,463800000,27700000,47971000,484071000,Cash,Showroom
509002,2023-10-10,3567,126,76,1,659000000,18500000,70455000,710955000,Cash,Showroom
509003,2025-06-27,2588,102,91,1,465000000,6600000,50424000,508824000,Cash,Showroom
509004,2021-03-02,1211,126,110,1,643400000,2800000,70466000,711066000,Credit,Showroom
509005,2023-07-07,5110,101,73,1,236400000,11200000,24772000,249972000,Credit,Showroom
509006,2025-04-19,1448,109,11,1,747200000,36700000,78155000,788655000,Credit,Event
509007,2024-02-03,4406,140,104,1,167500000,6800000,17677000,178377000,Cash,Showroom
509008,2020-07-13,3865,102,74,1,469400000,27900000,48565000,490065000,Credit,Showroom
509009,2022-11-01,2495,172,72,1,1360800000,39300000,145365000,1466865000,Credit,Showroom
509010,2021-01-02,1861,110,33,1,773100000,51700000,79354000,800754000,Credit,Showroom
509011,2022-02-03,2675,105,55,1,558400000,10200000,60302000,608502000,Cash,Showroom
509012,2023-06-10,4834,107,31,1,394700000,15300000,41734000,421134000,Credit,Showroom
509013,2021-11-11,1656,118,72,1,203600000,10500000,21241000,214341000,Credit,Showroom
509014,2024-07-01,1519,125,101,1,631700000,3600000,69091000,697191000,Cash,Showroom
509015,2023-11-25,3874,156,112,1,668200000,5100000,72941000,736041000,Credit,Showroom
509016,2025-05-15,1379,123,99,1,739700000,22100000,78936000,796536000,Cash,Online
509017,2024-07-30,4352,105,20,2,569800000,39300000,121033000,1221333000,Credit,Fleet
509018,2021-01-10,2579,137,30,1,471100000,11900000,50512000,509712000,Credit,Showroom
509019,2021-02-22,3990,106,96,1,383400000,13600000,40678000,410478000,Credit,Showroom
509020,2024-11-12,2077,102,71,1,464600000,6400000,50402000,508602000,Credit,Showroom
509021,2022-05-19,3318,102,104,1,481300000,21300000,50600000,510600000,Credit,Showroom
509022,2022-06-20,2190,143,94,1,716200000,28900000,75603000,762903000,Cash,Event
509023,2025-12-02,1209,127,84,1,283700000,1600000,31031000,313131000,Cash,Event
509024,2025-02-04,2956,128,77,1,307800000,12800000,32450000,327450000,Credit,Showroom
509025,2022-06-29,3430,137,3,1,471400000,29300000,48631000,490731000,Credit,Showroom
509026,2024-11-29,2951,161,53,1,411800000,8200000,44396000,447996000,Credit,Showroom
509027,2023-02-03,1222,114,59,1,297600000,18400000,30712000,309912000,Cash,Online
509028,2025-08-16,4903,140,76,1,168300000,3000000,18183000,183483000,Credit,Event
509029,2024-07-19,4148,109,83,1,786700000,30400000,83193000,839493000,Cash,Showroom
509030,2023-05-30,2574,135,116,1,282200000,12300000,29689000,299589000,Cash,Showroom
509031,2025-08-14,5401,109,106,1,770000000,21000000,82390000,831390000,Credit,Online
509032,2021-08-27,2475,116,22,1,257100000,5900000,27632000,278832000,Cash,Event
509033,2021-03-29,2641,101,22,1,237500000,6300000,25432000,256632000,Credit,Showroom
509034,2024-12-10,1715,132,73,4,412900000,48500000,176341000,1779441000,Cash,Fleet
509035,2022-08-01,1976,109,82,1,773800000,49100000,79717000,804417000,Cash,Showroom
509036,2021-09-21,5229,115,30,1,293200000,5500000,31647000,319347000,Cash,Showroom
509037,2024-11-01,5303,174,49,1,1923300000,20000000,209363000,2112663000,Cash,Showroom
509038,2023-03-28,2602,108,117,1,174200000,8200000,18260000,184260000,Credit,Showroom
509039,2022-03-16,4752,121,44,1,409700000,20100000,42856000,432456000,Cash,Showroom
509040,2023-01-04,3388,115,63,1,288700000,3400000,31383000,316683000,Credit,Event
509041,2025-09-28,2674,103,46,1,301400000,20100000,30943000,312243000,Credit,Showroom
509042,2021-12-16,4974,112,84,1,239600000,8600000,25410000,256410000,Cash,Showroom
509043,2022-12-24,2769,132,91,1,430300000,19400000,45199000,456099000,Credit,Showroom
509044,2021-02-17,2256,127,21,1,277900000,6600000,29843000,301143000,Credit,Showroom
509045,2023-07-26,4578,114,6,1,285000000,12700000,29953000,302253000,Credit,Showroom
509046,2024-11-09,4625,113,107,1,169300000,11200000,17391000,175491000,Credit,Showroom
509047,2020-11-22,4249,104,38,1,294700000,3300000,32054000,323454000,Cash,Showroom
509048,2022-09-14,3282,111,102,1,226400000,14900000,23265000,234765000,Cash,Showroom
509049,2022-04-20,3595,102,28,5,469200000,71200000,250228000,2525028000,Cash,Fleet
509050,2022-11-12,1633,103,76,1,298900000,1600000,32703000,330003000,Credit,Showroom
509051,2022-01-07,5452,109,57,1,784600000,42300000,81653000,823953000,Credit,Showroom
509052,2025-08-03,2780,122,30,1,774700000,22100000,82786000,835386000,Cash,Showroom
509053,2023-09-19,4075,140,99,1,171300000,11500000,17578000,177378000,Cash,Online
509054,2025-01-28,4177,104,83,1,298800000,20700000,30591000,308691000,Credit,Showroom
509055,2024-02-26,4213,121,99,1,418000000,18600000,43934000,443334000,Credit,Event
509056,2023-07-23,4005,108,29,1,173800000,3000000,18788000,189588000,Credit,Showroom
509057,2024-08-06,4772,110,12,1,793500000,25900000,84436000,852036000,Cash,Event
509058,2021-11-11,3804,133,72,1,432300000,28600000,44407000,448107000,Credit,Showroom
509059,2025-12-22,2998,154,65,1,896500000,49600000,93159000,940059000,Credit,Showroom
509060,2020-01-26,1035,133,23,1,425900000,8000000,45969000,463869000,Cash,Showroom
509061,2023-09-07,5094,115,64,1,287800000,12800000,30250000,305250000,Credit,Event
509062,2025-02-04,2078,135,13,1,303700000,10300000,32274000,325674000,Cash,Showroom
509063,2020-05-27,3150,106,76,1,384000000,10100000,41129000,415029000,Cash,Showroom
509064,2024-01-01,1847,106,5,1,386900000,12500000,41184000,415584000,Credit,Showroom
509065,2022-01-30,2906,136,1,1,465300000,26800000,48235000,486735000,Credit,Online
509066,2025-05-07,5137,125,97,1,646000000,22800000,68552000,691752000,Credit,Showroom
509067,2023-08-31,3122,117,44,1,180500000,8900000,18876000,190476000,Cash,Showroom
509068,2023-03-04,2432,103,25,1,281800000,13200000,29546000,298146000,Credit,Showroom
509069,2020-11-16,4665,102,117,1,461800000,21200000,48466000,489066000,Credit,Showroom
509070,2021-08-26,4542,133,26,1,417200000,22900000,43373000,437673000,Credit,Showroom
509071,2023-01-20,3143,113,36,1,165000000,9700000,17083000,172383000,Cash,Showroom
509072,2020-06-05,1869,117,45,1,187200000,5900000,19943000,201243000,Credit,Showroom
509073,2025-03-21,5365,105,69,1,570700000,31700000,59290000,598290000,Cash,Showroom
509074,2021-09-15,1527,110,118,1,755300000,15200000,81411000,821511000,Cash,Showroom
509075,2024-06-16,5322,135,22,1,281800000,5600000,30382000,306582000,Credit,Online
509076,2021-11-24,2586,173,90,1,1362900000,93100000,139678000,1409478000,Credit,Showroom
509077,2025-10-24,1736,105,72,1,545300000,15800000,58245000,587745000,Credit,Showroom
509078,2024-06-16,2655,126,11,1,632500000,16700000,67738000,683538000,Credit,Showroom
509079,2024-01-18,1475,138,120,1,261200000,5600000,28116000,283716000,Credit,Event
509080,2021-03-23,4204,128,106,1,296900000,13300000,31196000,314796000,Credit,Showroom
509081,2025-05-19,4696,131,28,1,385900000,24100000,39798000,401598000,Credit,Showroom
509082,2025-12-08,5378,101,109,1,237700000,11900000,24838000,250638000,Credit,Showroom
509083,2021-12-20,4520,138,114,1,253500000,13200000,26433000,266733000,Credit,Showroom
509084,2023-06-02,3651,120,111,1,400600000,20100000,41855000,422355000,Credit,Showroom
509085,2021-11-09,3211,146,69,1,195100000,1500000,21296000,214896000,Cash,Showroom
509086,2025-02-07,3937,118,17,1,209600000,6800000,22308000,225108000,Credit,Showroom
509087,2023-09-08,2974,110,22,1,775300000,29100000,82082000,828282000,Credit,Showroom
509088,2021-02-20,2439,180,29,1,1625600000,30900000,175417000,1770117000,Cash,Showroom
509089,2025-05-01,2373,140,108,1,165200000,400000,18128000,182928000,Credit,Showroom
509090,2022-07-13,2894,104,113,1,297200000,16300000,30899000,311799000,Credit,Showroom
509091,2022-01-16,3033,134,23,1,262200000,17300000,26939000,271839000,Cash,Showroom
509092,2022-05-12,2470,117,39,1,188400000,4100000,20273000,204573000,Credit,Showroom
509093,2023-11-09,1227,113,104,1,166800000,1300000,18205000,183705000,Cash,Showroom
509094,2023-05-27,4737,111,113,1,236000000,10900000,24761000,249861000,Cash,Online
509095,2020-09-03,4866,104,89,1,296200000,10400000,31438000,317238000,Credit,Showroom
509096,2020-02-17,1969,151,28,1,578500000,29600000,60379000,609279000,Credit,Event
509097,2023-08-27,3730,111,1,1,238000000,2200000,25938000,261738000,Credit,Showroom
509098,2024-06-22,2840,131,18,1,380800000,25100000,39127000,394827000,Credit,Showroom
509099,2025-09-29,1686,137,6,1,459900000,10200000,49467000,499167000,Cash,Event
509100,2020-02-01,5156,130,8,1,666800000,40700000,68871000,694971000,Cash,Showroom
509101,2025-04-30,4821,117,109,1,191200000,2500000,20757000,209457000,Credit,Showroom
509102,2022-06-01,2165,127,36,1,290100000,3300000,31548000,318348000,Credit,Event
509103,2021-09-07,1312,175,102,1,1050200000,32600000,111936000,1129536000,Credit,Showroom
509104,2021-06-10,2742,140,13,1,176700000,7900000,18568000,187368000,Cash,Showroom
509105,2022-11-29,3928,108,51,1,180400000,11000000,18634000,188034000,Credit,Showroom
509106,2021-11-13,1067,130,103,1,652500000,100000,71764000,724164000,Credit,Showroom
509107,2020-06-11,2515,123,4,1,761200000,24800000,81004000,817404000,Credit,Showroom
509108,2025-09-15,1747,103,26,1,294500000,4900000,31856000,321456000,Credit,Showroom
509109,2023-03-25,1954,110,76,1,784000000,22900000,83721000,844821000,Credit,Showroom
509110,2022-12-25,5028,119,84,1,194200000,5700000,20735000,209235000,Cash,Showroom
509111,2020-10-25,4648,101,58,1,239300000,14100000,24772000,249972000,Cash,Showroom
509112,2025-03-25,3862,110,74,1,771600000,5400000,84282000,850482000,Credit,Showroom
509113,2021-05-08,4239,104,104,1,283100000,18300000,29128000,293928000,Cash,Showroom
509114,2024-07-13,5157,109,22,1,755800000,48100000,77847000,785547000,Cash,Online
509115,2020-11-18,1588,120,79,1,415200000,17800000,43714000,441114000,Credit,Showroom
509116,2022-02-04,1965,153,2,1,421100000,1000000,46211000,466311000,Credit,Showroom
509117,2023-02-22,5366,142,85,1,295700000,3800000,32109000,324009000,Credit,Showroom
509118,2023-10-31,4863,106,16,1,387000000,11700000,41283000,416583000,Credit,Showroom
509119,2022-06-13,2242,139,20,1,261300000,12400000,27379000,276279000,Credit,Showroom
509120,2021-06-06,2454,142,14,1,281400000,18800000,28886000,291486000,Credit,Showroom
509121,2020-04-28,2706,134,45,1,252200000,9900000,26653000,268953000,Credit,Showroom
509122,2022-10-19,2557,133,90,1,413500000,9000000,44495000,448995000,Credit,Online
509123,2025-12-18,3815,179,76,1,1066700000,29100000,114136000,1151736000,Credit,Showroom
509124,2022-12-26,2699,111,60,1,236200000,5600000,25366000,255966000,Cash,Showroom
509125,2020-11-18,5453,128,90,1,313200000,3500000,34067000,343767000,Cash,Showroom
509126,2024-12-07,2877,107,33,1,380600000,25000000,39116000,394716000,Cash,Showroom
509127,2021-07-11,4972,106,30,1,381300000,700000,41866000,422466000,Cash,Showroom
509128,2023-06-02,3486,125,90,1,671800000,43600000,69102000,697302000,Cash,Showroom
509129,2022-01-05,3336,110,108,1,756300000,0,83193000,839493000,Credit,Showroom
509130,2021-12-06,1956,114,101,1,286100000,19000000,29381000,296481000,Credit,Event
509131,2024-09-22,4472,101,106,1,239500000,14600000,24739000,249639000,Cash,Showroom
509132,2025-11-05,2790,126,117,1,664500000,15900000,71346000,719946000,Cash,Showroom
509133,2024-09-26,4059,143,110,1,729100000,5800000,79563000,802863000,Credit,Showroom
509134,2020-08-03,5500,122,80,1,792700000,3800000,86779000,875679000,Credit,Showroom
509135,2023-11-09,3225,108,50,1,183000000,9300000,19107000,192807000,Credit,Showroom
509136,2025-09-24,3090,111,99,1,233500000,12000000,24365000,245865000,Credit,Showroom
509137,2022-11-12,2569,112,19,4,227300000,24400000,97328000,982128000,Cash,Fleet
509138,2024-04-01,3460,110,8,1,740300000,9300000,80410000,811410000,Cash,Showroom
509139,2023-09-07,4961,101,85,1,241500000,12500000,25190000,254190000,Cash,Showroom
509140,2023-02-21,3614,102,18,1,449000000,9500000,48345000,487845000,Credit,Showroom
509141,2022-08-10,5180,107,4,1,379300000,12900000,40304000,406704000,Credit,Showroom
509142,2023-10-17,5312,129,77,1,309600000,7700000,33209000,335109000,Credit,Showroom
509143,2025-07-15,4918,121,16,1,389900000,15300000,41206000,415806000,Credit,Showroom
509144,2022-10-06,4425,134,57,1,257100000,3500000,27896000,281496000,Credit,Showroom
509145,2022-06-19,3453,128,7,1,294700000,7100000,31636000,319236000,Cash,Showroom
509146,2023-11-30,4735,112,78,1,238200000,13700000,24695000,249195000,Cash,Showroom
509147,2023-07-17,4270,117,83,1,190400000,500000,20889000,210789000,Credit,Showroom
509148,2024-03-27,5082,107,92,1,383600000,3400000,41822000,422022000,Cash,Showroom
509149,2022-04-24,4632,122,47,1,748100000,38400000,78067000,787767000,Credit,Showroom
509150,2023-04-07,2073,122,49,1,785400000,7200000,85602000,863802000,Credit,Online
509151,2023-11-15,2139,147,106,1,209000000,1600000,22814000,230214000,Cash,Showroom
509152,2025-02-20,1533,104,16,1,286800000,600000,31482000,317682000,Credit,Showroom
509153,2023-10-26,3301,106,99,1,380200000,7100000,41041000,414141000,Credit,Showroom
509154,2025-07-11,3373,134,65,1,268200000,10200000,28380000,286380000,Credit,Showroom
509155,2021-01-04,2868,117,19,1,181900000,5700000,19382000,195582000,Cash,Event
509156,2020-03-20,1324,110,46,1,791700000,22800000,84579000,853479000,Cash,Online
509157,2020-01-14,3694,139,54,1,254900000,12400000,26675000,269175000,Credit,Showroom
509158,2022-01-06,3590,112,56,1,231100000,5700000,24794000,250194000,Credit,Showroom
509159,2024-07-28,3521,108,99,1,183100000,4900000,19602000,197802000,Cash,Showroom
509160,2020-08-18,3691,109,112,1,765000000,49100000,78749000,794649000,Credit,Online
509161,2023-02-28,1205,166,83,1,669200000,44600000,68706000,693306000,Credit,Showroom
509162,2025-01-28,2144,176,88,1,1506600000,37300000,161623000,1630923000,Credit,Event
509163,2025-03-13,3523,144,89,1,764300000,48100000,78782000,794982000,Credit,Showroom
509164,2024-04-05,4685,136,19,1,469100000,28200000,48499000,489399000,Cash,Showroom
509165,2021-10-01,2139,115,105,1,296700000,17900000,30668000,309468000,Credit,Showroom
509166,2022-11-20,3511,103,46,1,287900000,7600000,30833000,311133000,Cash,Showroom
509167,2023-06-29,1292,123,40,1,767600000,24800000,81708000,824508000,Cash,Showroom
509168,2020-12-16,4661,112,22,1,234400000,5000000,25234000,254634000,Credit,Showroom
509169,2023-05-01,1106,121,68,3,411800000,72000000,127974000,1291374000,Credit,Fleet
509170,2023-07-19,2454,114,108,1,293700000,4700000,31790000,320790000,Credit,Showroom
509171,2023-12-18,2668,101,97,1,237100000,11300000,24838000,250638000,Credit,Showroom
509172,2025-02-12,3215,180,106,1,1631000000,30000000,176110000,1777110000,Credit,Showroom
509173,2023-08-07,3505,106,48,1,381300000,20600000,39677000,400377000,Credit,Showroom
509174,2021-09-22,5356,155,94,1,641900000,900000,70510000,711510000,Credit,Showroom
509175,2022-02-24,3682,112,87,1,239600000,4600000,25850000,260850000,Credit,Showroom
509176,2024-07-24,1684,128,6,1,294200000,14600000,30756000,310356000,Credit,Showroom
509177,2020-07-01,2932,115,25,1,291200000,3600000,31636000,319236000,Cash,Showroom
509178,2025-04-24,1491,135,30,1,296600000,8500000,31691000,319791000,Credit,Showroom
509179,2024-04-21,4019,131,109,1,393500000,6700000,42548000,429348000,Credit,Showroom
509180,2024-04-18,4201,103,7,6,299900000,102900000,186615000,1883115000,Credit,Fleet
509181,2023-10-17,1658,115,106,1,294100000,100000,32340000,326340000,Credit,Showroom
509182,2020-01-12,4727,141,34,1,396100000,9000000,42581000,429681000,Credit,Showroom
509183,2022-03-23,3988,145,4,1,342600000,6900000,36927000,372627000,Cash,Event
509184,2022-10-02,4773,120,19,1,393200000,6100000,42581000,429681000,Cash,Showroom
509185,2025-10-06,1631,126,59,1,650600000,13800000,70048000,706848000,Cash,Showroom
509186,2024-04-01,2270,117,23,1,192300000,3700000,20746000,209346000,Cash,Showroom
509187,2024-02-14,3037,124,31,1,327700000,11600000,34771000,350871000,Credit,Showroom
509188,2020-12-04,3934,119,86,1,204400000,8600000,21538000,217338000,Cash,Event
509189,2025-07-27,1071,110,6,1,797300000,13200000,86251000,870351000,Cash,Online
509190,2021-09-09,3736,111,25,6,241200000,8300000,158279000,1597179000,Credit,Fleet
509191,2024-08-02,1950,115,7,1,288500000,4800000,31207000,314907000,Credit,Showroom
509192,2020-09-22,4044,107,110,1,371700000,13500000,39402000,397602000,Credit,Showroom
509193,2024-06-19,3622,132,64,1,434400000,11200000,46552000,469752000,Cash,Showroom
509194,2023-07-09,1044,150,42,1,258700000,8300000,27544000,277944000,Credit,Showroom
509195,2023-09-09,3118,131,51,1,395600000,19900000,41327000,417027000,Credit,Showroom
509196,2022-01-03,1549,111,51,1,238100000,11600000,24915000,251415000,Credit,Showroom
509197,2024-06-23,2140,145,51,1,361800000,15800000,38060000,384060000,Cash,Online
509198,2020-08-02,3329,138,3,1,246100000,5800000,26433000,266733000,Cash,Showroom
509199,2021-07-05,2833,116,36,1,259200000,800000,28424000,286824000,Credit,Showroom
509200,2022-10-09,5347,129,52,1,294600000,9100000,31405000,316905000,Cash,Online
509201,2025-03-12,1400,131,83,1,378000000,9700000,40513000,408813000,Credit,Showroom
509202,2025-12-14,1775,113,78,1,160900000,10600000,16533000,166833000,Credit,Showroom
509203,2022-07-31,5299,104,59,1,286300000,19400000,29359000,296259000,Cash,Showroom
509204,2021-10-19,5363,124,95,1,320700000,2200000,35035000,353535000,Credit,Event
509205,2024-09-11,4878,134,108,1,268400000,2600000,29238000,295038000,Cash,Showroom
509206,2025-07-16,1059,115,76,1,288100000,3900000,31262000,315462000,Credit,Showroom
509207,2024-02-26,5150,102,71,1,463700000,13900000,49478000,499278000,Credit,Online
509208,2024-04-22,1627,109,14,1,787900000,13900000,85140000,859140000,Credit,Showroom
509209,2020-12-22,3538,130,37,1,624300000,20800000,66385000,669885000,Credit,Showroom
509210,2022-06-02,5198,116,23,1,264600000,1800000,28908000,291708000,Cash,Showroom
509211,2020-11-15,5319,104,37,1,301500000,7500000,32340000,326340000,Credit,Showroom
509212,2025-11-10,4331,150,11,1,255900000,15600000,26433000,266733000,Credit,Showroom
509213,2024-10-10,1900,119,58,1,209300000,3300000,22660000,228660000,Credit,Showroom
509214,2024-11-27,2517,176,74,1,1414400000,25600000,152768000,1541568000,Credit,Showroom
509215,2025-04-18,1217,113,95,1,169100000,4500000,18106000,182706000,Credit,Showroom
509216,2020-10-07,4049,110,35,1,771600000,27800000,81818000,825618000,Cash,Showroom
509217,2022-04-05,3085,105,80,1,586300000,37200000,60401000,609501000,Credit,Showroom
509218,2020-05-29,1081,121,84,5,405900000,58800000,216777000,2187477000,Credit,Fleet
509219,2025-07-22,2818,115,45,2,296500000,8500000,64295000,648795000,Cash,Fleet
509220,2020-05-24,1118,108,31,1,180900000,9400000,18865000,190365000,Credit,Showroom
509221,2023-10-06,4841,111,2,1,225100000,5000000,24211000,244311000,Credit,Online
509222,2022-07-10,3070,105,58,1,560500000,34600000,57849000,583749000,Credit,Showroom
509223,2025-05-24,5298,117,113,1,193900000,8200000,20427000,206127000,Credit,Showroom
509224,2021-06-28,2990,102,7,1,454300000,13000000,48543000,489843000,Cash,Showroom
509225,2023-03-25,1961,104,23,1,300800000,19400000,30954000,312354000,Credit,Showroom
509226,2021-08-22,1089,116,5,1,253800000,4000000,27478000,277278000,Credit,Showroom
509227,2023-08-17,5333,131,106,1,395300000,25800000,40645000,410145000,Cash,Showroom
509228,2021-12-06,1401,116,116,1,258500000,2200000,28193000,284493000,Credit,Showroom
509229,2020-12-29,2372,114,95,1,297800000,9300000,31735000,320235000,Cash,Showroom
509230,2022-03-17,3937,108,54,1,175300000,2300000,19030000,192030000,Credit,Showroom
509231,2024-06-18,3584,114,91,1,283500000,4400000,30701000,309801000,Credit,Showroom
509232,2023-11-12,4770,164,62,1,417100000,10900000,44682000,450882000,Credit,Showroom
509233,2022-07-16,4380,104,103,1,284200000,4100000,30811000,310911000,Credit,Online
509234,2023-02-19,3514,148,116,1,300200000,20900000,30723000,310023000,Credit,Event
509235,2025-10-31,2325,101,13,1,234600000,10600000,24640000,248640000,Cash,Event
509236,2022-04-20,2657,103,37,1,288600000,700000,31669000,319569000,Credit,Showroom
509237,2023-03-12,3164,128,48,1,307300000,14400000,32219000,325119000,Cash,Event
509238,2022-08-24,2055,110,86,1,745800000,34000000,78298000,790098000,Credit,Showroom
509239,2025-10-28,2167,107,29,1,380900000,24500000,39204000,395604000,Cash,Showroom
509240,2022-09-16,2290,113,32,1,172700000,700000,18920000,190920000,Credit,Showroom
509241,2025-07-07,1308,108,27,1,177100000,6500000,18766000,189366000,Credit,Showroom
509242,2022-10-05,1837,114,10,1,281900000,1300000,30866000,311466000,Credit,Showroom
509243,2025-03-08,4038,168,47,1,266100000,14000000,27731000,279831000,Credit,Showroom
509244,2025-09-05,2284,140,41,1,165700000,1600000,18051000,182151000,Cash,Event
509245,2024-03-20,3194,169,117,1,253500000,5300000,27302000,275502000,Cash,Event
509246,2023-02-25,1231,140,108,1,166800000,6900000,17589000,177489000,Cash,Showroom
509247,2024-10-28,3992,102,24,1,476800000,16100000,50677000,511377000,Credit,Showroom
509248,2023-06-09,1235,112,107,1,237200000,6500000,25377000,256077000,Credit,Showroom
509249,2023-10-22,4375,113,73,1,168400000,1100000,18403000,185703000,Cash,Event
509250,2024-01-05,2591,113,111,1,164200000,2700000,17765000,179265000,Credit,Showroom
509251,2023-06-11,1401,127,8,1,273800000,8600000,29172000,294372000,Cash,Showroom
509252,2025-02-17,1048,122,67,1,752900000,1800000,82621000,833721000,Credit,Event
509253,2021-05-24,1242,115,66,1,287700000,17500000,29722000,299922000,Credit,Showroom
509254,2025-04-11,3645,119,21,1,201700000,2900000,21868000,220668000,Credit,Showroom
509255,2025-07-13,1153,103,89,1,297300000,0,32703000,330003000,Credit,Showroom
509256,2022-01-20,4134,106,44,1,387900000,21900000,40260000,406260000,Cash,Showroom
509257,2025-07-16,4362,102,97,1,450700000,1400000,49423000,498723000,Credit,Showroom
509258,2023-10-18,4464,118,52,1,194800000,2600000,21142000,213342000,Cash,Showroom
509259,2020-04-07,4512,114,14,1,290200000,8300000,31009000,312909000,Credit,Online
509260,2020-08-24,1662,105,20,1,544300000,22400000,57409000,579309000,Credit,Showroom
509261,2024-06-11,2307,116,6,1,259100000,7000000,27731000,279831000,Credit,Online
509262,2023-04-25,1343,123,2,1,740200000,23600000,78826000,795426000,Credit,Showroom
509263,2020-10-14,2515,172,9,1,1301400000,30700000,139777000,1410477000,Credit,Showroom
509264,2025-12-16,3019,125,48,1,659100000,46000000,67441000,680541000,Credit,Showroom
509265,2021-09-06,2403,118,15,1,196000000,12800000,20152000,203352000,Credit,Showroom
509266,2023-05-05,2924,135,101,1,296100000,9000000,31581000,318681000,Credit,Online
509267,2022-06-13,5059,106,35,1,389400000,2900000,42515000,429015000,Credit,Showroom
509268,2023-12-03,2387,101,70,1,233900000,3900000,25300000,255300000,Credit,Showroom
509269,2023-10-07,3032,107,30,1,395200000,10900000,42273000,426573000,Credit,Showroom
509270,2022-08-28,2708,114,86,1,297200000,1600000,32516000,328116000,Cash,Showroom
509271,2024-03-01,1315,117,95,1,187400000,3200000,20262000,204462000,Cash,Showroom
509272,2021-05-14,5033,116,50,1,262200000,11400000,27588000,278388000,Credit,Showroom
509273,2022-08-13,4604,111,96,1,238700000,16200000,24475000,246975000,Cash,Showroom
509274,2020-09-27,1238,117,63,1,185500000,9000000,19415000,195915000,Credit,Showroom
509275,2020-10-16,2926,116,104,1,259600000,3900000,28127000,283827000,Credit,Showroom
509276,2022-02-05,4517,109,80,1,747600000,45100000,77275000,779775000,Credit,Online
509277,2022-07-30,4190,110,90,1,752900000,18000000,80839000,815739000,Cash,Showroom
509278,2023-01-16,2311,131,41,1,375500000,26200000,38423000,387723000,Cash,Showroom
509279,2021-04-17,2663,120,11,1,410600000,10700000,43989000,443889000,Cash,Showroom
509280,2025-05-30,4524,105,118,1,574800000,32900000,59609000,601509000,Credit,Showroom
509281,2025-10-08,1656,135,46,1,298200000,17400000,30888000,311688000,Cash,Showroom
509282,2023-01-28,5352,102,118,1,482100000,8900000,52052000,525252000,Credit,Showroom
509283,2025-04-02,4025,134,71,1,269300000,1000000,29513000,297813000,Credit,Showroom
509284,2025-01-14,2683,121,35,1,413500000,20100000,43274000,436674000,Credit,Online
509285,2021-03-26,4665,127,115,1,278900000,15100000,29018000,292818000,Credit,Showroom
509286,2024-07-25,5003,110,69,1,737300000,27700000,78056000,787656000,Credit,Showroom
509287,2020-11-01,2180,121,100,1,403900000,18600000,42383000,427683000,Credit,Showroom
509288,2021-12-20,1628,138,87,3,253500000,43900000,78826000,795426000,Credit,Fleet
509289,2024-03-04,3049,131,22,1,398600000,4600000,43340000,437340000,Credit,Event
509290,2023-01-03,3012,171,92,1,350400000,22500000,36069000,363969000,Credit,Showroom
509291,2021-07-21,3533,113,4,1,170300000,11000000,17523000,176823000,Cash,Showroom
509292,2024-11-25,2063,178,30,1,1067800000,74000000,109318000,1103118000,Cash,Showroom
509293,2025-11-10,5244,109,77,1,766700000,46600000,79211000,799311000,Credit,Showroom
509294,2020-06-25,3043,127,78,1,290000000,7900000,31031000,313131000,Cash,Showroom
509295,2025-02-09,2751,133,118,1,440900000,14100000,46948000,473748000,Credit,Showroom
509296,2024-11-19,3184,159,66,1,437300000,11300000,46860000,472860000,Credit,Event
509297,2024-09-30,1603,128,11,1,297700000,18200000,30745000,310245000,Cash,Showroom
509298,2023-08-25,3024,129,14,1,306300000,6600000,32967000,332667000,Credit,Showroom
509299,2024-08-31,5296,161,28,1,428600000,14200000,45584000,459984000,Cash,Showroom
509300,2023-04-29,2268,110,19,1,760200000,100000,83611000,843711000,Credit,Showroom
509301,2022-06-28,3799,107,73,1,388100000,18700000,40634000,410034000,Credit,Showroom
509302,2025-03-03,5328,136,5,1,468300000,26000000,48653000,490953000,Cash,Event
509303,2025-06-04,4444,114,67,1,281000000,8800000,29942000,302142000,Credit,Showroom
509304,2022-03-22,1600,125,45,1,665900000,29600000,69993000,706293000,Credit,Showroom
509305,2023-11-16,5483,144,10,1,786300000,33000000,82863000,836163000,Cash,Showroom
509306,2023-08-27,1150,179,85,1,1126500000,40500000,119460000,1205460000,Credit,Showroom
509307,2021-07-01,3155,107,25,1,374000000,9600000,40084000,404484000,Credit,Showroom
509308,2025-01-11,5339,122,115,1,741700000,22600000,79101000,798201000,Cash,Showroom
509309,2021-09-29,1677,110,68,1,747800000,36600000,78232000,789432000,Cash,Showroom
509310,2022-01-28,2601,109,43,1,771000000,40200000,80388000,811188000,Cash,Showroom
509311,2025-12-15,1815,126,19,1,639700000,6000000,69707000,703407000,Credit,Showroom
509312,2022-11-16,4591,131,58,1,379400000,22700000,39237000,395937000,Credit,Showroom
509313,2022-10-13,1129,106,86,1,375800000,1200000,41206000,415806000,Credit,Online
509314,2021-06-24,1341,106,107,1,397300000,5300000,43120000,435120000,Cash,Showroom
509315,2023-02-27,1518,118,17,1,204400000,3900000,22055000,222555000,Credit,Showroom
509316,2022-09-20,2412,162,100,1,554600000,7600000,60170000,607170000,Cash,Showroom
509317,2024-04-03,3234,114,61,1,293100000,17900000,30272000,305472000,Credit,Showroom
509318,2020-09-06,4544,132,76,1,434200000,15800000,46024000,464424000,Credit,Showroom
509319,2022-01-30,4447,121,30,1,415200000,21300000,43329000,437229000,Cash,Online
509320,2025-04-07,4430,112,113,1,226300000,13200000,23441000,236541000,Credit,Showroom
509321,2024-01-04,1663,114,46,1,278300000,17100000,28732000,289932000,Cash,Showroom
509322,2024-11-17,1432,121,91,1,417300000,9100000,44902000,453102000,Credit,Showroom
509323,2024-06-04,3596,131,60,1,391200000,9100000,42031000,424131000,Credit,Online
509324,2022-06-05,4828,110,77,1,741400000,44400000,76670000,773670000,Credit,Showroom
509325,2024-04-04,2038,128,92,1,292100000,19300000,30008000,302808000,Cash,Showroom
509326,2024-01-10,4536,119,95,1,203600000,3200000,22044000,222444000,Credit,Showroom
509327,2024-08-04,5128,102,104,1,456000000,29900000,46871000,472971000,Cash,Event
509328,2025-01-01,4285,119,112,1,203000000,1600000,22154000,223554000,Credit,Showroom
509329,2024-12-03,2733,108,116,1,177600000,2400000,19272000,194472000,Credit,Showroom
509330,2024-05-25,2432,139,106,3,258300000,15200000,83567000,843267000,Cash,Fleet
509331,2024-05-17,3123,157,24,1,339000000,8400000,36366000,366966000,Credit,Showroom
509332,2024-08-19,5413,102,59,1,458300000,13000000,48983000,494283000,Credit,Showroom
509333,2020-07-20,5265,124,5,1,332400000,10200000,35442000,357642000,Cash,Online
509334,2024-05-29,3053,113,8,1,166600000,5600000,17710000,178710000,Credit,Showroom
509335,2025-02-08,3831,122,25,1,796800000,1500000,87483000,882783000,Credit,Showroom
509336,2025-02-25,5044,138,96,1,257700000,8200000,27445000,276945000,Credit,Showroom
509337,2025-07-28,2686,108,80,1,177200000,6300000,18799000,189699000,Credit,Event
509338,2022-01-26,2682,187,64,1,1289900000,2400000,141625000,1429125000,Credit,Showroom
509339,2024-01-26,4616,104,87,1,290000000,14700000,30283000,305583000,Cash,Showroom
509340,2022-03-05,2636,117,41,1,183900000,9700000,19162000,193362000,Credit,Showroom
509341,2024-04-17,4447,148,100,1,304000000,13100000,31999000,322899000,Credit,Showroom
509342,2022-11-01,3768,101,120,1,241400000,10200000,25432000,256632000,Cash,Showroom
509343,2020-07-29,3735,101,24,1,244700000,500000,26862000,271062000,Credit,Showroom
509344,2022-03-04,2326,102,115,1,451100000,24400000,46937000,473637000,Credit,Showroom
509345,2024-12-30,3626,121,111,1,419900000,9400000,45155000,455655000,Credit,Showroom
509346,2021-05-30,1632,107,84,1,379600000,19600000,39600000,399600000,Credit,Showroom
509347,2021-01-28,5490,165,94,1,436100000,14000000,46431000,468531000,Credit,Showroom
509348,2025-12-15,2583,123,98,1,795300000,43100000,82742000,834942000,Cash,Showroom
509349,2021-05-24,3299,127,72,1,291300000,14900000,30404000,306804000,Cash,Showroom
509350,2025-07-26,2908,108,88,1,181000000,3800000,19492000,196692000,Credit,Showroom
509351,2021-09-09,5402,172,86,1,1351400000,80700000,139777000,1410477000,Credit,Showroom
509352,2023-06-05,3457,107,75,1,371400000,7700000,40007000,403707000,Cash,Showroom
509353,2020-03-31,4269,146,108,1,198900000,6900000,21120000,213120000,Credit,Showroom
509354,2021-07-06,3390,129,96,1,304100000,6300000,32758000,330558000,Credit,Showroom
509355,2021-09-27,1998,105,6,1,574100000,39000000,58861000,593961000,Credit,Showroom
509356,2024-10-02,3954,128,5,1,307000000,8100000,32879000,331779000,Credit,Showroom
509357,2024-06-17,2893,131,26,1,398200000,9300000,42779000,431679000,Cash,Showroom
509358,2022-09-23,2704,127,38,1,284700000,3700000,30910000,311910000,Credit,Showroom
509359,2023-04-17,4498,154,68,1,868800000,29900000,92279000,931179000,Credit,Showroom
509360,2024-12-27,4869,105,44,1,552600000,19500000,58641000,591741000,Credit,Showroom
509361,2023-08-12,2952,166,65,1,643200000,300000,70719000,713619000,Cash,Showroom
509362,2021-01-20,1072,135,100,1,298200000,300000,32769000,330669000,Credit,Online
509363,2024-01-17,1509,127,112,1,272100000,12200000,28589000,288489000,Credit,Showroom
509364,2024-02-28,1486,129,101,1,299400000,2300000,32681000,329781000,Credit,Showroom
509365,2023-10-30,2537,140,40,1,175400000,4100000,18843000,190143000,Cash,Showroom
509366,2025-07-04,3856,154,53,1,884000000,23500000,94655000,955155000,Cash,Showroom
509367,2023-10-28,2357,115,58,1,298600000,1700000,32659000,329559000,Credit,Online
509368,2021-02-28,4613,160,60,1,389500000,26000000,39985000,403485000,Cash,Showroom
509369,2024-12-09,4099,161,6,1,410000000,7100000,44319000,447219000,Credit,Showroom
509370,2022-06-24,3583,134,16,1,257800000,5200000,27786000,280386000,Cash,Showroom
509371,2023-09-19,3323,139,10,1,252200000,14000000,26202000,264402000,Credit,Showroom
509372,2022-03-10,1105,113,114,1,166500000,7000000,17545000,177045000,Credit,Showroom
509373,2022-07-03,1500,181,109,1,1633200000,39400000,175318000,1769118000,Credit,Showroom
509374,2024-01-16,2369,141,33,3,371600000,52000000,116908000,1179708000,Credit,Fleet
509375,2023-06-28,1492,131,51,1,395600000,6500000,42801000,431901000,Credit,Showroom
509376,2024-05-10,3514,105,56,1,580500000,35400000,59961000,605061000,Credit,Showroom
509377,2022-08-02,3562,142,92,1,294500000,16800000,30547000,308247000,Cash,Showroom
509378,2024-03-03,4550,125,36,1,656500000,29900000,68926000,695526000,Credit,Showroom
509379,2024-11-27,2282,174,16,1,1894600000,86400000,198902000,2007102000,Credit,Showroom
509380,2024-09-03,4178,115,43,1,281600000,10700000,29799000,300699000,Credit,Online
509381,2021-02-27,2574,124,95,1,329100000,12500000,34826000,351426000,Cash,Showroom
509382,2020-06-28,2247,133,116,1,411200000,22000000,42812000,432012000,Cash,Showroom
509383,2024-03-07,1705,111,50,1,223700000,4600000,24101000,243201000,Cash,Showroom
509384,2025-10-10,4675,130,1,1,666000000,4800000,72732000,733932000,Cash,Showroom
509385,2025-01-28,2350,112,41,1,223400000,7400000,23760000,239760000,Cash,Showroom
509386,2024-06-08,2232,129,79,1,295400000,20200000,30272000,305472000,Credit,Showroom
509387,2023-08-12,3209,106,7,1,382300000,14000000,40513000,408813000,Credit,Showroom
509388,2022-08-17,1994,133,8,1,432700000,5100000,47036000,474636000,Cash,Showroom
509389,2024-11-08,3017,115,92,1,284200000,18800000,29194000,294594000,Credit,Event
509390,2024-10-12,1262,149,104,1,282900000,3900000,30690000,309690000,Cash,Showroom
509391,2021-07-11,4504,136,120,1,457200000,17700000,48345000,487845000,Credit,Showroom
509392,2025-07-08,2421,144,21,1,797000000,21200000,85338000,861138000,Cash,Event
509393,2022-07-27,4359,136,52,1,471100000,25800000,48983000,494283000,Credit,Showroom
509394,2024-06-18,1974,108,104,1,179000000,3900000,19261000,194361000,Credit,Showroom
509395,2021-05-06,2798,144,100,1,765300000,23600000,81587000,823287000,Credit,Showroom
509396,2024-04-07,5303,140,53,1,170700000,6400000,18073000,182373000,Credit,Showroom
509397,2022-03-27,3302,114,40,1,277300000,15800000,28765000,290265000,Credit,Showroom
509398,2022-12-04,3353,130,12,1,663700000,20400000,70763000,714063000,Credit,Showroom
509399,2021-09-11,4430,138,84,1,255900000,2800000,27841000,280941000,Credit,Showroom
509400,2024-09-05,1982,109,16,1,739900000,19100000,79288000,800088000,Cash,Showroom
509401,2020-09-29,4786,114,42,1,293700000,4800000,31779000,320679000,Credit,Showroom
509402,2021-01-04,3264,122,51,1,788600000,28900000,83567000,843267000,Credit,Event
509403,2024-10-04,3517,147,103,1,194000000,8100000,20449000,206349000,Credit,Showroom
509404,2024-03-14,1458,122,106,1,769700000,15800000,82929000,836829000,Credit,Showroom
509405,2022-10-28,1274,105,32,1,552100000,600000,60665000,612165000,Credit,Event
509406,2023-01-12,4556,110,17,1,774600000,40800000,80718000,814518000,Credit,Showroom
509407,2020-02-17,1184,140,28,1,166800000,6400000,17644000,178044000,Credit,Online
509408,2021-04-10,1063,116,46,1,252200000,3600000,27346000,275946000,Credit,Showroom
509409,2024-10-06,2947,110,101,1,780300000,36500000,81818000,825618000,Credit,Showroom
509410,2025-12-20,2895,137,38,1,449700000,8400000,48543000,489843000,Cash,Showroom
509411,2020-04-22,2242,133,55,1,427700000,2600000,46761000,471861000,Credit,Showroom
509412,2025-07-13,2630,183,85,1,1868500000,69100000,197934000,1997334000,Credit,Showroom
509413,2023-01-08,2867,133,87,1,433700000,14600000,46101000,465201000,Credit,Showroom
509414,2024-05-26,1182,101,24,1,246000000,14400000,25476000,257076000,Credit,Showroom
509415,2022-03-16,1116,105,61,1,568400000,18100000,60533000,610833000,Cash,Showroom
509416,2025-10-17,2083,170,10,1,351000000,11700000,37323000,376623000,Credit,Showroom
509417,2021-05-22,3765,113,55,1,165300000,6400000,17479000,176379000,Credit,Showroom
509418,2020-06-29,2728,120,23,3,396400000,77800000,122254000,1233654000,Credit,Fleet
509419,2025-08-25,1153,105,36,1,585400000,27100000,61413000,619713000,Credit,Showroom
509420,2021-08-06,5112,129,20,3,293000000,60100000,90079000,908979000,Cash,Fleet
509421,2022-06-27,3804,128,22,1,307300000,19800000,31625000,319125000,Credit,Showroom
509422,2023-01-17,4677,168,2,1,266200000,11200000,28050000,283050000,Credit,Showroom
509423,2022-05-15,5342,113,36,1,161700000,3300000,17424000,175824000,Credit,Showroom
509424,2024-10-07,2076,135,48,1,297900000,10900000,31570000,318570000,Credit,Showroom
509425,2025-12-23,1583,103,89,1,293200000,12700000,30855000,311355000,Cash,Showroom
509426,2021-03-24,5391,166,120,1,655000000,23400000,69476000,701076000,Credit,Showroom
509427,2021-04-29,4809,115,35,1,286400000,900000,31405000,316905000,Credit,Showroom
509428,2022-01-20,4715,102,73,1,446500000,24600000,46409000,468309000,Credit,Showroom
509429,2023-09-02,4688,121,82,1,406100000,5000000,44121000,445221000,Cash,Showroom
509430,2021-11-05,3835,108,98,1,182200000,3100000,19701000,198801000,Cash,Showroom
509431,2023-05-23,3509,115,64,1,280800000,11200000,29656000,299256000,Credit,Showroom
509432,2022-09-02,5236,185,7,1,873300000,57000000,89793000,906093000,Credit,Showroom
509433,2022-08-05,4931,134,74,1,264000000,6500000,28325000,285825000,Credit,Showroom
509434,2025-10-16,2877,116,103,1,265200000,0,29172000,294372000,Credit,Showroom
509435,2020-07-23,3462,103,63,1,289000000,200000,31768000,320568000,Credit,Showroom
509436,2021-03-06,4938,101,74,1,236700000,10700000,24860000,250860000,Credit,Showroom
509437,2021-08-08,1489,121,59,1,389100000,11700000,41514000,418914000,Cash,Showroom
509438,2022-01-11,4986,121,85,1,393100000,2900000,42922000,433122000,Credit,Showroom
509439,2020-06-05,5224,126,38,1,647200000,24400000,68508000,691308000,Credit,Showroom
509440,2021-03-13,2599,170,11,1,338600000,3800000,36828000,371628000,Credit,Showroom
509441,2023-01-25,3591,117,68,1,181300000,6800000,19195000,193695000,Cash,Showroom
509442,2024-10-27,1489,110,71,1,771400000,12600000,83468000,842268000,Credit,Showroom
509443,2025-09-05,5134,121,119,1,404800000,3300000,44165000,445665000,Cash,Showroom
509444,2023-08-17,2406,108,52,1,172800000,9500000,17963000,181263000,Credit,Event
509445,2025-01-13,2648,127,109,1,293000000,15100000,30569000,308469000,Credit,Event
509446,2022-11-30,3625,147,67,1,199700000,13000000,20537000,207237000,Credit,Showroom
509447,2023-05-13,2599,134,92,1,271400000,10600000,28688000,289488000,Cash,Showroom
509448,2024-12-08,1752,102,74,1,468600000,17300000,49643000,500943000,Credit,Showroom
509449,2021-03-29,1013,138,118,1,252400000,7400000,26950000,271950000,Credit,Showroom
509450,2022-08-30,1898,104,52,1,283100000,18500000,29106000,293706000,Cash,Showroom
509451,2025-07-30,1055,134,80,1,268800000,1000000,29458000,297258000,Credit,Showroom
509452,2023-01-02,1298,181,49,1,1613600000,73000000,169466000,1710066000,Credit,Showroom
509453,2025-06-16,1188,163,55,1,562000000,26700000,58883000,594183000,Credit,Showroom
509454,2025-01-16,2445,172,79,1,1288000000,83800000,132462000,1336662000,Cash,Showroom
509455,2024-06-25,4737,139,104,1,260200000,7000000,27852000,281052000,Cash,Showroom
509456,2024-06-17,3430,102,31,1,456400000,17300000,48301000,487401000,Credit,Showroom
509457,2025-03-26,1700,108,78,1,182100000,10200000,18909000,190809000,Credit,Showroom
509458,2025-04-03,3108,115,53,1,287200000,4500000,31097000,313797000,Credit,Showroom
509459,2021-11-03,2015,151,67,1,569800000,3000000,62348000,629148000,Credit,Showroom
509460,2025-08-03,1348,110,78,1,762700000,11800000,82599000,833499000,Credit,Showroom
509461,2025-03-01,3810,105,30,1,585200000,7500000,63547000,641247000,Credit,Showroom
509462,2024-08-16,4627,123,112,1,771000000,22800000,82302000,830502000,Credit,Showroom
509463,2022-07-25,1734,122,37,1,739000000,39900000,76901000,776001000,Cash,Showroom
509464,2025-11-25,1400,103,16,3,298200000,28300000,95293000,961593000,Credit,Fleet
509465,2024-04-18,4483,129,98,1,291700000,7700000,31240000,315240000,Cash,Event
509466,2020-03-31,1623,109,42,1,760300000,6500000,82918000,836718000,Credit,Event
509467,2025-04-21,4013,112,5,1,237500000,10000000,25025000,252525000,Cash,Showroom
509468,2024-04-28,1085,103,3,1,301700000,14600000,31581000,318681000,Cash,Showroom
509469,2020-07-05,3375,131,9,1,398700000,19100000,41756000,421356000,Credit,Showroom
509470,2025-08-29,2804,130,50,1,631000000,12700000,68013000,686313000,Credit,Showroom
509471,2020-01-24,2934,116,36,1,255100000,7500000,27236000,274836000,Credit,Showroom
509472,2022-05-14,1139,128,45,1,304800000,12800000,32120000,324120000,Credit,Showroom
509473,2020-07-22,4609,134,38,1,259800000,14800000,26950000,271950000,Cash,Showroom
509474,2022-06-22,1541,119,37,1,206700000,11900000,21428000,216228000,Credit,Showroom
509475,2025-08-28,4810,126,7,1,650400000,7300000,70741000,713841000,Credit,Showroom
509476,2024-08-13,1700,120,47,1,413600000,13300000,44033000,444333000,Cash,Showroom
509477,2024-09-03,4510,106,78,1,384900000,14500000,40744000,411144000,Credit,Showroom
509478,2025-06-18,1835,122,34,1,741100000,33000000,77891000,785991000,Credit,Showroom
509479,2021-12-01,4165,123,63,1,763800000,17200000,82126000,828726000,Credit,Showroom
509480,2023-04-08,2568,137,28,1,469300000,30000000,48323000,487623000,Credit,Showroom
509481,2023-01-14,2063,103,1,1,283200000,18900000,29073000,293373000,Credit,Showroom
509482,2022-01-15,3333,126,105,1,639300000,25800000,67485000,680985000,Credit,Showroom
509483,2023-03-23,1012,164,57,1,423800000,26500000,43703000,441003000,Cash,Showroom
509484,2020-01-20,2683,113,72,1,163300000,10300000,16830000,169830000,Credit,Showroom
509485,2021-06-03,2838,156,77,1,675200000,36700000,70235000,708735000,Credit,Showroom
509486,2022-04-19,2774,106,25,1,372400000,21600000,38588000,389388000,Credit,Online
509487,2022-05-06,2494,107,92,1,385900000,1900000,42240000,426240000,Cash,Showroom
509488,2025-06-21,5203,103,48,1,304400000,3000000,33154000,334554000,Credit,Online
509489,2022-01-30,2337,118,68,1,195100000,3400000,21087000,212787000,Cash,Showroom
509490,2025-04-11,5373,161,32,1,422400000,13900000,44935000,453435000,Credit,Showroom
509491,2023-02-06,4524,105,13,1,587600000,39100000,60335000,608835000,Credit,Showroom
509492,2023-05-27,3283,137,61,5,458100000,73900000,243826000,2460426000,Cash,Fleet
509493,2020-03-15,2468,108,74,1,171500000,7200000,18073000,182373000,Credit,Showroom
509494,2023-11-03,5382,113,32,1,172200000,5000000,18392000,185592000,Credit,Showroom
509495,2021-11-01,2259,166,47,1,649000000,15400000,69696000,703296000,Credit,Showroom
509496,2024-05-13,2223,149,101,5,288500000,8500000,157740000,1591740000,Credit,Fleet
509497,2024-05-14,1743,105,12,1,564500000,25700000,59268000,598068000,Credit,Showroom
509498,2021-01-19,2620,131,66,1,388200000,7600000,41866000,422466000,Credit,Showroom
509499,2025-11-14,4989,181,84,1,1593600000,85700000,165869000,1673769000,Credit,Showroom
509500,2025-09-06,3278,151,24,1,559400000,34200000,57772000,582972000,Cash,Showroom
509501,2024-09-03,1253,121,88,1,403600000,3100000,44055000,444555000,Credit,Event
509502,2025-09-25,2373,140,78,1,176100000,8000000,18491000,186591000,Credit,Online
509503,2021-06-15,4831,111,106,1,223300000,6600000,23837000,240537000,Credit,Showroom
509504,2021-10-01,3568,107,83,1,384900000,19700000,40172000,405372000,Credit,Showroom
509505,2021-08-11,2568,111,113,1,231100000,2100000,25190000,254190000,Credit,Online
509506,2022-07-18,3693,163,34,1,561200000,17700000,59785000,603285000,Credit,Showroom
509507,2022-08-11,3998,107,21,1,385400000,22900000,39875000,402375000,Cash,Showroom
509508,2023-10-22,3086,120,45,1,408600000,18900000,42867000,432567000,Credit,Showroom
509509,2020-06-24,3547,108,7,1,177800000,10100000,18447000,186147000,Credit,Showroom
509510,2021-11-18,1794,119,82,1,197000000,13300000,20207000,203907000,Cash,Showroom
509511,2021-03-16,2725,134,110,1,268900000,200000,29557000,298257000,Credit,Showroom
509512,2021-01-07,4667,138,68,1,254400000,12300000,26631000,268731000,Credit,Showroom
509513,2022-09-30,1273,104,71,1,292100000,9900000,31042000,313242000,Cash,Showroom
509514,2023-10-11,4991,103,48,1,294100000,7800000,31493000,317793000,Cash,Showroom
509515,2024-03-10,4695,110,65,1,793100000,31400000,83787000,845487000,Credit,Showroom
509516,2024-12-20,1261,134,118,1,253100000,4000000,27401000,276501000,Cash,Showroom
509517,2023-08-26,2874,125,49,1,634000000,17300000,67837000,684537000,Credit,Showroom
509518,2022-05-07,2851,112,47,1,230600000,6400000,24662000,248862000,Credit,Online
509519,2022-03-15,1541,132,47,1,412500000,5300000,44792000,451992000,Credit,Showroom
509520,2024-11-26,2981,134,74,1,264800000,15900000,27379000,276279000,Cash,Showroom
509521,2024-10-29,4564,167,5,1,622400000,7300000,67661000,682761000,Credit,Showroom
509522,2023-06-08,2413,162,102,1,559800000,31200000,58146000,586746000,Credit,Showroom
509523,2021-03-14,3850,131,107,1,387500000,12700000,41228000,416028000,Credit,Online
509524,2025-05-26,1795,131,7,1,398600000,17100000,41965000,423465000,Cash,Showroom
509525,2024-06-14,1194,107,88,1,394500000,25700000,40568000,409368000,Credit,Showroom
509526,2025-11-21,5384,104,90,1,297100000,10100000,31570000,318570000,Credit,Showroom
509527,2022-10-09,1965,137,19,1,437600000,2400000,47872000,483072000,Credit,Showroom
509528,2024-12-10,3285,101,59,1,248900000,200000,27357000,276057000,Credit,Showroom
509529,2022-06-05,4108,123,27,1,748500000,17300000,80432000,811632000,Credit,Online
509530,2022-05-11,4286,148,34,1,287500000,7100000,30844000,311244000,Credit,Showroom
509531,2021-08-02,5475,115,93,1,291700000,9300000,31064000,313464000,Cash,Showroom
509532,2025-04-04,4652,143,7,1,701100000,13000000,75691000,763791000,Credit,Showroom
509533,2024-07-02,1199,138,28,1,258700000,5700000,27830000,280830000,Cash,Showroom
509534,2023-04-20,3234,135,27,1,292200000,8600000,31196000,314796000,Credit,Showroom
509535,2021-07-24,1544,106,101,1,369000000,23100000,38049000,383949000,Credit,Showroom
509536,2025-06-18,3413,106,45,1,387400000,14800000,40986000,413586000,Credit,Showroom
509537,2023-02-06,2843,122,24,1,768200000,5500000,83897000,846597000,Credit,Event
509538,2024-11-20,2081,160,92,1,390900000,23700000,40392000,407592000,Credit,Showroom
509539,2020-01-23,1198,102,35,1,479500000,22400000,50281000,507381000,Credit,Showroom
509540,2024-04-28,3180,117,70,1,190700000,8700000,20020000,202020000,Credit,Showroom
509541,2024-04-21,2975,130,26,1,630800000,32900000,65769000,663669000,Cash,Showroom
509542,2022-03-01,5293,127,119,1,289900000,19100000,29788000,300588000,Credit,Online
509543,2021-08-10,4136,104,94,1,291900000,1700000,31922000,322122000,Credit,Showroom
509544,2024-10-14,3970,132,39,1,410500000,7700000,44308000,447108000,Credit,Showroom
509545,2023-02-20,3663,138,22,1,247000000,8200000,26268000,265068000,Credit,Showroom
509546,2023-07-24,5418,147,120,1,198300000,300000,21780000,219780000,Credit,Showroom
509547,2025-05-10,1467,116,25,1,258800000,5800000,27830000,280830000,Credit,Showroom
509548,2022-07-16,3376,110,98,1,791800000,5200000,86526000,873126000,Credit,Showroom
509549,2022-03-22,2542,102,102,1,455500000,4800000,49577000,500277000,Credit,Showroom
509550,2022-02-09,1389,102,21,1,464000000,8600000,50094000,505494000,Cash,Showroom
509551,2025-05-21,5369,165,44,1,419500000,2800000,45837000,462537000,Cash,Event
509552,2023-01-31,4514,103,95,1,282400000,4500000,30569000,308469000,Cash,Event
509553,2024-03-20,4219,129,15,1,302100000,16100000,31460000,317460000,Credit,Showroom
509554,2021-08-11,3955,159,106,1,436100000,16500000,46156000,465756000,Credit,Showroom
509555,2024-10-09,1009,105,19,1,555500000,13900000,59576000,601176000,Credit,Showroom
509556,2021-10-12,2096,162,109,5,552500000,18700000,301818000,3045618000,Credit,Fleet
509557,2025-01-12,3662,120,21,1,393900000,6800000,42581000,429681000,Credit,Showroom
509558,2021-11-07,3160,121,52,1,417800000,17800000,44000000,444000000,Credit,Showroom
509559,2023-04-21,4743,138,52,1,255000000,15300000,26367000,266067000,Credit,Showroom
509560,2020-06-24,2534,128,72,1,299200000,9400000,31878000,321678000,Cash,Showroom
509561,2022-03-10,4438,114,14,1,279800000,15000000,29128000,293928000,Cash,Showroom
509562,2025-07-20,1121,183,16,1,1872200000,35300000,202059000,2038959000,Credit,Showroom
509563,2021-10-10,5113,117,18,1,184000000,2100000,20009000,201909000,Credit,Showroom
509564,2021-09-04,4422,109,3,1,795400000,1400000,87340000,881340000,Credit,Showroom
509565,2024-09-22,4527,117,33,1,191700000,300000,21054000,212454000,Credit,Showroom
509566,2025-04-04,4278,140,19,1,170200000,10400000,17578000,177378000,Credit,Showroom
509567,2022-01-27,2026,114,38,1,276400000,4600000,29898000,301698000,Credit,Showroom
509568,2021-09-01,1602,108,95,1,175300000,4600000,18777000,189477000,Credit,Showroom
509569,2021-04-27,2193,128,57,1,296700000,17500000,30712000,309912000,Credit,Showroom
509570,2023-12-09,2932,102,77,1,451900000,31500000,46244000,466644000,Credit,Showroom
509571,2025-12-06,5463,134,117,1,272400000,13700000,28457000,287157000,Credit,Showroom
509572,2020-01-06,3067,139,7,1,246800000,9400000,26114000,263514000,Cash,Showroom
509573,2024-12-26,3126,173,114,1,1283200000,23800000,138534000,1397934000,Cash,Showroom
509574,2020-07-05,2097,114,87,1,296700000,10600000,31471000,317571000,Credit,Showroom
509575,2021-08-23,5052,115,7,1,295300000,16200000,30701000,309801000,Cash,Online
509576,2024-06-24,4513,148,97,1,285100000,1300000,31218000,315018000,Credit,Showroom
509577,2022-07-19,5302,124,91,1,329000000,7900000,35321000,356421000,Cash,Showroom
509578,2024-05-01,2653,118,33,1,203800000,4900000,21879000,220779000,Credit,Showroom
509579,2023-03-06,4051,173,53,1,1338800000,45900000,142219000,1435119000,Credit,Showroom
509580,2025-12-06,5100,139,74,1,251200000,1900000,27423000,276723000,Credit,Showroom
509581,2025-02-27,1762,127,53,1,275600000,16300000,28523000,287823000,Credit,Showroom
509582,2020-01-09,3879,108,90,1,181100000,6300000,19228000,194028000,Credit,Showroom
509583,2024-09-26,1703,124,116,1,334600000,1100000,36685000,370185000,Credit,Showroom
509584,2024-08-07,3114,115,5,1,284200000,11700000,29975000,302475000,Cash,Showroom
509585,2023-04-05,2979,150,87,1,267100000,8600000,28435000,286935000,Cash,Showroom
509586,2024-07-21,2498,134,1,1,264100000,1300000,28908000,291708000,Credit,Showroom
509587,2024-04-24,4493,131,40,1,386200000,17600000,40546000,409146000,Credit,Showroom
509588,2023-06-07,3966,101,92,1,239700000,1700000,26180000,264180000,Cash,Showroom
509589,2023-10-14,3210,139,21,1,261500000,16700000,26928000,271728000,Credit,Showroom
509590,2021-05-09,4878,112,53,1,236300000,11200000,24761000,249861000,Credit,Showroom
509591,2025-03-07,1388,138,7,1,262100000,15600000,27115000,273615000,Credit,Online
509592,2022-03-02,2130,144,25,1,762200000,10300000,82709000,834609000,Credit,Showroom
509593,2023-07-21,3597,126,12,1,624400000,34400000,64900000,654900000,Credit,Showroom
509594,2020-09-06,4316,137,6,1,456500000,31900000,46706000,471306000,Cash,Showroom
509595,2022-07-30,1232,186,2,1,907100000,53400000,93907000,947607000,Credit,Online
509596,2025-08-19,4747,112,87,1,237800000,1700000,25971000,262071000,Cash,Showroom
509597,2023-10-01,3477,104,20,1,286800000,6900000,30789000,310689000,Cash,Showroom
509598,2022-05-24,3222,114,36,1,289600000,3100000,31515000,318015000,Credit,Showroom
509599,2024-09-26,4915,138,41,1,253800000,11200000,26686000,269286000,Cash,Showroom
509600,2021-03-02,4558,123,98,1,768500000,49200000,79123000,798423000,Credit,Showroom
509601,2025-03-07,2186,106,16,1,384000000,15300000,40557000,409257000,Cash,Showroom
509602,2023-10-24,1965,132,109,1,424700000,8300000,45804000,462204000,Credit,Showroom
509603,2025-02-01,3262,129,14,1,306100000,11800000,32373000,326673000,Cash,Event
509604,2023-09-27,4381,117,58,1,182000000,11600000,18744000,189144000,Credit,Showroom
509605,2022-10-08,4507,144,27,1,780000000,51600000,80124000,808524000,Credit,Event
509606,2025-07-24,4365,131,104,1,379000000,21000000,39380000,397380000,Cash,Showroom
509607,2020-09-29,2141,103,118,1,282000000,19500000,28875000,291375000,Credit,Showroom
509608,2023-09-14,5408,130,112,1,669400000,43200000,68882000,695082000,Credit,Showroom
509609,2025-06-10,1568,109,36,1,793900000,14200000,85767000,865467000,Credit,Showroom
509610,2023-02-24,2826,110,111,4,762600000,177600000,316008000,3188808000,Credit,Fleet
509611,2024-04-29,2390,116,8,1,262400000,16500000,27049000,272949000,Credit,Showroom
509612,2025-03-24,4722,108,107,1,170400000,3900000,18315000,184815000,Cash,Showroom
509613,2022-04-12,1462,161,24,1,435500000,22100000,45474000,458874000,Cash,Showroom
509614,2021-11-11,1403,105,45,1,559300000,28900000,58344000,588744000,Credit,Showroom
509615,2021-06-27,3078,113,66,1,170600000,1000000,18656000,188256000,Cash,Showroom
509616,2025-08-11,2144,107,96,1,393400000,10900000,42075000,424575000,Credit,Showroom
509617,2024-06-20,5119,110,24,1,744200000,8200000,80960000,816960000,Credit,Online
509618,2020-01-19,3338,106,93,1,398500000,11800000,42537000,429237000,Credit,Showroom
509619,2023-11-08,2082,169,20,1,264200000,7000000,28292000,285492000,Credit,Event
509620,2020-10-14,1571,110,43,1,787900000,37900000,82500000,832500000,Credit,Showroom
509621,2023-06-11,3507,122,55,1,796000000,38400000,83336000,840936000,Credit,Showroom
509622,2024-08-29,2512,185,116,1,867300000,42900000,90684000,915084000,Credit,Showroom
509623,2021-08-05,2952,112,6,1,227200000,6300000,24299000,245199000,Cash,Showroom
509624,2024-09-12,5039,186,47,1,872600000,15400000,94292000,951492000,Credit,Showroom
509625,2023-11-05,4005,126,68,1,649000000,27100000,68409000,690309000,Cash,Event
509626,2025-03-19,3866,115,21,1,289300000,8500000,30888000,311688000,Credit,Event
509627,2025-05-16,1116,177,78,1,1453900000,6500000,159214000,1606614000,Cash,Showroom
509628,2023-11-21,4016,119,47,1,209600000,11200000,21824000,220224000,Credit,Showroom
509629,2024-06-04,3040,103,113,1,288700000,16200000,29975000,302475000,Credit,Showroom
509630,2025-08-25,4197,118,37,1,208100000,8900000,21912000,221112000,Credit,Showroom
509631,2021-12-09,2272,106,83,1,391400000,3300000,42691000,430791000,Credit,Showroom
509632,2022-06-10,3897,112,76,1,229600000,5400000,24662000,248862000,Cash,Showroom
509633,2021-01-29,1982,178,46,1,1054700000,45300000,111034000,1120434000,Credit,Showroom
509634,2022-08-17,4251,136,70,1,436600000,4500000,47531000,479631000,Credit,Showroom
509635,2023-09-12,1673,104,77,1,299100000,5100000,32340000,326340000,Cash,Showroom
509636,2024-03-07,2072,116,63,1,252700000,14800000,26169000,264069000,Credit,Showroom
509637,2025-06-10,4634,154,3,1,850600000,27600000,90530000,913530000,Cash,Showroom
509638,2020-04-18,5400,150,84,1,268600000,17500000,27621000,278721000,Cash,Showroom
509639,2021-02-07,3624,187,47,1,1282500000,57300000,134772000,1359972000,Credit,Showroom
509640,2022-05-25,3196,115,1,1,293000000,11900000,30921000,312021000,Credit,Showroom
509641,2025-06-11,1048,143,83,1,754100000,4300000,82478000,832278000,Credit,Showroom
509642,2024-05-28,4793,110,32,1,777500000,54300000,79552000,802752000,Credit,Showroom
509643,2024-05-29,2945,121,64,1,404700000,9700000,43450000,438450000,Credit,Showroom
509644,2025-11-15,5090,138,4,1,249600000,14400000,25872000,261072000,Credit,Showroom
509645,2025-01-07,4251,102,103,1,450000000,25400000,46706000,471306000,Cash,Showroom
509646,2022-11-04,4043,112,23,1,231200000,8400000,24508000,247308000,Cash,Showroom
509647,2020-10-13,3136,132,36,1,424300000,15600000,44957000,453657000,Cash,Online
509648,2020-05-29,3080,118,9,1,206700000,11700000,21450000,216450000,Credit,Showroom
509649,2024-04-11,1489,116,4,1,260500000,12900000,27236000,274836000,Credit,Showroom
509650,2024-12-05,2934,124,41,1,312500000,14500000,32780000,330780000,Credit,Showroom
509651,2025-12-23,5236,122,113,1,780500000,43700000,81048000,817848000,Cash,Showroom
509652,2025-09-06,4734,101,74,1,251900000,2200000,27467000,277167000,Credit,Showroom
509653,2021-01-25,5320,130,67,1,623500000,25300000,65802000,664002000,Credit,Showroom
509654,2025-06-17,4093,139,81,1,248500000,1000000,27225000,274725000,Credit,Showroom
509655,2023-02-19,3912,144,35,1,764000000,49800000,78562000,792762000,Cash,Showroom
509656,2024-01-06,3208,101,75,1,248800000,16800000,25520000,257520000,Credit,Showroom
509657,2024-12-27,3344,183,65,1,1912600000,27100000,207405000,2092905000,Credit,Showroom
509658,2025-09-07,3111,136,72,1,441400000,300000,48521000,489621000,Credit,Event
509659,2021-10-06,5416,162,113,1,546200000,7600000,59246000,597846000,Cash,Showroom
509660,2020-01-17,2570,138,90,1,249200000,2400000,27148000,273948000,Cash,Online
509661,2025-08-26,2390,116,15,1,269800000,17900000,27709000,279609000,Credit,Showroom
509662,2021-03-01,2382,113,87,1,168200000,8200000,17600000,177600000,Credit,Event
509663,2022-06-28,2516,107,88,1,384800000,21100000,40007000,403707000,Credit,Showroom
509664,2022-12-12,1132,131,94,1,383800000,3100000,41877000,422577000,Credit,Showroom
509665,2024-01-15,1671,124,118,1,328300000,8800000,35145000,354645000,Cash,Showroom
509666,2024-02-02,2031,127,10,1,273000000,400000,29986000,302586000,Credit,Showroom
509667,2020-05-30,3877,127,80,1,275700000,4200000,29865000,301365000,Credit,Event
509668,2023-08-30,1997,179,10,1,1097500000,57300000,114422000,1154622000,Cash,Showroom
509669,2025-11-17,3667,112,24,1,228200000,800000,25014000,252414000,Credit,Showroom
509670,2022-04-29,3975,106,51,1,395600000,22100000,41085000,414585000,Credit,Showroom
509671,2023-09-07,1576,109,105,1,787900000,34400000,82885000,836385000,Cash,Showroom
509672,2021-08-09,2266,107,50,1,389900000,900000,42790000,431790000,Credit,Showroom
509673,2021-06-24,1271,127,49,1,282400000,11700000,29777000,300477000,Credit,Online
509674,2024-05-27,1176,116,94,1,267800000,5200000,28886000,291486000,Credit,Online
509675,2022-03-05,2318,162,25,4,570600000,139000000,235774000,2379174000,Credit,Fleet
509676,2020-08-16,5330,109,60,1,782700000,46900000,80938000,816738000,Cash,Online
509677,2025-10-14,4120,112,26,1,236800000,9900000,24959000,251859000,Credit,Online
509678,2023-02-27,1170,160,24,1,376200000,5000000,40832000,412032000,Credit,Showroom
509679,2025-12-03,3120,116,71,1,270300000,6700000,28996000,292596000,Cash,Showroom
509680,2021-02-19,5331,136,9,1,461200000,19100000,48631000,490731000,Cash,Showroom
509681,2024-07-24,1794,104,15,1,287500000,12100000,30294000,305694000,Cash,Showroom
509682,2022-03-03,3334,113,20,1,167400000,8000000,17534000,176934000,Cash,Event
509683,2024-06-28,1989,103,24,1,303400000,3700000,32967000,332667000,Credit,Showroom
509684,2024-02-01,4492,124,89,1,316100000,1700000,34584000,348984000,Cash,Showroom
509685,2024-07-11,3151,176,96,1,1429300000,81500000,148258000,1496058000,Credit,Showroom
509686,2023-11-27,1131,138,50,1,262000000,9700000,27753000,280053000,Cash,Showroom
509687,2023-04-15,4675,144,116,1,785500000,34900000,82566000,833166000,Credit,Showroom
509688,2025-11-01,2017,116,7,1,269600000,4800000,29128000,293928000,Credit,Showroom
509689,2025-07-28,1525,140,84,1,166000000,6400000,17556000,177156000,Credit,Showroom
509690,2022-11-11,2602,126,39,1,626600000,33800000,65208000,658008000,Cash,Online
509691,2024-12-04,1163,110,78,1,752500000,21500000,80410000,811410000,Credit,Showroom
509692,2025-08-05,1654,108,41,1,173800000,9900000,18029000,181929000,Credit,Event
509693,2022-09-09,3323,106,32,1,389400000,21600000,40458000,408258000,Credit,Showroom
509694,2022-10-16,2064,102,30,1,452800000,7600000,48972000,494172000,Cash,Showroom
509695,2023-06-29,3343,141,21,1,378000000,25200000,38808000,391608000,Credit,Showroom
509696,2025-01-01,1547,134,99,1,262200000,17800000,26884000,271284000,Credit,Showroom
509697,2023-03-27,2460,120,24,1,407200000,2900000,44473000,448773000,Cash,Event
509698,2025-11-12,3665,174,89,1,1794500000,99900000,186406000,1881006000,Credit,Showroom
509699,2023-05-04,2767,121,71,1,415900000,27200000,42757000,431457000,Credit,Event
509700,2025-12-27,2605,105,85,1,578700000,500000,63602000,641802000,Cash,Showroom
509701,2022-06-18,1752,127,68,1,290300000,17600000,29997000,302697000,Cash,Showroom
509702,2025-08-08,3782,139,51,1,248000000,1700000,27093000,273393000,Cash,Showroom
509703,2024-05-16,3842,101,44,1,240600000,14300000,24893000,251193000,Cash,Event
509704,2022-06-16,1156,134,3,1,254400000,8900000,27005000,272505000,Credit,Showroom
509705,2020-11-07,3463,107,66,1,377700000,16700000,39710000,400710000,Credit,Online
509706,2022-09-19,4025,120,63,1,404700000,11300000,43274000,436674000,Cash,Showroom
509707,2022-02-07,4350,159,15,1,415400000,5300000,45111000,455211000,Cash,Showroom
509708,2023-05-29,5474,121,34,1,404800000,11500000,43263000,436563000,Credit,Showroom
509709,2021-07-20,4030,115,69,1,278700000,17800000,28699000,289599000,Cash,Showroom
509710,2025-10-09,1467,114,5,1,285400000,5400000,30800000,310800000,Credit,Showroom
509711,2020-03-16,3183,129,64,1,301000000,19400000,30976000,312576000,Credit,Online
509712,2020-04-17,2967,122,25,1,738900000,16700000,79442000,801642000,Credit,Showroom
509713,2024-11-26,4081,111,42,1,233500000,5700000,25058000,252858000,Cash,Showroom
509714,2020-06-18,2775,128,67,1,310900000,19200000,32087000,323787000,Cash,Showroom
509715,2021-02-27,1800,114,87,1,296300000,17000000,30723000,310023000,Cash,Showroom
509716,2024-11-07,2802,109,62,1,784500000,3200000,85943000,867243000,Cash,Showroom
509717,2025-10-08,1776,118,28,1,195500000,12200000,20163000,203463000,Credit,Event
509718,2021-05-17,2042,150,14,1,270100000,13400000,28237000,284937000,Cash,Showroom
509719,2022-02-05,1754,136,93,1,468200000,16800000,49654000,501054000,Cash,Showroom
509720,2023-01-25,2347,101,115,1,246200000,1800000,26884000,271284000,Credit,Online
509721,2024-11-23,1435,159,118,1,430300000,11600000,46057000,464757000,Cash,Event
509722,2021-04-11,3727,110,118,1,752000000,50700000,77143000,778443000,Credit,Online
509723,2022-07-02,2240,112,87,1,228400000,12600000,23738000,239538000,Credit,Showroom
509724,2021-06-09,1847,109,25,1,756100000,22000000,80751000,814851000,Credit,Showroom
509725,2025-01-07,2174,137,73,1,456300000,24400000,47509000,479409000,Credit,Showroom
509726,2023-10-31,5009,110,21,1,762400000,12600000,82478000,832278000,Cash,Showroom
509727,2023-07-09,4986,129,71,1,303200000,13500000,31867000,321567000,Credit,Online
509728,2024-01-17,4846,112,75,1,224800000,11900000,23419000,236319000,Cash,Showroom
509729,2023-09-02,3165,124,23,1,311000000,9000000,33220000,335220000,Cash,Showroom
509730,2021-04-22,1221,144,4,4,787400000,32700000,342859000,3459759000,Credit,Fleet
509731,2023-10-31,5273,144,84,1,815800000,23600000,87142000,879342000,Credit,Online
509732,2022-01-05,3478,145,10,1,358300000,1200000,39281000,396381000,Credit,Event
509733,2022-08-17,4369,137,119,1,446400000,19100000,47003000,474303000,Credit,Showroom
509734,2021-06-13,5143,106,103,1,395300000,7200000,42691000,430791000,Credit,Showroom
509735,2023-03-25,1584,123,22,1,755900000,26700000,80212000,809412000,Cash,Showroom
509736,2021-10-03,4929,138,76,1,257100000,600000,28215000,284715000,Cash,Showroom
509737,2020-09-24,3235,136,75,1,437600000,3700000,47729000,481629000,Credit,Online
509738,2023-08-06,3405,177,41,1,1480700000,2700000,162580000,1640580000,Credit,Showroom
509739,2020-01-28,3675,132,74,1,430200000,16500000,45507000,459207000,Cash,Showroom
509740,2024-10-24,2593,109,80,1,777300000,48700000,80146000,808746000,Credit,Showroom
509741,2020-03-07,4162,123,92,1,766100000,32600000,80685000,814185000,Cash,Event
509742,2025-05-03,5134,103,61,1,285000000,18000000,29370000,296370000,Credit,Online
509743,2022-01-09,4509,122,101,1,780400000,9400000,84810000,855810000,Credit,Showroom
509744,2025-09-26,4395,106,4,1,377300000,12800000,40095000,404595000,Credit,Showroom
509745,2025-12-09,1150,115,49,1,289500000,19400000,29711000,299811000,Credit,Showroom
509746,2020-04-06,4963,177,29,1,1498700000,22100000,162426000,1639026000,Credit,Online
509747,2024-05-20,4608,106,35,1,384400000,10400000,41140000,415140000,Credit,Showroom
509748,2023-11-04,1894,101,52,1,241800000,8300000,25685000,259185000,Credit,Event
509749,2025-10-09,2462,107,120,1,384100000,15500000,40546000,409146000,Cash,Showroom
509750,2021-11-03,3336,113,10,1,160200000,4600000,17116000,172716000,Credit,Showroom
509751,2020-06-02,1395,104,82,1,281700000,13100000,29546000,298146000,Credit,Showroom
509752,2021-02-16,2523,104,83,1,294900000,5100000,31878000,321678000,Credit,Showroom
509753,2023-07-01,2736,104,15,1,287500000,15300000,29942000,302142000,Credit,Showroom
509754,2025-09-25,4168,138,58,1,255500000,8300000,27192000,274392000,Credit,Showroom
509755,2020-10-27,2784,104,34,1,297900000,14600000,31163000,314463000,Cash,Showroom
509756,2024-09-25,3604,102,93,1,473500000,26700000,49148000,495948000,Cash,Showroom
509757,2024-01-20,2685,129,58,1,300600000,5000000,32516000,328116000,Credit,Showroom
509758,2025-03-10,3207,102,108,1,462400000,28000000,47784000,482184000,Credit,Showroom
509759,2025-09-23,4550,114,97,1,291700000,18300000,30074000,303474000,Credit,Showroom
509760,2022-12-30,4351,113,39,1,163000000,8400000,17006000,171606000,Credit,Showroom
509761,2023-10-16,1706,120,22,1,404800000,2000000,44308000,447108000,Credit,Showroom
509762,2020-05-17,3300,113,6,1,163100000,4500000,17446000,176046000,Credit,Showroom
509763,2020-09-04,3479,137,76,1,461000000,24800000,47982000,484182000,Credit,Showroom
509764,2021-10-13,2561,143,102,1,719800000,35900000,75229000,759129000,Cash,Showroom
509765,2025-04-27,5160,107,43,1,373000000,10000000,39930000,402930000,Credit,Event
509766,2022-09-15,4377,101,98,1,237300000,11100000,24882000,251082000,Cash,Showroom
509767,2025-02-16,4031,161,62,1,427300000,3400000,46629000,470529000,Credit,Showroom
509768,2024-09-05,3218,116,43,1,266100000,15800000,27533000,277833000,Credit,Showroom
509769,2022-02-22,2587,137,70,1,471700000,24500000,49192000,496392000,Cash,Showroom
509770,2024-03-16,4436,162,101,1,559900000,35400000,57695000,582195000,Cash,Showroom
509771,2020-12-13,2751,101,43,1,237700000,12800000,24739000,249639000,Credit,Showroom
509772,2024-01-31,4258,135,19,1,302200000,21000000,30932000,312132000,Cash,Showroom
509773,2022-10-08,1393,121,88,1,413800000,1800000,45320000,457320000,Credit,Online
509774,2023-09-25,4832,135,36,1,301100000,4900000,32582000,328782000,Credit,Showroom
509775,2023-12-24,3864,105,93,1,585400000,32400000,60830000,613830000,Cash,Showroom
509776,2021-05-20,4332,116,108,1,269100000,17600000,27665000,279165000,Credit,Showroom
509777,2025-01-18,5166,121,35,1,393000000,10200000,42108000,424908000,Cash,Showroom
509778,2023-08-26,2997,106,98,1,382000000,12000000,40700000,410700000,Credit,Showroom
509779,2023-01-01,1699,112,109,1,223400000,13900000,23045000,232545000,Credit,Showroom
509780,2022-01-25,5219,109,38,1,751200000,14500000,81037000,817737000,Cash,Showroom
509781,2024-10-19,5280,110,1,1,781000000,12900000,84491000,852591000,Cash,Event
509782,2022-02-23,3790,163,17,1,578900000,13800000,62161000,627261000,Cash,Showroom
509783,2024-10-23,5089,119,25,1,194700000,8400000,20493000,206793000,Cash,Showroom
509784,2021-04-01,1295,118,53,1,196900000,2200000,21417000,216117000,Credit,Showroom
509785,2025-07-28,1012,147,5,1,196600000,11400000,20372000,205572000,Cash,Showroom
509786,2020-11-08,1857,104,16,1,293400000,4500000,31779000,320679000,Cash,Showroom
509787,2023-09-07,2202,146,85,1,195100000,12100000,20130000,203130000,Cash,Showroom
509788,2020-10-27,4592,104,15,1,285500000,11000000,30195000,304695000,Credit,Showroom
509789,2024-03-05,4153,109,64,1,762600000,2500000,83611000,843711000,Credit,Showroom
509790,2023-01-23,2689,118,38,1,196200000,100000,21571000,217671000,Credit,Event
509791,2020-02-01,2160,141,56,1,373400000,16100000,39303000,396603000,Credit,Showroom
509792,2024-07-22,1168,104,110,1,286000000,100000,31449000,317349000,Credit,Showroom
509793,2025-01-01,2638,164,45,1,427700000,5800000,46409000,468309000,Cash,Showroom
509794,2022-04-09,2990,123,61,1,784000000,14500000,84645000,854145000,Credit,Showroom
509795,2025-02-27,1624,105,32,1,569700000,10300000,61534000,620934000,Credit,Showroom
509796,2021-11-12,2741,111,105,1,239900000,1700000,26202000,264402000,Cash,Showroom
509797,2023-04-11,3320,119,64,1,200000000,900000,21901000,221001000,Credit,Showroom
509798,2024-02-12,4282,117,27,1,188800000,7300000,19965000,201465000,Credit,Event
509799,2024-02-21,2010,138,113,1,244500000,11000000,25685000,259185000,Cash,Showroom
509800,2023-02-02,1370,136,48,1,463900000,23400000,48455000,488955000,Credit,Showroom
509801,2024-11-02,4808,107,51,1,381300000,18600000,39897000,402597000,Credit,Showroom
509802,2023-12-27,3819,119,23,1,196100000,3200000,21219000,214119000,Credit,Showroom
509803,2024-04-16,4579,105,68,1,557000000,35900000,57321000,578421000,Cash,Showroom
509804,2024-03-28,5155,129,106,1,298800000,18900000,30789000,310689000,Cash,Online
509805,2025-07-16,2128,127,1,1,292700000,10200000,31075000,313575000,Credit,Showroom
509806,2023-01-01,2138,107,81,1,397000000,3500000,43285000,436785000,Credit,Showroom
509807,2023-01-29,2046,103,20,1,284900000,4300000,30866000,311466000,Credit,Showroom
509808,2024-04-18,4390,177,81,1,1475300000,27000000,159313000,1607613000,Cash,Showroom
509809,2025-07-03,4559,119,55,1,207100000,9600000,21725000,219225000,Cash,Showroom
509810,2021-10-28,1737,125,89,1,656500000,20900000,69916000,705516000,Credit,Showroom
509811,2025-07-10,2475,118,49,1,201700000,11900000,20878000,210678000,Cash,Showroom
509812,2025-04-02,4967,128,43,1,313000000,14700000,32813000,331113000,Cash,Showroom
509813,2025-08-20,3069,131,36,1,393000000,8100000,42339000,427239000,Cash,Online
509814,2022-01-22,2476,150,15,1,263500000,14700000,27368000,276168000,Cash,Showroom
509815,2022-09-10,4352,119,40,1,200000000,9400000,20966000,211566000,Credit,Showroom
509816,2021-08-05,1908,137,14,1,441000000,21800000,46112000,465312000,Credit,Event
509817,2025-10-23,3474,145,47,1,347100000,2400000,37917000,382617000,Credit,Showroom
509818,2022-12-26,1852,107,86,1,391300000,18100000,41052000,414252000,Cash,Online
509819,2022-12-05,1253,133,19,1,422100000,4000000,45991000,464091000,Credit,Online
509820,2023-10-02,4307,132,11,1,428200000,17200000,45210000,456210000,Cash,Showroom
509821,2023-08-27,4744,125,61,1,640600000,2600000,70180000,708180000,Credit,Showroom
509822,2020-01-23,1885,110,82,1,748500000,17400000,80421000,811521000,Cash,Showroom
509823,2025-10-12,2256,105,41,1,572400000,9900000,61875000,624375000,Cash,Event
509824,2022-10-24,4597,134,104,1,257100000,14700000,26664000,269064000,Credit,Showroom
509825,2024-11-20,1776,165,79,1,423500000,25100000,43824000,442224000,Credit,Showroom
509826,2025-05-26,5075,110,38,1,749000000,31100000,78969000,796869000,Cash,Showroom
509827,2025-08-18,4610,110,92,1,747300000,44800000,77275000,779775000,Credit,Showroom
509828,2021-01-24,3359,106,1,1,382500000,22300000,39622000,399822000,Credit,Showroom
509829,2021-07-16,5216,106,91,1,381500000,15000000,40315000,406815000,Credit,Event
509830,2025-06-12,4574,118,113,1,205700000,0,22627000,228327000,Cash,Showroom
509831,2022-05-26,4054,115,70,1,279500000,3500000,30360000,306360000,Credit,Showroom
509832,2023-07-15,3341,141,25,1,384500000,3800000,41877000,422577000,Credit,Online
509833,2024-08-26,1718,101,70,1,242200000,12100000,25311000,255411000,Credit,Showroom
509834,2022-02-10,2468,117,100,1,190500000,7100000,20174000,203574000,Cash,Online
509835,2020-02-29,4758,130,104,1,661500000,44400000,67881000,684981000,Credit,Showroom
509836,2025-01-12,4815,133,93,1,424700000,24300000,44044000,444444000,Credit,Showroom
509837,2020-03-29,3411,101,30,1,246000000,3400000,26686000,269286000,Credit,Showroom
509838,2025-02-07,3036,101,15,1,250100000,10000000,26411000,266511000,Credit,Event
509839,2024-11-20,5093,124,11,1,333200000,3000000,36322000,366522000,Credit,Showroom
509840,2022-07-17,3986,114,6,1,276600000,1900000,30217000,304917000,Cash,Online
509841,2025-07-03,4763,147,67,1,197800000,13500000,20273000,204573000,Credit,Showroom
509842,2025-05-31,3791,139,52,1,249500000,9200000,26433000,266733000,Credit,Showroom
509843,2024-10-14,2602,101,101,1,240400000,12900000,25025000,252525000,Credit,Showroom
509844,2021-09-23,5307,124,114,1,318800000,14800000,33440000,337440000,Credit,Showroom
509845,2021-07-06,1856,148,106,1,287600000,14100000,30085000,303585000,Cash,Showroom
509846,2022-05-20,5465,107,82,1,397500000,8800000,42757000,431457000,Cash,Showroom
509847,2025-02-19,3411,159,58,1,418600000,12600000,44660000,450660000,Cash,Showroom
509848,2024-07-29,4769,124,19,1,324100000,20900000,33352000,336552000,Credit,Showroom
509849,2022-09-28,2227,107,30,1,382000000,6700000,41283000,416583000,Credit,Showroom
509850,2020-01-18,3070,109,58,1,755700000,8100000,82236000,829836000,Credit,Showroom
509851,2023-03-10,3914,109,63,1,742000000,38600000,77374000,780774000,Credit,Showroom
509852,2024-05-22,3011,128,20,1,314400000,15200000,32912000,332112000,Credit,Showroom
509853,2025-12-26,2310,153,115,2,408200000,48100000,84513000,852813000,Credit,Fleet
509854,2025-11-26,2976,122,79,1,784500000,11100000,85074000,858474000,Credit,Showroom
509855,2021-11-27,1787,133,92,1,418900000,15700000,44352000,447552000,Credit,Showroom
509856,2021-07-15,3002,108,102,3,174300000,30500000,54164000,546564000,Credit,Fleet
509857,2020-02-28,4127,107,78,1,378800000,1500000,41503000,418803000,Cash,Showroom
509858,2025-11-05,2710,115,51,1,291800000,15900000,30349000,306249000,Credit,Showroom
509859,2023-05-05,1261,126,31,1,661300000,30200000,69421000,700521000,Credit,Showroom
509860,2024-04-04,5458,116,84,1,260700000,9200000,27665000,279165000,Credit,Event
509861,2024-10-26,1493,148,7,1,286200000,14000000,29942000,302142000,Credit,Event
509862,2023-12-28,3265,128,9,1,295400000,18400000,30470000,307470000,Cash,Showroom
509863,2022-04-25,1936,128,28,1,303000000,6800000,32582000,328782000,Cash,Online
509864,2023-08-12,4125,158,45,1,408800000,3100000,44627000,450327000,Cash,Showroom
509865,2022-08-25,1085,113,25,1,161700000,6400000,17083000,172383000,Credit,Showroom
509866,2023-05-18,4789,106,86,1,382200000,19000000,39952000,403152000,Cash,Showroom
509867,2022-07-16,1152,121,43,1,389000000,6600000,42064000,424464000,Cash,Showroom
509868,2022-08-12,3311,102,113,1,450200000,16500000,47707000,481407000,Credit,Showroom
509869,2022-02-02,1661,116,119,1,268700000,3700000,29150000,294150000,Credit,Event
509870,2023-07-21,2627,107,89,1,375700000,15900000,39578000,399378000,Credit,Showroom
509871,2023-06-21,5378,108,63,1,176700000,5300000,18854000,190254000,Cash,Showroom
509872,2023-09-23,2987,123,120,1,740400000,5500000,80839000,815739000,Credit,Showroom
509873,2024-12-13,4905,127,75,1,274800000,0,30228000,305028000,Credit,Showroom
509874,2022-07-21,2349,133,78,1,430400000,25800000,44506000,449106000,Credit,Showroom
509875,2025-07-15,5395,106,98,1,384300000,21700000,39886000,402486000,Cash,Showroom
509876,2021-04-10,3863,105,81,1,584900000,31500000,60874000,614274000,Cash,Event
509877,2025-03-04,3379,128,50,1,304300000,12700000,32076000,323676000,Credit,Showroom
509878,2022-12-18,4087,184,3,1,1278000000,6900000,139821000,1410921000,Credit,Showroom
509879,2022-01-14,4501,133,85,1,438500000,10600000,47069000,474969000,Cash,Showroom
509880,2024-09-16,4197,116,12,1,257900000,700000,28292000,285492000,Cash,Showroom
509881,2021-11-24,4921,128,4,1,294000000,20400000,30096000,303696000,Credit,Showroom
509882,2023-04-21,3294,115,106,1,276900000,7100000,29678000,299478000,Cash,Online
509883,2023-12-31,5039,109,116,1,746800000,7000000,81378000,821178000,Credit,Showroom
509884,2022-03-31,3660,105,63,1,581600000,29900000,60687000,612387000,Credit,Online
509885,2022-07-19,3908,128,57,1,306900000,4500000,33264000,335664000,Cash,Showroom
509886,2023-07-14,2467,101,57,2,242000000,27500000,50215000,506715000,Credit,Fleet
509887,2023-05-25,2606,102,85,1,447700000,9300000,48224000,486624000,Credit,Showroom
509888,2023-09-29,5350,108,23,1,170300000,11000000,17523000,176823000,Credit,Showroom
509889,2025-03-25,4896,138,88,1,243600000,10700000,25619000,258519000,Credit,Showroom
509890,2024-06-29,3656,117,74,1,189600000,10800000,19668000,198468000,Cash,Showroom
509891,2025-08-30,2595,128,18,1,298600000,11600000,31570000,318570000,Credit,Showroom
509892,2024-09-05,2429,101,58,1,236100000,6300000,25278000,255078000,Cash,Showroom
509893,2020-05-20,2062,105,48,1,563800000,27400000,59004000,595404000,Credit,Showroom
509894,2025-01-10,4153,123,69,1,753100000,5400000,82247000,829947000,Cash,Showroom
509895,2022-05-14,2478,120,12,1,396900000,3800000,43241000,436341000,Credit,Showroom
509896,2021-09-16,4184,103,62,1,302200000,5000000,32692000,329892000,Credit,Event
509897,2025-01-25,2093,159,115,1,432500000,19000000,45485000,458985000,Credit,Showroom
509898,2022-03-30,1999,125,1,1,652500000,21800000,69377000,700077000,Credit,Online
509899,2025-10-25,5339,137,67,1,443000000,4500000,48235000,486735000,Credit,Showroom
509900,2022-10-25,2601,154,57,1,885900000,26500000,94534000,953934000,Cash,Showroom
509901,2021-03-19,2136,124,33,1,312400000,21700000,31977000,322677000,Credit,Showroom
509902,2020-12-18,2132,103,17,1,291800000,200000,32076000,323676000,Credit,Online
509903,2022-01-19,2211,133,96,1,439200000,5000000,47762000,481962000,Credit,Showroom
509904,2022-05-06,3224,116,10,1,252500000,7100000,26994000,272394000,Cash,Showroom
509905,2025-07-20,1624,126,33,1,649200000,17500000,69487000,701187000,Credit,Showroom
509906,2023-11-04,2730,133,53,1,436800000,11500000,46783000,472083000,Credit,Online
509907,2024-09-25,4109,128,75,2,292800000,32900000,60797000,613497000,Credit,Fleet
509908,2021-10-26,3854,111,36,1,224600000,6100000,24035000,242535000,Credit,Showroom
509909,2024-08-17,4587,106,71,1,396600000,25200000,40854000,412254000,Cash,Showroom
509910,2024-01-12,1802,103,35,1,300100000,19100000,30910000,311910000,Credit,Showroom
509911,2025-04-11,3193,130,6,1,650800000,14900000,69949000,705849000,Credit,Showroom
509912,2020-07-10,5066,106,11,1,380800000,5500000,41283000,416583000,Credit,Showroom
509913,2023-05-07,1644,110,60,1,757300000,16900000,81444000,821844000,Cash,Showroom
509914,2025-07-24,4763,115,28,1,290800000,7900000,31119000,314019000,Credit,Online
509915,2024-02-10,1847,112,79,1,239600000,300000,26323000,265623000,Credit,Showroom
509916,2023-06-12,2408,110,112,1,788900000,44900000,81840000,825840000,Credit,Showroom
509917,2022-11-19,1113,121,92,1,417700000,25800000,43109000,435009000,Cash,Showroom
509918,2024-10-16,4127,117,116,1,181300000,9700000,18876000,190476000,Credit,Showroom
509919,2020-12-23,2197,151,22,1,551200000,23400000,58058000,585858000,Credit,Showroom
509920,2024-03-10,3086,167,111,1,666400000,33400000,69630000,702630000,Credit,Showroom
509921,2024-10-18,2282,140,7,1,169900000,11200000,17457000,176157000,Credit,Showroom
509922,2024-12-06,3811,146,37,1,200600000,13300000,20603000,207903000,Credit,Showroom
509923,2025-01-04,5109,133,26,1,421300000,2600000,46057000,464757000,Cash,Showroom
509924,2021-11-10,2800,102,10,1,455500000,11800000,48807000,492507000,Credit,Showroom
509925,2025-05-09,4199,138,100,1,254200000,9300000,26939000,271839000,Credit,Showroom
509926,2021-03-06,4986,138,64,1,243000000,10900000,25531000,257631000,Cash,Showroom
509927,2023-01-31,3612,136,41,1,449100000,3200000,49049000,494949000,Credit,Showroom
509928,2021-07-04,2905,103,60,1,288800000,3200000,31416000,317016000,Credit,Showroom
509929,2020-11-08,3019,154,35,1,864100000,19200000,92939000,937839000,Credit,Showroom
509930,2022-04-30,2936,177,51,1,1498900000,85200000,155507000,1569207000,Credit,Showroom
509931,2023-01-06,2141,117,9,1,179500000,5600000,19129000,193029000,Credit,Showroom
509932,2022-04-09,2869,157,2,1,336700000,17400000,35123000,354423000,Credit,Showroom
509933,2022-01-25,4734,165,81,1,438300000,27300000,45210000,456210000,Credit,Showroom
509934,2022-08-05,4492,174,113,1,1908100000,120200000,196669000,1984569000,Credit,Showroom
509935,2023-08-22,3549,118,114,1,203700000,2100000,22176000,223776000,Credit,Showroom
509936,2021-07-01,4993,122,89,1,765800000,31700000,80751000,814851000,Credit,Event
509937,2021-09-11,3984,137,22,1,450600000,2200000,49324000,497724000,Credit,Showroom
509938,2025-08-30,4730,136,2,1,461800000,2400000,50534000,509934000,Cash,Showroom
509939,2024-03-08,3671,119,13,1,200300000,1700000,21846000,220446000,Cash,Showroom
509940,2024-12-04,4541,111,107,1,223100000,13100000,23100000,233100000,Credit,Showroom
509941,2025-10-31,4142,121,54,1,395800000,16600000,41712000,420912000,Cash,Showroom
509942,2025-11-01,1862,120,26,1,418900000,25200000,43307000,437007000,Credit,Showroom
509943,2021-09-24,3341,115,95,1,294000000,16600000,30514000,307914000,Credit,Showroom
509944,2024-11-03,3949,117,116,1,191300000,7600000,20207000,203907000,Cash,Showroom
509945,2024-12-16,1147,151,75,1,550200000,8800000,59554000,600954000,Cash,Showroom
509946,2024-03-10,2998,164,27,1,428900000,26700000,44242000,446442000,Credit,Showroom
509947,2023-08-28,4373,102,90,1,450000000,18900000,47421000,478521000,Credit,Showroom
509948,2025-09-11,3892,101,84,1,236100000,15100000,24310000,245310000,Credit,Showroom
509949,2023-09-15,5085,111,49,1,234000000,11200000,24508000,247308000,Credit,Showroom
509950,2023-11-24,3340,133,119,1,430600000,8300000,46453000,468753000,Credit,Showroom
509951,2025-05-20,1992,127,20,1,285700000,6400000,30723000,310023000,Cash,Event
509952,2022-06-29,2747,121,116,1,406500000,24100000,42064000,424464000,Credit,Showroom
509953,2020-05-17,1399,131,94,1,397700000,25100000,40986000,413586000,Credit,Showroom
509954,2020-11-19,2453,127,40,1,291100000,4400000,31537000,318237000,Credit,Showroom
509955,2024-10-03,1271,108,31,1,180800000,700000,19811000,199911000,Credit,Showroom
509956,2022-12-16,4972,138,27,1,254300000,16000000,26213000,264513000,Credit,Showroom
509957,2020-11-18,3139,121,36,1,401600000,23500000,41591000,419691000,Credit,Showroom
509958,2022-09-04,4837,115,90,3,298900000,48600000,93291000,941391000,Credit,Fleet
509959,2023-09-29,4973,116,64,1,265600000,18000000,27236000,274836000,Cash,Showroom
509960,2025-09-19,5470,108,14,1,179800000,1100000,19657000,198357000,Cash,Showroom
509961,2022-06-18,2703,105,33,1,545300000,4800000,59455000,599955000,Cash,Showroom
509962,2024-10-31,4732,116,25,1,259700000,10600000,27401000,276501000,Credit,Showroom
509963,2021-03-21,3948,148,101,1,295600000,16900000,30657000,309357000,Credit,Showroom
509964,2024-04-28,1691,164,107,1,439600000,27700000,45309000,457209000,Credit,Showroom
509965,2020-11-11,4516,110,70,1,776300000,27700000,82346000,830946000,Credit,Online
509966,2025-03-06,2766,141,27,1,387800000,4200000,42196000,425796000,Credit,Showroom
509967,2024-05-19,3286,115,28,1,296100000,8600000,31625000,319125000,Credit,Showroom
509968,2024-06-26,5341,136,101,1,440300000,14400000,46849000,472749000,Credit,Showroom
509969,2023-03-09,2665,139,113,1,256800000,15300000,26565000,268065000,Credit,Showroom
509970,2025-08-15,2026,129,109,1,294600000,11300000,31163000,314463000,Cash,Showroom
509971,2025-01-11,2737,176,107,1,1503100000,76900000,156882000,1583082000,Cash,Showroom
509972,2021-10-23,1527,118,25,1,206900000,14300000,21186000,213786000,Credit,Showroom
509973,2021-03-26,4103,128,22,1,300700000,20800000,30789000,310689000,Credit,Showroom
509974,2021-04-04,3198,146,18,1,205700000,10400000,21483000,216783000,Credit,Showroom
509975,2022-06-24,3558,103,75,1,282100000,18600000,28985000,292485000,Cash,Showroom
509976,2020-01-18,3375,131,53,1,396200000,26300000,40689000,410589000,Credit,Showroom
509977,2024-12-09,2849,108,75,1,175200000,11100000,18051000,182151000,Cash,Showroom
509978,2024-09-15,2794,136,76,1,455500000,13700000,48598000,490398000,Credit,Showroom
509979,2022-02-23,4288,108,13,1,175700000,9400000,18293000,184593000,Cash,Showroom
509980,2020-09-21,3766,104,76,1,300000000,11700000,31713000,320013000,Credit,Showroom
509981,2025-03-18,1519,108,95,1,175400000,600000,19228000,194028000,Credit,Showroom
509982,2023-08-11,1908,175,14,1,1103300000,69200000,113751000,1147851000,Credit,Showroom
509983,2025-07-06,5477,122,46,1,738600000,27800000,78188000,788988000,Credit,Showroom
509984,2022-06-08,5405,107,72,1,388900000,17000000,40909000,412809000,Credit,Showroom
509985,2023-07-31,1109,145,34,1,360200000,4100000,39171000,395271000,Credit,Showroom
509986,2021-09-05,3562,102,107,1,465800000,1100000,51117000,515817000,Credit,Showroom
509987,2020-01-15,3466,144,91,4,770100000,179100000,319143000,3220443000,Credit,Fleet
509988,2022-01-25,2095,111,47,1,239100000,6400000,25597000,258297000,Credit,Showroom
509989,2022-12-25,3731,106,17,1,371000000,8200000,39908000,402708000,Credit,Online
509990,2025-08-16,1147,101,50,1,240500000,2700000,26158000,263958000,Credit,Showroom
509991,2022-09-01,2519,109,63,1,745800000,12200000,80696000,814296000,Credit,Online
509992,2024-02-19,2127,106,106,1,398000000,9000000,42790000,431790000,Cash,Online
509993,2025-06-23,2899,126,91,5,629200000,142300000,330407000,3334107000,Cash,Fleet
509994,2024-08-21,1351,128,91,1,291900000,13800000,30591000,308691000,Credit,Event
509995,2022-02-19,5340,112,89,1,240800000,4900000,25949000,261849000,Credit,Showroom
509996,2024-02-11,1199,106,13,1,371500000,18400000,38841000,391941000,Credit,Event
509997,2023-12-15,1175,102,44,1,466000000,18700000,49203000,496503000,Credit,Showroom
509998,2022-02-17,4217,107,14,3,392400000,68000000,122012000,1231212000,Cash,Fleet
509999,2021-10-20,2094,104,120,1,281700000,13800000,29469000,297369000,Cash,Showroom
510000,2020-07-18,3276,162,61,1,551400000,18700000,58597000,591297000,Credit,Showroom
