target_id,dealer_id,target_month,target_year,sales_target_units,revenue_target
1,1,1,2020,22,7905778870
2,1,2,2020,18,6266277180
3,1,3,2020,19,7049462764
4,1,4,2020,20,6558848420
5,1,5,2020,24,7735065480
6,1,6,2020,25,9528513950
7,1,7,2020,24,9012123024
8,1,8,2020,20,7529012340
9,1,9,2020,17,6547167653
10,1,10,2020,22,9197780350
11,1,11,2020,22,7039274814
12,1,12,2020,22,7465484664
13,1,1,2021,27,8325521037
14,1,2,2021,20,7370580340
15,1,3,2021,21,6549290181
16,1,4,2021,28,11039195664
17,1,5,2021,21,8153527746
18,1,6,2021,24,8122975416
19,1,7,2021,26,8525236174
20,1,8,2021,28,10761140600
21,1,9,2021,25,9433795975
22,1,10,2021,28,10044771828
23,1,11,2021,21,8060376471
24,1,12,2021,24,8565935304
25,1,1,2022,26,8214369826
26,1,2,2022,28,8970131380
27,1,3,2022,23,7479182619
28,1,4,2022,23,7989756215
29,1,5,2022,21,8386198296
30,1,6,2022,29,11368097527
31,1,7,2022,21,8694835548
32,1,8,2022,25,10231245200
33,1,9,2022,23,9190488603
34,1,10,2022,29,11701511310
35,1,11,2022,27,11059078635
36,1,12,2022,25,8350953550
37,1,1,2023,20,7196182700
38,1,2,2023,22,7912421176
39,1,3,2023,26,10677935450
40,1,4,2023,26,10794340492
41,1,5,2023,23,9476267375
42,1,6,2023,26,10436900396
43,1,7,2023,27,10675553463
44,1,8,2023,21,6426970641
45,1,9,2023,23,7603454816
46,1,10,2023,29,11994200451
47,1,11,2023,23,8091170552
48,1,12,2023,29,9926136559
49,1,1,2024,21,7456543584
50,1,2,2024,25,8325597525
51,1,3,2024,24,8215393512
52,1,4,2024,27,8905443021
53,1,5,2024,27,9994923045
54,1,6,2024,27,9018570213
55,1,7,2024,22,8270628828
56,1,8,2024,27,10885307553
57,1,9,2024,23,9146114427
58,1,10,2024,27,9482656689
59,1,11,2024,29,9241425070
60,1,12,2024,29,11640469297
61,1,1,2025,27,8145363591
62,1,2,2025,20,6035864000
63,1,3,2025,29,11692068185
64,1,4,2025,28,8470301392
65,1,5,2025,27,9340038504
66,1,6,2025,25,9288969125
67,1,7,2025,26,9936295356
68,1,8,2025,21,8622134661
69,1,9,2025,25,8697755550
70,1,10,2025,25,8612918400
71,1,11,2025,20,7678650420
72,1,12,2025,29,11434835227
73,2,1,2020,20,8326721340
74,2,2,2020,22,7830713990
75,2,3,2020,18,7112514654
76,2,4,2020,17,5393281739
77,2,5,2020,17,6734193663
78,2,6,2020,18,7121878218
79,2,7,2020,21,6583782618
80,2,8,2020,23,9078667272
81,2,9,2020,17,6777337725
82,2,10,2020,18,7053402960
83,2,11,2020,17,6949288985
84,2,12,2020,23,8134372073
85,2,1,2021,22,8096166694
86,2,2,2021,21,7628312328
87,2,3,2021,25,9562959900
88,2,4,2021,21,6619554354
89,2,5,2021,23,9117994075
90,2,6,2021,21,6591946431
91,2,7,2021,28,10282111672
92,2,8,2021,28,9942709840
93,2,9,2021,29,11830281750
94,2,10,2021,29,11088056533
95,2,11,2021,24,9363411936
96,2,12,2021,28,10173027788
97,2,1,2022,20,6565984020
98,2,2,2022,25,9154987600
99,2,3,2022,27,10260078624
100,2,4,2022,20,6745114540
101,2,5,2022,29,11758767344
102,2,6,2022,28,11228365988
103,2,7,2022,20,7991168960
104,2,8,2022,21,7593972393
105,2,9,2022,27,8240490558
106,2,10,2022,23,7970138181
107,2,11,2022,25,9624866350
108,2,12,2022,23,8430663317
109,2,1,2023,25,9272799125
110,2,2,2023,20,7322598640
111,2,3,2023,23,8486451197
112,2,4,2023,27,10768936986
113,2,5,2023,27,10246734738
114,2,6,2023,21,8366400756
115,2,7,2023,22,6826086256
116,2,8,2023,26,8790173704
117,2,9,2023,24,9978935160
118,2,10,2023,29,11295302278
119,2,11,2023,23,7363356413
120,2,12,2023,22,7717279790
121,2,1,2024,26,9273980898
122,2,2,2024,23,9015458396
123,2,3,2024,21,8108361912
124,2,4,2024,27,10736133444
125,2,5,2024,20,6200677940
126,2,6,2024,27,9254953377
127,2,7,2024,25,8838018450
128,2,8,2024,27,9779260059
129,2,9,2024,20,6924463280
130,2,10,2024,26,8439259894
131,2,11,2024,25,9391295775
132,2,12,2024,28,10710647724
133,2,1,2025,23,7498414667
134,2,2,2025,29,8760670146
135,2,3,2025,20,6348839420
136,2,4,2025,29,10578579342
137,2,5,2025,21,6448797411
138,2,6,2025,25,9263160150
139,2,7,2025,25,9484197625
140,2,8,2025,25,10146643925
141,2,9,2025,28,9542176336
142,2,10,2025,23,7864064412
143,2,11,2025,29,8860369391
144,2,12,2025,24,8049511176
145,3,1,2020,10,3387031450
146,3,2,2020,10,4019306020
147,3,3,2020,10,3574691210
148,3,4,2020,11,4283654749
149,3,5,2020,14,4797344230
150,3,6,2020,14,5365276294
151,3,7,2020,12,4056805644
152,3,8,2020,14,5265133776
153,3,9,2020,12,3859750596
154,3,10,2020,12,3685733580
155,3,11,2020,12,3719111388
156,3,12,2020,13,4857394672
157,3,1,2021,15,5474652030
158,3,2,2021,14,4654642020
159,3,3,2021,15,5106348030
160,3,4,2021,13,4412728684
161,3,5,2021,16,5328207376
162,3,6,2021,17,6605376367
163,3,7,2021,13,4585747322
164,3,8,2021,12,3920784732
165,3,9,2021,12,4088205228
166,3,10,2021,13,5240154959
167,3,11,2021,14,5349225994
168,3,12,2021,14,5562041436
169,3,1,2022,14,5293164394
170,3,2,2022,16,6206615632
171,3,3,2022,16,6437129456
172,3,4,2022,17,7110685557
173,3,5,2022,15,4958034720
174,3,6,2022,17,7087916539
175,3,7,2022,16,5396305200
176,3,8,2022,13,4532706399
177,3,9,2022,16,5826028544
178,3,10,2022,14,5391407014
179,3,11,2022,15,4580532225
180,3,12,2022,14,5304464718
181,3,1,2023,14,4966699640
182,3,2,2023,13,4480360365
183,3,3,2023,13,5427685263
184,3,4,2023,16,6127576640
185,3,5,2023,14,4420244416
186,3,6,2023,16,6439394976
187,3,7,2023,16,5877287520
188,3,8,2023,14,4784943940
189,3,9,2023,14,4560654980
190,3,10,2023,15,4690526790
191,3,11,2023,17,6444438591
192,3,12,2023,15,5479878195
193,3,1,2024,13,4344340715
194,3,2,2024,15,5288396625
195,3,3,2024,14,5420992234
196,3,4,2024,17,6003412334
197,3,5,2024,13,5220628335
198,3,6,2024,17,6581963695
199,3,7,2024,17,5175086008
200,3,8,2024,15,5858806785
201,3,9,2024,16,4821621872
202,3,10,2024,13,5072278588
203,3,11,2024,13,4626008764
204,3,12,2024,12,4775629548
205,3,1,2025,16,5415317296
206,3,2,2025,16,5903431216
207,3,3,2025,17,6698133671
208,3,4,2025,14,4831788444
209,3,5,2025,15,4658731215
210,3,6,2025,16,5001637264
211,3,7,2025,13,5024095310
212,3,8,2025,15,5355472395
213,3,9,2025,15,5804357595
214,3,10,2025,14,4530111964
215,3,11,2025,16,5167969792
216,3,12,2025,12,4799531988
217,4,1,2020,20,6784617220
218,4,2,2020,24,9324074040
219,4,3,2020,21,7487622471
220,4,4,2020,17,5808451591
221,4,5,2020,22,8648736096
222,4,6,2020,20,7657234700
223,4,7,2020,24,7277626512
224,4,8,2020,21,6884418765
225,4,9,2020,22,8761588088
226,4,10,2020,24,9932219256
227,4,11,2020,23,9434325449
228,4,12,2020,19,7618706317
229,4,1,2021,21,6436421817
230,4,2,2021,23,8703883261
231,4,3,2021,22,8521858642
232,4,4,2021,20,7273864500
233,4,5,2021,28,10903727352
234,4,6,2021,25,10062083050
235,4,7,2021,27,10970160426
236,4,8,2021,23,9657187675
237,4,9,2021,27,8611479063
238,4,10,2021,29,11108148864
239,4,11,2021,20,6984809320
240,4,12,2021,27,10585056915
241,4,1,2022,25,10097665900
242,4,2,2022,28,9198392784
243,4,3,2022,29,8902104103
244,4,4,2022,23,9366178404
245,4,5,2022,24,7562205528
246,4,6,2022,27,11138369913
247,4,7,2022,22,8841204196
248,4,8,2022,28,10330778808
249,4,9,2022,22,8462923986
250,4,10,2022,28,11253812164
251,4,11,2022,23,9599551124
252,4,12,2022,24,7830642480
253,4,1,2023,29,11023376789
254,4,2,2023,25,7743939525
255,4,3,2023,22,8375507360
256,4,4,2023,29,8942876508
257,4,5,2023,26,9285254628
258,4,6,2023,29,9418420625
259,4,7,2023,29,10776629767
260,4,8,2023,28,10418267720
261,4,9,2023,21,7989489438
262,4,10,2023,20,7368781800
263,4,11,2023,23,7963222978
264,4,12,2023,26,8862798854
265,4,1,2024,25,8602679425
266,4,2,2024,21,7475534430
267,4,3,2024,21,7084416150
268,4,4,2024,25,8176175500
269,4,5,2024,24,8976126384
270,4,6,2024,20,7545229680
271,4,7,2024,26,8466890744
272,4,8,2024,27,8943033474
273,4,9,2024,25,7997652625
274,4,10,2024,21,7983112935
275,4,11,2024,22,7140899458
276,4,12,2024,24,7229891640
277,4,1,2025,28,10286587360
278,4,2,2025,20,6714550080
279,4,3,2025,29,9655251909
280,4,4,2025,28,8777090924
281,4,5,2025,22,8847256440
282,4,6,2025,25,7754247200
283,4,7,2025,24,8301859080
284,4,8,2025,25,10273120000
285,4,9,2025,27,10455783804
286,4,10,2025,20,8370272880
287,4,11,2025,28,11371498656
288,4,12,2025,24,8166059064
289,5,1,2020,14,5707794204
290,5,2,2020,12,4548438732
291,5,3,2020,10,4127450910
292,5,4,2020,12,4137073452
293,5,5,2020,13,4837039038
294,5,6,2020,14,5624265822
295,5,7,2020,13,4830076186
296,5,8,2020,12,3853118064
297,5,9,2020,10,3945517310
298,5,10,2020,14,4252326344
299,5,11,2020,11,4427020290
300,5,12,2020,14,4439010464
301,5,1,2021,13,5317630994
302,5,2,2021,17,5947668841
303,5,3,2021,16,5488819760
304,5,4,2021,15,5898963870
305,5,5,2021,14,5449948350
306,5,6,2021,14,5744273612
307,5,7,2021,14,4295925368
308,5,8,2021,17,5767611641
309,5,9,2021,17,5749785577
310,5,10,2021,15,4991347020
311,5,11,2021,12,3640737456
312,5,12,2021,17,5434362460
313,5,1,2022,12,4071427704
314,5,2,2022,17,5361733241
315,5,3,2022,14,4794519478
316,5,4,2022,14,4333788032
317,5,5,2022,15,5677694190
318,5,6,2022,15,5550005145
319,5,7,2022,15,4545193905
320,5,8,2022,12,4439955864
321,5,9,2022,13,4694132118
322,5,10,2022,17,5376835752
323,5,11,2022,16,5903706352
324,5,12,2022,16,6631474144
325,5,1,2023,12,4731960420
326,5,2,2023,14,4785275418
327,5,3,2023,12,3728621544
328,5,4,2023,16,5248129936
329,5,5,2023,14,4342977814
330,5,6,2023,13,3910357646
331,5,7,2023,15,6101203410
332,5,8,2023,17,6741501606
333,5,9,2023,16,5550845072
334,5,10,2023,12,4697046312
335,5,11,2023,14,4413950898
336,5,12,2023,12,4024757844
337,5,1,2024,13,5042382592
338,5,2,2024,15,4549887585
339,5,3,2024,16,5111465264
340,5,4,2024,16,5293092256
341,5,5,2024,17,6570165321
342,5,6,2024,13,4815980065
343,5,7,2024,15,4877350590
344,5,8,2024,16,5065325776
345,5,9,2024,17,5135077936
346,5,10,2024,13,4476484545
347,5,11,2024,14,4835543062
348,5,12,2024,12,4054101144
349,5,1,2025,13,4119404263
350,5,2,2025,12,3910178268
351,5,3,2025,16,6554589712
352,5,4,2025,15,5815116705
353,5,5,2025,12,4420616172
354,5,6,2025,12,4018634760
355,5,7,2025,13,4597957208
356,5,8,2025,12,3866376048
357,5,9,2025,14,5148995572
358,5,10,2025,12,4845604584
359,5,11,2025,15,4941619500
360,5,12,2025,12,4510049352
361,6,1,2020,22,7234388304
362,6,2,2020,22,8009572670
363,6,3,2020,18,6190724088
364,6,4,2020,24,8165478312
365,6,5,2020,20,7800613440
366,6,6,2020,20,8307922960
367,6,7,2020,19,7804780461
368,6,8,2020,25,8874437700
369,6,9,2020,24,7574973816
370,6,10,2020,18,7515759942
371,6,11,2020,17,5121317524
372,6,12,2020,21,7117600056
373,6,1,2021,28,11182941980
374,6,2,2021,22,7253966016
375,6,3,2021,24,9172853328
376,6,4,2021,24,7299813384
377,6,5,2021,25,7700344950
378,6,6,2021,23,7902283903
379,6,7,2021,24,9932835096
380,6,8,2021,22,9045608550
381,6,9,2021,24,7940742168
382,6,10,2021,24,9575019504
383,6,11,2021,26,10206863030
384,6,12,2021,26,10229535810
385,6,1,2022,28,9949510480
386,6,2,2022,29,10379866470
387,6,3,2022,26,9933935934
388,6,4,2022,24,7759856856
389,6,5,2022,25,10347798575
390,6,6,2022,26,8643136528
391,6,7,2022,26,9921076152
392,6,8,2022,27,9234836973
393,6,9,2022,21,7967172234
394,6,10,2022,24,9952895568
395,6,11,2022,23,9276590989
396,6,12,2022,26,8814987324
397,6,1,2023,21,7149127188
398,6,2,2023,29,8755461166
399,6,3,2023,28,10128660164
400,6,4,2023,29,9328225608
401,6,5,2023,28,11542431936
402,6,6,2023,27,8121840246
403,6,7,2023,29,12110830621
404,6,8,2023,25,9236950625
405,6,9,2023,27,9464788683
406,6,10,2023,25,10050737725
407,6,11,2023,21,6665745912
408,6,12,2023,25,9876894000
409,6,1,2024,22,7853811724
410,6,2,2024,20,7685345320
411,6,3,2024,22,7620404748
412,6,4,2024,28,9210194504
413,6,5,2024,29,10431903432
414,6,6,2024,21,6851552190
415,6,7,2024,28,11432483188
416,6,8,2024,20,8150298060
417,6,9,2024,27,8927949033
418,6,10,2024,27,10774885788
419,6,11,2024,29,9387698257
420,6,12,2024,29,11838288534
421,6,1,2025,29,10790467668
422,6,2,2025,22,6838498282
423,6,3,2025,20,6858376500
424,6,4,2025,29,9066156726
425,6,5,2025,24,8157746568
426,6,6,2025,24,8559730104
427,6,7,2025,29,9560019447
428,6,8,2025,26,8767633784
429,6,9,2025,20,7043335160
430,6,10,2025,27,9009135414
431,6,11,2025,20,7376190880
432,6,12,2025,24,7816405464
433,7,1,2020,27,10427159268
434,7,2,2020,28,10359478640
435,7,3,2020,40,16680064560
436,7,4,2020,27,8442997956
437,7,5,2020,37,11813292549
438,7,6,2020,35,11599236285
439,7,7,2020,27,10501079355
440,7,8,2020,32,10473532096
441,7,9,2020,31,10142828310
442,7,10,2020,34,11620138962
443,7,11,2020,33,10743033213
444,7,12,2020,40,13890102040
445,7,1,2021,45,15208064685
446,7,2,2021,44,16446805232
447,7,3,2021,46,15999693504
448,7,4,2021,44,14877622848
449,7,5,2021,45,18517663170
450,7,6,2021,32,13020466112
451,7,7,2021,45,17383050315
452,7,8,2021,38,15282188946
453,7,9,2021,47,15986209217
454,7,10,2021,33,10486732278
455,7,11,2021,40,13913828920
456,7,12,2021,38,12057163906
457,7,1,2022,36,12835732716
458,7,2,2022,47,14733551023
459,7,3,2022,34,10702758068
460,7,4,2022,39,15265742895
461,7,5,2022,39,15787434078
462,7,6,2022,39,15990887796
463,7,7,2022,38,12629079030
464,7,8,2022,42,14067102714
465,7,9,2022,37,14127465800
466,7,10,2022,38,13003152892
467,7,11,2022,33,13157749077
468,7,12,2022,34,12736671898
469,7,1,2023,45,16202652030
470,7,2,2023,38,13189548516
471,7,3,2023,36,12969762552
472,7,4,2023,35,11371957870
473,7,5,2023,37,11266043790
474,7,6,2023,32,10134695072
475,7,7,2023,39,15628597101
476,7,8,2023,35,10653418370
477,7,9,2023,41,17003282692
478,7,10,2023,35,13931007965
479,7,11,2023,45,14682692565
480,7,12,2023,33,10497881361
481,7,1,2024,43,13618213434
482,7,2,2024,36,11662945164
483,7,3,2024,44,16563632624
484,7,4,2024,46,17689677476
485,7,5,2024,39,14895681840
486,7,6,2024,33,11740720299
487,7,7,2024,43,12907102052
488,7,8,2024,47,16730595452
489,7,9,2024,43,15326737981
490,7,10,2024,35,12847091215
491,7,11,2024,47,18268298400
492,7,12,2024,32,10720076192
493,7,1,2025,46,19209301138
494,7,2,2025,35,11213326215
495,7,3,2025,36,13380551100
496,7,4,2025,38,15233374944
497,7,5,2025,43,13693021566
498,7,6,2025,41,15688060379
499,7,7,2025,47,18658264779
500,7,8,2025,47,19023202624
501,7,9,2025,34,11456630990
502,7,10,2025,37,13478696663
503,7,11,2025,32,10354425088
504,7,12,2025,38,12446069966
505,8,1,2020,28,9247317380
506,8,2,2020,39,13930857876
507,8,3,2020,40,16612885600
508,8,4,2020,30,9813181170
509,8,5,2020,37,12093275101
510,8,6,2020,38,15059035542
511,8,7,2020,29,9068421597
512,8,8,2020,31,12946225053
513,8,9,2020,34,13395041914
514,8,10,2020,32,11586441664
515,8,11,2020,31,11394307734
516,8,12,2020,35,13574417010
517,8,1,2021,45,13919329710
518,8,2,2021,34,11025015950
519,8,3,2021,43,13094425231
520,8,4,2021,45,17331415020
521,8,5,2021,46,15965829868
522,8,6,2021,39,12085459230
523,8,7,2021,43,17292488399
524,8,8,2021,36,11072984040
525,8,9,2021,44,16792959524
526,8,10,2021,32,12244392288
527,8,11,2021,39,12876114147
528,8,12,2021,33,12658059975
529,8,1,2022,45,16725018600
530,8,2,2022,43,15212800451
531,8,3,2022,39,12806673477
532,8,4,2022,40,15830401480
533,8,5,2022,42,12661898214
534,8,6,2022,46,14672059444
535,8,7,2022,42,15854711208
536,8,8,2022,35,14200892650
537,8,9,2022,45,15000894450
538,8,10,2022,45,17233142490
539,8,11,2022,32,10237374496
540,8,12,2022,38,12926019656
541,8,1,2023,40,15335232600
542,8,2,2023,47,18297680450
543,8,3,2023,37,12305398617
544,8,4,2023,45,17217982935
545,8,5,2023,32,10567673088
546,8,6,2023,41,16185979303
547,8,7,2023,42,15502999722
548,8,8,2023,44,13665701500
549,8,9,2023,34,13007587944
550,8,10,2023,44,17020467508
551,8,11,2023,38,15951067720
552,8,12,2023,47,16470256953
553,8,1,2024,41,13852189234
554,8,2,2024,39,15556866819
555,8,3,2024,47,19272327769
556,8,4,2024,43,16056768546
557,8,5,2024,35,12212172770
558,8,6,2024,45,14357997225
559,8,7,2024,39,16003754598
560,8,8,2024,47,18169673224
561,8,9,2024,39,15033256641
562,8,10,2024,35,12605977055
563,8,11,2024,47,18679152331
564,8,12,2024,40,15412989640
565,8,1,2025,46,16675741934
566,8,2,2025,38,13709406414
567,8,3,2025,38,14548830328
568,8,4,2025,42,16636892580
569,8,5,2025,45,16652324475
570,8,6,2025,39,13407213807
571,8,7,2025,32,11726314720
572,8,8,2025,32,12455493824
573,8,9,2025,35,11119016300
574,8,10,2025,40,13290880040
575,8,11,2025,47,18252605429
576,8,12,2025,33,12621391695
577,9,1,2020,18,7448352984
578,9,2,2020,17,6552761894
579,9,3,2020,23,8227852123
580,9,4,2020,20,8362633940
581,9,5,2020,20,6178992900
582,9,6,2020,22,8923254912
583,9,7,2020,22,8089870030
584,9,8,2020,24,7219587264
585,9,9,2020,24,9510475488
586,9,10,2020,22,8403130252
587,9,11,2020,24,7861685976
588,9,12,2020,20,7929319360
589,9,1,2021,20,7898511400
590,9,2,2021,25,9384038525
591,9,3,2021,20,8265461920
592,9,4,2021,20,7574138540
593,9,5,2021,29,9146260787
594,9,6,2021,27,10475568810
595,9,7,2021,29,10474728979
596,9,8,2021,24,7389192768
597,9,9,2021,25,9906508450
598,9,10,2021,24,9438401856
599,9,11,2021,28,10455587744
600,9,12,2021,20,8097542260
601,9,1,2022,21,8247506694
602,9,2,2022,25,9869429000
603,9,3,2022,29,12001976569
604,9,4,2022,27,8408138715
605,9,5,2022,22,8756643500
606,9,6,2022,20,7899847060
607,9,7,2022,24,8254427640
608,9,8,2022,23,7986848348
609,9,9,2022,25,9801244200
610,9,10,2022,23,9415409697
611,9,11,2022,20,6605695140
612,9,12,2022,21,8043900543
613,9,1,2023,29,9869454058
614,9,2,2023,29,11474782118
615,9,3,2023,28,10444595616
616,9,4,2023,23,9565449208
617,9,5,2023,23,7541690984
618,9,6,2023,24,7946034984
619,9,7,2023,22,8232446464
620,9,8,2023,22,6829645592
621,9,9,2023,28,8884074276
622,9,10,2023,25,8201637275
623,9,11,2023,26,9269017004
624,9,12,2023,24,8052011016
625,9,1,2024,22,8429437962
626,9,2,2024,29,11539923571
627,9,3,2024,25,9919078850
628,9,4,2024,26,9896821714
629,9,5,2024,21,8180335275
630,9,6,2024,24,9686967336
631,9,7,2024,20,8041308160
632,9,8,2024,23,7729808490
633,9,9,2024,26,8275071662
634,9,10,2024,26,7840572662
635,9,11,2024,23,7955224820
636,9,12,2024,27,11048747544
637,9,1,2025,20,8098708720
638,9,2,2025,24,8891003088
639,9,3,2025,20,7105966240
640,9,4,2025,29,9195552406
641,9,5,2025,28,10924784808
642,9,6,2025,26,9115980354
643,9,7,2025,22,6757694042
644,9,8,2025,25,10278434800
645,9,9,2025,29,10915099779
646,9,10,2025,26,9875594508
647,9,11,2025,26,8197564570
648,9,12,2025,25,8518739150
649,10,1,2020,13,5189828813
650,10,2,2020,14,5554343186
651,10,3,2020,12,4207554600
652,10,4,2020,13,5362501534
653,10,5,2020,14,4540058054
654,10,6,2020,13,4495778183
655,10,7,2020,11,3731080848
656,10,8,2020,14,4509165920
657,10,9,2020,10,3109677020
658,10,10,2020,12,4416874152
659,10,11,2020,12,3910291788
660,10,12,2020,12,3848885508
661,10,1,2021,13,4139385081
662,10,2,2021,12,4721077644
663,10,3,2021,17,6008203563
664,10,4,2021,15,6179715225
665,10,5,2021,16,5152584544
666,10,6,2021,12,4570357452
667,10,7,2021,17,5400473674
668,10,8,2021,17,6022548027
669,10,9,2021,16,4870991472
670,10,10,2021,14,5304224912
671,10,11,2021,17,6160872233
672,10,12,2021,17,6423047899
673,10,1,2022,13,5140142787
674,10,2,2022,17,6497086537
675,10,3,2022,14,5245921702
676,10,4,2022,12,4003596000
677,10,5,2022,16,5882902400
678,10,6,2022,13,4718993305
679,10,7,2022,16,6693341488
680,10,8,2022,12,4311960372
681,10,9,2022,16,4944794800
682,10,10,2022,13,5277018500
683,10,11,2022,17,5650506937
684,10,12,2022,17,6223775293
685,10,1,2023,16,6303441424
686,10,2,2023,13,5356802607
687,10,3,2023,14,4638997706
688,10,4,2023,14,5606017928
689,10,5,2023,14,5725196414
690,10,6,2023,16,5047850704
691,10,7,2023,17,7031561199
692,10,8,2023,16,5163556240
693,10,9,2023,16,6170453088
694,10,10,2023,13,3971595069
695,10,11,2023,14,5544184184
696,10,12,2023,16,5669977840
697,10,1,2024,14,4289959212
698,10,2,2024,12,4143786276
699,10,3,2024,15,5919502365
700,10,4,2024,13,5105325862
701,10,5,2024,13,5431400624
702,10,6,2024,14,5327294028
703,10,7,2024,14,5823650588
704,10,8,2024,12,4007394372
705,10,9,2024,15,5169143790
706,10,10,2024,17,5763754681
707,10,11,2024,14,4972902802
708,10,12,2024,16,5240938896
709,10,1,2025,12,3951304284
710,10,2,2025,14,4783067100
711,10,3,2025,13,4581323396
712,10,4,2025,13,5201605136
713,10,5,2025,16,6239591136
714,10,6,2025,15,6131840385
715,10,7,2025,13,4873484226
716,10,8,2025,14,4549789244
717,10,9,2025,17,5487862072
718,10,10,2025,14,4887027544
719,10,11,2025,15,5365577250
720,10,12,2025,16,4980991328
721,11,1,2020,37,14448226607
722,11,2,2020,34,10813891828
723,11,3,2020,30,12089802570
724,11,4,2020,36,12889483308
725,11,5,2020,38,14035269106
726,11,6,2020,28,9569711732
727,11,7,2020,28,8979496372
728,11,8,2020,40,15313086640
729,11,9,2020,38,13701570168
730,11,10,2020,40,13095226160
731,11,11,2020,40,13361174800
732,11,12,2020,39,12314949582
733,11,1,2021,32,11395172928
734,11,2,2021,47,16077219923
735,11,3,2021,38,15767661670
736,11,4,2021,34,14023494174
737,11,5,2021,34,14113878006
738,11,6,2021,32,12544857888
739,11,7,2021,43,14771266346
740,11,8,2021,45,18346138470
741,11,9,2021,44,17244269856
742,11,10,2021,41,14583476345
743,11,11,2021,43,15176999769
744,11,12,2021,47,17425571198
745,11,1,2022,42,16744054488
746,11,2,2022,39,14639983761
747,11,3,2022,35,13048718795
748,11,4,2022,41,16164799277
749,11,5,2022,36,13215342132
750,11,6,2022,46,17407638918
751,11,7,2022,35,11573131955
752,11,8,2022,33,13424077590
753,11,9,2022,39,15148918512
754,11,10,2022,45,14165766675
755,11,11,2022,36,11839116744
756,11,12,2022,45,17833911885
757,11,1,2023,32,12666145280
758,11,2,2023,43,17303357337
759,11,3,2023,44,14012965780
760,11,4,2023,41,14057922560
761,11,5,2023,35,11479421135
762,11,6,2023,35,12969077975
763,11,7,2023,38,13360780620
764,11,8,2023,39,14739339420
765,11,9,2023,46,14623727428
766,11,10,2023,46,14680929578
767,11,11,2023,45,14863211190
768,11,12,2023,38,13633000498
769,11,1,2024,36,11168774424
770,11,2,2024,46,14020029868
771,11,3,2024,33,11457242544
772,11,4,2024,42,14714058996
773,11,5,2024,38,13433396036
774,11,6,2024,32,13045676992
775,11,7,2024,45,15573220425
776,11,8,2024,34,14016498368
777,11,9,2024,45,17281183005
778,11,10,2024,34,10791824570
779,11,11,2024,36,15094094796
780,11,12,2024,36,12735621612
781,11,1,2025,44,14998381376
782,11,2,2025,36,11647488672
783,11,3,2025,41,16170858626
784,11,4,2025,41,13649573630
785,11,5,2025,32,10574526944
786,11,6,2025,46,14456298330
787,11,7,2025,37,14033662364
788,11,8,2025,35,13643941255
789,11,9,2025,42,15175919178
790,11,10,2025,40,14840194160
791,11,11,2025,35,11294615640
792,11,12,2025,34,10373901126
793,12,1,2020,22,7648527348
794,12,2,2020,23,8165094415
795,12,3,2020,23,8030981277
796,12,4,2020,19,6677110188
797,12,5,2020,22,7486092526
798,12,6,2020,25,8496605300
799,12,7,2020,18,5791990248
800,12,8,2020,17,6044964482
801,12,9,2020,21,6939888081
802,12,10,2020,17,5253875381
803,12,11,2020,18,6666216390
804,12,12,2020,18,5409186948
805,12,1,2021,23,8086399639
806,12,2,2021,29,12066004190
807,12,3,2021,29,11078616105
808,12,4,2021,27,11232365688
809,12,5,2021,24,10058875272
810,12,6,2021,20,7656478500
811,12,7,2021,29,9429300468
812,12,8,2021,27,9554395716
813,12,9,2021,22,8530878642
814,12,10,2021,27,10218389193
815,12,11,2021,29,10604693233
816,12,12,2021,27,11292480027
817,12,1,2022,28,8591216536
818,12,2,2022,22,8079773724
819,12,3,2022,25,9897815750
820,12,4,2022,22,7977272666
821,12,5,2022,28,10287407284
822,12,6,2022,26,10136705826
823,12,7,2022,21,7884356970
824,12,8,2022,25,8128163700
825,12,9,2022,26,9780699734
826,12,10,2022,28,9428225324
827,12,11,2022,21,7811998971
828,12,12,2022,26,8278549240
829,12,1,2023,22,8415076758
830,12,2,2023,22,6983929722
831,12,3,2023,26,10367627608
832,12,4,2023,26,10820290702
833,12,5,2023,25,10360785475
834,12,6,2023,29,11232585718
835,12,7,2023,22,7997227436
836,12,8,2023,23,7803277850
837,12,9,2023,26,9108470956
838,12,10,2023,21,7542782793
839,12,11,2023,26,9417391854
840,12,12,2023,25,8351267875
841,12,1,2024,22,6794053838
842,12,2,2024,21,8311013319
843,12,3,2024,26,8025119102
844,12,4,2024,23,8703696409
845,12,5,2024,24,8925594096
846,12,6,2024,27,10655337321
847,12,7,2024,24,10007275800
848,12,8,2024,27,10514317671
849,12,9,2024,27,9327381876
850,12,10,2024,24,8342342640
851,12,11,2024,27,11223992934
852,12,12,2024,23,7690121806
853,12,1,2025,23,6980390750
854,12,2,2025,21,8541536304
855,12,3,2025,28,9130286900
856,12,4,2025,28,8672217092
857,12,5,2025,26,10722915216
858,12,6,2025,26,10461483396
859,12,7,2025,22,6727548960
860,12,8,2025,21,8785365372
861,12,9,2025,20,6627261740
862,12,10,2025,20,7034151380
863,12,11,2025,23,8230269377
864,12,12,2025,23,7716545103
865,13,1,2020,19,6771071249
866,13,2,2020,24,7793731200
867,13,3,2020,23,9452235066
868,13,4,2020,19,6138681044
869,13,5,2020,22,8773158834
870,13,6,2020,19,6648981980
871,13,7,2020,20,7859283160
872,13,8,2020,23,8245799552
873,13,9,2020,19,7354639890
874,13,10,2020,23,7860440486
875,13,11,2020,18,7551857610
876,13,12,2020,23,9591677488
877,13,1,2021,27,11082084174
878,13,2,2021,20,7351525480
879,13,3,2021,27,9755838666
880,13,4,2021,28,8977051076
881,13,5,2021,21,7417856817
882,13,6,2021,25,7756914075
883,13,7,2021,27,9692834490
884,13,8,2021,21,7045155915
885,13,9,2021,25,7737678375
886,13,10,2021,24,7548323688
887,13,11,2021,20,7155755400
888,13,12,2021,25,7726371100
889,13,1,2022,23,9614303255
890,13,2,2022,20,8171398820
891,13,3,2022,27,10879976970
892,13,4,2022,24,8949417600
893,13,5,2022,20,7918614380
894,13,6,2022,24,9727529976
895,13,7,2022,20,7653703280
896,13,8,2022,28,10335883768
897,13,9,2022,22,6817735166
898,13,10,2022,20,6986400140
899,13,11,2022,28,11444064576
900,13,12,2022,23,7520652194
901,13,1,2023,20,6585266060
902,13,2,2023,26,8397629344
903,13,3,2023,20,7492513100
904,13,4,2023,22,7802024758
905,13,5,2023,26,9300940272
906,13,6,2023,22,6678702250
907,13,7,2023,20,6099507000
908,13,8,2023,24,10057055016
909,13,9,2023,23,7024973996
910,13,10,2023,25,8788941150
911,13,11,2023,20,6453117520
912,13,12,2023,28,10901879268
913,13,1,2024,24,8670758400
914,13,2,2024,20,7908795940
915,13,3,2024,22,6653620820
916,13,4,2024,23,9270005307
917,13,5,2024,20,6262080620
918,13,6,2024,23,7603207612
919,13,7,2024,26,8262371364
920,13,8,2024,21,8763161820
921,13,9,2024,26,10500748830
922,13,10,2024,28,11072292560
923,13,11,2024,20,7506852560
924,13,12,2024,28,10458825216
925,13,1,2025,27,9245606355
926,13,2,2025,21,6409608975
927,13,3,2025,22,8925286590
928,13,4,2025,20,6816338360
929,13,5,2025,29,10772098024
930,13,6,2025,27,9089766027
931,13,7,2025,24,8766786096
932,13,8,2025,21,7406857416
933,13,9,2025,27,9621075240
934,13,10,2025,27,9677796300
935,13,11,2025,29,9081330309
936,13,12,2025,22,8827607294
937,14,1,2020,17,6150437888
938,14,2,2020,24,9093750336
939,14,3,2020,24,8479561512
940,14,4,2020,17,6386882473
941,14,5,2020,23,7548761966
942,14,6,2020,20,6019750640
943,14,7,2020,21,8130732855
944,14,8,2020,18,7211736918
945,14,9,2020,18,6301605870
946,14,10,2020,22,7796014578
947,14,11,2020,19,6271547341
948,14,12,2020,24,8599478136
949,14,1,2021,26,10429623308
950,14,2,2021,26,9860786286
951,14,3,2021,27,11094827958
952,14,4,2021,20,7282708640
953,14,5,2021,20,7913295840
954,14,6,2021,27,10549183203
955,14,7,2021,28,11728222632
956,14,8,2021,25,10265374500
957,14,9,2021,25,9991904275
958,14,10,2021,20,6680643740
959,14,11,2021,21,6712192221
960,14,12,2021,26,8295966484
961,14,1,2022,29,9746200897
962,14,2,2022,22,8530363160
963,14,3,2022,25,10384841350
964,14,4,2022,27,8302160988
965,14,5,2022,22,6608027866
966,14,6,2022,24,7326840144
967,14,7,2022,20,6046300100
968,14,8,2022,23,8131424462
969,14,9,2022,28,8689738540
970,14,10,2022,25,7557790550
971,14,11,2022,24,9805360320
972,14,12,2022,28,10697218196
973,14,1,2023,26,10631846290
974,14,2,2023,20,6104891160
975,14,3,2023,23,7196179073
976,14,4,2023,23,8531896621
977,14,5,2023,27,9282951702
978,14,6,2023,23,8549221854
979,14,7,2023,21,6450631656
980,14,8,2023,29,10582805454
981,14,9,2023,20,7268399480
982,14,10,2023,29,11752619721
983,14,11,2023,28,11618136320
984,14,12,2023,27,8148453768
985,14,1,2024,20,6235572280
986,14,2,2024,20,7517939360
987,14,3,2024,26,10085995608
988,14,4,2024,28,9898304444
989,14,5,2024,29,11487289267
990,14,6,2024,23,8806308402
991,14,7,2024,21,7797848352
992,14,8,2024,23,9615791884
993,14,9,2024,20,7116270200
994,14,10,2024,23,8184087746
995,14,11,2024,25,7601276950
996,14,12,2024,27,9597514878
997,14,1,2025,22,6703811598
998,14,2,2025,29,9374459061
999,14,3,2025,28,10162947620
1000,14,4,2025,25,8505113225
1001,14,5,2025,21,7172721780
1002,14,6,2025,25,8740962750
1003,14,7,2025,27,11197107495
1004,14,8,2025,27,9216557001
1005,14,9,2025,22,9047549610
1006,14,10,2025,22,8841013874
1007,14,11,2025,25,9708598000
1008,14,12,2025,23,8713854543
1009,15,1,2020,21,7363427610
1010,15,2,2020,21,6894800514
1011,15,3,2020,19,6383340434
1012,15,4,2020,20,6264260080
1013,15,5,2020,19,6309436742
1014,15,6,2020,19,7805740037
1015,15,7,2020,24,7924960272
1016,15,8,2020,20,8312684300
1017,15,9,2020,20,8193366020
1018,15,10,2020,17,6349026193
1019,15,11,2020,18,6779203524
1020,15,12,2020,24,8412483360
1021,15,1,2021,27,9602780904
1022,15,2,2021,24,9658657944
1023,15,3,2021,21,8784534339
1024,15,4,2021,21,8393850192
1025,15,5,2021,24,7348451784
1026,15,6,2021,25,9319271975
1027,15,7,2021,25,9269335300
1028,15,8,2021,27,10418956371
1029,15,9,2021,29,9437311138
1030,15,10,2021,26,9712447888
1031,15,11,2021,23,8958079675
1032,15,12,2021,20,7916013440
1033,15,1,2022,26,9770471386
1034,15,2,2022,22,8920022210
1035,15,3,2022,20,8322904780
1036,15,4,2022,21,6981266208
1037,15,5,2022,20,7856780900
1038,15,6,2022,22,7389864922
1039,15,7,2022,20,7873541320
1040,15,8,2022,26,10294290916
1041,15,9,2022,23,8479906938
1042,15,10,2022,26,10349254838
1043,15,11,2022,28,10901889712
1044,15,12,2022,25,8393424525
1045,15,1,2023,20,7676092440
1046,15,2,2023,28,8603679168
1047,15,3,2023,20,8376073580
1048,15,4,2023,27,8456089824
1049,15,5,2023,22,8794862560
1050,15,6,2023,23,8401373208
1051,15,7,2023,21,6478956897
1052,15,8,2023,23,8721331659
1053,15,9,2023,27,9836540478
1054,15,10,2023,29,9859992344
1055,15,11,2023,27,10512666459
1056,15,12,2023,25,9150094850
1057,15,1,2024,23,8535990230
1058,15,2,2024,27,9962091747
1059,15,3,2024,27,10579029732
1060,15,4,2024,29,9811104376
1061,15,5,2024,23,9203017393
1062,15,6,2024,26,8589656140
1063,15,7,2024,29,8872918590
1064,15,8,2024,24,8313428712
1065,15,9,2024,27,11180483136
1066,15,10,2024,29,10196336113
1067,15,11,2024,20,8048259320
1068,15,12,2024,21,8444998527
1069,15,1,2025,23,9366764605
1070,15,2,2025,27,11087262693
1071,15,3,2025,28,9378897304
1072,15,4,2025,24,9860688600
1073,15,5,2025,24,7337263560
1074,15,6,2025,21,7916331675
1075,15,7,2025,27,9581614335
1076,15,8,2025,28,9578020956
1077,15,9,2025,24,8845374792
1078,15,10,2025,27,10836013842
1079,15,11,2025,21,8115158646
1080,15,12,2025,23,8374672278
1081,16,1,2020,19,7482595504
1082,16,2,2020,24,7829485440
1083,16,3,2020,21,6579775986
1084,16,4,2020,18,5582695212
1085,16,5,2020,18,5882394366
1086,16,6,2020,24,8143752240
1087,16,7,2020,23,9477700367
1088,16,8,2020,24,9066927912
1089,16,9,2020,24,9818077632
1090,16,10,2020,20,7356957200
1091,16,11,2020,23,9528347172
1092,16,12,2020,25,8329928175
1093,16,1,2021,26,10111697232
1094,16,2,2021,27,8501837544
1095,16,3,2021,25,10454489825
1096,16,4,2021,25,9373079700
1097,16,5,2021,26,9935824834
1098,16,6,2021,20,8052043760
1099,16,7,2021,21,7310316762
1100,16,8,2021,25,10483292600
1101,16,9,2021,26,10133945666
1102,16,10,2021,20,8331971700
1103,16,11,2021,25,10264464925
1104,16,12,2021,25,8333221325
1105,16,1,2022,28,10107633004
1106,16,2,2022,26,8287629324
1107,16,3,2022,27,10471900617
1108,16,4,2022,23,7427209841
1109,16,5,2022,27,9066055356
1110,16,6,2022,21,8098500102
1111,16,7,2022,24,10038418680
1112,16,8,2022,21,8420178585
1113,16,9,2022,28,10176143068
1114,16,10,2022,27,9548149131
1115,16,11,2022,25,10294644900
1116,16,12,2022,20,6677886900
1117,16,1,2023,22,8868534048
1118,16,2,2023,22,7715452470
1119,16,3,2023,25,8514325100
1120,16,4,2023,27,10100550420
1121,16,5,2023,27,8548942338
1122,16,6,2023,22,7568768482
1123,16,7,2023,29,11057789842
1124,16,8,2023,26,7836995478
1125,16,9,2023,28,9921263184
1126,16,10,2023,22,7447532334
1127,16,11,2023,20,7488525440
1128,16,12,2023,22,9035713346
1129,16,1,2024,23,8128662944
1130,16,2,2024,21,7534353288
1131,16,3,2024,23,7053710334
1132,16,4,2024,20,6537492280
1133,16,5,2024,24,10075162152
1134,16,6,2024,24,8249314080
1135,16,7,2024,26,10598844334
1136,16,8,2024,24,9953941656
1137,16,9,2024,27,10176000975
1138,16,10,2024,29,9477157254
1139,16,11,2024,20,8380717600
1140,16,12,2024,29,11326331756
1141,16,1,2025,20,6077068060
1142,16,2,2025,23,9070567937
1143,16,3,2025,29,10769651091
1144,16,4,2025,28,10510960012
1145,16,5,2025,20,6049144920
1146,16,6,2025,27,9509088852
1147,16,7,2025,26,8909246710
1148,16,8,2025,23,8023805691
1149,16,9,2025,23,7679141560
1150,16,10,2025,29,10873459752
1151,16,11,2025,21,8037482607
1152,16,12,2025,25,7699191850
1153,17,1,2020,21,6947921106
1154,17,2,2020,19,5849350678
1155,17,3,2020,23,7092813669
1156,17,4,2020,19,7686764450
1157,17,5,2020,17,6872965411
1158,17,6,2020,23,7731839712
1159,17,7,2020,21,7471613247
1160,17,8,2020,24,7657542312
1161,17,9,2020,17,5236848368
1162,17,10,2020,20,7415250840
1163,17,11,2020,24,7612715664
1164,17,12,2020,20,8291002380
1165,17,1,2021,24,7520275968
1166,17,2,2021,26,8280763374
1167,17,3,2021,25,9434394375
1168,17,4,2021,20,6401392940
1169,17,5,2021,29,11608052749
1170,17,6,2021,25,9863407250
1171,17,7,2021,22,7351478354
1172,17,8,2021,27,9846012591
1173,17,9,2021,22,8136738412
1174,17,10,2021,23,7090110686
1175,17,11,2021,22,8704741606
1176,17,12,2021,22,6897911570
1177,17,1,2022,22,7213255412
1178,17,2,2022,27,11021312142
1179,17,3,2022,24,9131439888
1180,17,4,2022,22,7480178882
1181,17,5,2022,27,11172973356
1182,17,6,2022,26,10301590624
1183,17,7,2022,24,9125212488
1184,17,8,2022,22,9168210436
1185,17,9,2022,21,6889657761
1186,17,10,2022,25,9139085100
1187,17,11,2022,23,7902682976
1188,17,12,2022,26,8683910196
1189,17,1,2023,28,9832800208
1190,17,2,2023,25,10305312800
1191,17,3,2023,20,6819489920
1192,17,4,2023,27,11148838650
1193,17,5,2023,24,9382340184
1194,17,6,2023,29,9278858763
1195,17,7,2023,24,7522138968
1196,17,8,2023,21,7356235761
1197,17,9,2023,29,11105764426
1198,17,10,2023,24,8201364768
1199,17,11,2023,21,8753804388
1200,17,12,2023,21,7171676253
1201,17,1,2024,23,9592836895
1202,17,2,2024,21,8372429541
1203,17,3,2024,23,8777240427
1204,17,4,2024,23,8134309214
1205,17,5,2024,25,10474786550
1206,17,6,2024,28,8620588676
1207,17,7,2024,28,11341891680
1208,17,8,2024,23,7387371886
1209,17,9,2024,20,6490878500
1210,17,10,2024,22,7887960256
1211,17,11,2024,23,9642013103
1212,17,12,2024,22,7154128674
1213,17,1,2025,23,9310291440
1214,17,2,2025,29,10796844217
1215,17,3,2025,22,7429356264
1216,17,4,2025,21,7919441733
1217,17,5,2025,25,9548380425
1218,17,6,2025,21,7063369152
1219,17,7,2025,26,8601866962
1220,17,8,2025,25,8574749225
1221,17,9,2025,23,9129801907
1222,17,10,2025,24,7622040024
1223,17,11,2025,27,8502888897
1224,17,12,2025,24,8163555960
1225,18,1,2020,17,5507969162
1226,18,2,2020,22,9082444624
1227,18,3,2020,19,7572162169
1228,18,4,2020,24,8093485440
1229,18,5,2020,18,6985607292
1230,18,6,2020,20,8324649620
1231,18,7,2020,25,8270557625
1232,18,8,2020,23,9528694472
1233,18,9,2020,20,6343499600
1234,18,10,2020,22,8512316494
1235,18,11,2020,20,7216879280
1236,18,12,2020,19,7788747843
1237,18,1,2021,26,9875768968
1238,18,2,2021,25,9297923400
1239,18,3,2021,21,8101030350
1240,18,4,2021,24,7972091856
1241,18,5,2021,26,10351981094
1242,18,6,2021,29,11273471165
1243,18,7,2021,26,8379312552
1244,18,8,2021,29,12055266737
1245,18,9,2021,22,6920656292
1246,18,10,2021,26,9927793096
1247,18,11,2021,28,11304547828
1248,18,12,2021,21,8792359905
1249,18,1,2022,21,7173573267
1250,18,2,2022,23,8412867044
1251,18,3,2022,20,7757957520
1252,18,4,2022,29,11776279110
1253,18,5,2022,21,7180238919
1254,18,6,2022,27,10161610596
1255,18,7,2022,25,8566445625
1256,18,8,2022,23,7252211742
1257,18,9,2022,23,7435802181
1258,18,10,2022,22,8668071060
1259,18,11,2022,26,9872697068
1260,18,12,2022,26,9273397172
1261,18,1,2023,21,7317711114
1262,18,2,2023,28,9035912060
1263,18,3,2023,28,9298957304
1264,18,4,2023,24,8848830072
1265,18,5,2023,26,8717109960
1266,18,6,2023,27,9972863883
1267,18,7,2023,21,8799907200
1268,18,8,2023,25,8782860850
1269,18,9,2023,28,11724642496
1270,18,10,2023,21,8468405400
1271,18,11,2023,23,8027239499
1272,18,12,2023,27,9501493536
1273,18,1,2024,24,7780681872
1274,18,2,2024,22,8630798660
1275,18,3,2024,25,10102448500
1276,18,4,2024,28,11174774996
1277,18,5,2024,27,10945781667
1278,18,6,2024,20,7355692600
1279,18,7,2024,23,7635622915
1280,18,8,2024,26,8758076288
1281,18,9,2024,22,9169732286
1282,18,10,2024,29,8895200044
1283,18,11,2024,21,7245463827
1284,18,12,2024,26,9188306582
1285,18,1,2025,23,7738139205
1286,18,2,2025,27,9924002091
1287,18,3,2025,20,7785875300
1288,18,4,2025,23,8553728980
1289,18,5,2025,24,7704516720
1290,18,6,2025,25,8200230350
1291,18,7,2025,28,10315524492
1292,18,8,2025,20,7083872320
1293,18,9,2025,26,10576414472
1294,18,10,2025,21,6370766892
1295,18,11,2025,23,8744843156
1296,18,12,2025,23,8447540924
1297,19,1,2020,17,7061058341
1298,19,2,2020,18,5984337654
1299,19,3,2020,20,8250296380
1300,19,4,2020,20,6411320340
1301,19,5,2020,19,6207346911
1302,19,6,2020,19,7104928362
1303,19,7,2020,18,5887421676
1304,19,8,2020,18,7043854914
1305,19,9,2020,17,6120989604
1306,19,10,2020,22,6865947968
1307,19,11,2020,21,6370017234
1308,19,12,2020,18,6538664250
1309,19,1,2021,28,9864488620
1310,19,2,2021,25,8330736575
1311,19,3,2021,29,11379635467
1312,19,4,2021,24,9501517800
1313,19,5,2021,22,8168400856
1314,19,6,2021,29,10944602668
1315,19,7,2021,25,7605061775
1316,19,8,2021,23,7840111798
1317,19,9,2021,21,7073297112
1318,19,10,2021,27,10567723023
1319,19,11,2021,25,9362230200
1320,19,12,2021,29,8877699588
1321,19,1,2022,28,8617759556
1322,19,2,2022,28,8455926668
1323,19,3,2022,23,8532790447
1324,19,4,2022,26,8434909756
1325,19,5,2022,20,7423228540
1326,19,6,2022,25,10324914200
1327,19,7,2022,23,8298944801
1328,19,8,2022,23,8496447733
1329,19,9,2022,29,8808146365
1330,19,10,2022,24,8073007536
1331,19,11,2022,20,7943605040
1332,19,12,2022,29,8755936824
1333,19,1,2023,24,9137888904
1334,19,2,2023,22,7986702900
1335,19,3,2023,26,9175583794
1336,19,4,2023,29,11443841206
1337,19,5,2023,23,8560307923
1338,19,6,2023,28,9653000308
1339,19,7,2023,23,7017049507
1340,19,8,2023,26,8754217758
1341,19,9,2023,26,10793094936
1342,19,10,2023,21,8627096877
1343,19,11,2023,23,7318262567
1344,19,12,2023,20,8181511520
1345,19,1,2024,20,8227857660
1346,19,2,2024,27,10139664402
1347,19,3,2024,21,7287679392
1348,19,4,2024,27,8325587592
1349,19,5,2024,27,10150608474
1350,19,6,2024,22,9075050886
1351,19,7,2024,29,9751013795
1352,19,8,2024,21,7565439651
1353,19,9,2024,20,7583340600
1354,19,10,2024,23,8819916513
1355,19,11,2024,26,8859377618
1356,19,12,2024,21,6543517239
1357,19,1,2025,27,10892999853
1358,19,2,2025,28,9923243876
1359,19,3,2025,22,6753954240
1360,19,4,2025,28,9769941328
1361,19,5,2025,25,8991057575
1362,19,6,2025,21,8071021056
1363,19,7,2025,22,7683452898
1364,19,8,2025,22,6767555498
1365,19,9,2025,28,11033216096
1366,19,10,2025,26,9183482568
1367,19,11,2025,26,9426632930
1368,19,12,2025,25,8988923025
1369,20,1,2020,18,5644345302
1370,20,2,2020,18,7096271112
1371,20,3,2020,24,7735002648
1372,20,4,2020,24,8870288208
1373,20,5,2020,23,7795086193
1374,20,6,2020,25,8596446175
1375,20,7,2020,19,7723853210
1376,20,8,2020,22,7682099436
1377,20,9,2020,20,6532182620
1378,20,10,2020,21,7377478101
1379,20,11,2020,24,8306748960
1380,20,12,2020,19,7107864147
1381,20,1,2021,29,9985902630
1382,20,2,2021,20,6063808860
1383,20,3,2021,21,7322916573
1384,20,4,2021,22,7668341032
1385,20,5,2021,25,10341309175
1386,20,6,2021,27,10650032361
1387,20,7,2021,25,10231896400
1388,20,8,2021,28,9998948848
1389,20,9,2021,25,7621252500
1390,20,10,2021,21,6704234271
1391,20,11,2021,21,7681796430
1392,20,12,2021,27,9937540782
1393,20,1,2022,28,10720884188
1394,20,2,2022,20,6483078780
1395,20,3,2022,20,8201728220
1396,20,4,2022,21,8073569847
1397,20,5,2022,25,9049032575
1398,20,6,2022,20,7260278280
1399,20,7,2022,28,9358326936
1400,20,8,2022,24,7915345032
1401,20,9,2022,27,9310451715
1402,20,10,2022,23,8123223421
1403,20,11,2022,24,9889919736
1404,20,12,2022,26,9925993974
1405,20,1,2023,22,7421674326
1406,20,2,2023,20,7296290600
1407,20,3,2023,25,10239586000
1408,20,4,2023,28,11484590740
1409,20,5,2023,26,9713543866
1410,20,6,2023,29,11190691854
1411,20,7,2023,26,10253618856
1412,20,8,2023,26,10807732754
1413,20,9,2023,22,8820507762
1414,20,10,2023,27,10473440616
1415,20,11,2023,20,6746995780
1416,20,12,2023,21,7538549172
1417,20,1,2024,22,7324204646
1418,20,2,2024,20,7699366760
1419,20,3,2024,21,6533046954
1420,20,4,2024,23,6964883184
1421,20,5,2024,28,10050861660
1422,20,6,2024,28,9979045636
1423,20,7,2024,21,6547035852
1424,20,8,2024,20,6433666760
1425,20,9,2024,22,8094825508
1426,20,10,2024,29,10786559715
1427,20,11,2024,21,6997057788
1428,20,12,2024,28,9695391972
1429,20,1,2025,22,7807464940
1430,20,2,2025,20,7533285520
1431,20,3,2025,25,9241452775
1432,20,4,2025,29,10600545131
1433,20,5,2025,29,11902083169
1434,20,6,2025,24,9495329400
1435,20,7,2025,20,6339244660
1436,20,8,2025,23,8308709244
1437,20,9,2025,27,8457418386
1438,20,10,2025,26,9115473562
1439,20,11,2025,26,10228546016
1440,20,12,2025,26,8375926260
1441,21,1,2020,17,5349745691
1442,21,2,2020,20,6667796160
1443,21,3,2020,17,7058975841
1444,21,4,2020,17,6502878182
1445,21,5,2020,20,6881106620
1446,21,6,2020,22,8905365128
1447,21,7,2020,18,7298577756
1448,21,8,2020,25,7610348050
1449,21,9,2020,23,7401982452
1450,21,10,2020,25,9488589325
1451,21,11,2020,24,8399350032
1452,21,12,2020,18,5956024986
1453,21,1,2021,28,10886080716
1454,21,2,2021,24,7717360560
1455,21,3,2021,25,9749701400
1456,21,4,2021,23,9362290254
1457,21,5,2021,24,7643744664
1458,21,6,2021,22,7804338432
1459,21,7,2021,24,8788135608
1460,21,8,2021,21,7424729655
1461,21,9,2021,21,8727619047
1462,21,10,2021,27,8162558541
1463,21,11,2021,23,8912097983
1464,21,12,2021,26,8052191758
1465,21,1,2022,26,9935707314
1466,21,2,2022,20,7914678360
1467,21,3,2022,28,10412055192
1468,21,4,2022,26,9199132592
1469,21,5,2022,27,9845295795
1470,21,6,2022,29,9692107313
1471,21,7,2022,27,11168757576
1472,21,8,2022,20,7845350700
1473,21,9,2022,23,9256280862
1474,21,10,2022,24,8811590280
1475,21,11,2022,21,6732622743
1476,21,12,2022,29,8773242748
1477,21,1,2023,22,6880420008
1478,21,2,2023,21,8509650534
1479,21,3,2023,29,11733461161
1480,21,4,2023,26,8470442422
1481,21,5,2023,23,6933243970
1482,21,6,2023,20,8081447620
1483,21,7,2023,26,10859402632
1484,21,8,2023,23,7467497952
1485,21,9,2023,20,8201643880
1486,21,10,2023,22,6962879000
1487,21,11,2023,26,8941095826
1488,21,12,2023,21,7154147238
1489,21,1,2024,21,8338247526
1490,21,2,2024,20,8374164860
1491,21,3,2024,27,10016880174
1492,21,4,2024,23,9634091581
1493,21,5,2024,23,8781274788
1494,21,6,2024,23,9443751401
1495,21,7,2024,23,9390141989
1496,21,8,2024,28,10877407520
1497,21,9,2024,25,9389920450
1498,21,10,2024,29,10377711741
1499,21,11,2024,22,7383201804
1500,21,12,2024,29,11833436660
1501,21,1,2025,24,7708095744
1502,21,2,2025,27,9153331749
1503,21,3,2025,22,7854635250
1504,21,4,2025,21,6904170063
1505,21,5,2025,28,8848451976
1506,21,6,2025,21,7494669882
1507,21,7,2025,24,9919256568
1508,21,8,2025,25,8929676625
1509,21,9,2025,24,8425463736
1510,21,10,2025,29,12037041716
1511,21,11,2025,24,9267923328
1512,21,12,2025,21,7622829963
1513,22,1,2020,40,14102754720
1514,22,2,2020,36,12378898800
1515,22,3,2020,37,12565349887
1516,22,4,2020,32,11060335040
1517,22,5,2020,37,15431601137
1518,22,6,2020,31,11985690332
1519,22,7,2020,38,14853735906
1520,22,8,2020,31,10616118268
1521,22,9,2020,30,10318907670
1522,22,10,2020,36,14208007608
1523,22,11,2020,35,13838475595
1524,22,12,2020,31,11395473489
1525,22,1,2021,35,12428562860
1526,22,2,2021,41,15523581950
1527,22,3,2021,43,17778891413
1528,22,4,2021,43,14326002980
1529,22,5,2021,39,13917111312
1530,22,6,2021,38,13322951316
1531,22,7,2021,46,14265000936
1532,22,8,2021,41,12377714680
1533,22,9,2021,35,13185478530
1534,22,10,2021,38,12173555322
1535,22,11,2021,43,15461551538
1536,22,12,2021,35,11914320075
1537,22,1,2022,37,14851884138
1538,22,2,2022,33,13117980480
1539,22,3,2022,39,15089225463
1540,22,4,2022,43,15951607574
1541,22,5,2022,37,14543394048
1542,22,6,2022,39,14381846466
1543,22,7,2022,40,13891597000
1544,22,8,2022,33,10939524090
1545,22,9,2022,41,13097413141
1546,22,10,2022,45,17571016890
1547,22,11,2022,47,18525089433
1548,22,12,2022,44,15346814164
1549,22,1,2023,41,13545556835
1550,22,2,2023,37,11112465263
1551,22,3,2023,44,16097172388
1552,22,4,2023,44,16287126636
1553,22,5,2023,38,15001514410
1554,22,6,2023,42,17353748496
1555,22,7,2023,37,13183346864
1556,22,8,2023,46,15974697012
1557,22,9,2023,33,11861979558
1558,22,10,2023,43,13020728391
1559,22,11,2023,45,15009234210
1560,22,12,2023,32,11597080256
1561,22,1,2024,42,13569525858
1562,22,2,2024,46,17743475902
1563,22,3,2024,37,11567482864
1564,22,4,2024,41,13642499080
1565,22,5,2024,38,11824283338
1566,22,6,2024,42,15941361912
1567,22,7,2024,36,12004358616
1568,22,8,2024,43,17108319485
1569,22,9,2024,44,18189257680
1570,22,10,2024,42,16067805264
1571,22,11,2024,46,16885899926
1572,22,12,2024,35,11814902645
1573,22,1,2025,41,13529362942
1574,22,2,2025,36,11502914760
1575,22,3,2025,38,15383173604
1576,22,4,2025,32,13185745856
1577,22,5,2025,43,15929111135
1578,22,6,2025,44,14491941992
1579,22,7,2025,38,13623250002
1580,22,8,2025,46,17318745160
1581,22,9,2025,36,11038079844
1582,22,10,2025,33,10919683335
1583,22,11,2025,36,12040809264
1584,22,12,2025,36,13149312768
1585,23,1,2020,24,8215815000
1586,23,2,2020,23,8704101830
1587,23,3,2020,24,8639767824
1588,23,4,2020,22,8238885754
1589,23,5,2020,18,6407188542
1590,23,6,2020,23,9578557414
1591,23,7,2020,17,5748308906
1592,23,8,2020,24,9523847232
1593,23,9,2020,20,6565495460
1594,23,10,2020,19,6286818648
1595,23,11,2020,22,8911032064
1596,23,12,2020,17,6411834750
1597,23,1,2021,23,7522705312
1598,23,2,2021,26,9839316136
1599,23,3,2021,27,11190488202
1600,23,4,2021,22,7643160712
1601,23,5,2021,22,7392468864
1602,23,6,2021,23,8181779190
1603,23,7,2021,23,8228940414
1604,23,8,2021,26,10892914370
1605,23,9,2021,27,10411128747
1606,23,10,2021,28,8420718712
1607,23,11,2021,27,8199481581
1608,23,12,2021,24,10074709800
1609,23,1,2022,28,11536866544
1610,23,2,2022,21,7561305318
1611,23,3,2022,21,6701843484
1612,23,4,2022,23,8077450661
1613,23,5,2022,24,9971106240
1614,23,6,2022,27,9286185924
1615,23,7,2022,23,7177222358
1616,23,8,2022,25,8163528275
1617,23,9,2022,21,8214675777
1618,23,10,2022,29,8953095151
1619,23,11,2022,29,9626934250
1620,23,12,2022,29,9235051363
1621,23,1,2023,24,9587772288
1622,23,2,2023,22,8929083724
1623,23,3,2023,29,10041897077
1624,23,4,2023,29,9450344811
1625,23,5,2023,26,8035963624
1626,23,6,2023,24,8085127944
1627,23,7,2023,28,8842883308
1628,23,8,2023,29,12121800016
1629,23,9,2023,21,6489889497
1630,23,10,2023,29,11140489577
1631,23,11,2023,27,9046183221
1632,23,12,2023,23,9284384102
1633,23,1,2024,24,9941079120
1634,23,2,2024,21,7617271095
1635,23,3,2024,22,8300625366
1636,23,4,2024,20,7502997540
1637,23,5,2024,22,7596203736
1638,23,6,2024,20,8164493300
1639,23,7,2024,26,9658701650
1640,23,8,2024,25,8864435575
1641,23,9,2024,26,8591896430
1642,23,10,2024,22,8267838502
1643,23,11,2024,25,9455718700
1644,23,12,2024,21,8039104941
1645,23,1,2025,22,8126332808
1646,23,2,2025,29,9332183325
1647,23,3,2025,29,12154729516
1648,23,4,2025,28,11695637156
1649,23,5,2025,21,7766165946
1650,23,6,2025,23,7240903815
1651,23,7,2025,25,8289135475
1652,23,8,2025,28,9203518296
1653,23,9,2025,20,7986118740
1654,23,10,2025,22,8402596488
1655,23,11,2025,27,8753347539
1656,23,12,2025,21,7245427602
1657,24,1,2020,21,7305356835
1658,24,2,2020,25,9525914075
1659,24,3,2020,19,6755560523
1660,24,4,2020,25,8987957625
1661,24,5,2020,23,9210736745
1662,24,6,2020,17,5430024230
1663,24,7,2020,22,7603890624
1664,24,8,2020,21,7318947048
1665,24,9,2020,24,7658516280
1666,24,10,2020,24,9523208016
1667,24,11,2020,18,6186894606
1668,24,12,2020,17,5669536159
1669,24,1,2021,28,11160682148
1670,24,2,2021,24,7953746712
1671,24,3,2021,23,8877889186
1672,24,4,2021,26,7808276294
1673,24,5,2021,29,9778851910
1674,24,6,2021,26,8886930286
1675,24,7,2021,28,11476168620
1676,24,8,2021,27,8981428284
1677,24,9,2021,20,7985504920
1678,24,10,2021,22,9208222056
1679,24,11,2021,24,9129593808
1680,24,12,2021,26,8734552138
1681,24,1,2022,24,9332746680
1682,24,2,2022,26,8973497078
1683,24,3,2022,24,8680868040
1684,24,4,2022,28,9303049728
1685,24,5,2022,26,9499418656
1686,24,6,2022,25,9632593450
1687,24,7,2022,24,8263423272
1688,24,8,2022,26,8986081936
1689,24,9,2022,24,8899012680
1690,24,10,2022,20,6306518540
1691,24,11,2022,26,10184400330
1692,24,12,2022,23,8098257082
1693,24,1,2023,27,11203927290
1694,24,2,2023,26,10025229630
1695,24,3,2023,28,8921486112
1696,24,4,2023,26,9023028014
1697,24,5,2023,24,8504157408
1698,24,6,2023,23,8321637659
1699,24,7,2023,26,9902590802
1700,24,8,2023,23,8794516877
1701,24,9,2023,20,6962106720
1702,24,10,2023,23,9161625650
1703,24,11,2023,25,9058357525
1704,24,12,2023,25,7903045975
1705,24,1,2024,28,10714917024
1706,24,2,2024,20,6336536200
1707,24,3,2024,27,8896622472
1708,24,4,2024,22,7983299214
1709,24,5,2024,29,11499842033
1710,24,6,2024,20,7785226940
1711,24,7,2024,25,7780732500
1712,24,8,2024,24,9987585384
1713,24,9,2024,25,8807067700
1714,24,10,2024,26,10411391770
1715,24,11,2024,29,9636877161
1716,24,12,2024,21,6720498939
1717,24,1,2025,29,9012888685
1718,24,2,2025,26,9625163496
1719,24,3,2025,22,8351749714
1720,24,4,2025,23,8624922858
1721,24,5,2025,23,7630807842
1722,24,6,2025,27,9116393697
1723,24,7,2025,21,6301326444
1724,24,8,2025,23,8170225554
1725,24,9,2025,22,6959137438
1726,24,10,2025,26,8039031598
1727,24,11,2025,20,6959377840
1728,24,12,2025,26,9975889976
1729,25,1,2020,18,5954747418
1730,25,2,2020,17,7004745433
1731,25,3,2020,20,8215468620
1732,25,4,2020,23,7258532027
1733,25,5,2020,19,6615443389
1734,25,6,2020,24,7834835232
1735,25,7,2020,18,7447887738
1736,25,8,2020,23,8398870716
1737,25,9,2020,20,6454280580
1738,25,10,2020,22,8610929338
1739,25,11,2020,21,8527997331
1740,25,12,2020,21,6468047712
1741,25,1,2021,26,8855982226
1742,25,2,2021,24,8260104888
1743,25,3,2021,22,8518205410
1744,25,4,2021,25,7664158100
1745,25,5,2021,29,9265654570
1746,25,6,2021,25,9100982600
1747,25,7,2021,24,8353119048
1748,25,8,2021,23,7842407221
1749,25,9,2021,20,7850505800
1750,25,10,2021,25,9626838250
1751,25,11,2021,23,8504652730
1752,25,12,2021,25,8875131300
1753,25,1,2022,25,8223164575
1754,25,2,2022,27,11290353129
1755,25,3,2022,20,7142563240
1756,25,4,2022,24,8594256072
1757,25,5,2022,29,11655013377
1758,25,6,2022,20,8011998820
1759,25,7,2022,20,6413919420
1760,25,8,2022,29,11872703182
1761,25,9,2022,26,9252181874
1762,25,10,2022,27,10941005664
1763,25,11,2022,28,11208072008
1764,25,12,2022,22,8316945648
1765,25,1,2023,23,8526778086
1766,25,2,2023,22,8523471924
1767,25,3,2023,27,9177753654
1768,25,4,2023,28,8819666940
1769,25,5,2023,29,11371850417
1770,25,6,2023,21,8196138720
1771,25,7,2023,29,11857447703
1772,25,8,2023,26,10742736082
1773,25,9,2023,22,8548257124
1774,25,10,2023,27,10018674621
1775,25,11,2023,28,11282646564
1776,25,12,2023,28,9958778844
1777,25,1,2024,27,9261486837
1778,25,2,2024,20,7259382380
1779,25,3,2024,23,8101280432
1780,25,4,2024,24,7570480248
1781,25,5,2024,29,10724649036
1782,25,6,2024,26,8570726034
1783,25,7,2024,23,9391492158
1784,25,8,2024,25,8015409975
1785,25,9,2024,29,11003762088
1786,25,10,2024,27,8209482813
1787,25,11,2024,24,7301494656
1788,25,12,2024,26,10811477690
1789,25,1,2025,29,10610464204
1790,25,2,2025,27,9836135748
1791,25,3,2025,25,8347780125
1792,25,4,2025,20,7629443820
1793,25,5,2025,28,10763895380
1794,25,6,2025,23,7795681410
1795,25,7,2025,23,7269727139
1796,25,8,2025,22,7893004570
1797,25,9,2025,28,10758995828
1798,25,10,2025,25,9125545625
1799,25,11,2025,23,7033830974
1800,25,12,2025,23,8606225307
1801,26,1,2020,24,9536055768
1802,26,2,2020,25,9961529600
1803,26,3,2020,21,6606455436
1804,26,4,2020,23,8260181889
1805,26,5,2020,19,7316207982
1806,26,6,2020,17,5598229863
1807,26,7,2020,17,5362849291
1808,26,8,2020,19,7938184914
1809,26,9,2020,25,9593805425
1810,26,10,2020,23,7949049918
1811,26,11,2020,21,7324055130
1812,26,12,2020,18,5474438406
1813,26,1,2021,20,7514316160
1814,26,2,2021,26,10322578136
1815,26,3,2021,24,8357657256
1816,26,4,2021,23,7511919186
1817,26,5,2021,20,6325867200
1818,26,6,2021,26,9222764174
1819,26,7,2021,21,7288319745
1820,26,8,2021,20,7370720660
1821,26,9,2021,26,8384857520
1822,26,10,2021,27,9091521216
1823,26,11,2021,24,7480481448
1824,26,12,2021,26,9574933966
1825,26,1,2022,27,9788372721
1826,26,2,2022,23,8410418648
1827,26,3,2022,27,8786874465
1828,26,4,2022,22,8721341508
1829,26,5,2022,21,8389122210
1830,26,6,2022,22,6681533056
1831,26,7,2022,26,7803499132
1832,26,8,2022,23,9319778871
1833,26,9,2022,20,6499494980
1834,26,10,2022,29,9634486546
1835,26,11,2022,25,8066433925
1836,26,12,2022,20,7125059840
1837,26,1,2023,26,10117000842
1838,26,2,2023,25,9695744475
1839,26,3,2023,24,9302656608
1840,26,4,2023,27,10005778719
1841,26,5,2023,26,10824433126
1842,26,6,2023,24,8102192040
1843,26,7,2023,24,7503353688
1844,26,8,2023,23,7857724853
1845,26,9,2023,28,9496595836
1846,26,10,2023,21,7440382068
1847,26,11,2023,23,8945333006
1848,26,12,2023,27,10663992711
1849,26,1,2024,23,8931116568
1850,26,2,2024,23,9028328345
1851,26,3,2024,20,7586547980
1852,26,4,2024,28,10969132272
1853,26,5,2024,25,8647997325
1854,26,6,2024,26,10346045684
1855,26,7,2024,20,7692093480
1856,26,8,2024,24,9679182480
1857,26,9,2024,25,7798667275
1858,26,10,2024,22,7058299798
1859,26,11,2024,25,8931371800
1860,26,12,2024,20,6826470460
1861,26,1,2025,23,7681574293
1862,26,2,2025,20,6088793480
1863,26,3,2025,21,6610174200
1864,26,4,2025,28,10123170736
1865,26,5,2025,21,6606272442
1866,26,6,2025,20,7467247020
1867,26,7,2025,22,7227606694
1868,26,8,2025,25,10082236450
1869,26,9,2025,27,8588059965
1870,26,10,2025,21,7945786506
1871,26,11,2025,25,10154586700
1872,26,12,2025,25,8715232975
1873,27,1,2020,13,4175299024
1874,27,2,2020,13,4400765044
1875,27,3,2020,11,3560723364
1876,27,4,2020,13,4204658861
1877,27,5,2020,13,5433206155
1878,27,6,2020,10,3064537640
1879,27,7,2020,14,5699017394
1880,27,8,2020,11,3397195659
1881,27,9,2020,12,4586574048
1882,27,10,2020,11,4561913477
1883,27,11,2020,14,5545144416
1884,27,12,2020,14,5596325434
1885,27,1,2021,12,4032500220
1886,27,2,2021,13,4495616619
1887,27,3,2021,12,3854671608
1888,27,4,2021,17,6301104434
1889,27,5,2021,15,4543537905
1890,27,6,2021,14,4669669998
1891,27,7,2021,13,4531658794
1892,27,8,2021,13,4464545267
1893,27,9,2021,16,5087218960
1894,27,10,2021,12,3739614204
1895,27,11,2021,17,5809903578
1896,27,12,2021,12,3807858144
1897,27,1,2022,13,3982855695
1898,27,2,2022,12,3767451048
1899,27,3,2022,15,6000493335
1900,27,4,2022,14,4930449034
1901,27,5,2022,17,5998735413
1902,27,6,2022,17,5654846408
1903,27,7,2022,12,3745364340
1904,27,8,2022,13,4137058016
1905,27,9,2022,13,5014237748
1906,27,10,2022,12,4638550680
1907,27,11,2022,14,4324927418
1908,27,12,2022,17,5207458819
1909,27,1,2023,17,5443723646
1910,27,2,2023,17,5811347082
1911,27,3,2023,14,4396156380
1912,27,4,2023,13,5309513235
1913,27,5,2023,12,4436412084
1914,27,6,2023,12,3867570204
1915,27,7,2023,15,5889641745
1916,27,8,2023,16,6577870304
1917,27,9,2023,12,3937345968
1918,27,10,2023,15,5792347935
1919,27,11,2023,15,5854351605
1920,27,12,2023,14,5385920904
1921,27,1,2024,17,5351801365
1922,27,2,2024,14,5149850160
1923,27,3,2024,17,5244978924
1924,27,4,2024,13,5262614344
1925,27,5,2024,12,4709975748
1926,27,6,2024,12,4760950176
1927,27,7,2024,12,3842988228
1928,27,8,2024,12,3666146064
1929,27,9,2024,13,3934030178
1930,27,10,2024,17,6860326030
1931,27,11,2024,12,3959685960
1932,27,12,2024,12,4832392296
1933,27,1,2025,12,4841581248
1934,27,2,2025,13,5140153265
1935,27,3,2025,16,6078429264
1936,27,4,2025,16,5833159936
1937,27,5,2025,12,4019881536
1938,27,6,2025,14,5094298510
1939,27,7,2025,17,5822003685
1940,27,8,2025,16,6471257136
1941,27,9,2025,14,4201011598
1942,27,10,2025,13,4227374203
1943,27,11,2025,12,4315913028
1944,27,12,2025,15,4702040970
1945,28,1,2020,23,7620387324
1946,28,2,2020,24,9300772896
1947,28,3,2020,23,6965549218
1948,28,4,2020,22,7524558778
1949,28,5,2020,25,9226043425
1950,28,6,2020,20,6808924300
1951,28,7,2020,22,8890032052
1952,28,8,2020,22,6901262126
1953,28,9,2020,21,7947791418
1954,28,10,2020,19,6835427859
1955,28,11,2020,24,8043000048
1956,28,12,2020,23,7100199843
1957,28,1,2021,25,10248421225
1958,28,2,2021,26,9012971942
1959,28,3,2021,21,8498410116
1960,28,4,2021,23,9530585348
1961,28,5,2021,22,8101968468
1962,28,6,2021,24,9567208512
1963,28,7,2021,28,10197493320
1964,28,8,2021,29,9233790878
1965,28,9,2021,26,10396191000
1966,28,10,2021,26,9802655668
1967,28,11,2021,28,8529896816
1968,28,12,2021,26,10608792272
1969,28,1,2022,26,10332343112
1970,28,2,2022,29,9015275501
1971,28,3,2022,26,8575598382
1972,28,4,2022,20,6578482860
1973,28,5,2022,24,9448083168
1974,28,6,2022,25,8357098175
1975,28,7,2022,27,10475935281
1976,28,8,2022,21,8813354613
1977,28,9,2022,24,9937945848
1978,28,10,2022,20,7437859840
1979,28,11,2022,21,6821618622
1980,28,12,2022,26,9595082900
1981,28,1,2023,21,8330613396
1982,28,2,2023,25,8956294300
1983,28,3,2023,24,10053913464
1984,28,4,2023,20,6105388360
1985,28,5,2023,28,10327737252
1986,28,6,2023,20,7141197880
1987,28,7,2023,25,7791798525
1988,28,8,2023,29,10458661094
1989,28,9,2023,24,10005356664
1990,28,10,2023,21,7782177522
1991,28,11,2023,21,8474458608
1992,28,12,2023,27,8816223897
1993,28,1,2024,23,8655287895
1994,28,2,2024,24,9974057136
1995,28,3,2024,26,10193022268
1996,28,4,2024,27,10741671333
1997,28,5,2024,21,8140269585
1998,28,6,2024,23,8193967304
1999,28,7,2024,26,9308711750
2000,28,8,2024,23,9095472682
2001,28,9,2024,26,9723618294
2002,28,10,2024,22,7316336148
2003,28,11,2024,20,6967509820
2004,28,12,2024,29,10172782719
2005,28,1,2025,21,7548793077
2006,28,2,2025,29,11115751997
2007,28,3,2025,25,10244039275
2008,28,4,2025,26,10145139498
2009,28,5,2025,26,8578370710
2010,28,6,2025,23,7627540554
2011,28,7,2025,24,9765918528
2012,28,8,2025,23,8363549202
2013,28,9,2025,28,9096338692
2014,28,10,2025,20,7620947420
2015,28,11,2025,20,6310392540
2016,28,12,2025,22,7157994514
2017,29,1,2020,38,13325864434
2018,29,2,2020,27,9051639786
2019,29,3,2020,40,13034963480
2020,29,4,2020,31,9601365477
2021,29,5,2020,36,13058109288
2022,29,6,2020,34,11197897756
2023,29,7,2020,30,10110385530
2024,29,8,2020,34,13180113226
2025,29,9,2020,33,10589475138
2026,29,10,2020,34,11695280662
2027,29,11,2020,34,10583780270
2028,29,12,2020,29,10762285729
2029,29,1,2021,44,14325073180
2030,29,2,2021,45,16880346585
2031,29,3,2021,33,11107236921
2032,29,4,2021,38,14585085786
2033,29,5,2021,35,13822918865
2034,29,6,2021,36,11282506272
2035,29,7,2021,37,14555120051
2036,29,8,2021,45,14224715595
2037,29,9,2021,40,14153722160
2038,29,10,2021,34,13277851632
2039,29,11,2021,47,19565299449
2040,29,12,2021,45,15915360735
2041,29,1,2022,35,13581033865
2042,29,2,2022,45,14997074400
2043,29,3,2022,43,15499385733
2044,29,4,2022,32,10033961312
2045,29,5,2022,46,17186563470
2046,29,6,2022,46,14915510994
2047,29,7,2022,36,13214787336
2048,29,8,2022,41,16309247607
2049,29,9,2022,44,15236075448
2050,29,10,2022,43,17793849651
2051,29,11,2022,43,16028393061
2052,29,12,2022,43,13744490631
2053,29,1,2023,39,12108875298
2054,29,2,2023,40,12756014840
2055,29,3,2023,39,13432965351
2056,29,4,2023,38,12630371144
2057,29,5,2023,40,12509867920
2058,29,6,2023,44,17973505308
2059,29,7,2023,35,12736651935
2060,29,8,2023,46,14718627452
2061,29,9,2023,40,14890630280
2062,29,10,2023,37,13799778741
2063,29,11,2023,43,15787384941
2064,29,12,2023,38,15582036800
2065,29,1,2024,35,10605350770
2066,29,2,2024,34,10894651484
2067,29,3,2024,44,15444059488
2068,29,4,2024,45,16028059365
2069,29,5,2024,46,14478685196
2070,29,6,2024,40,14473407480
2071,29,7,2024,36,13234241052
2072,29,8,2024,36,13671644364
2073,29,9,2024,37,15535889818
2074,29,10,2024,43,15957848594
2075,29,11,2024,46,15843970256
2076,29,12,2024,38,13916855938
2077,29,1,2025,41,14329884908
2078,29,2,2025,37,12113682969
2079,29,3,2025,40,12581120560
2080,29,4,2025,35,11270341670
2081,29,5,2025,32,11398732096
2082,29,6,2025,43,13731108386
2083,29,7,2025,32,13254009984
2084,29,8,2025,45,14749597935
2085,29,9,2025,47,17848269881
2086,29,10,2025,37,13029622816
2087,29,11,2025,45,16746899940
2088,29,12,2025,41,14365248884
2089,30,1,2020,32,9676757920
2090,30,2,2020,36,13853722896
2091,30,3,2020,33,11994842376
2092,30,4,2020,31,10050762557
2093,30,5,2020,37,12420850753
2094,30,6,2020,35,12858859510
2095,30,7,2020,32,10743491904
2096,30,8,2020,32,11500697920
2097,30,9,2020,38,12811943466
2098,30,10,2020,31,12319040617
2099,30,11,2020,34,12023824770
2100,30,12,2020,38,12387527242
2101,30,1,2021,35,10819838225
2102,30,2,2021,36,11983328712
2103,30,3,2021,42,14424663960
2104,30,4,2021,35,14671104770
2105,30,5,2021,43,17117853058
2106,30,6,2021,37,12801185630
2107,30,7,2021,37,14247269691
2108,30,8,2021,43,13084029895
2109,30,9,2021,35,14367967320
2110,30,10,2021,37,12832526850
2111,30,11,2021,38,12837453018
2112,30,12,2021,44,15178710052
2113,30,1,2022,45,15164117865
2114,30,2,2022,35,11901570345
2115,30,3,2022,46,18570106114
2116,30,4,2022,36,14712999300
2117,30,5,2022,47,18169640653
2118,30,6,2022,37,12419546355
2119,30,7,2022,41,14009701353
2120,30,8,2022,42,12968411946
2121,30,9,2022,46,16306404622
2122,30,10,2022,35,12121614540
2123,30,11,2022,45,16966878975
2124,30,12,2022,36,13879973592
2125,30,1,2023,37,11491118786
2126,30,2,2023,40,13031053120
2127,30,3,2023,43,14389594648
2128,30,4,2023,43,12935075874
2129,30,5,2023,34,11097276082
2130,30,6,2023,36,12046145328
2131,30,7,2023,47,19221284735
2132,30,8,2023,32,11992356544
2133,30,9,2023,44,15745588100
2134,30,10,2023,46,17462047902
2135,30,11,2023,38,14554420622
2136,30,12,2023,36,13430693844
2137,30,1,2024,36,13563042516
2138,30,2,2024,32,12359067648
2139,30,3,2024,40,12826183960
2140,30,4,2024,39,15770459757
2141,30,5,2024,34,13921451572
2142,30,6,2024,46,18740611876
2143,30,7,2024,39,13170685008
2144,30,8,2024,32,12606669152
2145,30,9,2024,36,11028978432
2146,30,10,2024,47,14326517863
2147,30,11,2024,45,15858314235
2148,30,12,2024,38,12358242428
2149,30,1,2025,43,17327033782
2150,30,2,2025,38,15946360508
2151,30,3,2025,47,14748438367
2152,30,4,2025,33,12193912170
2153,30,5,2025,38,11709955512
2154,30,6,2025,35,11254618620
2155,30,7,2025,41,16641156342
2156,30,8,2025,36,14292463140
2157,30,9,2025,47,18514542069
2158,30,10,2025,47,17735766451
2159,30,11,2025,46,15372386812
2160,30,12,2025,39,13514987226
2161,31,1,2020,21,8373391383
2162,31,2,2020,24,7334511912
2163,31,3,2020,23,8758402691
2164,31,4,2020,22,9073989342
2165,31,5,2020,21,7037985906
2166,31,6,2020,18,7080953202
2167,31,7,2020,21,7706616498
2168,31,8,2020,25,8598760250
2169,31,9,2020,21,7647710007
2170,31,10,2020,19,6970236868
2171,31,11,2020,20,7340235040
2172,31,12,2020,21,7019020134
2173,31,1,2021,28,11347804888
2174,31,2,2021,21,7500376107
2175,31,3,2021,22,7378969268
2176,31,4,2021,21,8114893017
2177,31,5,2021,23,7320524364
2178,31,6,2021,29,10173436263
2179,31,7,2021,28,9375219308
2180,31,8,2021,27,8802359154
2181,31,9,2021,20,7333376040
2182,31,10,2021,22,7150673200
2183,31,11,2021,29,9968692435
2184,31,12,2021,27,10497634722
2185,31,1,2022,29,9901160425
2186,31,2,2022,22,8611622602
2187,31,3,2022,25,9395296825
2188,31,4,2022,27,9986925753
2189,31,5,2022,20,6882722940
2190,31,6,2022,20,7540794860
2191,31,7,2022,22,6839940404
2192,31,8,2022,23,7080893643
2193,31,9,2022,24,7466403960
2194,31,10,2022,27,10148336370
2195,31,11,2022,20,7648150660
2196,31,12,2022,27,10294253496
2197,31,1,2023,20,7744405160
2198,31,2,2023,23,8823157903
2199,31,3,2023,28,10533924744
2200,31,4,2023,29,9541465073
2201,31,5,2023,23,9533597037
2202,31,6,2023,24,8138326704
2203,31,7,2023,22,7020916276
2204,31,8,2023,25,9140130800
2205,31,9,2023,22,6986240074
2206,31,10,2023,28,11673679556
2207,31,11,2023,27,9401506569
2208,31,12,2023,29,10601595105
2209,31,1,2024,21,8790283740
2210,31,2,2024,29,12095954230
2211,31,3,2024,21,8381761794
2212,31,4,2024,26,8044873382
2213,31,5,2024,22,6651470144
2214,31,6,2024,20,8207806760
2215,31,7,2024,20,7434955400
2216,31,8,2024,24,7655353152
2217,31,9,2024,29,10768383559
2218,31,10,2024,23,8364742189
2219,31,11,2024,28,10033795156
2220,31,12,2024,22,9099418658
2221,31,1,2025,27,9884107242
2222,31,2,2025,26,9267559574
2223,31,3,2025,22,6665750806
2224,31,4,2025,21,6609174033
2225,31,5,2025,22,7316530012
2226,31,6,2025,29,11010779653
2227,31,7,2025,28,10930897488
2228,31,8,2025,20,7789387380
2229,31,9,2025,21,7126195188
2230,31,10,2025,23,7601815606
2231,31,11,2025,29,10270029289
2232,31,12,2025,28,11549411804
2233,32,1,2020,14,5840588194
2234,32,2,2020,10,3083713500
2235,32,3,2020,10,3201887240
2236,32,4,2020,11,4447208920
2237,32,5,2020,12,4527786936
2238,32,6,2020,10,3505462810
2239,32,7,2020,10,3230793120
2240,32,8,2020,13,5288973001
2241,32,9,2020,10,3290800210
2242,32,10,2020,14,5859730128
2243,32,11,2020,12,3940385880
2244,32,12,2020,11,4605511361
2245,32,1,2021,12,4204328688
2246,32,2,2021,17,6570457296
2247,32,3,2021,13,5170031581
2248,32,4,2021,17,7124406580
2249,32,5,2021,12,3663924276
2250,32,6,2021,17,5498163528
2251,32,7,2021,15,5581578255
2252,32,8,2021,17,6076757253
2253,32,9,2021,12,3693448164
2254,32,10,2021,14,4752092394
2255,32,11,2021,17,5527593928
2256,32,12,2021,16,6296844960
2257,32,1,2022,13,5339768915
2258,32,2,2022,13,4280606473
2259,32,3,2022,15,5692227705
2260,32,4,2022,17,5556999287
2261,32,5,2022,16,5527723408
2262,32,6,2022,16,5394712224
2263,32,7,2022,12,3705761580
2264,32,8,2022,16,4802028656
2265,32,9,2022,15,5432233410
2266,32,10,2022,17,5672102751
2267,32,11,2022,16,5277411312
2268,32,12,2022,15,6021733425
2269,32,1,2023,13,4383412670
2270,32,2,2023,17,6654295839
2271,32,3,2023,15,4973763150
2272,32,4,2023,17,6706358883
2273,32,5,2023,12,4649895384
2274,32,6,2023,14,5115638192
2275,32,7,2023,17,6282442633
2276,32,8,2023,13,4673118801
2277,32,9,2023,12,4013129412
2278,32,10,2023,16,6550333264
2279,32,11,2023,15,4828932570
2280,32,12,2023,17,6495462663
2281,32,1,2024,16,6477868720
2282,32,2,2024,15,5682349785
2283,32,3,2024,14,4747799616
2284,32,4,2024,17,6641384645
2285,32,5,2024,16,6251941376
2286,32,6,2024,14,5565970648
2287,32,7,2024,12,3730385976
2288,32,8,2024,12,3817969356
2289,32,9,2024,14,5783775592
2290,32,10,2024,12,4982478996
2291,32,11,2024,15,4601363010
2292,32,12,2024,12,4541099580
2293,32,1,2025,17,6374707804
2294,32,2,2025,16,4918488464
2295,32,3,2025,17,6584902009
2296,32,4,2025,15,6043872240
2297,32,5,2025,12,4312911024
2298,32,6,2025,15,5905038885
2299,32,7,2025,14,5824502838
2300,32,8,2025,13,4557260695
2301,32,9,2025,15,5451008400
2302,32,10,2025,13,4730078743
2303,32,11,2025,13,4035490082
2304,32,12,2025,16,4877303680
2305,33,1,2020,22,9099913812
2306,33,2,2020,24,9834436992
2307,33,3,2020,24,8798370984
2308,33,4,2020,25,8779889775
2309,33,5,2020,21,7683222645
2310,33,6,2020,17,6222252705
2311,33,7,2020,17,6781806243
2312,33,8,2020,24,7640499936
2313,33,9,2020,20,7023299180
2314,33,10,2020,21,7463633625
2315,33,11,2020,23,9274291173
2316,33,12,2020,23,8074081115
2317,33,1,2021,23,8264504969
2318,33,2,2021,23,8215561314
2319,33,3,2021,27,8824850262
2320,33,4,2021,24,9038433312
2321,33,5,2021,26,9385135552
2322,33,6,2021,20,6393227200
2323,33,7,2021,27,10818808524
2324,33,8,2021,25,9151422050
2325,33,9,2021,21,7833413784
2326,33,10,2021,29,9079468654
2327,33,11,2021,22,6697009066
2328,33,12,2021,22,7385178130
2329,33,1,2022,25,10255666475
2330,33,2,2022,26,7873718528
2331,33,3,2022,27,9988645302
2332,33,4,2022,24,7739005368
2333,33,5,2022,27,10110916719
2334,33,6,2022,24,7201242240
2335,33,7,2022,23,8797411473
2336,33,8,2022,27,8914988115
2337,33,9,2022,21,6672248058
2338,33,10,2022,26,10207347020
2339,33,11,2022,24,7937570976
2340,33,12,2022,22,7836981834
2341,33,1,2023,22,8718948238
2342,33,2,2023,23,8933221758
2343,33,3,2023,26,8299706402
2344,33,4,2023,27,10864272096
2345,33,5,2023,26,10264433894
2346,33,6,2023,27,10522658700
2347,33,7,2023,27,10733035653
2348,33,8,2023,24,7867456872
2349,33,9,2023,27,8342310717
2350,33,10,2023,27,9538455105
2351,33,11,2023,23,8387264502
2352,33,12,2023,25,8895110800
2353,33,1,2024,20,6166138760
2354,33,2,2024,27,8231988366
2355,33,3,2024,27,10961326593
2356,33,4,2024,23,7230376186
2357,33,5,2024,24,9530438784
2358,33,6,2024,22,7099530372
2359,33,7,2024,27,10507170879
2360,33,8,2024,23,7252656309
2361,33,9,2024,21,6519960720
2362,33,10,2024,21,6404137572
2363,33,11,2024,24,8584629336
2364,33,12,2024,24,9091818000
2365,33,1,2025,20,7192829500
2366,33,2,2025,27,9372910761
2367,33,3,2025,21,6577788924
2368,33,4,2025,21,8464824879
2369,33,5,2025,26,9959205490
2370,33,6,2025,20,7173499840
2371,33,7,2025,28,8472214464
2372,33,8,2025,27,8783388873
2373,33,9,2025,21,7727518932
2374,33,10,2025,28,10949350468
2375,33,11,2025,26,8139278290
2376,33,12,2025,26,10432971302
2377,34,1,2020,21,7308077112
2378,34,2,2020,21,7071865899
2379,34,3,2020,17,5511297405
2380,34,4,2020,25,8706875825
2381,34,5,2020,20,7790885960
2382,34,6,2020,22,8881336574
2383,34,7,2020,18,5586888672
2384,34,8,2020,19,7961269686
2385,34,9,2020,17,6548273945
2386,34,10,2020,20,7385711800
2387,34,11,2020,19,6217440775
2388,34,12,2020,19,6643724186
2389,34,1,2021,27,9281194812
2390,34,2,2021,25,8442468900
2391,34,3,2021,23,8084292816
2392,34,4,2021,29,10095341554
2393,34,5,2021,25,8625657025
2394,34,6,2021,22,7766985798
2395,34,7,2021,28,11502794968
2396,34,8,2021,25,10146927250
2397,34,9,2021,22,8184556248
2398,34,10,2021,24,7778434056
2399,34,11,2021,21,7973589141
2400,34,12,2021,21,7912204209
2401,34,1,2022,20,6793860300
2402,34,2,2022,24,8565934704
2403,34,3,2022,27,8676719325
2404,34,4,2022,26,10369957650
2405,34,5,2022,22,6600083380
2406,34,6,2022,26,10601031714
2407,34,7,2022,26,8565285534
2408,34,8,2022,22,6822187174
2409,34,9,2022,20,8320719700
2410,34,10,2022,20,6321378800
2411,34,11,2022,29,11055406883
2412,34,12,2022,26,8351208684
2413,34,1,2023,24,8336404056
2414,34,2,2023,22,8847032590
2415,34,3,2023,22,6721634832
2416,34,4,2023,25,10408644050
2417,34,5,2023,22,7703453824
2418,34,6,2023,26,8634964104
2419,34,7,2023,29,10222058359
2420,34,8,2023,20,8242607280
2421,34,9,2023,29,11309546672
2422,34,10,2023,21,7570377045
2423,34,11,2023,25,8352142275
2424,34,12,2023,25,9735431300
2425,34,1,2024,24,7306048752
2426,34,2,2024,23,9075817480
2427,34,3,2024,22,7345318838
2428,34,4,2024,27,9190983951
2429,34,5,2024,22,8618514806
2430,34,6,2024,24,9758404560
2431,34,7,2024,23,8778435139
2432,34,8,2024,27,8914416957
2433,34,9,2024,28,10236189488
2434,34,10,2024,23,7292260377
2435,34,11,2024,23,9605972977
2436,34,12,2024,26,9369763078
2437,34,1,2025,23,6904277011
2438,34,2,2025,23,9403719211
2439,34,3,2025,22,7581624490
2440,34,4,2025,29,8835105548
2441,34,5,2025,20,6741562820
2442,34,6,2025,27,10431323829
2443,34,7,2025,22,8299714632
2444,34,8,2025,24,9613844616
2445,34,9,2025,22,7923191496
2446,34,10,2025,29,10013072295
2447,34,11,2025,25,9556589650
2448,34,12,2025,29,10190846761
2449,35,1,2020,18,7354877220
2450,35,2,2020,17,7115182414
2451,35,3,2020,17,5769189904
2452,35,4,2020,24,7734305040
2453,35,5,2020,17,7128644238
2454,35,6,2020,24,9917082144
2455,35,7,2020,22,8238172932
2456,35,8,2020,18,6247705680
2457,35,9,2020,22,7940627706
2458,35,10,2020,18,6132914514
2459,35,11,2020,24,7402357224
2460,35,12,2020,21,6770142540
2461,35,1,2021,20,6728357780
2462,35,2,2021,26,10225634172
2463,35,3,2021,24,8060360016
2464,35,4,2021,23,9074491967
2465,35,5,2021,25,9525264125
2466,35,6,2021,24,8801481264
2467,35,7,2021,28,11584365072
2468,35,8,2021,27,10281123828
2469,35,9,2021,27,10281128013
2470,35,10,2021,26,9971246012
2471,35,11,2021,27,11153261547
2472,35,12,2021,22,8839729074
2473,35,1,2022,24,8864671872
2474,35,2,2022,25,7895630650
2475,35,3,2022,24,9903770880
2476,35,4,2022,29,11416206874
2477,35,5,2022,26,10272262494
2478,35,6,2022,28,9510723432
2479,35,7,2022,24,8439351840
2480,35,8,2022,21,8340140760
2481,35,9,2022,29,10276318983
2482,35,10,2022,24,8621328552
2483,35,11,2022,29,9803975538
2484,35,12,2022,20,8338805460
2485,35,1,2023,21,6385021062
2486,35,2,2023,27,8291939598
2487,35,3,2023,22,7418738228
2488,35,4,2023,20,7498974880
2489,35,5,2023,27,11076662952
2490,35,6,2023,24,8392196688
2491,35,7,2023,20,6780891900
2492,35,8,2023,20,6161968360
2493,35,9,2023,22,7390925894
2494,35,10,2023,29,11892337516
2495,35,11,2023,24,7300965336
2496,35,12,2023,23,7528136716
2497,35,1,2024,23,6983263841
2498,35,2,2024,28,11625004356
2499,35,3,2024,21,7342167630
2500,35,4,2024,24,9959659512
2501,35,5,2024,29,9411111001
2502,35,6,2024,26,9079659004
2503,35,7,2024,28,10990902272
2504,35,8,2024,24,8689230720
2505,35,9,2024,21,7736186556
2506,35,10,2024,22,8470234410
2507,35,11,2024,22,6871281340
2508,35,12,2024,24,9651909576
2509,35,1,2025,20,6297652160
2510,35,2,2025,25,7858388600
2511,35,3,2025,25,9076257075
2512,35,4,2025,23,8332697232
2513,35,5,2025,29,11086621091
2514,35,6,2025,25,8438054550
2515,35,7,2025,24,8181474960
2516,35,8,2025,24,8516340000
2517,35,9,2025,27,11002368699
2518,35,10,2025,24,8629700088
2519,35,11,2025,27,11035032543
2520,35,12,2025,22,7487374664
2521,36,1,2020,28,10547168520
2522,36,2,2020,31,9438321411
2523,36,3,2020,34,13524683200
2524,36,4,2020,38,15188002640
2525,36,5,2020,40,13083691120
2526,36,6,2020,31,11105400227
2527,36,7,2020,35,14107334710
2528,36,8,2020,30,10086482160
2529,36,9,2020,38,11435909012
2530,36,10,2020,34,14187200196
2531,36,11,2020,28,10192541492
2532,36,12,2020,31,9580232498
2533,36,1,2021,45,13968521505
2534,36,2,2021,32,12227314336
2535,36,3,2021,36,12253362516
2536,36,4,2021,43,13203230668
2537,36,5,2021,41,17045120896
2538,36,6,2021,47,16442583635
2539,36,7,2021,32,11174167584
2540,36,8,2021,41,12688996766
2541,36,9,2021,37,13447427519
2542,36,10,2021,40,12204770040
2543,36,11,2021,32,12281307456
2544,36,12,2021,33,10001364945
2545,36,1,2022,47,18711607006
2546,36,2,2022,39,14934445383
2547,36,3,2022,46,15823722896
2548,36,4,2022,45,16557623145
2549,36,5,2022,33,10646465610
2550,36,6,2022,47,16356857280
2551,36,7,2022,32,11414110912
2552,36,8,2022,39,15966893085
2553,36,9,2022,46,16793592738
2554,36,10,2022,32,9914808352
2555,36,11,2022,33,12248875320
2556,36,12,2022,42,16296624078
2557,36,1,2023,42,14770230720
2558,36,2,2023,35,12890282650
2559,36,3,2023,46,17061332288
2560,36,4,2023,45,17910112410
2561,36,5,2023,46,18738301250
2562,36,6,2023,43,17134614931
2563,36,7,2023,42,13738529574
2564,36,8,2023,47,15763020364
2565,36,9,2023,32,10512070592
2566,36,10,2023,39,12734634549
2567,36,11,2023,44,18360130976
2568,36,12,2023,40,15560432760
2569,36,1,2024,46,14239955454
2570,36,2,2024,32,11126577568
2571,36,3,2024,44,16328960252
2572,36,4,2024,35,12903048375
2573,36,5,2024,42,13420095780
2574,36,6,2024,32,11858486688
2575,36,7,2024,45,17681079285
2576,36,8,2024,36,14853830580
2577,36,9,2024,33,12906379332
2578,36,10,2024,44,14545317204
2579,36,11,2024,39,12520686048
2580,36,12,2024,45,14543341155
2581,36,1,2025,42,16037491302
2582,36,2,2025,37,14793146305
2583,36,3,2025,42,14967596532
2584,36,4,2025,40,14704710920
2585,36,5,2025,40,12264685320
2586,36,6,2025,46,14742449288
2587,36,7,2025,39,11742769662
2588,36,8,2025,46,15453917580
2589,36,9,2025,45,14312663685
2590,36,10,2025,46,16444707716
2591,36,11,2025,43,16430774505
2592,36,12,2025,32,10593265376
2593,37,1,2020,14,5187568708
2594,37,2,2020,11,3970051448
2595,37,3,2020,14,4502785560
2596,37,4,2020,11,4436572074
2597,37,5,2020,13,4053813426
2598,37,6,2020,11,3918136618
2599,37,7,2020,14,4662451850
2600,37,8,2020,14,4217797850
2601,37,9,2020,14,5374456696
2602,37,10,2020,11,3427654824
2603,37,11,2020,12,3975212136
2604,37,12,2020,12,3973848156
2605,37,1,2021,16,5212557808
2606,37,2,2021,17,5318933242
2607,37,3,2021,14,5328519000
2608,37,4,2021,16,5461245232
2609,37,5,2021,16,6630451712
2610,37,6,2021,14,4222767038
2611,37,7,2021,17,7061696283
2612,37,8,2021,14,5122645542
2613,37,9,2021,16,5472077024
2614,37,10,2021,17,6002694917
2615,37,11,2021,12,4025065728
2616,37,12,2021,12,4675631136
2617,37,1,2022,13,4731559794
2618,37,2,2022,17,6270266230
2619,37,3,2022,12,4544249316
2620,37,4,2022,15,4577526795
2621,37,5,2022,12,4344054156
2622,37,6,2022,13,5182141211
2623,37,7,2022,12,3870944472
2624,37,8,2022,16,6450510592
2625,37,9,2022,13,4327025378
2626,37,10,2022,14,5833168432
2627,37,11,2022,12,5020370688
2628,37,12,2022,17,6091467030
2629,37,1,2023,13,4229733209
2630,37,2,2023,16,5327365536
2631,37,3,2023,13,5191251026
2632,37,4,2023,15,5673211680
2633,37,5,2023,16,5401642176
2634,37,6,2023,12,3712558632
2635,37,7,2023,15,5342723400
2636,37,8,2023,12,4017572004
2637,37,9,2023,13,5078954660
2638,37,10,2023,17,6833996158
2639,37,11,2023,15,6148647075
2640,37,12,2023,16,6438528768
2641,37,1,2024,12,4161066108
2642,37,2,2024,16,6530615008
2643,37,3,2024,17,5911139921
2644,37,4,2024,16,5349736096
2645,37,5,2024,16,5550278240
2646,37,6,2024,13,4338264164
2647,37,7,2024,16,5897400384
2648,37,8,2024,15,5055432585
2649,37,9,2024,12,4305272412
2650,37,10,2024,16,6564151360
2651,37,11,2024,16,5437975904
2652,37,12,2024,12,4625881728
2653,37,1,2025,13,4787174782
2654,37,2,2025,14,5857599706
2655,37,3,2025,17,5111789109
2656,37,4,2025,12,3698366856
2657,37,5,2025,17,5323212839
2658,37,6,2025,16,5132881072
2659,37,7,2025,17,5378721375
2660,37,8,2025,13,4713521644
2661,37,9,2025,12,3948328932
2662,37,10,2025,15,5433017115
2663,37,11,2025,16,6094020896
2664,37,12,2025,14,5117740348
2665,38,1,2020,17,6184821697
2666,38,2,2020,20,8262693300
2667,38,3,2020,24,9002268000
2668,38,4,2020,20,6897111200
2669,38,5,2020,24,8688544536
2670,38,6,2020,22,7600137072
2671,38,7,2020,21,6646877118
2672,38,8,2020,17,5880645559
2673,38,9,2020,24,8106305136
2674,38,10,2020,18,6329874348
2675,38,11,2020,20,6797635040
2676,38,12,2020,18,7329018312
2677,38,1,2021,28,10168192860
2678,38,2,2021,24,7210111224
2679,38,3,2021,20,6274458400
2680,38,4,2021,24,9847234848
2681,38,5,2021,20,6653089220
2682,38,6,2021,27,10131943023
2683,38,7,2021,22,8637219756
2684,38,8,2021,26,9058489856
2685,38,9,2021,21,7314975528
2686,38,10,2021,20,6643851880
2687,38,11,2021,26,8972945930
2688,38,12,2021,29,10696229268
2689,38,1,2022,25,8826601375
2690,38,2,2022,21,7591511046
2691,38,3,2022,25,8709585425
2692,38,4,2022,26,8677368518
2693,38,5,2022,28,11735434368
2694,38,6,2022,24,7918443120
2695,38,7,2022,27,9348670323
2696,38,8,2022,27,9139814793
2697,38,9,2022,25,10280423725
2698,38,10,2022,21,7801310391
2699,38,11,2022,20,6726228700
2700,38,12,2022,29,9136948394
2701,38,1,2023,24,9743104320
2702,38,2,2023,22,8816854200
2703,38,3,2023,22,7376573446
2704,38,4,2023,23,7710824911
2705,38,5,2023,26,10140907374
2706,38,6,2023,21,6692050806
2707,38,7,2023,27,10565371998
2708,38,8,2023,20,8116707440
2709,38,9,2023,24,8639523456
2710,38,10,2023,27,9982817190
2711,38,11,2023,22,7062175208
2712,38,12,2023,27,9168259428
2713,38,1,2024,29,10207840877
2714,38,2,2024,23,7552632958
2715,38,3,2024,29,10472845922
2716,38,4,2024,28,9628718148
2717,38,5,2024,27,10619068761
2718,38,6,2024,28,8732964604
2719,38,7,2024,28,9713321212
2720,38,8,2024,21,8575529214
2721,38,9,2024,27,11186152866
2722,38,10,2024,24,9262518624
2723,38,11,2024,26,7839077636
2724,38,12,2024,24,8825859960
2725,38,1,2025,29,11080842232
2726,38,2,2025,22,8226088178
2727,38,3,2025,29,10048689457
2728,38,4,2025,20,8013454920
2729,38,5,2025,27,10246838715
2730,38,6,2025,22,7103623274
2731,38,7,2025,28,8493841160
2732,38,8,2025,26,10186083882
2733,38,9,2025,29,12028458876
2734,38,10,2025,29,11925823845
2735,38,11,2025,24,9104637168
2736,38,12,2025,27,9280421235
2737,39,1,2020,19,7371719560
2738,39,2,2020,25,9834497600
2739,39,3,2020,17,6585981016
2740,39,4,2020,21,8484390999
2741,39,5,2020,24,7367926440
2742,39,6,2020,17,5770271631
2743,39,7,2020,20,6335524900
2744,39,8,2020,19,5861926873
2745,39,9,2020,22,7466265642
2746,39,10,2020,24,8155535496
2747,39,11,2020,24,8486276928
2748,39,12,2020,23,9368996203
2749,39,1,2021,20,6446567320
2750,39,2,2021,27,10967706261
2751,39,3,2021,25,7617973250
2752,39,4,2021,27,10601755902
2753,39,5,2021,27,11272629249
2754,39,6,2021,24,7909169568
2755,39,7,2021,22,6750919494
2756,39,8,2021,26,8531216928
2757,39,9,2021,28,9319529548
2758,39,10,2021,29,9620733035
2759,39,11,2021,21,6410001360
2760,39,12,2021,20,6051778540
2761,39,1,2022,22,7561812082
2762,39,2,2022,21,6890769165
2763,39,3,2022,24,7675267872
2764,39,4,2022,25,10322136075
2765,39,5,2022,21,7297615920
2766,39,6,2022,27,8558105868
2767,39,7,2022,22,8285421980
2768,39,8,2022,20,7415502800
2769,39,9,2022,25,8351512050
2770,39,10,2022,24,9543128712
2771,39,11,2022,27,10093517460
2772,39,12,2022,27,8579964663
2773,39,1,2023,25,9429919125
2774,39,2,2023,26,8697872794
2775,39,3,2023,25,8668181250
2776,39,4,2023,22,7575654570
2777,39,5,2023,21,7085185380
2778,39,6,2023,24,9396547728
2779,39,7,2023,27,10081048374
2780,39,8,2023,20,7882495080
2781,39,9,2023,26,7919252822
2782,39,10,2023,23,7101586168
2783,39,11,2023,24,9186733800
2784,39,12,2023,23,9476716105
2785,39,1,2024,24,9942395136
2786,39,2,2024,25,9211951700
2787,39,3,2024,25,9501238925
2788,39,4,2024,28,9551630144
2789,39,5,2024,22,8110757622
2790,39,6,2024,22,8802770790
2791,39,7,2024,20,6803527780
2792,39,8,2024,22,7445343818
2793,39,9,2024,20,7569327500
2794,39,10,2024,22,9124899058
2795,39,11,2024,20,7089715840
2796,39,12,2024,29,10957091982
2797,39,1,2025,24,7414958832
2798,39,2,2025,27,10601425908
2799,39,3,2025,23,8893913769
2800,39,4,2025,29,11477907535
2801,39,5,2025,27,8464712895
2802,39,6,2025,20,7119264240
2803,39,7,2025,21,6821172540
2804,39,8,2025,28,10828765332
2805,39,9,2025,25,8471185550
2806,39,10,2025,26,8119413822
2807,39,11,2025,28,10513298628
2808,39,12,2025,25,9944626050
2809,40,1,2020,13,5420062336
2810,40,2,2020,10,4156697630
2811,40,3,2020,11,4108767707
2812,40,4,2020,11,3453914662
2813,40,5,2020,14,4230880780
2814,40,6,2020,10,3182688410
2815,40,7,2020,12,4136226840
2816,40,8,2020,13,4300987782
2817,40,9,2020,12,4310893056
2818,40,10,2020,10,4127746610
2819,40,11,2020,15,4704891300
2820,40,12,2020,11,3972373086
2821,40,1,2021,12,4307686728
2822,40,2,2021,15,5339578785
2823,40,3,2021,17,6046609249
2824,40,4,2021,15,6111218505
2825,40,5,2021,15,5666424585
2826,40,6,2021,14,4994029642
2827,40,7,2021,15,4809741480
2828,40,8,2021,12,4772899536
2829,40,9,2021,14,4291292642
2830,40,10,2021,17,6803682217
2831,40,11,2021,13,4868563492
2832,40,12,2021,12,4160177616
2833,40,1,2022,14,5783566530
2834,40,2,2022,16,5017898912
2835,40,3,2022,16,5500269536
2836,40,4,2022,14,5529460650
2837,40,5,2022,16,5990216368
2838,40,6,2022,13,4956136198
2839,40,7,2022,14,4885755588
2840,40,8,2022,13,3973903934
2841,40,9,2022,14,5135744796
2842,40,10,2022,12,4216744872
2843,40,11,2022,16,6518135312
2844,40,12,2022,15,4781757270
2845,40,1,2023,13,5389854561
2846,40,2,2023,15,5357444070
2847,40,3,2023,17,6979378628
2848,40,4,2023,17,6554669430
2849,40,5,2023,15,6283999860
2850,40,6,2023,13,4943571373
2851,40,7,2023,13,5285563387
2852,40,8,2023,17,6288139877
2853,40,9,2023,16,4914667120
2854,40,10,2023,15,5528772675
2855,40,11,2023,12,3711345840
2856,40,12,2023,15,5219389155
2857,40,1,2024,17,6182526340
2858,40,2,2024,12,4891482384
2859,40,3,2024,14,5329045638
2860,40,4,2024,17,5936021750
2861,40,5,2024,15,4648385790
2862,40,6,2024,16,5940050752
2863,40,7,2024,12,4947864456
2864,40,8,2024,14,5403263726
2865,40,9,2024,15,4572492360
2866,40,10,2024,13,4340172564
2867,40,11,2024,13,4202834948
2868,40,12,2024,13,5331295307
2869,40,1,2025,14,5318867330
2870,40,2,2025,15,5282597565
2871,40,3,2025,12,4897934700
2872,40,4,2025,16,5927703872
2873,40,5,2025,14,4368456512
2874,40,6,2025,17,6621242297
2875,40,7,2025,15,5624190270
2876,40,8,2025,12,4314489408
2877,40,9,2025,15,6008449815
2878,40,10,2025,16,6339994736
2879,40,11,2025,12,4912095492
2880,40,12,2025,12,4066558800
2881,41,1,2020,37,12531719292
2882,41,2,2020,39,14194250070
2883,41,3,2020,31,11100976403
2884,41,4,2020,30,11553408450
2885,41,5,2020,36,13753544976
2886,41,6,2020,35,11161045350
2887,41,7,2020,32,11173259136
2888,41,8,2020,27,8545058145
2889,41,9,2020,27,10430096868
2890,41,10,2020,28,10854643128
2891,41,11,2020,28,11157290452
2892,41,12,2020,31,12043231633
2893,41,1,2021,39,12207550680
2894,41,2,2021,32,13167085472
2895,41,3,2021,42,16646131950
2896,41,4,2021,33,11581817742
2897,41,5,2021,36,14108928768
2898,41,6,2021,45,14524971165
2899,41,7,2021,46,16022011968
2900,41,8,2021,38,13800721212
2901,41,9,2021,46,19284249214
2902,41,10,2021,43,16132898842
2903,41,11,2021,36,14699742804
2904,41,12,2021,39,14471225145
2905,41,1,2022,45,17945722395
2906,41,2,2022,32,11992108064
2907,41,3,2022,39,11756003961
2908,41,4,2022,40,12518026240
2909,41,5,2022,41,12428556238
2910,41,6,2022,42,12867673140
2911,41,7,2022,38,13988307186
2912,41,8,2022,40,16082186320
2913,41,9,2022,40,15012071160
2914,41,10,2022,44,16391775356
2915,41,11,2022,45,15276892860
2916,41,12,2022,38,11681154400
2917,41,1,2023,45,17145617580
2918,41,2,2023,46,19134270860
2919,41,3,2023,46,15896988660
2920,41,4,2023,40,13045300000
2921,41,5,2023,33,10064440617
2922,41,6,2023,41,14398310464
2923,41,7,2023,46,18388968832
2924,41,8,2023,41,15738424410
2925,41,9,2023,40,14748478960
2926,41,10,2023,32,11639639104
2927,41,11,2023,38,12297242054
2928,41,12,2023,42,16892103354
2929,41,1,2024,45,17469633780
2930,41,2,2024,43,17912564954
2931,41,3,2024,34,10306499424
2932,41,4,2024,32,12617714688
2933,41,5,2024,37,15338927533
2934,41,6,2024,36,14718087612
2935,41,7,2024,40,13444592480
2936,41,8,2024,37,13634261683
2937,41,9,2024,34,14138657580
2938,41,10,2024,37,14202721876
2939,41,11,2024,39,12628618392
2940,41,12,2024,41,14625944678
2941,41,1,2025,47,15755320824
2942,41,2,2025,46,14657643734
2943,41,3,2025,40,15829909160
2944,41,4,2025,47,15002716827
2945,41,5,2025,39,12210137160
2946,41,6,2025,46,16122663280
2947,41,7,2025,37,11890810620
2948,41,8,2025,46,16677336340
2949,41,9,2025,44,13458056612
2950,41,10,2025,40,14440510560
2951,41,11,2025,45,15645023100
2952,41,12,2025,46,14607936134
2953,42,1,2020,21,7441082649
2954,42,2,2020,23,9475557526
2955,42,3,2020,17,6624614672
2956,42,4,2020,24,7991246496
2957,42,5,2020,22,8810106580
2958,42,6,2020,17,7041697058
2959,42,7,2020,18,5957833248
2960,42,8,2020,22,8327636438
2961,42,9,2020,23,8635805998
2962,42,10,2020,22,7086149004
2963,42,11,2020,24,9928375800
2964,42,12,2020,18,5809024764
2965,42,1,2021,22,7024662524
2966,42,2,2021,20,6601334900
2967,42,3,2021,25,8528908850
2968,42,4,2021,23,7257726820
2969,42,5,2021,25,9939515100
2970,42,6,2021,27,8591541750
2971,42,7,2021,28,10074956668
2972,42,8,2021,21,6745741926
2973,42,9,2021,25,7758645475
2974,42,10,2021,27,8497360053
2975,42,11,2021,23,9464458991
2976,42,12,2021,24,8287481664
2977,42,1,2022,27,9333174402
2978,42,2,2022,23,8303122958
2979,42,3,2022,21,6929594364
2980,42,4,2022,24,7388027928
2981,42,5,2022,27,10047850632
2982,42,6,2022,29,10215337754
2983,42,7,2022,20,7653905760
2984,42,8,2022,26,10698227800
2985,42,9,2022,20,7227688120
2986,42,10,2022,24,8344457472
2987,42,11,2022,27,8405291376
2988,42,12,2022,23,8967808514
2989,42,1,2023,24,7213448256
2990,42,2,2023,23,8660455811
2991,42,3,2023,24,8758575624
2992,42,4,2023,27,8838559809
2993,42,5,2023,22,8974629950
2994,42,6,2023,25,9478499050
2995,42,7,2023,25,7954546725
2996,42,8,2023,26,8962628636
2997,42,9,2023,25,8026112825
2998,42,10,2023,27,8804845449
2999,42,11,2023,25,9286411400
3000,42,12,2023,23,8143927170
3001,42,1,2024,22,8761444538
3002,42,2,2024,24,9845228856
3003,42,3,2024,27,9592069275
3004,42,4,2024,29,9369159485
3005,42,5,2024,26,10267609898
3006,42,6,2024,22,8617817560
3007,42,7,2024,28,8935438260
3008,42,8,2024,29,10117572519
3009,42,9,2024,28,10691997792
3010,42,10,2024,21,7495828137
3011,42,11,2024,21,7724745609
3012,42,12,2024,23,9608294965
3013,42,1,2025,25,8543594925
3014,42,2,2025,29,11570690686
3015,42,3,2025,24,7263726360
3016,42,4,2025,28,8805577872
3017,42,5,2025,20,7303982960
3018,42,6,2025,21,6500238381
3019,42,7,2025,25,8881846025
3020,42,8,2025,26,10752826266
3021,42,9,2025,20,7141527440
3022,42,10,2025,20,6023014540
3023,42,11,2025,28,11260425204
3024,42,12,2025,22,7837633716
3025,43,1,2020,17,5968200897
3026,43,2,2020,18,6673675770
3027,43,3,2020,25,8410065700
3028,43,4,2020,20,7955358000
3029,43,5,2020,20,6776252800
3030,43,6,2020,19,7952074883
3031,43,7,2020,18,6510682314
3032,43,8,2020,18,5868705384
3033,43,9,2020,21,6301062600
3034,43,10,2020,24,9985170624
3035,43,11,2020,21,7309900773
3036,43,12,2020,19,7930864651
3037,43,1,2021,25,9346262050
3038,43,2,2021,29,10795479796
3039,43,3,2021,21,6397240290
3040,43,4,2021,21,7304772258
3041,43,5,2021,25,9394713225
3042,43,6,2021,23,8210656242
3043,43,7,2021,21,7037666349
3044,43,8,2021,29,9082252219
3045,43,9,2021,25,7829189000
3046,43,10,2021,26,9623876834
3047,43,11,2021,28,10278876020
3048,43,12,2021,28,11273282608
3049,43,1,2022,29,9802801821
3050,43,2,2022,27,10076720355
3051,43,3,2022,20,6742119480
3052,43,4,2022,26,9366428058
3053,43,5,2022,29,11034371414
3054,43,6,2022,29,9565316761
3055,43,7,2022,22,7181690494
3056,43,8,2022,26,8544522714
3057,43,9,2022,28,8709363404
3058,43,10,2022,20,7887584700
3059,43,11,2022,20,6954959080
3060,43,12,2022,24,9088977456
3061,43,1,2023,28,11675657084
3062,43,2,2023,20,6338079300
3063,43,3,2023,28,9972241412
3064,43,4,2023,21,7366305429
3065,43,5,2023,21,7612621653
3066,43,6,2023,20,7077182880
3067,43,7,2023,26,8626857486
3068,43,8,2023,28,10425438632
3069,43,9,2023,27,10231925454
3070,43,10,2023,20,6535507920
3071,43,11,2023,29,9353928598
3072,43,12,2023,23,7167528801
3073,43,1,2024,26,9675874520
3074,43,2,2024,26,10110359480
3075,43,3,2024,20,7220797300
3076,43,4,2024,22,9221324860
3077,43,5,2024,28,10094912044
3078,43,6,2024,22,7524879494
3079,43,7,2024,25,7969366250
3080,43,8,2024,22,6742753886
3081,43,9,2024,24,8888086344
3082,43,10,2024,20,8093747680
3083,43,11,2024,22,7608430016
3084,43,12,2024,29,8790529967
3085,43,1,2025,24,8871424824
3086,43,2,2025,28,10566942680
3087,43,3,2025,22,8164647414
3088,43,4,2025,25,8871153400
3089,43,5,2025,24,8042883072
3090,43,6,2025,24,8209989504
3091,43,7,2025,21,8577192477
3092,43,8,2025,21,6581594019
3093,43,9,2025,24,9712647624
3094,43,10,2025,29,10280996741
3095,43,11,2025,22,8971100908
3096,43,12,2025,22,9155459874
3097,44,1,2020,21,8808831318
3098,44,2,2020,17,5810287404
3099,44,3,2020,23,8511764560
3100,44,4,2020,17,6253002101
3101,44,5,2020,24,7746639984
3102,44,6,2020,19,5807669124
3103,44,7,2020,25,8784646750
3104,44,8,2020,17,5479608589
3105,44,9,2020,23,8086708506
3106,44,10,2020,20,6507397860
3107,44,11,2020,22,9126389140
3108,44,12,2020,22,7990553714
3109,44,1,2021,29,11368696986
3110,44,2,2021,27,9499697820
3111,44,3,2021,22,8657275022
3112,44,4,2021,28,9694466796
3113,44,5,2021,20,7492143840
3114,44,6,2021,29,10211876343
3115,44,7,2021,22,7625435664
3116,44,8,2021,22,8485021534
3117,44,9,2021,26,10113108460
3118,44,10,2021,28,11524457420
3119,44,11,2021,26,8328968206
3120,44,12,2021,29,11981771341
3121,44,1,2022,21,7204513071
3122,44,2,2022,26,10057889478
3123,44,3,2022,26,10244319124
3124,44,4,2022,25,9677761125
3125,44,5,2022,24,8887840224
3126,44,6,2022,26,9624487652
3127,44,7,2022,20,6627523240
3128,44,8,2022,26,9029095868
3129,44,9,2022,20,7182883660
3130,44,10,2022,28,11062270436
3131,44,11,2022,25,9444285675
3132,44,12,2022,25,8798498825
3133,44,1,2023,20,6123156500
3134,44,2,2023,23,6995773564
3135,44,3,2023,21,6978197709
3136,44,4,2023,22,7270905092
3137,44,5,2023,24,9308158368
3138,44,6,2023,24,7867242648
3139,44,7,2023,29,11841206659
3140,44,8,2023,21,7453299063
3141,44,9,2023,29,11739767907
3142,44,10,2023,25,8663358575
3143,44,11,2023,26,8720042162
3144,44,12,2023,21,8496873294
3145,44,1,2024,28,11298067368
3146,44,2,2024,24,8104869600
3147,44,3,2024,25,10327425075
3148,44,4,2024,20,7476437300
3149,44,5,2024,28,9415917392
3150,44,6,2024,26,9644887434
3151,44,7,2024,22,6893436814
3152,44,8,2024,29,9818737756
3153,44,9,2024,27,9186353991
3154,44,10,2024,24,7765010256
3155,44,11,2024,29,11105842378
3156,44,12,2024,22,6754591646
3157,44,1,2025,21,6489423738
3158,44,2,2025,25,8586793900
3159,44,3,2025,23,9047396748
3160,44,4,2025,22,6661354964
3161,44,5,2025,23,7411540654
3162,44,6,2025,25,10068007100
3163,44,7,2025,22,7129635810
3164,44,8,2025,26,8684463008
3165,44,9,2025,23,8957153488
3166,44,10,2025,25,7747635350
3167,44,11,2025,28,10983579320
3168,44,12,2025,24,7843121808
3169,45,1,2020,11,4425880074
3170,45,2,2020,13,4075357026
3171,45,3,2020,10,3764647520
3172,45,4,2020,10,4190990030
3173,45,5,2020,13,4161653834
3174,45,6,2020,13,4120366757
3175,45,7,2020,10,3674049630
3176,45,8,2020,10,3254022420
3177,45,9,2020,14,4602516884
3178,45,10,2020,12,4197692880
3179,45,11,2020,11,3737605751
3180,45,12,2020,13,4434829074
3181,45,1,2021,12,3902556720
3182,45,2,2021,14,5150745908
3183,45,3,2021,16,5454995456
3184,45,4,2021,16,5824079440
3185,45,5,2021,16,6173358960
3186,45,6,2021,17,5180931849
3187,45,7,2021,15,4824273285
3188,45,8,2021,12,3831157728
3189,45,9,2021,16,5008558784
3190,45,10,2021,13,4027569871
3191,45,11,2021,17,5599983600
3192,45,12,2021,12,4269737484
3193,45,1,2022,14,4579330378
3194,45,2,2022,12,4849016448
3195,45,3,2022,17,6364150311
3196,45,4,2022,13,4806673742
3197,45,5,2022,16,5930735168
3198,45,6,2022,13,4111242720
3199,45,7,2022,16,6261150784
3200,45,8,2022,16,6454946512
3201,45,9,2022,15,5421710880
3202,45,10,2022,12,4705686144
3203,45,11,2022,13,4267765918
3204,45,12,2022,15,6220410975
3205,45,1,2023,17,6737374142
3206,45,2,2023,13,5366831210
3207,45,3,2023,12,3883014636
3208,45,4,2023,14,4416663762
3209,45,5,2023,14,4590923680
3210,45,6,2023,13,3929345082
3211,45,7,2023,12,4498466700
3212,45,8,2023,13,4194639228
3213,45,9,2023,12,3751355244
3214,45,10,2023,13,5109161590
3215,45,11,2023,16,5886361344
3216,45,12,2023,13,4863140893
3217,45,1,2024,15,5720786730
3218,45,2,2024,14,5199130552
3219,45,3,2024,15,4598331870
3220,45,4,2024,12,4336950300
3221,45,5,2024,14,5753403012
3222,45,6,2024,15,6135817830
3223,45,7,2024,17,5676924427
3224,45,8,2024,14,4523571780
3225,45,9,2024,17,6267244837
3226,45,10,2024,13,5282010851
3227,45,11,2024,12,4839305508
3228,45,12,2024,12,4690357536
3229,45,1,2025,16,5821318064
3230,45,2,2025,17,6466157927
3231,45,3,2025,16,5767575760
3232,45,4,2025,12,4393004184
3233,45,5,2025,17,5829144994
3234,45,6,2025,14,4352257350
3235,45,7,2025,17,5117130798
3236,45,8,2025,12,5007214332
3237,45,9,2025,13,4026782383
3238,45,10,2025,16,5712283456
3239,45,11,2025,12,4365614064
3240,45,12,2025,14,4860354128
3241,46,1,2020,19,7598347076
3242,46,2,2020,20,7802697500
3243,46,3,2020,18,5754640140
3244,46,4,2020,19,5930679342
3245,46,5,2020,21,8154719286
3246,46,6,2020,18,5562721530
3247,46,7,2020,24,8873667288
3248,46,8,2020,23,8514212312
3249,46,9,2020,25,9039806350
3250,46,10,2020,25,10102096975
3251,46,11,2020,21,8182800675
3252,46,12,2020,22,8446312908
3253,46,1,2021,25,10272300850
3254,46,2,2021,20,6615282020
3255,46,3,2021,20,6523045700
3256,46,4,2021,29,9464299350
3257,46,5,2021,27,10531890432
3258,46,6,2021,25,9382507875
3259,46,7,2021,22,7918667636
3260,46,8,2021,27,11081884806
3261,46,9,2021,24,10000553256
3262,46,10,2021,21,7874459166
3263,46,11,2021,24,7607533824
3264,46,12,2021,24,9690212088
3265,46,1,2022,29,9610109262
3266,46,2,2022,23,8609708933
3267,46,3,2022,24,7930272408
3268,46,4,2022,28,8749630596
3269,46,5,2022,24,9170091360
3270,46,6,2022,22,9070185806
3271,46,7,2022,29,8731378754
3272,46,8,2022,27,9947738331
3273,46,9,2022,28,9294322436
3274,46,10,2022,23,9397130907
3275,46,11,2022,23,7410600575
3276,46,12,2022,22,7965232176
3277,46,1,2023,22,6699454300
3278,46,2,2023,29,11539327969
3279,46,3,2023,21,6948894099
3280,46,4,2023,27,8938340604
3281,46,5,2023,22,9224157888
3282,46,6,2023,28,11422257756
3283,46,7,2023,26,9370387026
3284,46,8,2023,25,8225663050
3285,46,9,2023,23,9645812772
3286,46,10,2023,21,6320935404
3287,46,11,2023,26,10067379660
3288,46,12,2023,20,7937995120
3289,46,1,2024,27,11072221128
3290,46,2,2024,26,9366350344
3291,46,3,2024,28,11391344468
3292,46,4,2024,23,7286809216
3293,46,5,2024,27,8841715515
3294,46,6,2024,24,8188195392
3295,46,7,2024,28,11294272500
3296,46,8,2024,24,7426310976
3297,46,9,2024,26,8501097332
3298,46,10,2024,27,9112682952
3299,46,11,2024,24,7269938784
3300,46,12,2024,20,6662324840
3301,46,1,2025,20,7138374640
3302,46,2,2025,28,10892984620
3303,46,3,2025,20,8142926340
3304,46,4,2025,20,7344174080
3305,46,5,2025,26,9006794082
3306,46,6,2025,22,8277773856
3307,46,7,2025,20,6658246340
3308,46,8,2025,27,11319314355
3309,46,9,2025,27,8536261059
3310,46,10,2025,28,8601925752
3311,46,11,2025,28,8692103532
3312,46,12,2025,26,9736604072
3313,47,1,2020,22,8391446250
3314,47,2,2020,24,7344632208
3315,47,3,2020,18,7242562278
3316,47,4,2020,19,7225419864
3317,47,5,2020,20,7301070280
3318,47,6,2020,21,7369625508
3319,47,7,2020,24,7269824064
3320,47,8,2020,24,8755971096
3321,47,9,2020,17,5301079468
3322,47,10,2020,18,6760435914
3323,47,11,2020,17,5957813268
3324,47,12,2020,18,7124360724
3325,47,1,2021,20,7693174440
3326,47,2,2021,27,8664207984
3327,47,3,2021,28,10204703964
3328,47,4,2021,26,10118206462
3329,47,5,2021,28,11643092916
3330,47,6,2021,22,8065051610
3331,47,7,2021,22,7740290096
3332,47,8,2021,26,9509613308
3333,47,9,2021,21,7311145989
3334,47,10,2021,21,6749165640
3335,47,11,2021,20,6572719800
3336,47,12,2021,26,7920550508
3337,47,1,2022,28,11365231136
3338,47,2,2022,25,8283238600
3339,47,3,2022,22,9104056698
3340,47,4,2022,23,7413805119
3341,47,5,2022,24,9634409472
3342,47,6,2022,22,7620426770
3343,47,7,2022,20,7298018260
3344,47,8,2022,20,7375796040
3345,47,9,2022,23,7896501864
3346,47,10,2022,25,8143373225
3347,47,11,2022,20,6018502460
3348,47,12,2022,25,8650701625
3349,47,1,2023,29,10338241407
3350,47,2,2023,23,7496507875
3351,47,3,2023,24,8792832816
3352,47,4,2023,29,10219717711
3353,47,5,2023,21,7224764295
3354,47,6,2023,28,11183008760
3355,47,7,2023,21,7789480839
3356,47,8,2023,28,10189181576
3357,47,9,2023,29,9521021987
3358,47,10,2023,21,8288569086
3359,47,11,2023,23,8793800013
3360,47,12,2023,27,9018286713
3361,47,1,2024,26,9925160908
3362,47,2,2024,25,7648864350
3363,47,3,2024,21,7160890191
3364,47,4,2024,28,11754257732
3365,47,5,2024,23,7375786602
3366,47,6,2024,29,10406522661
3367,47,7,2024,20,7995253380
3368,47,8,2024,25,10467380675
3369,47,9,2024,28,11655878920
3370,47,10,2024,26,9433661042
3371,47,11,2024,27,8521301169
3372,47,12,2024,28,11009011832
3373,47,1,2025,23,8793983990
3374,47,2,2025,23,9574759608
3375,47,3,2025,26,10157485936
3376,47,4,2025,26,10764626938
3377,47,5,2025,22,8115337912
3378,47,6,2025,23,9078091628
3379,47,7,2025,27,10220770485
3380,47,8,2025,27,10803974940
3381,47,9,2025,25,8971574725
3382,47,10,2025,27,8554351194
3383,47,11,2025,22,8525191488
3384,47,12,2025,26,9418618404
3385,48,1,2020,24,9704876232
3386,48,2,2020,24,9529118160
3387,48,3,2020,24,10003178616
3388,48,4,2020,18,6499251648
3389,48,5,2020,22,9220767754
3390,48,6,2020,22,8965806806
3391,48,7,2020,23,9075084194
3392,48,8,2020,20,7563223100
3393,48,9,2020,23,6975052220
3394,48,10,2020,19,6582613593
3395,48,11,2020,22,8139408046
3396,48,12,2020,21,7324972662
3397,48,1,2021,25,7885414050
3398,48,2,2021,23,6918908714
3399,48,3,2021,20,7013507920
3400,48,4,2021,21,6622873950
3401,48,5,2021,25,9258931800
3402,48,6,2021,25,7842117250
3403,48,7,2021,24,8282956896
3404,48,8,2021,20,8014418020
3405,48,9,2021,25,8617679150
3406,48,10,2021,24,7778411088
3407,48,11,2021,26,9966186022
3408,48,12,2021,27,10358891496
3409,48,1,2022,27,9868452561
3410,48,2,2022,29,11517019574
3411,48,3,2022,20,7087627640
3412,48,4,2022,25,7779835525
3413,48,5,2022,25,10384284950
3414,48,6,2022,21,7755669495
3415,48,7,2022,29,11542541894
3416,48,8,2022,27,9653288724
3417,48,9,2022,25,8070954450
3418,48,10,2022,27,9158396490
3419,48,11,2022,23,7271182832
3420,48,12,2022,23,7459249508
3421,48,1,2023,20,7126788460
3422,48,2,2023,24,7516187880
3423,48,3,2023,24,9916929624
3424,48,4,2023,25,9856521550
3425,48,5,2023,23,7439391147
3426,48,6,2023,25,9557288875
3427,48,7,2023,21,6804152145
3428,48,8,2023,26,10634605566
3429,48,9,2023,29,12070888834
3430,48,10,2023,25,8233862225
3431,48,11,2023,29,12032917771
3432,48,12,2023,20,6666521660
3433,48,1,2024,20,6764711380
3434,48,2,2024,25,9278616600
3435,48,3,2024,26,10730985252
3436,48,4,2024,22,7444909120
3437,48,5,2024,22,7481345828
3438,48,6,2024,28,9251555768
3439,48,7,2024,23,7508333900
3440,48,8,2024,25,9940922775
3441,48,9,2024,20,7686547800
3442,48,10,2024,27,10091301246
3443,48,11,2024,24,9140881200
3444,48,12,2024,26,8814117884
3445,48,1,2025,21,6734134008
3446,48,2,2025,22,8308641946
3447,48,3,2025,28,9210711384
3448,48,4,2025,26,8442111626
3449,48,5,2025,22,7733019316
3450,48,6,2025,28,9229868984
3451,48,7,2025,21,7803219018
3452,48,8,2025,29,10264465146
3453,48,9,2025,22,8690299772
3454,48,10,2025,29,11148434069
3455,48,11,2025,21,7668858057
3456,48,12,2025,29,8940326915
3457,49,1,2020,19,5821954559
3458,49,2,2020,21,7588832874
3459,49,3,2020,21,8514835224
3460,49,4,2020,22,7910508320
3461,49,5,2020,19,7297719595
3462,49,6,2020,21,7534378593
3463,49,7,2020,20,8282194440
3464,49,8,2020,20,7519421400
3465,49,9,2020,21,7106592759
3466,49,10,2020,19,6674322565
3467,49,11,2020,17,5582448950
3468,49,12,2020,20,7353178620
3469,49,1,2021,24,7259204712
3470,49,2,2021,26,9599063058
3471,49,3,2021,27,11252506257
3472,49,4,2021,22,7746425544
3473,49,5,2021,24,8020332264
3474,49,6,2021,26,10453004406
3475,49,7,2021,23,7050579321
3476,49,8,2021,24,8836941528
3477,49,9,2021,29,9088257249
3478,49,10,2021,20,6412835380
3479,49,11,2021,21,7918922970
3480,49,12,2021,23,7819669283
3481,49,1,2022,28,11285317680
3482,49,2,2022,25,8893870975
3483,49,3,2022,23,8721689539
3484,49,4,2022,20,6996826460
3485,49,5,2022,24,8548463184
3486,49,6,2022,25,10087401075
3487,49,7,2022,28,11716552624
3488,49,8,2022,25,7952621475
3489,49,9,2022,29,9509786401
3490,49,10,2022,29,10518406372
3491,49,11,2022,20,8117548260
3492,49,12,2022,20,7046920560
3493,49,1,2023,23,7363814021
3494,49,2,2023,23,8782671601
3495,49,3,2023,29,11948670277
3496,49,4,2023,23,7837586697
3497,49,5,2023,22,8109876302
3498,49,6,2023,21,6508526388
3499,49,7,2023,22,8778243870
3500,49,8,2023,28,10830214276
3501,49,9,2023,24,7617289296
3502,49,10,2023,22,9013902348
3503,49,11,2023,29,8770598760
3504,49,12,2023,27,11258235711
3505,49,1,2024,22,8931349768
3506,49,2,2024,24,8258897064
3507,49,3,2024,20,6949012600
3508,49,4,2024,24,9652243656
3509,49,5,2024,29,11334816373
3510,49,6,2024,29,9962650604
3511,49,7,2024,20,7799300420
3512,49,8,2024,25,9864393350
3513,49,9,2024,23,8513847302
3514,49,10,2024,26,9874193602
3515,49,11,2024,24,9334758024
3516,49,12,2024,21,6482313747
3517,49,1,2025,21,7903059969
3518,49,2,2025,25,10299018200
3519,49,3,2025,20,8086694740
3520,49,4,2025,21,7667496081
3521,49,5,2025,28,11342240112
3522,49,6,2025,26,7858117254
3523,49,7,2025,27,9931948083
3524,49,8,2025,25,8653308575
3525,49,9,2025,23,9614105938
3526,49,10,2025,26,10289691958
3527,49,11,2025,29,10438203972
3528,49,12,2025,21,7899634428
3529,50,1,2020,25,7936738925
3530,50,2,2020,20,8001085100
3531,50,3,2020,22,8786648420
3532,50,4,2020,17,7070513996
3533,50,5,2020,23,7735999101
3534,50,6,2020,22,7880508592
3535,50,7,2020,22,7284098492
3536,50,8,2020,22,8270870432
3537,50,9,2020,22,7901858184
3538,50,10,2020,17,5638136020
3539,50,11,2020,24,8237206152
3540,50,12,2020,23,8920124201
3541,50,1,2021,28,10559439940
3542,50,2,2021,27,10273120650
3543,50,3,2021,27,9934289631
3544,50,4,2021,25,9933018100
3545,50,5,2021,29,10257716295
3546,50,6,2021,21,8380930803
3547,50,7,2021,20,7337355100
3548,50,8,2021,26,9855417572
3549,50,9,2021,20,7051849340
3550,50,10,2021,22,9010597244
3551,50,11,2021,21,7666098174
3552,50,12,2021,24,8838314832
3553,50,1,2022,20,8244900400
3554,50,2,2022,23,7125667812
3555,50,3,2022,25,10388836475
3556,50,4,2022,29,10352308060
3557,50,5,2022,23,8089078932
3558,50,6,2022,28,9114171248
3559,50,7,2022,24,9085851936
3560,50,8,2022,20,8229456960
3561,50,9,2022,26,10419855316
3562,50,10,2022,28,10948110544
3563,50,11,2022,23,7384207017
3564,50,12,2022,27,8233520292
3565,50,1,2023,22,6745114970
3566,50,2,2023,26,10583121380
3567,50,3,2023,20,7569255960
3568,50,4,2023,21,6329280951
3569,50,5,2023,25,8193752275
3570,50,6,2023,20,6978032200
3571,50,7,2023,28,10295603920
3572,50,8,2023,24,9907446312
3573,50,9,2023,29,10208041702
3574,50,10,2023,21,7321147491
3575,50,11,2023,25,7617947900
3576,50,12,2023,26,10303335380
3577,50,1,2024,25,8038964125
3578,50,2,2024,21,6305967570
3579,50,3,2024,21,7085549499
3580,50,4,2024,24,7398768216
3581,50,5,2024,28,8871829792
3582,50,6,2024,22,8901236146
3583,50,7,2024,28,9178823584
3584,50,8,2024,29,11811125568
3585,50,9,2024,24,7253065704
3586,50,10,2024,24,9319132368
3587,50,11,2024,29,11192378639
3588,50,12,2024,29,10907478521
3589,50,1,2025,24,9850978656
3590,50,2,2025,20,6657851180
3591,50,3,2025,23,7013233025
3592,50,4,2025,28,10024446292
3593,50,5,2025,27,8195633757
3594,50,6,2025,24,9594840624
3595,50,7,2025,26,7883383196
3596,50,8,2025,21,8801615340
3597,50,9,2025,28,10589252884
3598,50,10,2025,22,6632656338
3599,50,11,2025,21,8137026093
3600,50,12,2025,28,9438641324
3601,51,1,2020,37,11953283492
3602,51,2,2020,32,10567858144
3603,51,3,2020,38,11620201564
3604,51,4,2020,38,12621480930
3605,51,5,2020,27,10862703261
3606,51,6,2020,35,10915928100
3607,51,7,2020,38,15942844786
3608,51,8,2020,36,14233423788
3609,51,9,2020,32,10147373920
3610,51,10,2020,27,10081597689
3611,51,11,2020,35,13672154405
3612,51,12,2020,34,14270201846
3613,51,1,2021,42,16121481852
3614,51,2,2021,38,13984954826
3615,51,3,2021,47,15619547835
3616,51,4,2021,36,13724714880
3617,51,5,2021,38,13025314872
3618,51,6,2021,43,13328333019
3619,51,7,2021,35,12777104760
3620,51,8,2021,35,11132759610
3621,51,9,2021,47,15407401538
3622,51,10,2021,39,13363428546
3623,51,11,2021,34,12841454628
3624,51,12,2021,37,12617441003
3625,51,1,2022,35,11702192075
3626,51,2,2022,45,14349533085
3627,51,3,2022,43,12935618577
3628,51,4,2022,39,13345871409
3629,51,5,2022,47,19368129420
3630,51,6,2022,40,15531438840
3631,51,7,2022,41,13732223275
3632,51,8,2022,33,10393003038
3633,51,9,2022,41,16821737316
3634,51,10,2022,47,18097864039
3635,51,11,2022,43,13247942541
3636,51,12,2022,38,12482281344
3637,51,1,2023,37,15119861004
3638,51,2,2023,33,10922561826
3639,51,3,2023,46,14269394212
3640,51,4,2023,39,13475174622
3641,51,5,2023,37,11744076538
3642,51,6,2023,45,13973687865
3643,51,7,2023,40,13704045200
3644,51,8,2023,37,14271413856
3645,51,9,2023,33,10049833035
3646,51,10,2023,44,15038729420
3647,51,11,2023,47,19156537065
3648,51,12,2023,43,14629249343
3649,51,1,2024,39,11729276364
3650,51,2,2024,36,14511036276
3651,51,3,2024,36,11925463428
3652,51,4,2024,37,13596430071
3653,51,5,2024,35,13133510880
3654,51,6,2024,42,13942168128
3655,51,7,2024,42,14630238000
3656,51,8,2024,39,14134634865
3657,51,9,2024,37,13529073125
3658,51,10,2024,39,13454736243
3659,51,11,2024,41,16258726423
3660,51,12,2024,37,15451734317
3661,51,1,2025,45,18230981355
3662,51,2,2025,47,18730062167
3663,51,3,2025,42,13565390244
3664,51,4,2025,35,13635004600
3665,51,5,2025,32,11321630976
3666,51,6,2025,44,15096730792
3667,51,7,2025,40,13523520360
3668,51,8,2025,37,15223837701
3669,51,9,2025,38,12756741398
3670,51,10,2025,42,15260364042
3671,51,11,2025,45,18267673905
3672,51,12,2025,32,11259935456
3673,52,1,2020,10,4010825420
3674,52,2,2020,14,4570975584
3675,52,3,2020,12,4439434308
3676,52,4,2020,14,4605998152
3677,52,5,2020,13,4341019397
3678,52,6,2020,13,5265000000
3679,52,7,2020,14,4996973688
3680,52,8,2020,14,5376316596
3681,52,9,2020,14,4791157546
3682,52,10,2020,13,4066855533
3683,52,11,2020,15,5527159470
3684,52,12,2020,14,4784473694
3685,52,1,2021,12,4900770588
3686,52,2,2021,13,5350106476
3687,52,3,2021,15,5738553885
3688,52,4,2021,15,5340075660
3689,52,5,2021,12,4820227260
3690,52,6,2021,16,6561793328
3691,52,7,2021,15,5789881785
3692,52,8,2021,17,6140079788
3693,52,9,2021,14,5350502290
3694,52,10,2021,17,6289934414
3695,52,11,2021,12,3881272968
3696,52,12,2021,17,6887484142
3697,52,1,2022,13,4913581244
3698,52,2,2022,14,4540582550
3699,52,3,2022,14,5854399754
3700,52,4,2022,15,5169754140
3701,52,5,2022,15,5062311735
3702,52,6,2022,17,5589318208
3703,52,7,2022,17,6659221096
3704,52,8,2022,14,5761677488
3705,52,9,2022,15,4979870265
3706,52,10,2022,14,4356551038
3707,52,11,2022,13,4338413937
3708,52,12,2022,16,6129743808
3709,52,1,2023,13,5236902281
3710,52,2,2023,17,6447045575
3711,52,3,2023,13,5452244486
3712,52,4,2023,13,5316481118
3713,52,5,2023,17,5261361246
3714,52,6,2023,15,4840914165
3715,52,7,2023,17,6847731240
3716,52,8,2023,12,4408722684
3717,52,9,2023,13,3969836221
3718,52,10,2023,17,5716403425
3719,52,11,2023,16,5464950880
3720,52,12,2023,14,5496681344
3721,52,1,2024,12,4510478664
3722,52,2,2024,14,5655474034
3723,52,3,2024,16,5598660576
3724,52,4,2024,15,5095093335
3725,52,5,2024,15,4990051680
3726,52,6,2024,14,4535980582
3727,52,7,2024,16,4812546000
3728,52,8,2024,15,5521614105
3729,52,9,2024,12,3865461504
3730,52,10,2024,13,4535279593
3731,52,11,2024,15,5162269050
3732,52,12,2024,14,5183492104
3733,52,1,2025,13,5240148030
3734,52,2,2025,13,4125362475
3735,52,3,2025,16,5949858128
3736,52,4,2025,17,6641132875
3737,52,5,2025,15,5679066540
3738,52,6,2025,17,5529317320
3739,52,7,2025,14,4740597120
3740,52,8,2025,16,5758031216
3741,52,9,2025,12,4559125884
3742,52,10,2025,15,5251083390
3743,52,11,2025,13,5378966827
3744,52,12,2025,14,4280386838
3745,53,1,2020,22,8027641864
3746,53,2,2020,20,6805859960
3747,53,3,2020,19,6456480136
3748,53,4,2020,18,7111628928
3749,53,5,2020,24,9318623400
3750,53,6,2020,21,6412798392
3751,53,7,2020,20,6089576580
3752,53,8,2020,24,7439945784
3753,53,9,2020,18,7448748498
3754,53,10,2020,18,6191376102
3755,53,11,2020,25,9769252450
3756,53,12,2020,21,7425563565
3757,53,1,2021,21,6665341200
3758,53,2,2021,21,7771125285
3759,53,3,2021,21,7518814842
3760,53,4,2021,24,9048501000
3761,53,5,2021,29,10888183023
3762,53,6,2021,29,11789754424
3763,53,7,2021,29,8740741462
3764,53,8,2021,22,7218398264
3765,53,9,2021,20,6573373260
3766,53,10,2021,21,6819190917
3767,53,11,2021,21,6374436852
3768,53,12,2021,20,6011471320
3769,53,1,2022,24,8448370200
3770,53,2,2022,22,8156295422
3771,53,3,2022,21,8362774014
3772,53,4,2022,23,7706140409
3773,53,5,2022,26,9747816260
3774,53,6,2022,24,8290126320
3775,53,7,2022,26,8857814498
3776,53,8,2022,25,10060167025
3777,53,9,2022,24,9105921216
3778,53,10,2022,27,9900680895
3779,53,11,2022,26,8059705082
3780,53,12,2022,27,11090859660
3781,53,1,2023,20,6817128800
3782,53,2,2023,28,11733038968
3783,53,3,2023,28,8801111816
3784,53,4,2023,24,8309116776
3785,53,5,2023,28,10125189872
3786,53,6,2023,23,9273249710
3787,53,7,2023,21,6957130509
3788,53,8,2023,26,9038282838
3789,53,9,2023,26,9213745060
3790,53,10,2023,20,6958258800
3791,53,11,2023,21,8149036728
3792,53,12,2023,24,8819461512
3793,53,1,2024,20,6053501920
3794,53,2,2024,27,11266886511
3795,53,3,2024,28,9168285896
3796,53,4,2024,27,8198140329
3797,53,5,2024,21,6870203823
3798,53,6,2024,25,9970147925
3799,53,7,2024,21,8326501218
3800,53,8,2024,26,10221156842
3801,53,9,2024,25,8655543050
3802,53,10,2024,23,9163464661
3803,53,11,2024,28,10916501988
3804,53,12,2024,27,10221716295
3805,53,1,2025,27,10273928571
3806,53,2,2025,29,10174363132
3807,53,3,2025,29,11898484066
3808,53,4,2025,27,9145013508
3809,53,5,2025,23,7214961678
3810,53,6,2025,22,8636634622
3811,53,7,2025,29,9091042757
3812,53,8,2025,22,7854927454
3813,53,9,2025,24,9376686576
3814,53,10,2025,27,8962610958
3815,53,11,2025,26,10606428950
3816,53,12,2025,24,8333811792
3817,54,1,2020,33,13794034881
3818,54,2,2020,40,12594571240
3819,54,3,2020,40,13413019920
3820,54,4,2020,28,8758167152
3821,54,5,2020,29,8862445443
3822,54,6,2020,28,8758080128
3823,54,7,2020,37,13019355390
3824,54,8,2020,36,12775963140
3825,54,9,2020,32,10480506400
3826,54,10,2020,27,8613143667
3827,54,11,2020,39,14657876688
3828,54,12,2020,32,12246014240
3829,54,1,2021,35,14310304050
3830,54,2,2021,32,13366160352
3831,54,3,2021,46,14200834938
3832,54,4,2021,46,17112386308
3833,54,5,2021,46,14768523468
3834,54,6,2021,36,12446143848
3835,54,7,2021,41,16530899101
3836,54,8,2021,46,14771278638
3837,54,9,2021,41,15301708974
3838,54,10,2021,36,12431216196
3839,54,11,2021,44,17825651228
3840,54,12,2021,40,16716470120
3841,54,1,2022,34,13417791382
3842,54,2,2022,43,16930207938
3843,54,3,2022,37,14667249846
3844,54,4,2022,38,11949497366
3845,54,5,2022,32,9800501568
3846,54,6,2022,35,12255063415
3847,54,7,2022,42,12792201912
3848,54,8,2022,39,14074096023
3849,54,9,2022,36,14830578360
3850,54,10,2022,37,15359790797
3851,54,11,2022,42,14315957040
3852,54,12,2022,41,14409770374
3853,54,1,2023,47,18482533048
3854,54,2,2023,32,12193119808
3855,54,3,2023,42,14714587524
3856,54,4,2023,34,12684341444
3857,54,5,2023,41,12621045088
3858,54,6,2023,47,14973521649
3859,54,7,2023,33,13268425863
3860,54,8,2023,45,16283590200
3861,54,9,2023,41,13289006797
3862,54,10,2023,42,15330670656
3863,54,11,2023,39,15423743790
3864,54,12,2023,33,12360830031
3865,54,1,2024,47,18394869118
3866,54,2,2024,34,13373372218
3867,54,3,2024,45,13911016410
3868,54,4,2024,47,17445485568
3869,54,5,2024,41,16775506126
3870,54,6,2024,46,14005910168
3871,54,7,2024,42,15887507160
3872,54,8,2024,33,11291143149
3873,54,9,2024,45,18207411570
3874,54,10,2024,46,15087874558
3875,54,11,2024,38,11871392964
3876,54,12,2024,36,11209677768
3877,54,1,2025,37,13788343854
3878,54,2,2025,44,18073137632
3879,54,3,2025,46,14377798318
3880,54,4,2025,37,13998312268
3881,54,5,2025,40,16469120440
3882,54,6,2025,41,13905774922
3883,54,7,2025,40,14500827680
3884,54,8,2025,43,14829790851
3885,54,9,2025,45,15414893595
3886,54,10,2025,45,16915919940
3887,54,11,2025,42,17349600030
3888,54,12,2025,42,16342201260
3889,55,1,2020,20,7406404520
3890,55,2,2020,17,6103927163
3891,55,3,2020,25,9130117650
3892,55,4,2020,20,7256228660
3893,55,5,2020,18,7155122148
3894,55,6,2020,20,7249171860
3895,55,7,2020,23,8258407255
3896,55,8,2020,18,6051466800
3897,55,9,2020,20,6519009780
3898,55,10,2020,17,5992906113
3899,55,11,2020,20,6632763320
3900,55,12,2020,24,9953276592
3901,55,1,2021,29,9511939854
3902,55,2,2021,20,7449817200
3903,55,3,2021,23,7246654689
3904,55,4,2021,20,6480784640
3905,55,5,2021,20,6857277280
3906,55,6,2021,27,10543302036
3907,55,7,2021,20,7769355300
3908,55,8,2021,22,8562893438
3909,55,9,2021,29,12134848508
3910,55,10,2021,28,10388982912
3911,55,11,2021,25,9740109325
3912,55,12,2021,28,9818468716
3913,55,1,2022,24,8349621432
3914,55,2,2022,26,9881441804
3915,55,3,2022,20,6853454440
3916,55,4,2022,23,8012536588
3917,55,5,2022,23,9622959788
3918,55,6,2022,21,6842327268
3919,55,7,2022,28,11421384660
3920,55,8,2022,27,10524893976
3921,55,9,2022,20,8332949760
3922,55,10,2022,29,11149821951
3923,55,11,2022,21,8391514635
3924,55,12,2022,24,7870060104
3925,55,1,2023,21,6600249936
3926,55,2,2023,23,7579930094
3927,55,3,2023,20,6091887060
3928,55,4,2023,25,9065765500
3929,55,5,2023,24,7708548432
3930,55,6,2023,20,6838191100
3931,55,7,2023,26,8438366612
3932,55,8,2023,23,9500777463
3933,55,9,2023,23,7611371416
3934,55,10,2023,22,7288053168
3935,55,11,2023,20,8237966020
3936,55,12,2023,26,9036305382
3937,55,1,2024,29,9967350605
3938,55,2,2024,21,7156268133
3939,55,3,2024,23,8479907835
3940,55,4,2024,20,6840998920
3941,55,5,2024,25,7570444250
3942,55,6,2024,23,9017968823
3943,55,7,2024,22,9014469068
3944,55,8,2024,27,8380997910
3945,55,9,2024,20,8051497980
3946,55,10,2024,21,6396184872
3947,55,11,2024,27,8616757212
3948,55,12,2024,21,6455469993
3949,55,1,2025,24,7354249824
3950,55,2,2025,24,9397657128
3951,55,3,2025,27,8265737880
3952,55,4,2025,20,7495336040
3953,55,5,2025,23,8560221006
3954,55,6,2025,26,8311041050
3955,55,7,2025,28,9705436272
3956,55,8,2025,21,6359929128
3957,55,9,2025,28,10631986120
3958,55,10,2025,23,7751149247
3959,55,11,2025,25,10068974550
3960,55,12,2025,24,8674922928
3961,56,1,2020,19,7681703572
3962,56,2,2020,25,7936363875
3963,56,3,2020,24,8382739200
3964,56,4,2020,22,9070393882
3965,56,5,2020,19,7744731189
3966,56,6,2020,25,8047394775
3967,56,7,2020,18,7122967758
3968,56,8,2020,24,9738182760
3969,56,9,2020,25,8811829925
3970,56,10,2020,24,7641101448
3971,56,11,2020,21,6310976070
3972,56,12,2020,19,7292608709
3973,56,1,2021,20,7180948480
3974,56,2,2021,24,9392437080
3975,56,3,2021,23,6939937476
3976,56,4,2021,22,7204903662
3977,56,5,2021,24,9994391112
3978,56,6,2021,27,11324374236
3979,56,7,2021,20,8280316320
3980,56,8,2021,24,7884202992
3981,56,9,2021,23,8486421872
3982,56,10,2021,24,8801171616
3983,56,11,2021,24,9649149144
3984,56,12,2021,24,7749764544
3985,56,1,2022,24,7363320072
3986,56,2,2022,21,8700069021
3987,56,3,2022,27,10602173376
3988,56,4,2022,26,9501957036
3989,56,5,2022,28,9814801976
3990,56,6,2022,24,7645564488
3991,56,7,2022,29,12053359755
3992,56,8,2022,25,8503162550
3993,56,9,2022,27,10480616757
3994,56,10,2022,23,7502934650
3995,56,11,2022,21,6845253534
3996,56,12,2022,21,7014083979
3997,56,1,2023,23,7504693391
3998,56,2,2023,27,9355811526
3999,56,3,2023,26,8851278254
4000,56,4,2023,29,10375840226
4001,56,5,2023,24,9859022088
4002,56,6,2023,23,7166221573
4003,56,7,2023,23,7205925990
4004,56,8,2023,26,9530782898
4005,56,9,2023,29,9377776226
4006,56,10,2023,28,9183026860
4007,56,11,2023,26,9389354234
4008,56,12,2023,24,7511860440
4009,56,1,2024,29,10751968225
4010,56,2,2024,28,11152171716
4011,56,3,2024,23,7775079367
4012,56,4,2024,28,11173784580
4013,56,5,2024,24,8274003696
4014,56,6,2024,24,8662720872
4015,56,7,2024,23,7273672467
4016,56,8,2024,26,9721438636
4017,56,9,2024,21,8660499603
4018,56,10,2024,20,6441327660
4019,56,11,2024,21,7462880901
4020,56,12,2024,20,7722632620
4021,56,1,2025,22,7339395624
4022,56,2,2025,20,7428192180
4023,56,3,2025,29,9789730245
4024,56,4,2025,28,11605558888
4025,56,5,2025,20,6696263800
4026,56,6,2025,25,8117443200
4027,56,7,2025,22,7851521238
4028,56,8,2025,21,8536042683
4029,56,9,2025,22,6990798584
4030,56,10,2025,26,8351233956
4031,56,11,2025,27,8353281951
4032,56,12,2025,27,9629732601
4033,57,1,2020,14,4438411516
4034,57,2,2020,12,4037812212
4035,57,3,2020,15,6183129540
4036,57,4,2020,12,4815807012
4037,57,5,2020,15,5235710340
4038,57,6,2020,12,4734356664
4039,57,7,2020,12,4348290636
4040,57,8,2020,13,4946281288
4041,57,9,2020,15,4858513515
4042,57,10,2020,13,4453573111
4043,57,11,2020,14,5477666404
4044,57,12,2020,13,3990949495
4045,57,1,2021,17,6786461591
4046,57,2,2021,12,4874734320
4047,57,3,2021,16,6295808672
4048,57,4,2021,12,3929564808
4049,57,5,2021,16,6506318256
4050,57,6,2021,14,5815761938
4051,57,7,2021,15,5493434235
4052,57,8,2021,12,4936262640
4053,57,9,2021,12,4684934256
4054,57,10,2021,14,5808735982
4055,57,11,2021,16,4805927968
4056,57,12,2021,14,4893929852
4057,57,1,2022,16,5036509376
4058,57,2,2022,16,5579207424
4059,57,3,2022,15,5558527695
4060,57,4,2022,14,5449532088
4061,57,5,2022,15,5973176460
4062,57,6,2022,14,4575418372
4063,57,7,2022,13,4294978064
4064,57,8,2022,16,6545956624
4065,57,9,2022,16,5522193920
4066,57,10,2022,14,5498842132
4067,57,11,2022,17,6741492069
4068,57,12,2022,12,5027790528
4069,57,1,2023,17,5109359367
4070,57,2,2023,15,6212043555
4071,57,3,2023,12,4984156800
4072,57,4,2023,15,5994544335
4073,57,5,2023,14,5392833950
4074,57,6,2023,13,4436304977
4075,57,7,2023,14,5259828868
4076,57,8,2023,16,6579315920
4077,57,9,2023,12,4608062376
4078,57,10,2023,15,5839739850
4079,57,11,2023,15,5413231860
4080,57,12,2023,13,4995870724
4081,57,1,2024,13,4509528036
4082,57,2,2024,15,5485156035
4083,57,3,2024,17,6111535003
4084,57,4,2024,15,4655474580
4085,57,5,2024,13,5286930038
4086,57,6,2024,16,6210752624
4087,57,7,2024,16,5092390992
4088,57,8,2024,12,4580442840
4089,57,9,2024,15,5509161855
4090,57,10,2024,12,4565684952
4091,57,11,2024,14,5538015434
4092,57,12,2024,16,6018081888
4093,57,1,2025,15,4503739995
4094,57,2,2025,13,3986366462
4095,57,3,2025,16,4874145968
4096,57,4,2025,15,5120167140
4097,57,5,2025,14,5435097626
4098,57,6,2025,15,6192486495
4099,57,7,2025,15,6243507465
4100,57,8,2025,15,5304123360
4101,57,9,2025,17,6497472403
4102,57,10,2025,13,5233517718
4103,57,11,2025,13,4703173111
4104,57,12,2025,15,5694036270
4105,58,1,2020,25,9821371800
4106,58,2,2020,22,7835522266
4107,58,3,2020,20,7193641020
4108,58,4,2020,24,9871594080
4109,58,5,2020,17,6421211321
4110,58,6,2020,17,6358049742
4111,58,7,2020,25,10374897875
4112,58,8,2020,18,7414176600
4113,58,9,2020,20,7013913880
4114,58,10,2020,22,8243580796
4115,58,11,2020,23,9233387007
4116,58,12,2020,17,6672732322
4117,58,1,2021,23,7480218608
4118,58,2,2021,26,8702707182
4119,58,3,2021,23,9273329888
4120,58,4,2021,29,9350252065
4121,58,5,2021,25,8515267850
4122,58,6,2021,20,6347902780
4123,58,7,2021,27,9964361934
4124,58,8,2021,27,8954814438
4125,58,9,2021,27,9908222103
4126,58,10,2021,26,9050822144
4127,58,11,2021,25,9279945575
4128,58,12,2021,26,8271438344
4129,58,1,2022,24,8591311656
4130,58,2,2022,22,7929152286
4131,58,3,2022,23,7940615450
4132,58,4,2022,23,7053544228
4133,58,5,2022,20,6415580740
4134,58,6,2022,23,8640359883
4135,58,7,2022,27,8448237603
4136,58,8,2022,29,11686402194
4137,58,9,2022,21,8004377157
4138,58,10,2022,23,8152953428
4139,58,11,2022,25,10100948000
4140,58,12,2022,22,7203273242
4141,58,1,2023,28,11143346816
4142,58,2,2023,27,10126894455
4143,58,3,2023,29,10709137893
4144,58,4,2023,22,7979932928
4145,58,5,2023,23,8766242839
4146,58,6,2023,24,7489910592
4147,58,7,2023,26,8819471934
4148,58,8,2023,21,8675823912
4149,58,9,2023,25,8843867950
4150,58,10,2023,28,11473536536
4151,58,11,2023,28,11591005104
4152,58,12,2023,20,6950647860
4153,58,1,2024,27,8569089090
4154,58,2,2024,28,10004317064
4155,58,3,2024,23,7888839782
4156,58,4,2024,23,9152533474
4157,58,5,2024,29,11603285642
4158,58,6,2024,21,7015531257
4159,58,7,2024,22,8113948854
4160,58,8,2024,26,9685578396
4161,58,9,2024,29,10868690412
4162,58,10,2024,21,7689740163
4163,58,11,2024,25,8589880225
4164,58,12,2024,24,10065959592
4165,58,1,2025,21,8423163483
4166,58,2,2025,23,8923050997
4167,58,3,2025,26,8784596964
4168,58,4,2025,29,10793687625
4169,58,5,2025,20,8378845200
4170,58,6,2025,24,8809057536
4171,58,7,2025,24,9760470480
4172,58,8,2025,24,9418560000
4173,58,9,2025,29,9868487691
4174,58,10,2025,23,8892625884
4175,58,11,2025,28,10600387980
4176,58,12,2025,29,10373634341
4177,59,1,2020,14,4972843330
4178,59,2,2020,11,3826907095
4179,59,3,2020,14,5860503208
4180,59,4,2020,10,3057898260
4181,59,5,2020,13,5334479917
4182,59,6,2020,13,4036204809
4183,59,7,2020,13,3990974195
4184,59,8,2020,13,5456169940
4185,59,9,2020,12,3886202220
4186,59,10,2020,12,5033890764
4187,59,11,2020,12,4010681292
4188,59,12,2020,12,4685766216
4189,59,1,2021,17,6984112040
4190,59,2,2021,13,4498855192
4191,59,3,2021,12,3808043484
4192,59,4,2021,17,7133706447
4193,59,5,2021,14,5289086110
4194,59,6,2021,14,5758405408
4195,59,7,2021,13,5099025737
4196,59,8,2021,13,4516715671
4197,59,9,2021,12,4562655168
4198,59,10,2021,13,4604019550
4199,59,11,2021,12,4626437616
4200,59,12,2021,12,4081173552
4201,59,1,2022,15,5480215470
4202,59,2,2022,13,5266619514
4203,59,3,2022,15,5145518730
4204,59,4,2022,17,6179462260
4205,59,5,2022,12,4021673676
4206,59,6,2022,12,4775797608
4207,59,7,2022,14,5602141972
4208,59,8,2022,12,5013343584
4209,59,9,2022,13,4388483866
4210,59,10,2022,12,3942545172
4211,59,11,2022,14,5877235490
4212,59,12,2022,13,4004358514
4213,59,1,2023,17,6877770121
4214,59,2,2023,16,5731998512
4215,59,3,2023,17,5540802299
4216,59,4,2023,13,4755706943
4217,59,5,2023,12,4155643380
4218,59,6,2023,13,3944345756
4219,59,7,2023,15,5322638610
4220,59,8,2023,15,5160599190
4221,59,9,2023,16,5754846544
4222,59,10,2023,13,4287188932
4223,59,11,2023,15,6003885495
4224,59,12,2023,14,4703226724
4225,59,1,2024,17,5336026300
4226,59,2,2024,16,6406698480
4227,59,3,2024,17,6423608338
4228,59,4,2024,14,4996162612
4229,59,5,2024,15,4900518855
4230,59,6,2024,13,5220224425
4231,59,7,2024,14,4748467276
4232,59,8,2024,14,4331680570
4233,59,9,2024,16,5177892320
4234,59,10,2024,15,6284063100
4235,59,11,2024,17,5812144127
4236,59,12,2024,13,4599733788
4237,59,1,2025,14,5667991028
4238,59,2,2025,16,6554193152
4239,59,3,2025,13,4536425803
4240,59,4,2025,13,5277021607
4241,59,5,2025,13,4410416816
4242,59,6,2025,16,5837269152
4243,59,7,2025,14,4632672786
4244,59,8,2025,17,6668980439
4245,59,9,2025,16,5615361216
4246,59,10,2025,12,4387726680
4247,59,11,2025,15,6274076940
4248,59,12,2025,13,5106693072
4249,60,1,2020,14,5499445938
4250,60,2,2020,13,5247436896
4251,60,3,2020,10,3338165790
4252,60,4,2020,11,3772444181
4253,60,5,2020,13,5199515217
4254,60,6,2020,10,3690037790
4255,60,7,2020,10,3250615400
4256,60,8,2020,11,3319904082
4257,60,9,2020,10,4034404250
4258,60,10,2020,12,4756004160
4259,60,11,2020,13,5409388634
4260,60,12,2020,13,5325251490
4261,60,1,2021,16,5434614000
4262,60,2,2021,16,6385677632
4263,60,3,2021,15,5006090655
4264,60,4,2021,17,6836156008
4265,60,5,2021,16,5199218080
4266,60,6,2021,13,4851178397
4267,60,7,2021,12,4454321820
4268,60,8,2021,16,6468096080
4269,60,9,2021,14,4363006228
4270,60,10,2021,13,4236078262
4271,60,11,2021,16,6133615680
4272,60,12,2021,13,5269612569
4273,60,1,2022,17,7126442738
4274,60,2,2022,13,5342341290
4275,60,3,2022,16,5896573408
4276,60,4,2022,12,4486267236
4277,60,5,2022,15,6044800710
4278,60,6,2022,16,5800257232
4279,60,7,2022,14,5435220602
4280,60,8,2022,13,4109762293
4281,60,9,2022,17,6418417728
4282,60,10,2022,16,5488376752
4283,60,11,2022,13,4484369968
4284,60,12,2022,12,4156318284
4285,60,1,2023,14,5076292676
4286,60,2,2023,14,5466106268
4287,60,3,2023,15,6131116545
4288,60,4,2023,13,5212501268
4289,60,5,2023,14,4557453362
4290,60,6,2023,17,5560943712
4291,60,7,2023,14,4670304800
4292,60,8,2023,17,6944457330
4293,60,9,2023,12,4205891760
4294,60,10,2023,17,6022874155
4295,60,11,2023,13,4961592883
4296,60,12,2023,12,4896368904
4297,60,1,2024,14,5077945460
4298,60,2,2024,16,6707991600
4299,60,3,2024,17,6261475938
4300,60,4,2024,15,5899583100
4301,60,5,2024,14,4693101140
4302,60,6,2024,14,5851485682
4303,60,7,2024,16,5257015040
4304,60,8,2024,17,6111074490
4305,60,9,2024,15,4834866645
4306,60,10,2024,16,5103033872
4307,60,11,2024,13,5349893562
4308,60,12,2024,13,4937340005
4309,60,1,2025,14,5186774054
4310,60,2,2025,14,5173027258
4311,60,3,2025,16,4871340032
4312,60,4,2025,17,5198037113
4313,60,5,2025,16,6034028832
4314,60,6,2025,13,5313046050
4315,60,7,2025,12,4235754576
4316,60,8,2025,12,3634057452
4317,60,9,2025,16,4832865760
4318,60,10,2025,17,6175720254
4319,60,11,2025,14,5529087368
4320,60,12,2025,14,4659199916
4321,61,1,2020,13,4214034396
4322,61,2,2020,12,4318900212
4323,61,3,2020,11,3635055468
4324,61,4,2020,13,5174949871
4325,61,5,2020,11,4611840453
4326,61,6,2020,10,3804487210
4327,61,7,2020,11,4474665690
4328,61,8,2020,12,4354605528
4329,61,9,2020,11,3795704209
4330,61,10,2020,12,4906755588
4331,61,11,2020,13,4165705674
4332,61,12,2020,13,5150270866
4333,61,1,2021,17,5320360545
4334,61,2,2021,17,6514556434
4335,61,3,2021,12,4120493616
4336,61,4,2021,17,5779785511
4337,61,5,2021,13,4123977624
4338,61,6,2021,15,4555296255
4339,61,7,2021,15,5841222525
4340,61,8,2021,16,4863802752
4341,61,9,2021,15,5589559755
4342,61,10,2021,14,5498649086
4343,61,11,2021,15,5801015970
4344,61,12,2021,13,3988632206
4345,61,1,2022,13,5053599590
4346,61,2,2022,12,4013922588
4347,61,3,2022,14,5559998206
4348,61,4,2022,16,5979583264
4349,61,5,2022,15,4931132490
4350,61,6,2022,15,5669840595
4351,61,7,2022,13,5144547681
4352,61,8,2022,12,4519955208
4353,61,9,2022,15,5991790845
4354,61,10,2022,12,4220450928
4355,61,11,2022,12,4968992460
4356,61,12,2022,17,6054085373
4357,61,1,2023,17,5188586575
4358,61,2,2023,15,5636924295
4359,61,3,2023,14,5482899086
4360,61,4,2023,12,4753187568
4361,61,5,2023,13,4528109495
4362,61,6,2023,14,4468521680
4363,61,7,2023,15,5372795535
4364,61,8,2023,16,6275506384
4365,61,9,2023,15,5516661090
4366,61,10,2023,17,6004241900
4367,61,11,2023,15,5123348025
4368,61,12,2023,12,4785290604
4369,61,1,2024,13,3965930059
4370,61,2,2024,16,5134592528
4371,61,3,2024,16,5582358320
4372,61,4,2024,15,4874497935
4373,61,5,2024,15,6280852500
4374,61,6,2024,12,3719067432
4375,61,7,2024,13,5181739927
4376,61,8,2024,16,4888618992
4377,61,9,2024,13,5123987583
4378,61,10,2024,15,4533852525
4379,61,11,2024,14,4525950842
4380,61,12,2024,16,4963976960
4381,61,1,2025,15,5600063250
4382,61,2,2025,16,6440701280
4383,61,3,2025,16,5737799872
4384,61,4,2025,13,5286415784
4385,61,5,2025,13,4508890113
4386,61,6,2025,12,3640209468
4387,61,7,2025,14,5250740768
4388,61,8,2025,13,5270605444
4389,61,9,2025,17,6491524120
4390,61,10,2025,16,5054520368
4391,61,11,2025,14,4424921088
4392,61,12,2025,16,5535227888
4393,62,1,2020,10,3726963070
4394,62,2,2020,11,3650547362
4395,62,3,2020,14,4490495184
4396,62,4,2020,14,4424557550
4397,62,5,2020,12,4524456660
4398,62,6,2020,13,5094013340
4399,62,7,2020,10,3183017510
4400,62,8,2020,13,5300077640
4401,62,9,2020,10,3175947460
4402,62,10,2020,13,4464677308
4403,62,11,2020,12,4736009544
4404,62,12,2020,11,4314759801
4405,62,1,2021,12,4659356604
4406,62,2,2021,17,5927273380
4407,62,3,2021,12,4221723348
4408,62,4,2021,15,5458145160
4409,62,5,2021,17,5464112409
4410,62,6,2021,17,5168212687
4411,62,7,2021,15,6111550530
4412,62,8,2021,16,5527297568
4413,62,9,2021,16,6486780528
4414,62,10,2021,14,5243902552
4415,62,11,2021,17,5331252598
4416,62,12,2021,15,5715374820
4417,62,1,2022,17,6969755268
4418,62,2,2022,15,5389549050
4419,62,3,2022,17,5624578520
4420,62,4,2022,13,4399660681
4421,62,5,2022,12,4559515800
4422,62,6,2022,16,4842570272
4423,62,7,2022,12,4377893376
4424,62,8,2022,14,5051241986
4425,62,9,2022,14,5368433098
4426,62,10,2022,12,3662965440
4427,62,11,2022,13,5129987447
4428,62,12,2022,17,7038402288
4429,62,1,2023,16,6125936112
4430,62,2,2023,16,5333564336
4431,62,3,2023,14,4733935864
4432,62,4,2023,16,6568129168
4433,62,5,2023,12,4518536748
4434,62,6,2023,12,3740171460
4435,62,7,2023,16,5231641520
4436,62,8,2023,17,6792173676
4437,62,9,2023,12,4926634440
4438,62,10,2023,15,4642696530
4439,62,11,2023,13,4118976706
4440,62,12,2023,17,5578289356
4441,62,1,2024,12,3870911976
4442,62,2,2024,17,5332999195
4443,62,3,2024,13,4638213190
4444,62,4,2024,12,3910954680
4445,62,5,2024,15,5867321760
4446,62,6,2024,16,6501964928
4447,62,7,2024,14,4457671204
4448,62,8,2024,12,3647482428
4449,62,9,2024,14,5853276058
4450,62,10,2024,15,4590754590
4451,62,11,2024,17,6239851530
4452,62,12,2024,16,6281638336
4453,62,1,2025,15,5980970535
4454,62,2,2025,16,5793111728
4455,62,3,2025,15,5866787055
4456,62,4,2025,17,7076071551
4457,62,5,2025,16,6687149680
4458,62,6,2025,16,5337501040
4459,62,7,2025,12,3912670680
4460,62,8,2025,12,3614407056
4461,62,9,2025,14,5708682434
4462,62,10,2025,15,4830812520
4463,62,11,2025,16,5990775632
4464,62,12,2025,12,4565795952
4465,63,1,2020,21,8126835108
4466,63,2,2020,21,7974281889
4467,63,3,2020,19,6980536806
4468,63,4,2020,22,6798563662
4469,63,5,2020,19,6316071466
4470,63,6,2020,23,7335418359
4471,63,7,2020,21,6961784172
4472,63,8,2020,18,6039793926
4473,63,9,2020,22,7184532586
4474,63,10,2020,19,7712593107
4475,63,11,2020,25,8892321625
4476,63,12,2020,18,6071658696
4477,63,1,2021,24,7839114432
4478,63,2,2021,20,7982119240
4479,63,3,2021,24,8972084856
4480,63,4,2021,29,10751757018
4481,63,5,2021,24,9640113168
4482,63,6,2021,22,8844401236
4483,63,7,2021,22,8189681654
4484,63,8,2021,27,8438416029
4485,63,9,2021,24,9900291840
4486,63,10,2021,25,9219568575
4487,63,11,2021,25,7834885575
4488,63,12,2021,21,7936354839
4489,63,1,2022,29,11346439950
4490,63,2,2022,26,10712923572
4491,63,3,2022,22,8820057642
4492,63,4,2022,28,9909198068
4493,63,5,2022,28,10259335184
4494,63,6,2022,28,8841264684
4495,63,7,2022,25,9164954525
4496,63,8,2022,20,8049777200
4497,63,9,2022,24,8252326632
4498,63,10,2022,29,9040983421
4499,63,11,2022,28,8811618340
4500,63,12,2022,24,7722802128
4501,63,1,2023,28,10559168732
4502,63,2,2023,24,8317817328
4503,63,3,2023,29,11787795445
4504,63,4,2023,21,7955839164
4505,63,5,2023,25,9648073475
4506,63,6,2023,23,9654178171
4507,63,7,2023,22,7458321024
4508,63,8,2023,29,10264416774
4509,63,9,2023,20,7354006460
4510,63,10,2023,20,8237809780
4511,63,11,2023,29,9813376236
4512,63,12,2023,26,8065168852
4513,63,1,2024,25,9366266925
4514,63,2,2024,24,9577574352
4515,63,3,2024,28,10078887084
4516,63,4,2024,21,8598290799
4517,63,5,2024,22,6803984418
4518,63,6,2024,25,8367274175
4519,63,7,2024,22,7111184718
4520,63,8,2024,29,11532467845
4521,63,9,2024,29,9948557561
4522,63,10,2024,22,7384983628
4523,63,11,2024,26,8517018614
4524,63,12,2024,21,6966787590
4525,63,1,2025,25,7689298375
4526,63,2,2025,20,6797189080
4527,63,3,2025,29,11032495056
4528,63,4,2025,24,7350834192
4529,63,5,2025,27,8467766595
4530,63,6,2025,26,9222152576
4531,63,7,2025,21,7142417373
4532,63,8,2025,23,7326686800
4533,63,9,2025,24,7719887208
4534,63,10,2025,28,10537214576
4535,63,11,2025,26,9720821162
4536,63,12,2025,23,7969074063
4537,64,1,2020,10,4113939920
4538,64,2,2020,13,4360697380
4539,64,3,2020,12,4806117492
4540,64,4,2020,14,5281111794
4541,64,5,2020,10,3193457590
4542,64,6,2020,10,3040015100
4543,64,7,2020,13,4758855257
4544,64,8,2020,14,4982929014
4545,64,9,2020,14,5820099334
4546,64,10,2020,12,4391953368
4547,64,11,2020,15,4860645045
4548,64,12,2020,11,3724174124
4549,64,1,2021,16,5856064928
4550,64,2,2021,13,4549237992
4551,64,3,2021,16,6415124480
4552,64,4,2021,13,4028003200
4553,64,5,2021,14,5425661178
4554,64,6,2021,16,6644165680
4555,64,7,2021,14,5618863838
4556,64,8,2021,12,4951970568
4557,64,9,2021,17,5438711145
4558,64,10,2021,16,6231936032
4559,64,11,2021,17,5803735655
4560,64,12,2021,13,4904675048
4561,64,1,2022,14,5569660264
4562,64,2,2022,12,4114640208
4563,64,3,2022,17,5104880428
4564,64,4,2022,14,5636109066
4565,64,5,2022,13,5260993712
4566,64,6,2022,17,7038216580
4567,64,7,2022,15,6108592275
4568,64,8,2022,15,4608441750
4569,64,9,2022,13,4640292826
4570,64,10,2022,16,5641236544
4571,64,11,2022,17,5174817765
4572,64,12,2022,14,5592463114
4573,64,1,2023,15,4854638160
4574,64,2,2023,16,6111060832
4575,64,3,2023,13,3999484489
4576,64,4,2023,15,5231793870
4577,64,5,2023,17,5642599931
4578,64,6,2023,12,4587092148
4579,64,7,2023,12,4544353944
4580,64,8,2023,13,4055149397
4581,64,9,2023,13,5334240912
4582,64,10,2023,15,6262006200
4583,64,11,2023,12,4169563164
4584,64,12,2023,17,5336329563
4585,64,1,2024,16,4917969600
4586,64,2,2024,12,4229504172
4587,64,3,2024,14,5475382150
4588,64,4,2024,13,4659619900
4589,64,5,2024,13,4900409423
4590,64,6,2024,12,4147172100
4591,64,7,2024,12,4275315072
4592,64,8,2024,15,5265791520
4593,64,9,2024,17,7078510439
4594,64,10,2024,16,5389420016
4595,64,11,2024,13,4225822601
4596,64,12,2024,12,4924132824
4597,64,1,2025,14,4775409240
4598,64,2,2025,17,5371031187
4599,64,3,2025,12,4119553368
4600,64,4,2025,14,5248894840
4601,64,5,2025,16,5507437232
4602,64,6,2025,14,4549806632
4603,64,7,2025,16,5623012848
4604,64,8,2025,16,4824263664
4605,64,9,2025,14,5469623516
4606,64,10,2025,13,5297678451
4607,64,11,2025,17,6175978467
4608,64,12,2025,15,5499091335
4609,65,1,2020,11,3416635090
4610,65,2,2020,10,3884221640
4611,65,3,2020,10,3910415090
4612,65,4,2020,14,4301442726
4613,65,5,2020,13,4173866515
4614,65,6,2020,10,3183381450
4615,65,7,2020,11,3801396775
4616,65,8,2020,10,3064143780
4617,65,9,2020,14,4226665478
4618,65,10,2020,11,4209212502
4619,65,11,2020,13,4831122842
4620,65,12,2020,11,3613409635
4621,65,1,2021,14,5416176668
4622,65,2,2021,17,5448814415
4623,65,3,2021,12,4124859372
4624,65,4,2021,14,4606108178
4625,65,5,2021,13,4514711071
4626,65,6,2021,13,5257759234
4627,65,7,2021,14,4772673556
4628,65,8,2021,15,5764103175
4629,65,9,2021,12,4810710336
4630,65,10,2021,14,5295108056
4631,65,11,2021,12,4774309380
4632,65,12,2021,14,5744714136
4633,65,1,2022,14,4579366204
4634,65,2,2022,16,6113450736
4635,65,3,2022,13,4534226840
4636,65,4,2022,15,6267177600
4637,65,5,2022,14,4339832728
4638,65,6,2022,17,6646084771
4639,65,7,2022,13,5379735842
4640,65,8,2022,15,5826810405
4641,65,9,2022,16,6274432672
4642,65,10,2022,17,5878302296
4643,65,11,2022,16,6348323152
4644,65,12,2022,14,5460888496
4645,65,1,2023,13,5146926343
4646,65,2,2023,13,4813249077
4647,65,3,2023,17,5965383147
4648,65,4,2023,15,5089018545
4649,65,5,2023,15,4664182140
4650,65,6,2023,12,4789566864
4651,65,7,2023,16,5678396560
4652,65,8,2023,17,5804799549
4653,65,9,2023,17,6711024873
4654,65,10,2023,14,5283213866
4655,65,11,2023,12,4633505052
4656,65,12,2023,14,5075195720
4657,65,1,2024,15,5633426745
4658,65,2,2024,12,4418607948
4659,65,3,2024,17,6272024761
4660,65,4,2024,15,4937611065
4661,65,5,2024,14,5349147314
4662,65,6,2024,17,6240460776
4663,65,7,2024,12,3735960864
4664,65,8,2024,17,5791047127
4665,65,9,2024,15,5308260480
4666,65,10,2024,12,3750842544
4667,65,11,2024,16,4994564128
4668,65,12,2024,16,5490089504
4669,65,1,2025,15,5187883725
4670,65,2,2025,15,5755437825
4671,65,3,2025,13,4664007114
4672,65,4,2025,13,4013853961
4673,65,5,2025,14,5173851858
4674,65,6,2025,13,5428121985
4675,65,7,2025,14,5029094532
4676,65,8,2025,15,5002007820
4677,65,9,2025,12,4310843292
4678,65,10,2025,12,3813408204
4679,65,11,2025,12,3935990100
4680,65,12,2025,16,5456485344
4681,66,1,2020,19,7844737157
4682,66,2,2020,17,6361493364
4683,66,3,2020,18,5925311100
4684,66,4,2020,24,7298724360
4685,66,5,2020,18,6213926736
4686,66,6,2020,24,9448796520
4687,66,7,2020,22,7719975538
4688,66,8,2020,23,8628823428
4689,66,9,2020,18,6271905060
4690,66,10,2020,19,6223778453
4691,66,11,2020,23,8300179579
4692,66,12,2020,21,7221135432
4693,66,1,2021,27,10319680827
4694,66,2,2021,24,8716679544
4695,66,3,2021,26,7870957978
4696,66,4,2021,25,7671088000
4697,66,5,2021,22,7360793726
4698,66,6,2021,25,8283169800
4699,66,7,2021,25,8123494550
4700,66,8,2021,28,11197174996
4701,66,9,2021,20,7321774600
4702,66,10,2021,28,8420228040
4703,66,11,2021,21,7038826620
4704,66,12,2021,24,7865299200
4705,66,1,2022,21,7508851434
4706,66,2,2022,21,8089942434
4707,66,3,2022,22,6806810054
4708,66,4,2022,20,6735910100
4709,66,5,2022,27,9055532592
4710,66,6,2022,27,10351976904
4711,66,7,2022,26,8191980160
4712,66,8,2022,23,8494334907
4713,66,9,2022,22,8208905034
4714,66,10,2022,25,7942763725
4715,66,11,2022,21,7899347946
4716,66,12,2022,20,7340585700
4717,66,1,2023,21,8534666238
4718,66,2,2023,24,8589968352
4719,66,3,2023,28,11153908024
4720,66,4,2023,29,9482548586
4721,66,5,2023,28,11680450040
4722,66,6,2023,26,10515264812
4723,66,7,2023,23,8714297270
4724,66,8,2023,28,8560813016
4725,66,9,2023,21,7531132686
4726,66,10,2023,23,8214316531
4727,66,11,2023,21,8766429840
4728,66,12,2023,24,7219070520
4729,66,1,2024,29,11925160760
4730,66,2,2024,22,8425092434
4731,66,3,2024,25,9988506800
4732,66,4,2024,26,8325786690
4733,66,5,2024,28,10015707520
4734,66,6,2024,26,8787796498
4735,66,7,2024,20,7225423080
4736,66,8,2024,25,8055058225
4737,66,9,2024,21,7056795438
4738,66,10,2024,24,7871911560
4739,66,11,2024,23,8301492373
4740,66,12,2024,21,6337425381
4741,66,1,2025,22,8680392204
4742,66,2,2025,29,11004069343
4743,66,3,2025,25,7685086725
4744,66,4,2025,20,7603437020
4745,66,5,2025,29,11763401689
4746,66,6,2025,27,9739148805
4747,66,7,2025,24,9543920616
4748,66,8,2025,23,8891569218
4749,66,9,2025,27,10690273728
4750,66,10,2025,21,8110243323
4751,66,11,2025,21,7486516401
4752,66,12,2025,21,7888772703
4753,67,1,2020,22,7230531440
4754,67,2,2020,23,7429708469
4755,67,3,2020,20,6665244360
4756,67,4,2020,23,9002947362
4757,67,5,2020,24,8919057456
4758,67,6,2020,25,9565225275
4759,67,7,2020,25,9816046875
4760,67,8,2020,19,6012758867
4761,67,9,2020,19,5845843373
4762,67,10,2020,21,7974838305
4763,67,11,2020,24,10028979024
4764,67,12,2020,19,6544580153
4765,67,1,2021,29,11182113306
4766,67,2,2021,26,8010755402
4767,67,3,2021,23,7069620607
4768,67,4,2021,29,11708387935
4769,67,5,2021,26,9996147122
4770,67,6,2021,26,8113805388
4771,67,7,2021,24,8079049560
4772,67,8,2021,26,9936300426
4773,67,9,2021,29,11052469734
4774,67,10,2021,27,8953623144
4775,67,11,2021,25,10323425250
4776,67,12,2021,24,8454885096
4777,67,1,2022,24,8884864464
4778,67,2,2022,24,7660301424
4779,67,3,2022,25,7606739725
4780,67,4,2022,29,12004598749
4781,67,5,2022,28,8830843504
4782,67,6,2022,27,9844925625
4783,67,7,2022,20,6189107120
4784,67,8,2022,24,9522031008
4785,67,9,2022,23,9560233774
4786,67,10,2022,24,8830428408
4787,67,11,2022,25,7942124300
4788,67,12,2022,23,8348277386
4789,67,1,2023,26,10749884158
4790,67,2,2023,27,10056081933
4791,67,3,2023,21,6827250066
4792,67,4,2023,27,11209588839
4793,67,5,2023,25,9084954175
4794,67,6,2023,26,8100440608
4795,67,7,2023,20,6121547220
4796,67,8,2023,26,10056821632
4797,67,9,2023,24,9098957712
4798,67,10,2023,21,6374602689
4799,67,11,2023,22,8454541502
4800,67,12,2023,21,8472005052
4801,67,1,2024,25,8557097875
4802,67,2,2024,23,8429554096
4803,67,3,2024,29,9314355517
4804,67,4,2024,26,8433165312
4805,67,5,2024,21,7573845594
4806,67,6,2024,22,6922103210
4807,67,7,2024,20,6993288640
4808,67,8,2024,20,6678026940
4809,67,9,2024,26,8452290652
4810,67,10,2024,27,11093249241
4811,67,11,2024,23,8284163713
4812,67,12,2024,22,6796346348
4813,67,1,2025,28,10371873596
4814,67,2,2025,25,9920376000
4815,67,3,2025,29,9324527499
4816,67,4,2025,28,8658665456
4817,67,5,2025,26,9585051138
4818,67,6,2025,26,9953596952
4819,67,7,2025,29,10958427432
4820,67,8,2025,21,6309174291
4821,67,9,2025,20,6320119880
4822,67,10,2025,25,10295588675
4823,67,11,2025,22,7071359086
4824,67,12,2025,26,8455685134
4825,68,1,2020,24,8929310640
4826,68,2,2020,25,7994527050
4827,68,3,2020,22,7305419198
4828,68,4,2020,21,7620282831
4829,68,5,2020,17,5526558798
4830,68,6,2020,22,6795764448
4831,68,7,2020,24,9866889984
4832,68,8,2020,18,6997980780
4833,68,9,2020,25,9457272250
4834,68,10,2020,18,6164427204
4835,68,11,2020,21,6755595945
4836,68,12,2020,18,5940548874
4837,68,1,2021,20,7066634880
4838,68,2,2021,23,8978151660
4839,68,3,2021,21,8669275545
4840,68,4,2021,28,8628251996
4841,68,5,2021,22,7748733608
4842,68,6,2021,21,6362526051
4843,68,7,2021,20,7420402020
4844,68,8,2021,27,9898657407
4845,68,9,2021,21,7618031841
4846,68,10,2021,25,9903833775
4847,68,11,2021,24,8321877048
4848,68,12,2021,29,10429670896
4849,68,1,2022,26,9609684604
4850,68,2,2022,23,9546948951
4851,68,3,2022,22,9124242534
4852,68,4,2022,24,8212224456
4853,68,5,2022,28,10302264924
4854,68,6,2022,27,8392530447
4855,68,7,2022,28,10070018672
4856,68,8,2022,23,7391784919
4857,68,9,2022,20,6113419280
4858,68,10,2022,24,7215175296
4859,68,11,2022,25,8519885975
4860,68,12,2022,20,7793154300
4861,68,1,2023,22,7987821886
4862,68,2,2023,25,7502218975
4863,68,3,2023,23,7356289617
4864,68,4,2023,25,8500020650
4865,68,5,2023,23,8763586753
4866,68,6,2023,26,8876173384
4867,68,7,2023,25,8638516925
4868,68,8,2023,20,6657024200
4869,68,9,2023,24,8814008208
4870,68,10,2023,26,10772219770
4871,68,11,2023,24,9359856024
4872,68,12,2023,26,8974874532
4873,68,1,2024,28,11675518932
4874,68,2,2024,25,8334558450
4875,68,3,2024,27,10699620480
4876,68,4,2024,24,9813527088
4877,68,5,2024,27,11167160796
4878,68,6,2024,21,7003755171
4879,68,7,2024,20,6379766160
4880,68,8,2024,29,11274240158
4881,68,9,2024,24,8216140224
4882,68,10,2024,27,9926041995
4883,68,11,2024,28,11744664008
4884,68,12,2024,20,7126445380
4885,68,1,2025,21,8376435102
4886,68,2,2025,23,7423802299
4887,68,3,2025,29,9306927109
4888,68,4,2025,24,8995766208
4889,68,5,2025,24,8256310776
4890,68,6,2025,29,11061330394
4891,68,7,2025,23,7965899925
4892,68,8,2025,25,7868023025
4893,68,9,2025,27,10588680801
4894,68,10,2025,27,10311961770
4895,68,11,2025,20,6270287560
4896,68,12,2025,25,8750907250
4897,69,1,2020,14,5451867246
4898,69,2,2020,11,3594387643
4899,69,3,2020,11,3432369721
4900,69,4,2020,11,4380132878
4901,69,5,2020,15,5141469705
4902,69,6,2020,14,4877196856
4903,69,7,2020,14,4452727552
4904,69,8,2020,10,3073982980
4905,69,9,2020,11,3982408584
4906,69,10,2020,12,4594756812
4907,69,11,2020,11,3414400363
4908,69,12,2020,13,4648233798
4909,69,1,2021,14,4355723512
4910,69,2,2021,13,4561885913
4911,69,3,2021,14,5879072318
4912,69,4,2021,13,3929482921
4913,69,5,2021,12,3619843572
4914,69,6,2021,13,5253407705
4915,69,7,2021,12,3999321444
4916,69,8,2021,15,5283263685
4917,69,9,2021,16,5867819440
4918,69,10,2021,17,6764781423
4919,69,11,2021,13,4981151721
4920,69,12,2021,12,4984092780
4921,69,1,2022,15,5198350170
4922,69,2,2022,12,3915600960
4923,69,3,2022,12,4997029020
4924,69,4,2022,14,5817323624
4925,69,5,2022,15,5529343485
4926,69,6,2022,17,5301266434
4927,69,7,2022,17,6370342986
4928,69,8,2022,13,5136580605
4929,69,9,2022,13,4773530697
4930,69,10,2022,13,4758222391
4931,69,11,2022,16,6109024864
4932,69,12,2022,17,6602373317
4933,69,1,2023,16,6583777808
4934,69,2,2023,17,5894929724
4935,69,3,2023,15,5902404105
4936,69,4,2023,13,4741339603
4937,69,5,2023,15,6284784165
4938,69,6,2023,15,5666126070
4939,69,7,2023,17,6082525523
4940,69,8,2023,17,5247411760
4941,69,9,2023,12,4056390024
4942,69,10,2023,17,6770712621
4943,69,11,2023,16,5074711568
4944,69,12,2023,16,5295771600
4945,69,1,2024,17,5949012351
4946,69,2,2024,17,5625553402
4947,69,3,2024,14,5266787442
4948,69,4,2024,15,5383480845
4949,69,5,2024,12,5014014216
4950,69,6,2024,16,5394919232
4951,69,7,2024,16,6563340704
4952,69,8,2024,17,6125838310
4953,69,9,2024,17,6864351171
4954,69,10,2024,14,4955484408
4955,69,11,2024,12,4834832496
4956,69,12,2024,17,6585338450
4957,69,1,2025,12,4276759212
4958,69,2,2025,17,6859390316
4959,69,3,2025,15,5260247535
4960,69,4,2025,16,4862601888
4961,69,5,2025,15,5292346065
4962,69,6,2025,17,6738661382
4963,69,7,2025,16,6399414592
4964,69,8,2025,16,5448645232
4965,69,9,2025,12,4816772916
4966,69,10,2025,12,4890950640
4967,69,11,2025,17,5348570753
4968,69,12,2025,14,4725911162
4969,70,1,2020,19,7534460564
4970,70,2,2020,17,6468989328
4971,70,3,2020,25,8025391650
4972,70,4,2020,21,7676445546
4973,70,5,2020,21,8736055566
4974,70,6,2020,21,8704692045
4975,70,7,2020,19,7123287948
4976,70,8,2020,19,6791331614
4977,70,9,2020,24,7516431288
4978,70,10,2020,17,5173997753
4979,70,11,2020,24,8267483640
4980,70,12,2020,20,8358903700
4981,70,1,2021,26,8165068028
4982,70,2,2021,27,10518833610
4983,70,3,2021,20,6391919260
4984,70,4,2021,21,8020505073
4985,70,5,2021,23,7725324870
4986,70,6,2021,22,8692231394
4987,70,7,2021,23,7384253592
4988,70,8,2021,25,10120802450
4989,70,9,2021,28,10003459732
4990,70,10,2021,21,7438063794
4991,70,11,2021,22,8218762002
4992,70,12,2021,20,7117673900
4993,70,1,2022,23,9233556494
4994,70,2,2022,27,10458664947
4995,70,3,2022,26,9033121734
4996,70,4,2022,20,6517590620
4997,70,5,2022,24,9758248152
4998,70,6,2022,28,10140124064
4999,70,7,2022,27,10438810443
5000,70,8,2022,26,10767881228
5001,70,9,2022,29,9983179385
5002,70,10,2022,21,7675412892
5003,70,11,2022,27,10681662645
5004,70,12,2022,28,11264993656
5005,70,1,2023,24,10007592024
5006,70,2,2023,23,8583458228
5007,70,3,2023,24,9716038392
5008,70,4,2023,20,7701139680
5009,70,5,2023,29,11243198355
5010,70,6,2023,27,9617743818
5011,70,7,2023,23,9340831001
5012,70,8,2023,25,9025285575
5013,70,9,2023,29,9825702628
5014,70,10,2023,20,6689039460
5015,70,11,2023,29,10917949261
5016,70,12,2023,26,9567800320
5017,70,1,2024,29,9617576385
5018,70,2,2024,21,8514432717
5019,70,3,2024,26,9362076516
5020,70,4,2024,21,7958507424
5021,70,5,2024,20,6263939260
5022,70,6,2024,28,10714548460
5023,70,7,2024,21,7212506532
5024,70,8,2024,20,7259512260
5025,70,9,2024,25,9565349975
5026,70,10,2024,21,7554268512
5027,70,11,2024,26,9369006348
5028,70,12,2024,29,10573327732
5029,70,1,2025,23,8009750023
5030,70,2,2025,21,6547350117
5031,70,3,2025,28,10674926724
5032,70,4,2025,20,7064301880
5033,70,5,2025,23,9605806963
5034,70,6,2025,21,6823348224
5035,70,7,2025,24,7944700440
5036,70,8,2025,22,7323389524
5037,70,9,2025,26,9997329940
5038,70,10,2025,23,8205448927
5039,70,11,2025,24,9293656608
5040,70,12,2025,22,9089247750
5041,71,1,2020,14,5109477030
5042,71,2,2020,14,4503653294
5043,71,3,2020,14,4692927148
5044,71,4,2020,14,4791833746
5045,71,5,2020,12,4074049884
5046,71,6,2020,11,4106822324
5047,71,7,2020,12,4465942932
5048,71,8,2020,12,4152504912
5049,71,9,2020,11,4149775597
5050,71,10,2020,14,4377586430
5051,71,11,2020,14,4326977242
5052,71,12,2020,14,4255343694
5053,71,1,2021,15,6252526335
5054,71,2,2021,17,6539181138
5055,71,3,2021,14,4824539370
5056,71,4,2021,15,5559210870
5057,71,5,2021,13,4317798446
5058,71,6,2021,14,4246318244
5059,71,7,2021,13,3970113355
5060,71,8,2021,17,6363082031
5061,71,9,2021,12,4009360512
5062,71,10,2021,13,4973479394
5063,71,11,2021,17,6011909427
5064,71,12,2021,12,4943002620
5065,71,1,2022,15,6105255120
5066,71,2,2022,14,5712625842
5067,71,3,2022,12,3948586596
5068,71,4,2022,17,6162480450
5069,71,5,2022,13,3963598535
5070,71,6,2022,12,5017240680
5071,71,7,2022,15,5458330830
5072,71,8,2022,15,4886227170
5073,71,9,2022,13,3952254670
5074,71,10,2022,17,7044970085
5075,71,11,2022,15,5510722440
5076,71,12,2022,16,5914940336
5077,71,1,2023,16,5176591648
5078,71,2,2023,16,6097911072
5079,71,3,2023,16,6342763536
5080,71,4,2023,15,4749662220
5081,71,5,2023,16,5104779376
5082,71,6,2023,15,5693283495
5083,71,7,2023,16,5204056864
5084,71,8,2023,17,6035353719
5085,71,9,2023,17,5943386983
5086,71,10,2023,12,4981123644
5087,71,11,2023,16,6512861776
5088,71,12,2023,13,4971342129
5089,71,1,2024,16,5366997168
5090,71,2,2024,13,4332327909
5091,71,3,2024,13,4859053004
5092,71,4,2024,17,5117785077
5093,71,5,2024,15,5944762260
5094,71,6,2024,12,4758026808
5095,71,7,2024,15,4769590620
5096,71,8,2024,17,6046334087
5097,71,9,2024,12,3682551252
5098,71,10,2024,17,5786325564
5099,71,11,2024,16,5283213360
5100,71,12,2024,15,6164167245
5101,71,1,2025,14,4510591554
5102,71,2,2025,15,5138110545
5103,71,3,2025,12,4359643896
5104,71,4,2025,16,5883057888
5105,71,5,2025,15,4641894795
5106,71,6,2025,12,4687482840
5107,71,7,2025,14,5580481270
5108,71,8,2025,12,4578474360
5109,71,9,2025,12,4071972684
5110,71,10,2025,16,6156131376
5111,71,11,2025,13,4379482991
5112,71,12,2025,13,5234220329
5113,72,1,2020,11,3379344177
5114,72,2,2020,12,4785007860
5115,72,3,2020,13,4567566237
5116,72,4,2020,12,4924987344
5117,72,5,2020,14,4762222696
5118,72,6,2020,11,4359864707
5119,72,7,2020,12,4044154308
5120,72,8,2020,10,3183322640
5121,72,9,2020,11,3744631099
5122,72,10,2020,13,4385496531
5123,72,11,2020,11,4508704277
5124,72,12,2020,11,3795845053
5125,72,1,2021,15,5567757945
5126,72,2,2021,14,5186454000
5127,72,3,2021,16,5684073056
5128,72,4,2021,17,5624595333
5129,72,5,2021,17,5827022425
5130,72,6,2021,14,5709860352
5131,72,7,2021,17,6248659638
5132,72,8,2021,14,4431690494
5133,72,9,2021,16,6573020784
5134,72,10,2021,14,4227622952
5135,72,11,2021,13,5403752081
5136,72,12,2021,14,4955145104
5137,72,1,2022,14,4643901122
5138,72,2,2022,16,5450230464
5139,72,3,2022,17,6696571150
5140,72,4,2022,14,5238584316
5141,72,5,2022,17,6164664729
5142,72,6,2022,17,5964014256
5143,72,7,2022,14,4888483992
5144,72,8,2022,14,5826983904
5145,72,9,2022,13,5026066955
5146,72,10,2022,12,4483785924
5147,72,11,2022,13,5006131650
5148,72,12,2022,16,6320186016
5149,72,1,2023,16,5830250352
5150,72,2,2023,17,5203279964
5151,72,3,2023,16,5051071776
5152,72,4,2023,15,5065096455
5153,72,5,2023,12,4965759900
5154,72,6,2023,12,4913954496
5155,72,7,2023,15,5715026040
5156,72,8,2023,16,4943597664
5157,72,9,2023,16,4936320912
5158,72,10,2023,17,6163608264
5159,72,11,2023,15,4825480800
5160,72,12,2023,17,5458669791
5161,72,1,2024,15,5395162575
5162,72,2,2024,17,5580603515
5163,72,3,2024,15,5012569080
5164,72,4,2024,13,4818218314
5165,72,5,2024,14,5261471236
5166,72,6,2024,13,5122024102
5167,72,7,2024,12,4966060068
5168,72,8,2024,13,4442175361
5169,72,9,2024,14,4565093904
5170,72,10,2024,17,5639310380
5171,72,11,2024,16,5821430912
5172,72,12,2024,15,4563441225
5173,72,1,2025,12,4395532140
5174,72,2,2025,17,5792080064
5175,72,3,2025,17,6586063636
5176,72,4,2025,13,4787943433
5177,72,5,2025,14,4333301070
5178,72,6,2025,17,7041196051
5179,72,7,2025,15,4751007825
5180,72,8,2025,15,5303930205
5181,72,9,2025,17,6145472239
5182,72,10,2025,17,5736038221
5183,72,11,2025,17,5542825435
5184,72,12,2025,15,5448601680
5185,73,1,2020,12,4447964196
5186,73,2,2020,12,3992937864
5187,73,3,2020,10,3752367370
5188,73,4,2020,11,3561236470
5189,73,5,2020,11,4529640896
5190,73,6,2020,10,3405813940
5191,73,7,2020,10,3476460670
5192,73,8,2020,13,4806489181
5193,73,9,2020,11,4266893499
5194,73,10,2020,12,4432815744
5195,73,11,2020,10,3257613770
5196,73,12,2020,13,4903526108
5197,73,1,2021,12,4248120084
5198,73,2,2021,12,4892092896
5199,73,3,2021,14,5209783222
5200,73,4,2021,13,4161462864
5201,73,5,2021,14,4477229120
5202,73,6,2021,12,4581712272
5203,73,7,2021,16,6133759376
5204,73,8,2021,13,4282131542
5205,73,9,2021,12,4137809760
5206,73,10,2021,14,4585919814
5207,73,11,2021,14,4495514226
5208,73,12,2021,14,4986668036
5209,73,1,2022,12,3909579936
5210,73,2,2022,17,6830541095
5211,73,3,2022,16,5392025520
5212,73,4,2022,16,5645776432
5213,73,5,2022,14,5202294734
5214,73,6,2022,15,5501109060
5215,73,7,2022,15,5061429345
5216,73,8,2022,12,4896231240
5217,73,9,2022,16,6201948672
5218,73,10,2022,13,4746755936
5219,73,11,2022,15,5360177775
5220,73,12,2022,12,4049071068
5221,73,1,2023,15,5231685210
5222,73,2,2023,13,5033885194
5223,73,3,2023,15,5418777615
5224,73,4,2023,13,4926598898
5225,73,5,2023,15,5954168475
5226,73,6,2023,14,4999604820
5227,73,7,2023,16,5845846672
5228,73,8,2023,16,6691315552
5229,73,9,2023,14,5257775782
5230,73,10,2023,14,4487079828
5231,73,11,2023,14,4649508598
5232,73,12,2023,15,6159784005
5233,73,1,2024,15,5680926975
5234,73,2,2024,16,6289250784
5235,73,3,2024,16,5242043120
5236,73,4,2024,12,4423760976
5237,73,5,2024,17,6858113480
5238,73,6,2024,16,6159769344
5239,73,7,2024,16,6023944224
5240,73,8,2024,16,6604603312
5241,73,9,2024,15,5666524710
5242,73,10,2024,12,4609265136
5243,73,11,2024,12,4365626616
5244,73,12,2024,14,5753369790
5245,73,1,2025,15,5781758325
5246,73,2,2025,12,4809334848
5247,73,3,2025,13,3946487831
5248,73,4,2025,13,3908652748
5249,73,5,2025,14,4811082416
5250,73,6,2025,13,5147704458
5251,73,7,2025,14,5834048192
5252,73,8,2025,16,6411193008
5253,73,9,2025,13,5406226176
5254,73,10,2025,13,4729235212
5255,73,11,2025,17,5727714545
5256,73,12,2025,13,4331845531
5257,74,1,2020,34,12598667054
5258,74,2,2020,33,10473766149
5259,74,3,2020,34,10783093030
5260,74,4,2020,40,16343012600
5261,74,5,2020,30,9780226170
5262,74,6,2020,37,15509306391
5263,74,7,2020,40,16780072000
5264,74,8,2020,34,12688159882
5265,74,9,2020,28,8610700336
5266,74,10,2020,31,9988370376
5267,74,11,2020,33,11845394451
5268,74,12,2020,36,14037284628
5269,74,1,2021,45,16542377370
5270,74,2,2021,32,11122693824
5271,74,3,2021,41,13332775691
5272,74,4,2021,40,13036985120
5273,74,5,2021,46,17377583254
5274,74,6,2021,46,13867404306
5275,74,7,2021,33,12634705347
5276,74,8,2021,35,14003816715
5277,74,9,2021,40,15670337760
5278,74,10,2021,40,16391333720
5279,74,11,2021,45,16365120255
5280,74,12,2021,43,16644564141
5281,74,1,2022,38,12018020600
5282,74,2,2022,35,12248891620
5283,74,3,2022,34,10259327246
5284,74,4,2022,41,12573167543
5285,74,5,2022,38,14052844068
5286,74,6,2022,42,16396753632
5287,74,7,2022,43,13513999623
5288,74,8,2022,39,15376430628
5289,74,9,2022,40,12673173280
5290,74,10,2022,40,12099567120
5291,74,11,2022,33,13820914767
5292,74,12,2022,39,15853815510
5293,74,1,2023,37,13509609682
5294,74,2,2023,40,16362382480
5295,74,3,2023,37,13407486130
5296,74,4,2023,39,13739193273
5297,74,5,2023,36,14917416624
5298,74,6,2023,33,11752082793
5299,74,7,2023,39,14284247172
5300,74,8,2023,42,16771474020
5301,74,9,2023,38,15315545308
5302,74,10,2023,46,17241311244
5303,74,11,2023,34,12461171802
5304,74,12,2023,42,16654851066
5305,74,1,2024,44,17649871096
5306,74,2,2024,42,13784344266
5307,74,3,2024,41,13911847637
5308,74,4,2024,46,18371994004
5309,74,5,2024,33,12862547676
5310,74,6,2024,34,12821811468
5311,74,7,2024,35,13712152195
5312,74,8,2024,47,15902164005
5313,74,9,2024,41,12846204460
5314,74,10,2024,37,13357908831
5315,74,11,2024,32,11211545216
5316,74,12,2024,34,12772177248
5317,74,1,2025,42,14533797684
5318,74,2,2025,46,16997102350
5319,74,3,2025,40,15587130320
5320,74,4,2025,42,17185550928
5321,74,5,2025,44,17900544376
5322,74,6,2025,34,13285768396
5323,74,7,2025,46,18968145586
5324,74,8,2025,32,10591635232
5325,74,9,2025,43,16995364978
5326,74,10,2025,40,15807822560
5327,74,11,2025,33,12436650039
5328,74,12,2025,35,14007493955
5329,75,1,2020,22,9231264438
5330,75,2,2020,17,6897994664
5331,75,3,2020,19,7027513793
5332,75,4,2020,21,8035920858
5333,75,5,2020,21,8238163563
5334,75,6,2020,24,7338843336
5335,75,7,2020,24,9731842896
5336,75,8,2020,20,6627461940
5337,75,9,2020,19,5869852647
5338,75,10,2020,19,7685524795
5339,75,11,2020,18,5644625850
5340,75,12,2020,24,9350621352
5341,75,1,2021,22,9158701156
5342,75,2,2021,23,6909756531
5343,75,3,2021,28,9501467108
5344,75,4,2021,25,9560161900
5345,75,5,2021,28,11716851468
5346,75,6,2021,28,11039176904
5347,75,7,2021,23,7806356906
5348,75,8,2021,25,9488503925
5349,75,9,2021,25,7702197700
5350,75,10,2021,27,9084855861
5351,75,11,2021,25,9881817675
5352,75,12,2021,28,9668157632
5353,75,1,2022,26,9719653710
5354,75,2,2022,23,8519023383
5355,75,3,2022,25,10244174350
5356,75,4,2022,26,8371374622
5357,75,5,2022,22,7572467562
5358,75,6,2022,23,9390589408
5359,75,7,2022,29,9700755084
5360,75,8,2022,26,9507250220
5361,75,9,2022,22,7149344026
5362,75,10,2022,24,7447337568
5363,75,11,2022,27,11328228135
5364,75,12,2022,28,9992642464
5365,75,1,2023,28,9699847388
5366,75,2,2023,26,10796231212
5367,75,3,2023,24,8709365784
5368,75,4,2023,23,8026224164
5369,75,5,2023,20,7033484440
5370,75,6,2023,22,9008776766
5371,75,7,2023,23,7647558604
5372,75,8,2023,23,7335339676
5373,75,9,2023,24,7282265136
5374,75,10,2023,20,6474952760
5375,75,11,2023,20,7303278380
5376,75,12,2023,27,8571517065
5377,75,1,2024,22,6725499286
5378,75,2,2024,28,11400328380
5379,75,3,2024,29,11605021553
5380,75,4,2024,20,7486006800
5381,75,5,2024,28,10440664752
5382,75,6,2024,21,8362750326
5383,75,7,2024,24,8922332592
5384,75,8,2024,27,11146266117
5385,75,9,2024,27,9684557127
5386,75,10,2024,25,9510303650
5387,75,11,2024,20,6742908260
5388,75,12,2024,24,8837703792
5389,75,1,2025,24,9030926928
5390,75,2,2025,21,8130761751
5391,75,3,2025,24,9661358040
5392,75,4,2025,24,8398473504
5393,75,5,2025,28,11011922124
5394,75,6,2025,21,6766434297
5395,75,7,2025,20,6698014900
5396,75,8,2025,24,9844107504
5397,75,9,2025,24,8990055264
5398,75,10,2025,29,10134697425
5399,75,11,2025,21,6308176875
5400,75,12,2025,28,8925293804
5401,76,1,2020,13,5428988448
5402,76,2,2020,13,4112389281
5403,76,3,2020,12,4802126880
5404,76,4,2020,10,4158776440
5405,76,5,2020,13,4960548905
5406,76,6,2020,10,4134010520
5407,76,7,2020,10,3554718430
5408,76,8,2020,14,5814557336
5409,76,9,2020,10,3272078260
5410,76,10,2020,12,4845596592
5411,76,11,2020,14,5071719296
5412,76,12,2020,10,3081556020
5413,76,1,2021,17,5225345369
5414,76,2,2021,12,4184359284
5415,76,3,2021,14,4705202376
5416,76,4,2021,15,5890962450
5417,76,5,2021,16,6507219600
5418,76,6,2021,13,4249668306
5419,76,7,2021,17,5634728098
5420,76,8,2021,17,6828629037
5421,76,9,2021,14,4483773672
5422,76,10,2021,14,5221709430
5423,76,11,2021,16,5906845328
5424,76,12,2021,16,6604468608
5425,76,1,2022,12,3723531300
5426,76,2,2022,14,5065584216
5427,76,3,2022,14,4965858912
5428,76,4,2022,15,4782231345
5429,76,5,2022,14,5529742400
5430,76,6,2022,13,5404210331
5431,76,7,2022,17,6526978538
5432,76,8,2022,12,5009109564
5433,76,9,2022,16,4962620448
5434,76,10,2022,12,4424429676
5435,76,11,2022,17,6161081401
5436,76,12,2022,13,5148832923
5437,76,1,2023,17,7018967344
5438,76,2,2023,12,3642534312
5439,76,3,2023,14,4885847302
5440,76,4,2023,14,4837243726
5441,76,5,2023,17,5283572698
5442,76,6,2023,16,5727323344
5443,76,7,2023,15,4743016485
5444,76,8,2023,17,6879811379
5445,76,9,2023,12,3794557308
5446,76,10,2023,17,7014755747
5447,76,11,2023,16,5110962480
5448,76,12,2023,13,3941551601
5449,76,1,2024,14,4495655248
5450,76,2,2024,17,6212429697
5451,76,3,2024,13,4777079606
5452,76,4,2024,15,5773766370
5453,76,5,2024,12,3894685824
5454,76,6,2024,13,4002415729
5455,76,7,2024,17,6283532826
5456,76,8,2024,13,4444511227
5457,76,9,2024,16,6206788160
5458,76,10,2024,15,5027891175
5459,76,11,2024,12,4812986472
5460,76,12,2024,12,3618942612
5461,76,1,2025,15,6053963130
5462,76,2,2025,16,6439107808
5463,76,3,2025,17,6308905445
5464,76,4,2025,13,5201493362
5465,76,5,2025,12,4351777416
5466,76,6,2025,12,4775914236
5467,76,7,2025,12,3847209660
5468,76,8,2025,17,6088134962
5469,76,9,2025,16,5176092704
5470,76,10,2025,12,3908944452
5471,76,11,2025,15,6085243035
5472,76,12,2025,17,5379684255
5473,77,1,2020,23,8290304368
5474,77,2,2020,23,7456486541
5475,77,3,2020,24,9077134080
5476,77,4,2020,17,7136968509
5477,77,5,2020,21,8517732993
5478,77,6,2020,20,6496006980
5479,77,7,2020,17,6608779903
5480,77,8,2020,21,8467859820
5481,77,9,2020,22,9074911890
5482,77,10,2020,18,7184933370
5483,77,11,2020,23,8220938300
5484,77,12,2020,22,7327439812
5485,77,1,2021,20,8072176360
5486,77,2,2021,22,7666107394
5487,77,3,2021,25,9246553150
5488,77,4,2021,22,9099495900
5489,77,5,2021,26,10890665734
5490,77,6,2021,22,7883549982
5491,77,7,2021,25,10445753925
5492,77,8,2021,26,9968581090
5493,77,9,2021,26,10092590690
5494,77,10,2021,24,9116629032
5495,77,11,2021,26,7918595464
5496,77,12,2021,21,6981188088
5497,77,1,2022,26,9066575024
5498,77,2,2022,20,6643117500
5499,77,3,2022,25,10222622875
5500,77,4,2022,29,11678683583
5501,77,5,2022,27,9529848396
5502,77,6,2022,29,9143250326
5503,77,7,2022,27,10533406185
5504,77,8,2022,29,11935421395
5505,77,9,2022,26,9146613658
5506,77,10,2022,27,8283106656
5507,77,11,2022,22,8519302110
5508,77,12,2022,21,7548198420
5509,77,1,2023,28,8458944144
5510,77,2,2023,29,9655715329
5511,77,3,2023,21,7318494834
5512,77,4,2023,24,7793238216
5513,77,5,2023,23,7860982090
5514,77,6,2023,24,9594555744
5515,77,7,2023,27,10659482388
5516,77,8,2023,24,9810649200
5517,77,9,2023,24,7856509896
5518,77,10,2023,28,8895232276
5519,77,11,2023,26,8624573984
5520,77,12,2023,27,9511791201
5521,77,1,2024,26,8875838738
5522,77,2,2024,28,11612306552
5523,77,3,2024,28,11361255584
5524,77,4,2024,27,8250293718
5525,77,5,2024,26,10438588628
5526,77,6,2024,29,11056017565
5527,77,7,2024,27,10426419549
5528,77,8,2024,23,7431304692
5529,77,9,2024,29,11841926091
5530,77,10,2024,26,8645404716
5531,77,11,2024,26,8419383570
5532,77,12,2024,26,8828077596
5533,77,1,2025,27,10404147762
5534,77,2,2025,27,9993862620
5535,77,3,2025,28,9863535276
5536,77,4,2025,25,10445153800
5537,77,5,2025,25,7867574300
5538,77,6,2025,22,6710532092
5539,77,7,2025,21,7902542172
5540,77,8,2025,21,7801033401
5541,77,9,2025,26,8714244474
5542,77,10,2025,20,7071401660
5543,77,11,2025,23,9117508223
5544,77,12,2025,25,8959633775
5545,78,1,2020,24,7918808448
5546,78,2,2020,24,9624706272
5547,78,3,2020,22,6970680926
5548,78,4,2020,25,10226708575
5549,78,5,2020,21,6565516188
5550,78,6,2020,23,8166327031
5551,78,7,2020,23,7396721363
5552,78,8,2020,18,6572510460
5553,78,9,2020,18,5480028306
5554,78,10,2020,24,9241011192
5555,78,11,2020,23,7682068540
5556,78,12,2020,24,9547700808
5557,78,1,2021,25,9784318075
5558,78,2,2021,21,6780409209
5559,78,3,2021,20,7409940820
5560,78,4,2021,26,8377257512
5561,78,5,2021,28,10158137108
5562,78,6,2021,25,8268173975
5563,78,7,2021,23,8546639437
5564,78,8,2021,26,9325672200
5565,78,9,2021,29,11029213590
5566,78,10,2021,26,9712097070
5567,78,11,2021,22,7293704000
5568,78,12,2021,22,8449069310
5569,78,1,2022,29,12117055065
5570,78,2,2022,25,8226701425
5571,78,3,2022,23,8455891534
5572,78,4,2022,21,6655160589
5573,78,5,2022,20,8381994080
5574,78,6,2022,20,6527422240
5575,78,7,2022,25,7981968475
5576,78,8,2022,22,7940414658
5577,78,9,2022,22,6718834100
5578,78,10,2022,23,8131554527
5579,78,11,2022,29,10728524770
5580,78,12,2022,28,9799226500
5581,78,1,2023,23,9115836675
5582,78,2,2023,22,8597268900
5583,78,3,2023,25,9924417850
5584,78,4,2023,20,7997715340
5585,78,5,2023,25,8945042725
5586,78,6,2023,24,9366099552
5587,78,7,2023,20,7392332200
5588,78,8,2023,29,11423785821
5589,78,9,2023,22,7060489128
5590,78,10,2023,22,8967777060
5591,78,11,2023,29,11989520895
5592,78,12,2023,23,8151680792
5593,78,1,2024,21,7790855898
5594,78,2,2024,27,10687055976
5595,78,3,2024,28,10274854604
5596,78,4,2024,27,10841478102
5597,78,5,2024,23,8210615463
5598,78,6,2024,27,10986661881
5599,78,7,2024,22,8423164398
5600,78,8,2024,21,6983165049
5601,78,9,2024,24,8602218312
5602,78,10,2024,20,6389744820
5603,78,11,2024,29,9869513827
5604,78,12,2024,26,10438464010
5605,78,1,2025,24,8015776656
5606,78,2,2025,25,10447924575
5607,78,3,2025,29,9631167931
5608,78,4,2025,29,11603215491
5609,78,5,2025,26,9452527110
5610,78,6,2025,26,9151456288
5611,78,7,2025,22,7112964386
5612,78,8,2025,23,9654839789
5613,78,9,2025,27,10554661260
5614,78,10,2025,21,8250613182
5615,78,11,2025,21,8145683721
5616,78,12,2025,25,10467722925
5617,79,1,2020,19,6732000086
5618,79,2,2020,18,6122109708
5619,79,3,2020,24,8113665312
5620,79,4,2020,22,6854605846
5621,79,5,2020,19,6382829087
5622,79,6,2020,24,9668914104
5623,79,7,2020,17,6594124713
5624,79,8,2020,23,7369749056
5625,79,9,2020,20,8218953180
5626,79,10,2020,17,6697964878
5627,79,11,2020,18,6228955566
5628,79,12,2020,22,8193384474
5629,79,1,2021,21,7296369864
5630,79,2,2021,26,8048840722
5631,79,3,2021,28,10178089656
5632,79,4,2021,26,8390628714
5633,79,5,2021,20,7644556680
5634,79,6,2021,25,10391115650
5635,79,7,2021,21,7706518701
5636,79,8,2021,25,9714362425
5637,79,9,2021,27,10054968129
5638,79,10,2021,21,7769471619
5639,79,11,2021,28,11259273032
5640,79,12,2021,29,8874036192
5641,79,1,2022,21,8447143467
5642,79,2,2022,20,6144897660
5643,79,3,2022,28,9278207876
5644,79,4,2022,28,9851667532
5645,79,5,2022,28,9624078296
5646,79,6,2022,22,6832027906
5647,79,7,2022,28,8827884436
5648,79,8,2022,29,10782679834
5649,79,9,2022,23,8741886460
5650,79,10,2022,21,6649619529
5651,79,11,2022,20,7146615260
5652,79,12,2022,21,7940297610
5653,79,1,2023,24,7418452968
5654,79,2,2023,25,10183658275
5655,79,3,2023,25,8566940150
5656,79,4,2023,29,9494777422
5657,79,5,2023,26,9090492346
5658,79,6,2023,21,6926698296
5659,79,7,2023,24,7919179920
5660,79,8,2023,23,7143233993
5661,79,9,2023,28,10269663516
5662,79,10,2023,20,6197378500
5663,79,11,2023,26,9055943364
5664,79,12,2023,21,7534591974
5665,79,1,2024,22,7050481306
5666,79,2,2024,21,7592719029
5667,79,3,2024,20,6384090100
5668,79,4,2024,25,8477008550
5669,79,5,2024,28,10611468784
5670,79,6,2024,27,8488332252
5671,79,7,2024,28,9523282524
5672,79,8,2024,23,7255012981
5673,79,9,2024,26,9598884906
5674,79,10,2024,29,9724127054
5675,79,11,2024,26,7948972304
5676,79,12,2024,26,8129305366
5677,79,1,2025,24,8282205576
5678,79,2,2025,26,8026575050
5679,79,3,2025,21,7757737701
5680,79,4,2025,20,8376075320
5681,79,5,2025,20,8134678340
5682,79,6,2025,25,10187980450
5683,79,7,2025,23,8674886310
5684,79,8,2025,29,9471802317
5685,79,9,2025,26,8545572048
5686,79,10,2025,27,10130797764
5687,79,11,2025,29,10255151709
5688,79,12,2025,27,9723395601
5689,80,1,2020,20,6902827500
5690,80,2,2020,23,9541723098
5691,80,3,2020,20,7756779040
5692,80,4,2020,17,6240013183
5693,80,5,2020,20,7695312180
5694,80,6,2020,21,7451250408
5695,80,7,2020,25,8422863225
5696,80,8,2020,23,7261110143
5697,80,9,2020,24,9235531224
5698,80,10,2020,23,8189296970
5699,80,11,2020,19,5993334844
5700,80,12,2020,24,8106278952
5701,80,1,2021,29,11769629265
5702,80,2,2021,29,9559974004
5703,80,3,2021,22,8935968778
5704,80,4,2021,26,9429169256
5705,80,5,2021,21,7165688796
5706,80,6,2021,23,9105165986
5707,80,7,2021,29,9572985202
5708,80,8,2021,26,8336145012
5709,80,9,2021,27,8708024448
5710,80,10,2021,23,7224613053
5711,80,11,2021,21,8024205189
5712,80,12,2021,20,6143770200
5713,80,1,2022,20,6147375140
5714,80,2,2022,24,9026469792
5715,80,3,2022,28,9871361416
5716,80,4,2022,26,10027272606
5717,80,5,2022,22,8042532498
5718,80,6,2022,24,8074880208
5719,80,7,2022,23,7448317148
5720,80,8,2022,22,7890634202
5721,80,9,2022,25,9182765450
5722,80,10,2022,21,8783528817
5723,80,11,2022,26,8692036002
5724,80,12,2022,24,8433465912
5725,80,1,2023,23,7456466324
5726,80,2,2023,27,9535110129
5727,80,3,2023,25,9761297600
5728,80,4,2023,20,8012342000
5729,80,5,2023,23,9525821910
5730,80,6,2023,23,8158216219
5731,80,7,2023,22,6695687196
5732,80,8,2023,24,10060794672
5733,80,9,2023,24,8469773112
5734,80,10,2023,27,11224220166
5735,80,11,2023,27,9439504749
5736,80,12,2023,21,6521375805
5737,80,1,2024,22,8556409048
5738,80,2,2024,23,8456554233
5739,80,3,2024,22,8024299932
5740,80,4,2024,20,7137188540
5741,80,5,2024,23,9197393571
5742,80,6,2024,28,9257321360
5743,80,7,2024,27,8569330416
5744,80,8,2024,27,10351076724
5745,80,9,2024,29,9662159941
5746,80,10,2024,29,10019381883
5747,80,11,2024,28,11397401596
5748,80,12,2024,21,7158208932
5749,80,1,2025,20,8320758040
5750,80,2,2025,24,8062626792
5751,80,3,2025,20,6580052560
5752,80,4,2025,22,8786992324
5753,80,5,2025,24,8057650056
5754,80,6,2025,22,7372476452
5755,80,7,2025,20,6182640940
5756,80,8,2025,23,7644407466
5757,80,9,2025,20,6747565900
5758,80,10,2025,28,8601561584
5759,80,11,2025,26,8806135624
5760,80,12,2025,25,9363722150
5761,81,1,2020,20,6806947020
5762,81,2,2020,22,8176106334
5763,81,3,2020,22,8282213192
5764,81,4,2020,18,6865471764
5765,81,5,2020,18,5818766706
5766,81,6,2020,22,7258447856
5767,81,7,2020,22,6975126466
5768,81,8,2020,23,9463581794
5769,81,9,2020,17,6101864281
5770,81,10,2020,25,8835518700
5771,81,11,2020,21,7506317385
5772,81,12,2020,23,7319004133
5773,81,1,2021,25,8680312800
5774,81,2,2021,29,10768451506
5775,81,3,2021,29,9988200996
5776,81,4,2021,27,8359795809
5777,81,5,2021,21,7892064390
5778,81,6,2021,21,7565173119
5779,81,7,2021,28,9747415608
5780,81,8,2021,24,7826665968
5781,81,9,2021,21,7882335195
5782,81,10,2021,24,9785739672
5783,81,11,2021,27,11237879655
5784,81,12,2021,25,7534914200
5785,81,1,2022,24,7826584944
5786,81,2,2022,21,7855905351
5787,81,3,2022,26,8772658544
5788,81,4,2022,27,8366442102
5789,81,5,2022,24,9544451640
5790,81,6,2022,25,9758088575
5791,81,7,2022,26,9535726018
5792,81,8,2022,27,8603421534
5793,81,9,2022,27,8123288418
5794,81,10,2022,23,7347639294
5795,81,11,2022,22,8998384780
5796,81,12,2022,25,8704661125
5797,81,1,2023,24,9499290024
5798,81,2,2023,28,9368417940
5799,81,3,2023,21,7240016343
5800,81,4,2023,22,7066688222
5801,81,5,2023,28,10012282532
5802,81,6,2023,20,8355949580
5803,81,7,2023,23,7514318592
5804,81,8,2023,24,8527131096
5805,81,9,2023,20,6679614900
5806,81,10,2023,21,7125162597
5807,81,11,2023,23,7398168914
5808,81,12,2023,27,9019924938
5809,81,1,2024,24,9096666984
5810,81,2,2024,27,10250864496
5811,81,3,2024,20,7472361120
5812,81,4,2024,26,10822791954
5813,81,5,2024,21,8716314537
5814,81,6,2024,23,7701864548
5815,81,7,2024,22,9185169400
5816,81,8,2024,28,10254417824
5817,81,9,2024,26,9347823862
5818,81,10,2024,27,8859930957
5819,81,11,2024,20,7173076640
5820,81,12,2024,25,9212530175
5821,81,1,2025,27,10920432960
5822,81,2,2025,23,8558216901
5823,81,3,2025,22,6998048464
5824,81,4,2025,23,8735469184
5825,81,5,2025,23,7100923331
5826,81,6,2025,23,7873285066
5827,81,7,2025,29,10472515873
5828,81,8,2025,21,8253068145
5829,81,9,2025,27,8435768598
5830,81,10,2025,25,9436982350
5831,81,11,2025,23,8301690495
5832,81,12,2025,28,10583664224
5833,82,1,2020,18,6792045966
5834,82,2,2020,23,7982824705
5835,82,3,2020,17,5187120971
5836,82,4,2020,21,7601791659
5837,82,5,2020,24,7209715296
5838,82,6,2020,18,5837364108
5839,82,7,2020,22,7690767524
5840,82,8,2020,25,8967210650
5841,82,9,2020,23,9177685446
5842,82,10,2020,20,7077601280
5843,82,11,2020,19,7592559600
5844,82,12,2020,21,7269755388
5845,82,1,2021,22,9145656586
5846,82,2,2021,25,10409633500
5847,82,3,2021,28,10032295280
5848,82,4,2021,24,9716887008
5849,82,5,2021,25,10308129350
5850,82,6,2021,20,7473568560
5851,82,7,2021,21,7984664037
5852,82,8,2021,29,10378024593
5853,82,9,2021,21,8103790023
5854,82,10,2021,29,9977417752
5855,82,11,2021,21,8087057202
5856,82,12,2021,27,10714426605
5857,82,1,2022,20,6750979000
5858,82,2,2022,28,11234418804
5859,82,3,2022,27,9269899092
5860,82,4,2022,28,10856321672
5861,82,5,2022,23,9128625940
5862,82,6,2022,20,8304504840
5863,82,7,2022,22,8725862156
5864,82,8,2022,20,6736818120
5865,82,9,2022,20,6699497240
5866,82,10,2022,26,9372234950
5867,82,11,2022,29,12094757545
5868,82,12,2022,23,7158104689
5869,82,1,2023,21,8038373406
5870,82,2,2023,26,10193803074
5871,82,3,2023,22,8053925616
5872,82,4,2023,29,10777692298
5873,82,5,2023,28,11075163120
5874,82,6,2023,23,9029771296
5875,82,7,2023,23,7408569882
5876,82,8,2023,24,8878070712
5877,82,9,2023,29,11485108496
5878,82,10,2023,28,9115214388
5879,82,11,2023,24,8180715456
5880,82,12,2023,26,9798916322
5881,82,1,2024,21,8578535574
5882,82,2,2024,22,8245243424
5883,82,3,2024,26,8661446976
5884,82,4,2024,26,10145618054
5885,82,5,2024,26,8012926480
5886,82,6,2024,21,6970433631
5887,82,7,2024,25,10230373300
5888,82,8,2024,25,9779288975
5889,82,9,2024,23,8036407069
5890,82,10,2024,20,8036443460
5891,82,11,2024,27,11108289213
5892,82,12,2024,28,10663586864
5893,82,1,2025,23,8150518142
5894,82,2,2025,24,7819767600
5895,82,3,2025,26,9064201588
5896,82,4,2025,24,8224276488
5897,82,5,2025,23,9592490791
5898,82,6,2025,26,9728470804
5899,82,7,2025,21,7697591013
5900,82,8,2025,26,8879486616
5901,82,9,2025,24,8081964264
5902,82,10,2025,24,8977579584
5903,82,11,2025,29,9855237997
5904,82,12,2025,29,8811272188
5905,83,1,2020,10,3749092410
5906,83,2,2020,11,3764436148
5907,83,3,2020,13,4213466478
5908,83,4,2020,13,5375610578
5909,83,5,2020,10,3271852770
5910,83,6,2020,12,3634526592
5911,83,7,2020,11,3583465468
5912,83,8,2020,11,4376968475
5913,83,9,2020,13,5335928806
5914,83,10,2020,11,4540835651
5915,83,11,2020,11,3752631740
5916,83,12,2020,14,5007623586
5917,83,1,2021,17,6424051817
5918,83,2,2021,13,4133981813
5919,83,3,2021,13,4301213319
5920,83,4,2021,13,4146342109
5921,83,5,2021,13,5280275962
5922,83,6,2021,15,6213153540
5923,83,7,2021,14,5613635846
5924,83,8,2021,15,6193671690
5925,83,9,2021,14,4810411718
5926,83,10,2021,14,5329336264
5927,83,11,2021,12,4744529124
5928,83,12,2021,16,5155041840
5929,83,1,2022,16,5285153312
5930,83,2,2022,17,5918044216
5931,83,3,2022,14,4271758932
5932,83,4,2022,15,4705556370
5933,83,5,2022,15,4694449050
5934,83,6,2022,13,5406199825
5935,83,7,2022,15,6194916225
5936,83,8,2022,16,6519314672
5937,83,9,2022,16,5366787424
5938,83,10,2022,13,4229864171
5939,83,11,2022,15,5140357035
5940,83,12,2022,12,4184730828
5941,83,1,2023,16,5853049456
5942,83,2,2023,13,4667131599
5943,83,3,2023,12,3833252568
5944,83,4,2023,14,4298325920
5945,83,5,2023,13,4649660899
5946,83,6,2023,15,4611138075
5947,83,7,2023,16,6685099552
5948,83,8,2023,13,5229210324
5949,83,9,2023,15,6079205025
5950,83,10,2023,15,5127132570
5951,83,11,2023,14,4837067466
5952,83,12,2023,16,6661879280
5953,83,1,2024,15,6061647675
5954,83,2,2024,15,5196956475
5955,83,3,2024,12,4628204364
5956,83,4,2024,15,4931820765
5957,83,5,2024,12,4071896364
5958,83,6,2024,15,4995164535
5959,83,7,2024,16,5371166320
5960,83,8,2024,16,6158423600
5961,83,9,2024,14,5510494738
5962,83,10,2024,16,5036401696
5963,83,11,2024,17,6588514424
5964,83,12,2024,12,3707325384
5965,83,1,2025,12,4961585112
5966,83,2,2025,17,5946398924
5967,83,3,2025,16,5697478640
5968,83,4,2025,16,6402015328
5969,83,5,2025,14,4802646646
5970,83,6,2025,12,4215235692
5971,83,7,2025,14,4947160064
5972,83,8,2025,12,3709029900
5973,83,9,2025,15,5487110460
5974,83,10,2025,14,5723225004
5975,83,11,2025,16,6009990016
5976,83,12,2025,12,4700191140
5977,84,1,2020,22,6614888720
5978,84,2,2020,25,9490663500
5979,84,3,2020,20,6963568520
5980,84,4,2020,21,8774830218
5981,84,5,2020,25,8177995125
5982,84,6,2020,22,8300916074
5983,84,7,2020,20,6403625440
5984,84,8,2020,19,7263904478
5985,84,9,2020,18,7391986776
5986,84,10,2020,19,5814704805
5987,84,11,2020,22,6870041090
5988,84,12,2020,20,6789232520
5989,84,1,2021,20,7299480280
5990,84,2,2021,27,10395838188
5991,84,3,2021,26,8952951644
5992,84,4,2021,29,10088732135
5993,84,5,2021,27,9233120853
5994,84,6,2021,28,9231997544
5995,84,7,2021,25,9133549950
5996,84,8,2021,27,9669842424
5997,84,9,2021,27,8462909565
5998,84,10,2021,20,7768496160
5999,84,11,2021,24,7624294416
6000,84,12,2021,20,7882258860
6001,84,1,2022,25,9879894350
6002,84,2,2022,26,9136105732
6003,84,3,2022,28,8498851592
6004,84,4,2022,24,8219072712
6005,84,5,2022,24,8641510272
6006,84,6,2022,22,7528164424
6007,84,7,2022,28,10002799436
6008,84,8,2022,25,8357385250
6009,84,9,2022,21,8571136917
6010,84,10,2022,25,8807928475
6011,84,11,2022,25,8862070050
6012,84,12,2022,20,6620081480
6013,84,1,2023,23,9344494050
6014,84,2,2023,23,7166115842
6015,84,3,2023,22,8669156210
6016,84,4,2023,22,8696190360
6017,84,5,2023,29,10364480781
6018,84,6,2023,20,6311799840
6019,84,7,2023,23,8012503146
6020,84,8,2023,26,9931654434
6021,84,9,2023,20,6656969240
6022,84,10,2023,20,7657812360
6023,84,11,2023,24,9383302320
6024,84,12,2023,26,8902799724
6025,84,1,2024,25,8391294650
6026,84,2,2024,24,8869046904
6027,84,3,2024,24,9098695056
6028,84,4,2024,25,9212395025
6029,84,5,2024,27,10213248582
6030,84,6,2024,20,6035305920
6031,84,7,2024,29,10498153555
6032,84,8,2024,27,11068742745
6033,84,9,2024,23,7247374014
6034,84,10,2024,28,11380806136
6035,84,11,2024,28,10186739752
6036,84,12,2024,24,8665440792
6037,84,1,2025,27,8170367697
6038,84,2,2025,21,6383124678
6039,84,3,2025,24,8249926416
6040,84,4,2025,23,7344655320
6041,84,5,2025,26,10713500382
6042,84,6,2025,27,10129932792
6043,84,7,2025,24,7218096936
6044,84,8,2025,20,6671292820
6045,84,9,2025,20,8103700300
6046,84,10,2025,26,9460941282
6047,84,11,2025,24,7271608200
6048,84,12,2025,24,8336020200
6049,85,1,2020,22,6718269712
6050,85,2,2020,17,5776770765
6051,85,3,2020,19,6479822491
6052,85,4,2020,18,6535591596
6053,85,5,2020,18,6765786162
6054,85,6,2020,19,6953216117
6055,85,7,2020,25,7811875300
6056,85,8,2020,18,7191931554
6057,85,9,2020,22,6677154748
6058,85,10,2020,17,6116060794
6059,85,11,2020,24,8535556320
6060,85,12,2020,23,8515609516
6061,85,1,2021,22,9094013940
6062,85,2,2021,26,9926717424
6063,85,3,2021,21,8071076622
6064,85,4,2021,20,7049515200
6065,85,5,2021,25,8909491775
6066,85,6,2021,26,10053196140
6067,85,7,2021,28,11516094856
6068,85,8,2021,29,11043979317
6069,85,9,2021,29,11957857419
6070,85,10,2021,29,11246561601
6071,85,11,2021,28,11734394392
6072,85,12,2021,22,8697672016
6073,85,1,2022,28,10670463104
6074,85,2,2022,28,9882611144
6075,85,3,2022,20,7562899080
6076,85,4,2022,29,11731807233
6077,85,5,2022,21,6962609661
6078,85,6,2022,24,8479977432
6079,85,7,2022,27,8529491781
6080,85,8,2022,22,7800797884
6081,85,9,2022,26,9944567412
6082,85,10,2022,27,11024210565
6083,85,11,2022,24,7866849552
6084,85,12,2022,24,9707758152
6085,85,1,2023,29,10132633988
6086,85,2,2023,29,8889815614
6087,85,3,2023,25,9473498750
6088,85,4,2023,23,8734147926
6089,85,5,2023,25,8520493175
6090,85,6,2023,23,9144307478
6091,85,7,2023,28,8555655136
6092,85,8,2023,24,8333345064
6093,85,9,2023,26,8967925694
6094,85,10,2023,29,9140858696
6095,85,11,2023,21,7549511319
6096,85,12,2023,29,9914660128
6097,85,1,2024,20,6108306020
6098,85,2,2024,24,8677208088
6099,85,3,2024,28,10798067616
6100,85,4,2024,21,8118590130
6101,85,5,2024,29,9988584579
6102,85,6,2024,24,8701013808
6103,85,7,2024,21,8214205608
6104,85,8,2024,21,7870334115
6105,85,9,2024,25,7591688400
6106,85,10,2024,26,8264402588
6107,85,11,2024,27,8612957178
6108,85,12,2024,21,7610009568
6109,85,1,2025,29,11857031640
6110,85,2,2025,20,6494149260
6111,85,3,2025,27,9674977689
6112,85,4,2025,22,8680692988
6113,85,5,2025,25,10383646275
6114,85,6,2025,20,8085781360
6115,85,7,2025,24,9433791960
6116,85,8,2025,20,6668195600
6117,85,9,2025,27,10446525801
6118,85,10,2025,27,11333497563
6119,85,11,2025,28,9450118832
6120,85,12,2025,29,9247724798
6121,86,1,2020,17,6336755423
6122,86,2,2020,21,7121249982
6123,86,3,2020,23,9213382849
6124,86,4,2020,25,8482766350
6125,86,5,2020,21,7316300838
6126,86,6,2020,19,5954064371
6127,86,7,2020,18,7181447040
6128,86,8,2020,18,5810217174
6129,86,9,2020,23,7231654940
6130,86,10,2020,22,7527361336
6131,86,11,2020,24,8699454120
6132,86,12,2020,24,7703405856
6133,86,1,2021,20,8360292620
6134,86,2,2021,27,9248676579
6135,86,3,2021,28,10051265112
6136,86,4,2021,29,10078944345
6137,86,5,2021,23,8649368822
6138,86,6,2021,21,6622596813
6139,86,7,2021,22,8146634804
6140,86,8,2021,25,7950909775
6141,86,9,2021,24,8962622424
6142,86,10,2021,29,11889035489
6143,86,11,2021,27,9610812810
6144,86,12,2021,23,7699644795
6145,86,1,2022,28,9843591072
6146,86,2,2022,23,7568603721
6147,86,3,2022,29,11356132794
6148,86,4,2022,24,9906846144
6149,86,5,2022,24,9476392752
6150,86,6,2022,22,9157896374
6151,86,7,2022,26,10253246744
6152,86,8,2022,22,7265579816
6153,86,9,2022,26,8516525524
6154,86,10,2022,28,9188758488
6155,86,11,2022,26,10718951490
6156,86,12,2022,25,8376159150
6157,86,1,2023,24,9049091496
6158,86,2,2023,29,8977656875
6159,86,3,2023,25,8537863425
6160,86,4,2023,28,10370286948
6161,86,5,2023,23,7524609781
6162,86,6,2023,22,8390552632
6163,86,7,2023,25,10257680975
6164,86,8,2023,22,6773860654
6165,86,9,2023,22,7413368578
6166,86,10,2023,24,9989781048
6167,86,11,2023,21,8138054883
6168,86,12,2023,28,11708458048
6169,86,1,2024,24,9784764504
6170,86,2,2024,28,8419485480
6171,86,3,2024,22,7760449928
6172,86,4,2024,21,6806317938
6173,86,5,2024,20,6596629660
6174,86,6,2024,22,6835320778
6175,86,7,2024,21,8316669732
6176,86,8,2024,26,9509010342
6177,86,9,2024,20,7906501920
6178,86,10,2024,29,9858241701
6179,86,11,2024,23,7089585412
6180,86,12,2024,23,8363304137
6181,86,1,2025,27,11015488917
6182,86,2,2025,26,8351811312
6183,86,3,2025,27,11228252373
6184,86,4,2025,28,8535244004
6185,86,5,2025,25,10123730125
6186,86,6,2025,27,9029567664
6187,86,7,2025,28,11385464888
6188,86,8,2025,22,6686042726
6189,86,9,2025,22,8868160708
6190,86,10,2025,24,8782471128
6191,86,11,2025,23,7899365571
6192,86,12,2025,22,7221085256
6193,87,1,2020,11,3790555329
6194,87,2,2020,11,3806584694
6195,87,3,2020,12,3968880108
6196,87,4,2020,12,5029244592
6197,87,5,2020,10,4114688160
6198,87,6,2020,15,5802235080
6199,87,7,2020,10,3798617150
6200,87,8,2020,13,4815282745
6201,87,9,2020,14,4745038018
6202,87,10,2020,11,4413576761
6203,87,11,2020,10,3308398560
6204,87,12,2020,14,4833745490
6205,87,1,2021,17,6202917313
6206,87,2,2021,15,6168914010
6207,87,3,2021,16,6426684304
6208,87,4,2021,14,5587198932
6209,87,5,2021,17,6627507239
6210,87,6,2021,15,5398287780
6211,87,7,2021,17,6964240060
6212,87,8,2021,16,5723900976
6213,87,9,2021,13,5365957493
6214,87,10,2021,16,5551527536
6215,87,11,2021,12,4034305320
6216,87,12,2021,12,3748361928
6217,87,1,2022,13,4660521723
6218,87,2,2022,14,5873497546
6219,87,3,2022,15,5582033370
6220,87,4,2022,16,5779648640
6221,87,5,2022,15,6223168980
6222,87,6,2022,14,4679716538
6223,87,7,2022,16,5874248496
6224,87,8,2022,14,4483232222
6225,87,9,2022,17,5285787645
6226,87,10,2022,13,5006445418
6227,87,11,2022,16,4870099104
6228,87,12,2022,15,5875567890
6229,87,1,2023,17,7091109156
6230,87,2,2023,12,3935393112
6231,87,3,2023,17,5549867260
6232,87,4,2023,12,4751551584
6233,87,5,2023,14,5758491914
6234,87,6,2023,17,6021228538
6235,87,7,2023,12,3900486336
6236,87,8,2023,17,5280790359
6237,87,9,2023,16,6052458944
6238,87,10,2023,16,5120324048
6239,87,11,2023,12,4691540436
6240,87,12,2023,12,4387294716
6241,87,1,2024,16,5444694736
6242,87,2,2024,14,5533973690
6243,87,3,2024,16,6442647040
6244,87,4,2024,16,5696749520
6245,87,5,2024,17,5895290022
6246,87,6,2024,16,5915079904
6247,87,7,2024,16,6586263568
6248,87,8,2024,12,3828194436
6249,87,9,2024,17,6034371034
6250,87,10,2024,14,4588288306
6251,87,11,2024,17,5514078945
6252,87,12,2024,15,6244702755
6253,87,1,2025,14,5835502820
6254,87,2,2025,12,4451183736
6255,87,3,2025,14,5595339022
6256,87,4,2025,12,3816477744
6257,87,5,2025,17,5345095919
6258,87,6,2025,17,5654076546
6259,87,7,2025,16,4962246992
6260,87,8,2025,12,3899699016
6261,87,9,2025,14,4452109886
6262,87,10,2025,12,4935994644
6263,87,11,2025,14,5129987422
6264,87,12,2025,12,3901460616
6265,88,1,2020,23,8856035529
6266,88,2,2020,18,5771233908
6267,88,3,2020,19,7291041209
6268,88,4,2020,22,8399429104
6269,88,5,2020,25,10300367475
6270,88,6,2020,24,7994741592
6271,88,7,2020,25,10077140600
6272,88,8,2020,20,7021577400
6273,88,9,2020,22,6600984324
6274,88,10,2020,19,6902328189
6275,88,11,2020,19,7123604260
6276,88,12,2020,19,7566374237
6277,88,1,2021,28,11245270428
6278,88,2,2021,24,7208731800
6279,88,3,2021,29,10415600618
6280,88,4,2021,29,11517942934
6281,88,5,2021,27,9743480982
6282,88,6,2021,26,8861797282
6283,88,7,2021,23,8881582365
6284,88,8,2021,20,6340370120
6285,88,9,2021,22,6894722538
6286,88,10,2021,27,10815548112
6287,88,11,2021,21,7188197247
6288,88,12,2021,28,9699978148
6289,88,1,2022,24,8191500696
6290,88,2,2022,29,10308570347
6291,88,3,2022,20,7793928940
6292,88,4,2022,29,9314383241
6293,88,5,2022,26,10268878932
6294,88,6,2022,28,10345355328
6295,88,7,2022,24,8524535256
6296,88,8,2022,25,9455328550
6297,88,9,2022,28,8634769360
6298,88,10,2022,23,7587285034
6299,88,11,2022,23,8570595984
6300,88,12,2022,20,7803841380
6301,88,1,2023,25,9585482675
6302,88,2,2023,24,7528004112
6303,88,3,2023,28,10821746152
6304,88,4,2023,26,9530627262
6305,88,5,2023,22,8395913284
6306,88,6,2023,26,7988828848
6307,88,7,2023,25,8107414800
6308,88,8,2023,20,6981988900
6309,88,9,2023,25,8409118250
6310,88,10,2023,27,8370245187
6311,88,11,2023,21,8510686149
6312,88,12,2023,29,11764939008
6313,88,1,2024,25,8358451850
6314,88,2,2024,29,10229785090
6315,88,3,2024,22,6610979496
6316,88,4,2024,29,10734518809
6317,88,5,2024,26,10624881072
6318,88,6,2024,22,7176822422
6319,88,7,2024,22,7183348986
6320,88,8,2024,26,7857722366
6321,88,9,2024,26,10458747598
6322,88,10,2024,28,11273369632
6323,88,11,2024,28,9822763412
6324,88,12,2024,28,10077330312
6325,88,1,2025,28,11334193668
6326,88,2,2025,23,9369490864
6327,88,3,2025,24,8705096640
6328,88,4,2025,25,9664244100
6329,88,5,2025,24,8724060672
6330,88,6,2025,24,9829794240
6331,88,7,2025,27,9380783394
6332,88,8,2025,29,11758302532
6333,88,9,2025,21,7808304756
6334,88,10,2025,28,9381460312
6335,88,11,2025,29,10062841486
6336,88,12,2025,29,10586471634
6337,89,1,2020,13,4791421739
6338,89,2,2020,10,3544854820
6339,89,3,2020,14,5788134212
6340,89,4,2020,11,3823861239
6341,89,5,2020,11,4297208916
6342,89,6,2020,11,3386989012
6343,89,7,2020,11,3300665940
6344,89,8,2020,14,4885563172
6345,89,9,2020,11,4576047498
6346,89,10,2020,15,5190196725
6347,89,11,2020,14,5849366040
6348,89,12,2020,11,4495048690
6349,89,1,2021,13,4293485352
6350,89,2,2021,13,4803032091
6351,89,3,2021,17,5746036635
6352,89,4,2021,14,5034589504
6353,89,5,2021,14,4531143204
6354,89,6,2021,14,5102230098
6355,89,7,2021,12,4980202296
6356,89,8,2021,17,6021667988
6357,89,9,2021,15,4854180360
6358,89,10,2021,13,5179109234
6359,89,11,2021,12,3625020756
6360,89,12,2021,14,5674044726
6361,89,1,2022,16,6288120304
6362,89,2,2022,12,3771934524
6363,89,3,2022,16,5652720016
6364,89,4,2022,13,5150546999
6365,89,5,2022,13,4736046523
6366,89,6,2022,13,3982951830
6367,89,7,2022,14,4760486108
6368,89,8,2022,12,3674611956
6369,89,9,2022,12,3959208024
6370,89,10,2022,12,4190993004
6371,89,11,2022,15,4995996000
6372,89,12,2022,16,6365056064
6373,89,1,2023,17,6267426533
6374,89,2,2023,16,6303252000
6375,89,3,2023,15,4808287605
6376,89,4,2023,14,4763157392
6377,89,5,2023,17,5256153636
6378,89,6,2023,16,6258879600
6379,89,7,2023,16,5342936624
6380,89,8,2023,13,4080200293
6381,89,9,2023,16,5479442896
6382,89,10,2023,14,5370602496
6383,89,11,2023,15,4759969380
6384,89,12,2023,12,3906687900
6385,89,1,2024,12,4292849772
6386,89,2,2024,16,6070574272
6387,89,3,2024,15,5543737455
6388,89,4,2024,16,6395071792
6389,89,5,2024,15,6125492865
6390,89,6,2024,16,6291936912
6391,89,7,2024,13,5357946698
6392,89,8,2024,13,5022869644
6393,89,9,2024,13,4051151975
6394,89,10,2024,16,5327734464
6395,89,11,2024,15,6032354355
6396,89,12,2024,14,5149313302
6397,89,1,2025,15,5599376490
6398,89,2,2025,12,4335704388
6399,89,3,2025,16,6456122752
6400,89,4,2025,14,4315788260
6401,89,5,2025,15,4762795740
6402,89,6,2025,14,4872692510
6403,89,7,2025,13,4162189421
6404,89,8,2025,12,3968386896
6405,89,9,2025,17,5773444579
6406,89,10,2025,14,5529914894
6407,89,11,2025,15,6008146950
6408,89,12,2025,13,4669945618
6409,90,1,2020,24,8826461760
6410,90,2,2020,24,9934894008
6411,90,3,2020,18,6082995564
6412,90,4,2020,18,5573523996
6413,90,5,2020,20,7948842840
6414,90,6,2020,18,6104761776
6415,90,7,2020,19,6774129945
6416,90,8,2020,24,9667705488
6417,90,9,2020,22,7341203232
6418,90,10,2020,17,6179568697
6419,90,11,2020,22,8831097374
6420,90,12,2020,22,8252146936
6421,90,1,2021,26,10093719662
6422,90,2,2021,22,9013131226
6423,90,3,2021,24,9881250552
6424,90,4,2021,22,9169211436
6425,90,5,2021,20,6568398420
6426,90,6,2021,27,8105868666
6427,90,7,2021,28,8596966168
6428,90,8,2021,27,11183852628
6429,90,9,2021,28,10952225340
6430,90,10,2021,28,9197492360
6431,90,11,2021,24,9478140264
6432,90,12,2021,24,7845227808
6433,90,1,2022,24,9150611088
6434,90,2,2022,23,8500843079
6435,90,3,2022,29,11461955360
6436,90,4,2022,22,8300340510
6437,90,5,2022,28,10437168952
6438,90,6,2022,26,10726179334
6439,90,7,2022,24,9541746504
6440,90,8,2022,28,9278517276
6441,90,9,2022,29,10048405344
6442,90,10,2022,20,6337260100
6443,90,11,2022,20,8206175700
6444,90,12,2022,21,8002465779
6445,90,1,2023,28,11191367544
6446,90,2,2023,28,10117659440
6447,90,3,2023,23,7873905284
6448,90,4,2023,26,8467717492
6449,90,5,2023,28,9435794984
6450,90,6,2023,21,7432410405
6451,90,7,2023,28,11552662156
6452,90,8,2023,24,8536354656
6453,90,9,2023,27,10991821122
6454,90,10,2023,21,8167230708
6455,90,11,2023,28,8543419640
6456,90,12,2023,27,10690261335
6457,90,1,2024,20,8301152160
6458,90,2,2024,27,11046992895
6459,90,3,2024,28,8998060064
6460,90,4,2024,24,9845680464
6461,90,5,2024,29,10913488307
6462,90,6,2024,26,8040875128
6463,90,7,2024,24,7672082256
6464,90,8,2024,26,8051611724
6465,90,9,2024,29,10389289237
6466,90,10,2024,23,9095785896
6467,90,11,2024,28,8948529912
6468,90,12,2024,20,7494081820
6469,90,1,2025,29,10307265753
6470,90,2,2025,24,7531634112
6471,90,3,2025,24,9916979640
6472,90,4,2025,21,6623290464
6473,90,5,2025,21,7518591465
6474,90,6,2025,25,9889866025
6475,90,7,2025,26,10586858438
6476,90,8,2025,27,10611208440
6477,90,9,2025,29,11246225085
6478,90,10,2025,27,9909666819
6479,90,11,2025,26,10239738366
6480,90,12,2025,24,8961544728
6481,91,1,2020,34,12231562118
6482,91,2,2020,29,9857049424
6483,91,3,2020,28,9158124472
6484,91,4,2020,35,14430475745
6485,91,5,2020,33,10843299654
6486,91,6,2020,28,11477165420
6487,91,7,2020,37,13549906012
6488,91,8,2020,29,9439334439
6489,91,9,2020,36,11163925260
6490,91,10,2020,29,11618268376
6491,91,11,2020,33,13270335210
6492,91,12,2020,32,10713115968
6493,91,1,2021,44,18234127516
6494,91,2,2021,43,14400320396
6495,91,3,2021,39,13645845876
6496,91,4,2021,47,19411451811
6497,91,5,2021,41,15180817973
6498,91,6,2021,47,18167964821
6499,91,7,2021,36,13603144716
6500,91,8,2021,46,14715004492
6501,91,9,2021,37,11603160040
6502,91,10,2021,37,11473025971
6503,91,11,2021,42,16680668466
6504,91,12,2021,39,16309719660
6505,91,1,2022,36,14332856400
6506,91,2,2022,42,14888107332
6507,91,3,2022,33,12032089872
6508,91,4,2022,40,15693342880
6509,91,5,2022,34,13148892250
6510,91,6,2022,43,15850252661
6511,91,7,2022,38,13753721216
6512,91,8,2022,47,14570426854
6513,91,9,2022,40,12676122160
6514,91,10,2022,33,13213701732
6515,91,11,2022,42,15744322020
6516,91,12,2022,46,18274286416
6517,91,1,2023,40,13476297640
6518,91,2,2023,47,15826627485
6519,91,3,2023,33,11969747361
6520,91,4,2023,39,15960165312
6521,91,5,2023,36,12109369644
6522,91,6,2023,38,11623213026
6523,91,7,2023,40,15023451800
6524,91,8,2023,34,12065729056
6525,91,9,2023,46,16625182506
6526,91,10,2023,33,10859898423
6527,91,11,2023,41,14844187842
6528,91,12,2023,32,12971414976
6529,91,1,2024,45,17666430525
6530,91,2,2024,40,13163951600
6531,91,3,2024,44,14162814292
6532,91,4,2024,34,10561537266
6533,91,5,2024,33,10793627922
6534,91,6,2024,39,16138790577
6535,91,7,2024,37,12635981000
6536,91,8,2024,32,11753472128
6537,91,9,2024,45,17431427655
6538,91,10,2024,40,16327604520
6539,91,11,2024,47,16039429667
6540,91,12,2024,36,12431828592
6541,91,1,2025,36,13709772108
6542,91,2,2025,34,13470040508
6543,91,3,2025,34,11509690064
6544,91,4,2025,40,16029542640
6545,91,5,2025,37,12035559837
6546,91,6,2025,40,14782667320
6547,91,7,2025,44,13445237124
6548,91,8,2025,38,14686167952
6549,91,9,2025,46,19136355442
6550,91,10,2025,36,12648311784
6551,91,11,2025,42,13256870844
6552,91,12,2025,45,14141679840
6553,92,1,2020,10,3813513230
6554,92,2,2020,14,5164190290
6555,92,3,2020,12,4202146908
6556,92,4,2020,14,5181063370
6557,92,5,2020,14,5547544394
6558,92,6,2020,14,5809082874
6559,92,7,2020,12,3783862476
6560,92,8,2020,10,3091539140
6561,92,9,2020,11,4269228887
6562,92,10,2020,14,5245324882
6563,92,11,2020,11,3456158629
6564,92,12,2020,11,4346600071
6565,92,1,2021,17,6690500552
6566,92,2,2021,14,5849248104
6567,92,3,2021,14,5451133520
6568,92,4,2021,12,4510717248
6569,92,5,2021,16,6275718064
6570,92,6,2021,13,4481562878
6571,92,7,2021,13,4767084972
6572,92,8,2021,13,5278561301
6573,92,9,2021,17,6729117395
6574,92,10,2021,13,4491483828
6575,92,11,2021,15,6122706600
6576,92,12,2021,15,5869923060
6577,92,1,2022,15,4902659745
6578,92,2,2022,16,5061222096
6579,92,3,2022,14,4722786726
6580,92,4,2022,16,6628706912
6581,92,5,2022,12,3679871172
6582,92,6,2022,12,3694772904
6583,92,7,2022,15,4509377670
6584,92,8,2022,14,4818769942
6585,92,9,2022,13,4314692616
6586,92,10,2022,15,5432491845
6587,92,11,2022,12,4329981744
6588,92,12,2022,17,5346340098
6589,92,1,2023,16,5513791680
6590,92,2,2023,16,5031024592
6591,92,3,2023,12,3805736628
6592,92,4,2023,15,4844726355
6593,92,5,2023,15,4701441870
6594,92,6,2023,16,6652555008
6595,92,7,2023,13,4409791035
6596,92,8,2023,13,4841610111
6597,92,9,2023,12,4927833132
6598,92,10,2023,16,4994172576
6599,92,11,2023,17,5959076589
6600,92,12,2023,16,5195261584
6601,92,1,2024,17,5117365789
6602,92,2,2024,12,4729348200
6603,92,3,2024,14,5876108462
6604,92,4,2024,16,5000694864
6605,92,5,2024,14,5796845068
6606,92,6,2024,17,6686388320
6607,92,7,2024,13,4849435201
6608,92,8,2024,15,5676056100
6609,92,9,2024,13,5234938878
6610,92,10,2024,13,4345757169
6611,92,11,2024,12,3820642248
6612,92,12,2024,15,4780901295
6613,92,1,2025,15,6207888120
6614,92,2,2025,14,4602929800
6615,92,3,2025,14,4937769704
6616,92,4,2025,14,5060335210
6617,92,5,2025,13,5339123049
6618,92,6,2025,12,4176059316
6619,92,7,2025,16,6153259968
6620,92,8,2025,13,4526664064
6621,92,9,2025,17,5952436525
6622,92,10,2025,14,4709798884
6623,92,11,2025,15,6209719515
6624,92,12,2025,17,5786574444
6625,93,1,2020,23,8112331679
6626,93,2,2020,23,8868413347
6627,93,3,2020,20,7251309860
6628,93,4,2020,21,8812306797
6629,93,5,2020,18,7433639748
6630,93,6,2020,25,10489955575
6631,93,7,2020,24,7257378144
6632,93,8,2020,19,7698104030
6633,93,9,2020,22,6868109688
6634,93,10,2020,21,8027840919
6635,93,11,2020,17,6975344018
6636,93,12,2020,18,6988103766
6637,93,1,2021,28,10182917780
6638,93,2,2021,23,9393168145
6639,93,3,2021,21,7041560547
6640,93,4,2021,21,6766892916
6641,93,5,2021,27,9817834203
6642,93,6,2021,24,9540392640
6643,93,7,2021,28,8664684056
6644,93,8,2021,28,10001779508
6645,93,9,2021,25,10344721000
6646,93,10,2021,27,11184330663
6647,93,11,2021,29,10595836807
6648,93,12,2021,26,8858600686
6649,93,1,2022,24,8501643960
6650,93,2,2022,22,7309372422
6651,93,3,2022,26,10811073858
6652,93,4,2022,20,6446666080
6653,93,5,2022,20,8172846440
6654,93,6,2022,26,8338662566
6655,93,7,2022,20,7076224860
6656,93,8,2022,26,10745751354
6657,93,9,2022,28,8853180420
6658,93,10,2022,23,7165951714
6659,93,11,2022,28,10994988424
6660,93,12,2022,29,10609819940
6661,93,1,2023,29,11169235421
6662,93,2,2023,20,8276670860
6663,93,3,2023,23,7330006942
6664,93,4,2023,24,8797550616
6665,93,5,2023,27,10773761832
6666,93,6,2023,22,8500734968
6667,93,7,2023,24,8824761696
6668,93,8,2023,20,6458096700
6669,93,9,2023,26,9470957574
6670,93,10,2023,25,9316194725
6671,93,11,2023,21,8807325597
6672,93,12,2023,27,9750349431
6673,93,1,2024,28,9228351832
6674,93,2,2024,29,12126547055
6675,93,3,2024,22,6631960698
6676,93,4,2024,20,8000521180
6677,93,5,2024,23,8895565675
6678,93,6,2024,25,8227628025
6679,93,7,2024,22,8581876490
6680,93,8,2024,29,11880223723
6681,93,9,2024,26,10618828064
6682,93,10,2024,20,6504329160
6683,93,11,2024,22,6693282244
6684,93,12,2024,23,8231824798
6685,93,1,2025,20,7796327280
6686,93,2,2025,27,9788647770
6687,93,3,2025,28,8743066220
6688,93,4,2025,26,10461650524
6689,93,5,2025,29,11368285650
6690,93,6,2025,26,10069090616
6691,93,7,2025,22,6878716812
6692,93,8,2025,28,8490606852
6693,93,9,2025,29,11356608887
6694,93,10,2025,29,10283173046
6695,93,11,2025,20,6744859960
6696,93,12,2025,23,7371271495
6697,94,1,2020,17,5377396378
6698,94,2,2020,20,7414699400
6699,94,3,2020,18,5453915670
6700,94,4,2020,24,8896314624
6701,94,5,2020,18,6541222086
6702,94,6,2020,25,7679266550
6703,94,7,2020,20,8078223920
6704,94,8,2020,19,7804193570
6705,94,9,2020,20,7516036840
6706,94,10,2020,25,7861760325
6707,94,11,2020,20,7673193560
6708,94,12,2020,18,7468879662
6709,94,1,2021,26,9432458282
6710,94,2,2021,21,7337264655
6711,94,3,2021,20,7297415560
6712,94,4,2021,29,11943670300
6713,94,5,2021,21,7599855480
6714,94,6,2021,25,9961783325
6715,94,7,2021,24,8292007128
6716,94,8,2021,24,9365389056
6717,94,9,2021,21,7745461521
6718,94,10,2021,26,9099504336
6719,94,11,2021,26,9504694004
6720,94,12,2021,24,9082345680
6721,94,1,2022,25,9579115500
6722,94,2,2022,23,8704364513
6723,94,3,2022,20,8168000360
6724,94,4,2022,23,9565152531
6725,94,5,2022,26,10699227812
6726,94,6,2022,26,7974176626
6727,94,7,2022,22,8771429062
6728,94,8,2022,24,7582279368
6729,94,9,2022,26,8000989022
6730,94,10,2022,25,9501989350
6731,94,11,2022,26,8734952330
6732,94,12,2022,21,8251413912
6733,94,1,2023,29,10183486996
6734,94,2,2023,24,9871797912
6735,94,3,2023,28,8694558572
6736,94,4,2023,24,7210107240
6737,94,5,2023,29,9158358804
6738,94,6,2023,20,6319161940
6739,94,7,2023,25,10023507800
6740,94,8,2023,22,7557716892
6741,94,9,2023,22,9000203344
6742,94,10,2023,20,6556764880
6743,94,11,2023,26,10045282286
6744,94,12,2023,20,6518795300
6745,94,1,2024,29,8930397402
6746,94,2,2024,20,8217109920
6747,94,3,2024,27,9398146068
6748,94,4,2024,20,6587132260
6749,94,5,2024,22,7049000882
6750,94,6,2024,26,9061279708
6751,94,7,2024,24,8548363608
6752,94,8,2024,22,8209577398
6753,94,9,2024,20,7970147260
6754,94,10,2024,22,8427688082
6755,94,11,2024,22,7402909470
6756,94,12,2024,25,7996642625
6757,94,1,2025,20,7118955780
6758,94,2,2025,26,8011208660
6759,94,3,2025,22,7881428038
6760,94,4,2025,24,9319254816
6761,94,5,2025,21,7161956739
6762,94,6,2025,28,9992476424
6763,94,7,2025,29,11027025018
6764,94,8,2025,22,7260221870
6765,94,9,2025,29,8926531006
6766,94,10,2025,26,9491875406
6767,94,11,2025,20,7370989060
6768,94,12,2025,22,8563618844
6769,95,1,2020,23,7909749749
6770,95,2,2020,19,6412514478
6771,95,3,2020,17,6328641816
6772,95,4,2020,20,7648494340
6773,95,5,2020,23,8867660166
6774,95,6,2020,17,5159591562
6775,95,7,2020,19,6343352540
6776,95,8,2020,25,9189927100
6777,95,9,2020,23,8779386649
6778,95,10,2020,23,9603410202
6779,95,11,2020,20,7879313560
6780,95,12,2020,19,5952823177
6781,95,1,2021,20,7955395560
6782,95,2,2021,24,8896819512
6783,95,3,2021,27,9268349697
6784,95,4,2021,26,8502255814
6785,95,5,2021,24,8692157088
6786,95,6,2021,21,6453291852
6787,95,7,2021,26,8849874124
6788,95,8,2021,22,7093711042
6789,95,9,2021,22,8693394908
6790,95,10,2021,21,6977761098
6791,95,11,2021,23,9376898152
6792,95,12,2021,25,8233326275
6793,95,1,2022,23,7612011506
6794,95,2,2022,28,8760251864
6795,95,3,2022,24,7396142472
6796,95,4,2022,27,9523179801
6797,95,5,2022,27,8953936614
6798,95,6,2022,20,7958608320
6799,95,7,2022,20,7377808800
6800,95,8,2022,27,11224544139
6801,95,9,2022,21,7231528122
6802,95,10,2022,20,8184289020
6803,95,11,2022,23,7225700884
6804,95,12,2022,26,8657142078
6805,95,1,2023,25,8845443000
6806,95,2,2023,29,12040259208
6807,95,3,2023,22,7367771202
6808,95,4,2023,27,10106569395
6809,95,5,2023,22,7405661120
6810,95,6,2023,22,8207305238
6811,95,7,2023,24,7507272024
6812,95,8,2023,24,9631313544
6813,95,9,2023,22,7243965828
6814,95,10,2023,23,7643148423
6815,95,11,2023,22,8670808982
6816,95,12,2023,26,10042501040
6817,95,1,2024,24,9481933752
6818,95,2,2024,26,8784781226
6819,95,3,2024,26,9366911892
6820,95,4,2024,22,7035057194
6821,95,5,2024,25,7642885600
6822,95,6,2024,27,10446152769
6823,95,7,2024,21,7250231331
6824,95,8,2024,26,9111514984
6825,95,9,2024,25,9070442875
6826,95,10,2024,28,10212402284
6827,95,11,2024,24,9021133416
6828,95,12,2024,29,12080473044
6829,95,1,2025,27,8135372943
6830,95,2,2025,22,6641134918
6831,95,3,2025,28,9075093496
6832,95,4,2025,26,8799469822
6833,95,5,2025,29,11655789359
6834,95,6,2025,27,8881234875
6835,95,7,2025,25,10337562900
6836,95,8,2025,21,7325268993
6837,95,9,2025,25,8705690575
6838,95,10,2025,20,6662247560
6839,95,11,2025,22,8640915844
6840,95,12,2025,28,8933455412
6841,96,1,2020,10,3055895960
6842,96,2,2020,13,4049253754
6843,96,3,2020,15,5429358690
6844,96,4,2020,14,5276131266
6845,96,5,2020,13,5446246494
6846,96,6,2020,12,4023292812
6847,96,7,2020,11,4113759925
6848,96,8,2020,11,4473269273
6849,96,9,2020,11,3784011286
6850,96,10,2020,12,3910521156
6851,96,11,2020,13,5212679927
6852,96,12,2020,13,4973417306
6853,96,1,2021,15,5983497885
6854,96,2,2021,14,4972097970
6855,96,3,2021,15,4673510025
6856,96,4,2021,12,3653621412
6857,96,5,2021,17,6930565644
6858,96,6,2021,17,6881736102
6859,96,7,2021,12,3604937340
6860,96,8,2021,15,6153085350
6861,96,9,2021,12,3775357968
6862,96,10,2021,13,4754695179
6863,96,11,2021,16,5088833824
6864,96,12,2021,14,5459950006
6865,96,1,2022,15,6202709700
6866,96,2,2022,14,5050351642
6867,96,3,2022,16,6675655728
6868,96,4,2022,17,6021229031
6869,96,5,2022,16,5141301248
6870,96,6,2022,12,4306418604
6871,96,7,2022,14,4424303072
6872,96,8,2022,15,5788465965
6873,96,9,2022,14,5569492586
6874,96,10,2022,13,4218297772
6875,96,11,2022,16,5638575744
6876,96,12,2022,16,6519593088
6877,96,1,2023,12,3867243444
6878,96,2,2023,17,5965318326
6879,96,3,2023,12,4360994208
6880,96,4,2023,15,5611332735
6881,96,5,2023,14,5160379826
6882,96,6,2023,16,5247387568
6883,96,7,2023,15,4780767345
6884,96,8,2023,16,5227324960
6885,96,9,2023,17,5586193421
6886,96,10,2023,14,5844962368
6887,96,11,2023,12,3800220996
6888,96,12,2023,13,5331523236
6889,96,1,2024,13,4794681905
6890,96,2,2024,13,4069407420
6891,96,3,2024,16,6253175520
6892,96,4,2024,17,6565211606
6893,96,5,2024,16,4976444128
6894,96,6,2024,17,6978826927
6895,96,7,2024,16,5479345376
6896,96,8,2024,14,5630246762
6897,96,9,2024,15,5331272040
6898,96,10,2024,17,5807091132
6899,96,11,2024,15,4878307905
6900,96,12,2024,13,4556579352
6901,96,1,2025,16,5407034432
6902,96,2,2025,17,6344072155
6903,96,3,2025,15,5044422645
6904,96,4,2025,16,5620781504
6905,96,5,2025,17,5300900900
6906,96,6,2025,12,3941546676
6907,96,7,2025,14,4748367344
6908,96,8,2025,12,5021507556
6909,96,9,2025,15,5978449170
6910,96,10,2025,13,4607002439
6911,96,11,2025,15,5494161000
6912,96,12,2025,12,4164192312
6913,97,1,2020,25,10299453975
6914,97,2,2020,19,6550623540
6915,97,3,2020,20,7067398440
6916,97,4,2020,20,7520942120
6917,97,5,2020,24,8919334080
6918,97,6,2020,20,8187410180
6919,97,7,2020,18,7055373492
6920,97,8,2020,24,7419757920
6921,97,9,2020,23,8618489597
6922,97,10,2020,18,7467425532
6923,97,11,2020,21,7760001690
6924,97,12,2020,24,8741753664
6925,97,1,2021,20,6588423300
6926,97,2,2021,20,7705861280
6927,97,3,2021,20,6111300960
6928,97,4,2021,26,8479431142
6929,97,5,2021,29,10047712766
6930,97,6,2021,26,9935087500
6931,97,7,2021,26,8016582548
6932,97,8,2021,23,8059865528
6933,97,9,2021,22,8263269146
6934,97,10,2021,22,8614266254
6935,97,11,2021,21,8561354361
6936,97,12,2021,21,8463174363
6937,97,1,2022,28,10723238456
6938,97,2,2022,22,8409124724
6939,97,3,2022,25,7768884025
6940,97,4,2022,24,8091947208
6941,97,5,2022,21,7239073485
6942,97,6,2022,22,7640991556
6943,97,7,2022,24,7718350416
6944,97,8,2022,25,9573871150
6945,97,9,2022,29,10139667242
6946,97,10,2022,27,8450325405
6947,97,11,2022,24,7909884192
6948,97,12,2022,23,8639372355
6949,97,1,2023,26,8018039640
6950,97,2,2023,26,9100109564
6951,97,3,2023,25,9276796100
6952,97,4,2023,20,6602690120
6953,97,5,2023,29,10310315074
6954,97,6,2023,28,8445929856
6955,97,7,2023,22,6979381838
6956,97,8,2023,25,8394937250
6957,97,9,2023,29,9646298159
6958,97,10,2023,26,10531457924
6959,97,11,2023,27,8308872108
6960,97,12,2023,29,10177493363
6961,97,1,2024,24,7462675872
6962,97,2,2024,24,8996488152
6963,97,3,2024,29,11664260114
6964,97,4,2024,24,8571983064
6965,97,5,2024,21,8269488969
6966,97,6,2024,21,8275629789
6967,97,7,2024,27,9922098942
6968,97,8,2024,21,6546246588
6969,97,9,2024,28,8912763132
6970,97,10,2024,29,8840075481
6971,97,11,2024,25,8866545175
6972,97,12,2024,28,9234573544
6973,97,1,2025,26,8565008712
6974,97,2,2025,28,9226650552
6975,97,3,2025,25,9943340425
6976,97,4,2025,22,7648920158
6977,97,5,2025,21,8755350072
6978,97,6,2025,20,8245749560
6979,97,7,2025,25,7903463050
6980,97,8,2025,20,6404207660
6981,97,9,2025,24,8860696056
6982,97,10,2025,29,9410788521
6983,97,11,2025,27,10109555217
6984,97,12,2025,23,7536701916
6985,98,1,2020,39,16106785812
6986,98,2,2020,30,10908276510
6987,98,3,2020,28,11323136272
6988,98,4,2020,30,9215767290
6989,98,5,2020,31,11759705230
6990,98,6,2020,39,12203475297
6991,98,7,2020,29,10715171807
6992,98,8,2020,38,13493599702
6993,98,9,2020,40,13898678160
6994,98,10,2020,32,9826314912
6995,98,11,2020,31,12823386685
6996,98,12,2020,27,10050318108
6997,98,1,2021,37,14817444686
6998,98,2,2021,40,14412318360
6999,98,3,2021,38,14035598072
7000,98,4,2021,47,14367190347
7001,98,5,2021,33,13304072199
7002,98,6,2021,47,16414313981
7003,98,7,2021,35,14463021125
7004,98,8,2021,39,12096750666
7005,98,9,2021,40,12047563120
7006,98,10,2021,43,14147729151
7007,98,11,2021,44,14533675200
7008,98,12,2021,35,12706729700
7009,98,1,2022,44,14538988112
7010,98,2,2022,39,14342502330
7011,98,3,2022,32,11236813440
7012,98,4,2022,46,17450256814
7013,98,5,2022,41,13194420289
7014,98,6,2022,44,17082747484
7015,98,7,2022,36,14573710044
7016,98,8,2022,45,17609574645
7017,98,9,2022,33,13715131584
7018,98,10,2022,36,13417676964
7019,98,11,2022,39,13267887243
7020,98,12,2022,35,13222320475
7021,98,1,2023,32,10418066336
7022,98,2,2023,44,18232912192
7023,98,3,2023,41,13093820147
7024,98,4,2023,46,14411581960
7025,98,5,2023,45,13851847485
7026,98,6,2023,46,14287112216
7027,98,7,2023,37,11823654177
7028,98,8,2023,43,17391708749
7029,98,9,2023,41,14271967242
7030,98,10,2023,32,12101378816
7031,98,11,2023,42,13168926204
7032,98,12,2023,45,14500915650
7033,98,1,2024,43,17652659151
7034,98,2,2024,47,15335280743
7035,98,3,2024,36,13275212688
7036,98,4,2024,37,14555734288
7037,98,5,2024,46,16877221612
7038,98,6,2024,32,13007306112
7039,98,7,2024,34,11285470128
7040,98,8,2024,47,15967296934
7041,98,9,2024,43,15052403141
7042,98,10,2024,38,11756030740
7043,98,11,2024,40,14433430920
7044,98,12,2024,34,12012807750
7045,98,1,2025,38,15752662690
7046,98,2,2025,38,13063540972
7047,98,3,2025,39,12418095846
7048,98,4,2025,32,11183031744
7049,98,5,2025,33,11397626988
7050,98,6,2025,47,17954384742
7051,98,7,2025,42,13542457278
7052,98,8,2025,38,13792543270
7053,98,9,2025,47,18542941725
7054,98,10,2025,41,12320045884
7055,98,11,2025,34,12188231668
7056,98,12,2025,36,11287005588
7057,99,1,2020,17,6015545353
7058,99,2,2020,22,7437982640
7059,99,3,2020,18,6930960840
7060,99,4,2020,19,6538645389
7061,99,5,2020,20,6239400700
7062,99,6,2020,20,7810292220
7063,99,7,2020,17,6695776502
7064,99,8,2020,23,8248202638
7065,99,9,2020,17,5464589973
7066,99,10,2020,19,7885854107
7067,99,11,2020,19,6099746757
7068,99,12,2020,20,7375689800
7069,99,1,2021,25,8153108150
7070,99,2,2021,24,9245343192
7071,99,3,2021,22,7415199462
7072,99,4,2021,28,9908861452
7073,99,5,2021,29,11522760994
7074,99,6,2021,23,8829698873
7075,99,7,2021,26,9177068576
7076,99,8,2021,26,9671959700
7077,99,9,2021,21,8580097197
7078,99,10,2021,21,6352558170
7079,99,11,2021,20,6638692180
7080,99,12,2021,29,11154694995
7081,99,1,2022,25,10345757425
7082,99,2,2022,28,11526308052
7083,99,3,2022,22,7433811880
7084,99,4,2022,23,7167602953
7085,99,5,2022,29,9722987528
7086,99,6,2022,27,9695251557
7087,99,7,2022,28,9329133996
7088,99,8,2022,21,8672066970
7089,99,9,2022,25,7532296200
7090,99,10,2022,21,6462079365
7091,99,11,2022,22,8987225940
7092,99,12,2022,21,8185758798
7093,99,1,2023,24,8806004304
7094,99,2,2023,27,11135937591
7095,99,3,2023,24,7300456464
7096,99,4,2023,22,6820694606
7097,99,5,2023,25,8137839975
7098,99,6,2023,28,10536517572
7099,99,7,2023,27,8127737370
7100,99,8,2023,29,9585863145
7101,99,9,2023,28,9512896484
7102,99,10,2023,23,7809210447
7103,99,11,2023,25,7658957475
7104,99,12,2023,21,7978036773
7105,99,1,2024,21,7655317551
7106,99,2,2024,29,11606740992
7107,99,3,2024,21,6328330617
7108,99,4,2024,20,6906826140
7109,99,5,2024,25,9764627925
7110,99,6,2024,25,9306393300
7111,99,7,2024,27,8240309199
7112,99,8,2024,29,9299162185
7113,99,9,2024,24,8042467848
7114,99,10,2024,24,9007557504
7115,99,11,2024,29,10113381091
7116,99,12,2024,25,9197232450
7117,99,1,2025,25,9062030550
7118,99,2,2025,25,8345760350
7119,99,3,2025,25,8116259950
7120,99,4,2025,29,9539288159
7121,99,5,2025,22,8877420024
7122,99,6,2025,27,10684958103
7123,99,7,2025,27,8565150654
7124,99,8,2025,24,8463972240
7125,99,9,2025,28,9926376740
7126,99,10,2025,29,9311526277
7127,99,11,2025,20,7195928980
7128,99,12,2025,26,7835326434
7129,100,1,2020,13,4317801631
7130,100,2,2020,10,3970347720
7131,100,3,2020,10,4050680470
7132,100,4,2020,10,3665270470
7133,100,5,2020,12,4155754896
7134,100,6,2020,15,5814747090
7135,100,7,2020,15,6234060390
7136,100,8,2020,14,4994866716
7137,100,9,2020,13,3903843099
7138,100,10,2020,10,3044374610
7139,100,11,2020,12,4259579004
7140,100,12,2020,13,4470290344
7141,100,1,2021,13,4125655248
7142,100,2,2021,14,4697899738
7143,100,3,2021,13,4224569973
7144,100,4,2021,16,6009949280
7145,100,5,2021,15,6282712920
7146,100,6,2021,16,6091238192
7147,100,7,2021,12,3777914796
7148,100,8,2021,12,4262299920
7149,100,9,2021,13,5077607236
7150,100,10,2021,12,4507471920
7151,100,11,2021,13,4238098020
7152,100,12,2021,17,7048967074
7153,100,1,2022,16,6551214960
7154,100,2,2022,16,5372266784
7155,100,3,2022,14,5276968928
7156,100,4,2022,15,5513271525
7157,100,5,2022,17,6782482027
7158,100,6,2022,15,5138854395
7159,100,7,2022,17,6799776178
7160,100,8,2022,15,5733957135
7161,100,9,2022,16,6666214352
7162,100,10,2022,13,4038021806
7163,100,11,2022,17,6006981654
7164,100,12,2022,13,4680180180
7165,100,1,2023,16,6352400192
7166,100,2,2023,13,4534439273
7167,100,3,2023,13,4056935051
7168,100,4,2023,14,5046698090
7169,100,5,2023,17,5598106018
7170,100,6,2023,14,5731573274
7171,100,7,2023,13,4417813881
7172,100,8,2023,14,4966083220
7173,100,9,2023,16,4862588560
7174,100,10,2023,13,3902786992
7175,100,11,2023,13,4392029343
7176,100,12,2023,17,6386230557
7177,100,1,2024,16,5079578224
7178,100,2,2024,17,5595443172
7179,100,3,2024,14,5348042392
7180,100,4,2024,16,6373756912
7181,100,5,2024,17,6143290663
7182,100,6,2024,12,4837157544
7183,100,7,2024,16,5867345280
7184,100,8,2024,17,6014014248
7185,100,9,2024,13,4643999035
7186,100,10,2024,17,5947093408
7187,100,11,2024,16,6663486960
7188,100,12,2024,15,5068540035
7189,100,1,2025,13,4359156971
7190,100,2,2025,15,5667580155
7191,100,3,2025,12,4993222800
7192,100,4,2025,15,5004837735
7193,100,5,2025,16,6564938336
7194,100,6,2025,12,4795532940
7195,100,7,2025,14,5312280330
7196,100,8,2025,12,4213625436
7197,100,9,2025,14,4693693746
7198,100,10,2025,12,4920893988
7199,100,11,2025,13,4430883392
7200,100,12,2025,16,4831213136
7201,101,1,2020,24,9785175168
7202,101,2,2020,25,10028945750
7203,101,3,2020,18,7175984904
7204,101,4,2020,18,5411190960
7205,101,5,2020,18,6600503898
7206,101,6,2020,18,7058163726
7207,101,7,2020,23,8707695649
7208,101,8,2020,17,5147560067
7209,101,9,2020,21,8003180094
7210,101,10,2020,23,6931947253
7211,101,11,2020,23,7794620351
7212,101,12,2020,17,6901245098
7213,101,1,2021,21,7906016496
7214,101,2,2021,27,10632764943
7215,101,3,2021,20,6498900920
7216,101,4,2021,23,7900210729
7217,101,5,2021,23,6987865129
7218,101,6,2021,23,8398668385
7219,101,7,2021,24,8115661536
7220,101,8,2021,23,8244817958
7221,101,9,2021,21,8217912486
7222,101,10,2021,26,8010516982
7223,101,11,2021,28,8690779412
7224,101,12,2021,20,6194784100
7225,101,1,2022,27,11120344767
7226,101,2,2022,25,8630401625
7227,101,3,2022,25,9247506750
7228,101,4,2022,26,9447538334
7229,101,5,2022,28,9336206040
7230,101,6,2022,24,9203362176
7231,101,7,2022,20,6924214500
7232,101,8,2022,22,9149515078
7233,101,9,2022,25,9092910900
7234,101,10,2022,23,7590122682
7235,101,11,2022,22,8544193724
7236,101,12,2022,28,10694480552
7237,101,1,2023,24,8095670736
7238,101,2,2023,28,10219870164
7239,101,3,2023,20,6924297640
7240,101,4,2023,22,7157536056
7241,101,5,2023,21,6485895402
7242,101,6,2023,29,9191091365
7243,101,7,2023,20,6443864360
7244,101,8,2023,20,7023551900
7245,101,9,2023,20,6450928880
7246,101,10,2023,22,7320167030
7247,101,11,2023,21,7938767760
7248,101,12,2023,29,9015474238
7249,101,1,2024,24,8939468808
7250,101,2,2024,21,7362121641
7251,101,3,2024,20,7858657800
7252,101,4,2024,20,6912524080
7253,101,5,2024,27,8764872975
7254,101,6,2024,29,10769330641
7255,101,7,2024,24,7919804544
7256,101,8,2024,21,8169149121
7257,101,9,2024,25,7920906625
7258,101,10,2024,20,8363577080
7259,101,11,2024,24,9866781960
7260,101,12,2024,27,9095932800
7261,101,1,2025,22,9039573048
7262,101,2,2025,29,11833781267
7263,101,3,2025,29,11884685924
7264,101,4,2025,21,8108556372
7265,101,5,2025,29,9870552926
7266,101,6,2025,23,7953618822
7267,101,7,2025,24,8664007176
7268,101,8,2025,20,6218869080
7269,101,9,2025,29,9927626869
7270,101,10,2025,20,6349053340
7271,101,11,2025,28,8451649948
7272,101,12,2025,25,9566219800
7273,102,1,2020,38,13136636062
7274,102,2,2020,33,10006578351
7275,102,3,2020,33,11471407992
7276,102,4,2020,32,11454777760
7277,102,5,2020,27,10775024514
7278,102,6,2020,39,13870064715
7279,102,7,2020,35,12433139145
7280,102,8,2020,37,11926920104
7281,102,9,2020,33,11650893441
7282,102,10,2020,39,15816584862
7283,102,11,2020,39,12714992082
7284,102,12,2020,40,12650424480
7285,102,1,2021,46,19294404358
7286,102,2,2021,35,11722712225
7287,102,3,2021,45,18151751610
7288,102,4,2021,46,17132318016
7289,102,5,2021,38,12651790338
7290,102,6,2021,44,17793012380
7291,102,7,2021,32,12992375872
7292,102,8,2021,45,15316168995
7293,102,9,2021,47,14732939788
7294,102,10,2021,32,12408420480
7295,102,11,2021,40,15377000040
7296,102,12,2021,47,17595362599
7297,102,1,2022,45,18733502655
7298,102,2,2022,36,13994021880
7299,102,3,2022,41,14199214997
7300,102,4,2022,35,14182582960
7301,102,5,2022,46,17994022906
7302,102,6,2022,32,9780749184
7303,102,7,2022,34,13663398304
7304,102,8,2022,38,13363459164
7305,102,9,2022,32,12517564800
7306,102,10,2022,42,17047775472
7307,102,11,2022,39,11992472817
7308,102,12,2022,36,13016496888
7309,102,1,2023,33,13128208005
7310,102,2,2023,39,13048801935
7311,102,3,2023,35,11233952765
7312,102,4,2023,33,13429437747
7313,102,5,2023,45,15318666585
7314,102,6,2023,44,15366064296
7315,102,7,2023,44,15715862448
7316,102,8,2023,34,12050862726
7317,102,9,2023,42,13961916486
7318,102,10,2023,32,11276670048
7319,102,11,2023,41,13626984024
7320,102,12,2023,45,14470107030
7321,102,1,2024,47,18761778848
7322,102,2,2024,44,16987654332
7323,102,3,2024,45,16609518225
7324,102,4,2024,36,13578075036
7325,102,5,2024,40,12297113320
7326,102,6,2024,35,10521495425
7327,102,7,2024,47,15097453693
7328,102,8,2024,43,18050493474
7329,102,9,2024,46,14906285694
7330,102,10,2024,44,17735216048
7331,102,11,2024,34,12208828222
7332,102,12,2024,45,16468802415
7333,102,1,2025,34,14076415208
7334,102,2,2025,32,9758052000
7335,102,3,2025,45,17373866310
7336,102,4,2025,34,13399313368
7337,102,5,2025,47,14224965057
7338,102,6,2025,46,18517919114
7339,102,7,2025,39,13712556312
7340,102,8,2025,32,11018224448
7341,102,9,2025,39,15415385973
7342,102,10,2025,36,10922911128
7343,102,11,2025,39,11973659529
7344,102,12,2025,41,12870086550
7345,103,1,2020,12,4788834888
7346,103,2,2020,13,5382660699
7347,103,3,2020,12,3652752624
7348,103,4,2020,11,4346571493
7349,103,5,2020,13,5447880009
7350,103,6,2020,12,4678881696
7351,103,7,2020,14,5434434222
7352,103,8,2020,12,4302245880
7353,103,9,2020,10,3862559420
7354,103,10,2020,12,3994407084
7355,103,11,2020,13,5192507229
7356,103,12,2020,10,3418590330
7357,103,1,2021,16,5759188560
7358,103,2,2021,15,5697577230
7359,103,3,2021,14,4359811946
7360,103,4,2021,12,3788298648
7361,103,5,2021,14,4551265950
7362,103,6,2021,14,5487780970
7363,103,7,2021,15,5093216145
7364,103,8,2021,12,3941566476
7365,103,9,2021,15,6209110680
7366,103,10,2021,12,4595131932
7367,103,11,2021,16,4997131616
7368,103,12,2021,14,4458117076
7369,103,1,2022,14,4890702656
7370,103,2,2022,14,4512339930
7371,103,3,2022,13,4053369047
7372,103,4,2022,13,5013523632
7373,103,5,2022,16,6337725888
7374,103,6,2022,15,5373089880
7375,103,7,2022,13,5069113062
7376,103,8,2022,14,4939331768
7377,103,9,2022,17,6298303140
7378,103,10,2022,17,5933491708
7379,103,11,2022,12,4420055988
7380,103,12,2022,12,4661232132
7381,103,1,2023,15,6061056825
7382,103,2,2023,17,5704035602
7383,103,3,2023,12,4945829988
7384,103,4,2023,17,5959286250
7385,103,5,2023,13,4377732372
7386,103,6,2023,14,5583503842
7387,103,7,2023,17,7025196875
7388,103,8,2023,16,5603062064
7389,103,9,2023,12,4822333056
7390,103,10,2023,15,5021587815
7391,103,11,2023,14,5433605562
7392,103,12,2023,13,4669377102
7393,103,1,2024,15,6075790185
7394,103,2,2024,12,4343536404
7395,103,3,2024,13,3904548830
7396,103,4,2024,12,3974032236
7397,103,5,2024,16,5677859040
7398,103,6,2024,12,3929525316
7399,103,7,2024,14,4896442754
7400,103,8,2024,12,4117235976
7401,103,9,2024,14,4290151054
7402,103,10,2024,13,5080186566
7403,103,11,2024,13,4050921784
7404,103,12,2024,14,4463957568
7405,103,1,2025,17,5271270444
7406,103,2,2025,16,5214240496
7407,103,3,2025,15,5693303820
7408,103,4,2025,16,6015968400
7409,103,5,2025,17,6026145975
7410,103,6,2025,12,3983367768
7411,103,7,2025,13,4227683928
7412,103,8,2025,15,5687996445
7413,103,9,2025,17,5129171847
7414,103,10,2025,12,4810154964
7415,103,11,2025,15,5145463545
7416,103,12,2025,13,4778189884
7417,104,1,2020,19,7538240139
7418,104,2,2020,21,6547615179
7419,104,3,2020,23,8941747927
7420,104,4,2020,23,9502193205
7421,104,5,2020,18,7474662738
7422,104,6,2020,20,8277357000
7423,104,7,2020,22,8539058792
7424,104,8,2020,20,8265887820
7425,104,9,2020,17,6942229361
7426,104,10,2020,17,6177093650
7427,104,11,2020,23,9379088051
7428,104,12,2020,18,7393789350
7429,104,1,2021,24,9433611816
7430,104,2,2021,26,8845536336
7431,104,3,2021,28,10363182900
7432,104,4,2021,27,11054008413
7433,104,5,2021,20,8158663680
7434,104,6,2021,23,7358350187
7435,104,7,2021,29,11581779387
7436,104,8,2021,28,10563554736
7437,104,9,2021,23,7880861887
7438,104,10,2021,23,7500576644
7439,104,11,2021,27,9473661855
7440,104,12,2021,21,6925070040
7441,104,1,2022,23,7641596337
7442,104,2,2022,20,6397120420
7443,104,3,2022,28,10868820312
7444,104,4,2022,26,10687610856
7445,104,5,2022,25,8282384400
7446,104,6,2022,20,6299137300
7447,104,7,2022,23,6931082453
7448,104,8,2022,28,10745186312
7449,104,9,2022,27,8689332267
7450,104,10,2022,27,10035924867
7451,104,11,2022,23,8152346044
7452,104,12,2022,21,6499979850
7453,104,1,2023,29,10452107268
7454,104,2,2023,28,8733692828
7455,104,3,2023,25,9756223300
7456,104,4,2023,20,7946839380
7457,104,5,2023,26,10326072848
7458,104,6,2023,21,7327209183
7459,104,7,2023,24,8496219888
7460,104,8,2023,29,11227498683
7461,104,9,2023,28,9149251916
7462,104,10,2023,24,7814021544
7463,104,11,2023,24,9421514208
7464,104,12,2023,27,9394657776
7465,104,1,2024,26,10164658686
7466,104,2,2024,28,10233610436
7467,104,3,2024,26,8633411020
7468,104,4,2024,25,9560666475
7469,104,5,2024,28,8465411500
7470,104,6,2024,29,10504602459
7471,104,7,2024,27,10120763403
7472,104,8,2024,25,7792544600
7473,104,9,2024,24,7946446896
7474,104,10,2024,28,11072245324
7475,104,11,2024,23,7176840489
7476,104,12,2024,22,6738050264
7477,104,1,2025,22,7775808876
7478,104,2,2025,26,9391977972
7479,104,3,2025,25,9509631400
7480,104,4,2025,23,8025913549
7481,104,5,2025,28,8583283380
7482,104,6,2025,27,10722997782
7483,104,7,2025,24,9564339096
7484,104,8,2025,24,7643547192
7485,104,9,2025,23,8837439431
7486,104,10,2025,20,6836695760
7487,104,11,2025,28,10603509700
7488,104,12,2025,25,7647346800
7489,105,1,2020,31,10582565139
7490,105,2,2020,34,13695352286
7491,105,3,2020,35,11155696265
7492,105,4,2020,31,9767485394
7493,105,5,2020,29,9105377602
7494,105,6,2020,39,14280849102
7495,105,7,2020,35,13566901530
7496,105,8,2020,39,14284011261
7497,105,9,2020,28,10697767752
7498,105,10,2020,28,9886518936
7499,105,11,2020,39,13147290351
7500,105,12,2020,30,10251878400
7501,105,1,2021,38,12923448272
7502,105,2,2021,47,19283425409
7503,105,3,2021,37,13015380961
7504,105,4,2021,37,14892732286
7505,105,5,2021,36,12711338964
7506,105,6,2021,46,19272191924
7507,105,7,2021,37,13037157385
7508,105,8,2021,43,14655963050
7509,105,9,2021,40,15031907280
7510,105,10,2021,35,12363331750
7511,105,11,2021,42,16835649096
7512,105,12,2021,32,12626023392
7513,105,1,2022,35,14261029405
7514,105,2,2022,47,14783036665
7515,105,3,2022,35,12460268870
7516,105,4,2022,35,11772107025
7517,105,5,2022,38,12184228838
7518,105,6,2022,41,16804972170
7519,105,7,2022,37,11774682272
7520,105,8,2022,46,17193023388
7521,105,9,2022,36,11481146676
7522,105,10,2022,44,14497127876
7523,105,11,2022,41,16026169093
7524,105,12,2022,47,15782263386
7525,105,1,2023,32,10009366528
7526,105,2,2023,37,11106955334
7527,105,3,2023,36,10985639220
7528,105,4,2023,38,13898832652
7529,105,5,2023,46,18778434502
7530,105,6,2023,33,10964078004
7531,105,7,2023,45,18129889665
7532,105,8,2023,43,13983090063
7533,105,9,2023,43,17712527406
7534,105,10,2023,38,11655753908
7535,105,11,2023,36,13422081744
7536,105,12,2023,34,14004155994
7537,105,1,2024,39,15696507996
7538,105,2,2024,44,13583409796
7539,105,3,2024,41,14956444694
7540,105,4,2024,32,13393388800
7541,105,5,2024,43,15249393150
7542,105,6,2024,38,13146959446
7543,105,7,2024,46,17067361508
7544,105,8,2024,35,14361823875
7545,105,9,2024,35,12733117530
7546,105,10,2024,41,16991063298
7547,105,11,2024,46,18071786044
7548,105,12,2024,45,18063201105
7549,105,1,2025,44,15912503376
7550,105,2,2025,37,14580747583
7551,105,3,2025,36,12937042548
7552,105,4,2025,45,18299005245
7553,105,5,2025,41,15302615156
7554,105,6,2025,32,11765692864
7555,105,7,2025,32,10055339776
7556,105,8,2025,46,15134130686
7557,105,9,2025,36,13568048244
7558,105,10,2025,45,15550486065
7559,105,11,2025,47,14859886694
7560,105,12,2025,35,13798880550
7561,106,1,2020,21,8439079425
7562,106,2,2020,20,6590016980
7563,106,3,2020,17,6241655417
7564,106,4,2020,19,7288259134
7565,106,5,2020,19,7361618837
7566,106,6,2020,21,7798654689
7567,106,7,2020,19,5845497003
7568,106,8,2020,17,5506496401
7569,106,9,2020,24,9371479992
7570,106,10,2020,25,7696367475
7571,106,11,2020,18,6495910038
7572,106,12,2020,17,6139039065
7573,106,1,2021,23,7912659387
7574,106,2,2021,28,9637909092
7575,106,3,2021,21,6438146736
7576,106,4,2021,21,8188000422
7577,106,5,2021,23,7916563499
7578,106,6,2021,24,7348085232
7579,106,7,2021,26,10681876608
7580,106,8,2021,24,7765216560
7581,106,9,2021,26,7848272692
7582,106,10,2021,25,8503315525
7583,106,11,2021,24,7409306448
7584,106,12,2021,20,8023367700
7585,106,1,2022,26,9497285980
7586,106,2,2022,21,7856215668
7587,106,3,2022,28,10152121196
7588,106,4,2022,29,10462356129
7589,106,5,2022,29,9897237595
7590,106,6,2022,22,9001887972
7591,106,7,2022,28,9970937956
7592,106,8,2022,21,7575971634
7593,106,9,2022,22,7132912336
7594,106,10,2022,22,6716491650
7595,106,11,2022,28,9263610608
7596,106,12,2022,27,9081081828
7597,106,1,2023,24,8265799968
7598,106,2,2023,28,9158115988
7599,106,3,2023,21,6586641390
7600,106,4,2023,20,6399183700
7601,106,5,2023,28,9506685664
7602,106,6,2023,22,7650247198
7603,106,7,2023,24,9806756952
7604,106,8,2023,27,11093065128
7605,106,9,2023,20,6958641060
7606,106,10,2023,29,9890974552
7607,106,11,2023,28,11220338164
7608,106,12,2023,28,11377244032
7609,106,1,2024,23,9503581784
7610,106,2,2024,26,10287505852
7611,106,3,2024,29,10138871540
7612,106,4,2024,25,8612015575
7613,106,5,2024,22,9090575010
7614,106,6,2024,22,8442428522
7615,106,7,2024,28,9104133752
7616,106,8,2024,27,9652204620
7617,106,9,2024,27,8328091950
7618,106,10,2024,25,9640081250
7619,106,11,2024,22,6747373600
7620,106,12,2024,21,6596371992
7621,106,1,2025,23,8047889865
7622,106,2,2025,25,9268739125
7623,106,3,2025,28,11237162720
7624,106,4,2025,21,8444370585
7625,106,5,2025,23,7976116617
7626,106,6,2025,23,9137330221
7627,106,7,2025,21,7389193350
7628,106,8,2025,24,7201604736
7629,106,9,2025,20,8274018720
7630,106,10,2025,23,7153120543
7631,106,11,2025,26,9476853152
7632,106,12,2025,24,8107425288
7633,107,1,2020,35,12976969075
7634,107,2,2020,38,11554800638
7635,107,3,2020,33,11020853811
7636,107,4,2020,37,11837450256
7637,107,5,2020,33,11807276349
7638,107,6,2020,39,12018411444
7639,107,7,2020,36,10999704456
7640,107,8,2020,31,12898907924
7641,107,9,2020,37,13765735929
7642,107,10,2020,37,12282102603
7643,107,11,2020,35,14692005930
7644,107,12,2020,33,11101397769
7645,107,1,2021,38,12196129602
7646,107,2,2021,33,13352204349
7647,107,3,2021,34,10799966414
7648,107,4,2021,47,18784414753
7649,107,5,2021,38,14078405946
7650,107,6,2021,38,12030522790
7651,107,7,2021,47,16939429800
7652,107,8,2021,42,15202559148
7653,107,9,2021,40,13857903360
7654,107,10,2021,41,17117379173
7655,107,11,2021,34,11558910572
7656,107,12,2021,39,13342586127
7657,107,1,2022,39,13779300054
7658,107,2,2022,43,14999051622
7659,107,3,2022,47,14584013238
7660,107,4,2022,37,15420852563
7661,107,5,2022,34,12774442804
7662,107,6,2022,35,11634331135
7663,107,7,2022,34,13266237946
7664,107,8,2022,46,18251870524
7665,107,9,2022,47,16618458105
7666,107,10,2022,35,11759510770
7667,107,11,2022,36,13631912172
7668,107,12,2022,33,13130480154
7669,107,1,2023,42,14619501540
7670,107,2,2023,39,13260720291
7671,107,3,2023,45,13696210530
7672,107,4,2023,38,11446584656
7673,107,5,2023,41,13125846805
7674,107,6,2023,46,18022985380
7675,107,7,2023,38,11589751024
7676,107,8,2023,46,19086991692
7677,107,9,2023,39,12766942305
7678,107,10,2023,37,11247120473
7679,107,11,2023,39,13968804642
7680,107,12,2023,44,16618667648
7681,107,1,2024,38,14951514694
7682,107,2,2024,43,14676627087
7683,107,3,2024,41,14950907398
7684,107,4,2024,37,13592998025
7685,107,5,2024,45,16919871300
7686,107,6,2024,37,12396241276
7687,107,7,2024,47,15716339494
7688,107,8,2024,40,16264799880
7689,107,9,2024,33,11867386575
7690,107,10,2024,42,12824200242
7691,107,11,2024,44,14389648504
7692,107,12,2024,38,12981797880
7693,107,1,2025,35,12620272210
7694,107,2,2025,34,11234752838
7695,107,3,2025,44,14782145268
7696,107,4,2025,45,17578361880
7697,107,5,2025,41,15937465388
7698,107,6,2025,47,17571690720
7699,107,7,2025,42,16828204974
7700,107,8,2025,36,11563073604
7701,107,9,2025,37,14996980933
7702,107,10,2025,34,10376067640
7703,107,11,2025,40,13079280640
7704,107,12,2025,36,12324677472
7705,108,1,2020,39,14294869446
7706,108,2,2020,38,12099120010
7707,108,3,2020,29,9153321678
7708,108,4,2020,29,9776059529
7709,108,5,2020,34,11840543180
7710,108,6,2020,28,9502545248
7711,108,7,2020,28,11632535600
7712,108,8,2020,38,15112816752
7713,108,9,2020,38,14524292436
7714,108,10,2020,32,10110058144
7715,108,11,2020,33,11518981848
7716,108,12,2020,28,8542616404
7717,108,1,2021,45,17202725370
7718,108,2,2021,45,17120589570
7719,108,3,2021,40,12157825640
7720,108,4,2021,32,9628442016
7721,108,5,2021,38,13472359374
7722,108,6,2021,39,15150801705
7723,108,7,2021,35,14498391915
7724,108,8,2021,33,10315189896
7725,108,9,2021,40,16276130920
7726,108,10,2021,40,16217672920
7727,108,11,2021,40,14132231440
7728,108,12,2021,34,13748037836
7729,108,1,2022,47,14889951419
7730,108,2,2022,36,14708826180
7731,108,3,2022,40,13447305000
7732,108,4,2022,41,14798644673
7733,108,5,2022,36,12880480320
7734,108,6,2022,42,13338361974
7735,108,7,2022,33,10428180642
7736,108,8,2022,32,12359720672
7737,108,9,2022,37,13478694443
7738,108,10,2022,43,13943410910
7739,108,11,2022,32,12194886272
7740,108,12,2022,39,12068137263
7741,108,1,2023,45,15861111165
7742,108,2,2023,44,15222829820
7743,108,3,2023,37,11553596690
7744,108,4,2023,46,18658330802
7745,108,5,2023,42,14342867028
7746,108,6,2023,33,11272327935
7747,108,7,2023,44,18176355868
7748,108,8,2023,44,15173697440
7749,108,9,2023,44,16183687916
7750,108,10,2023,42,13039669986
7751,108,11,2023,36,13283919540
7752,108,12,2023,45,16167950820
7753,108,1,2024,36,14465558520
7754,108,2,2024,32,9650613344
7755,108,3,2024,38,12351052372
7756,108,4,2024,33,10018164684
7757,108,5,2024,45,16601138415
7758,108,6,2024,47,19515424741
7759,108,7,2024,43,15733399774
7760,108,8,2024,38,11946509540
7761,108,9,2024,38,15239955708
7762,108,10,2024,35,12138303100
7763,108,11,2024,47,17824882117
7764,108,12,2024,40,15222350240
7765,108,1,2025,41,16388961611
7766,108,2,2025,38,12202807722
7767,108,3,2025,35,12820997735
7768,108,4,2025,46,17757518828
7769,108,5,2025,41,15363655300
7770,108,6,2025,35,13334489525
7771,108,7,2025,32,12157071776
7772,108,8,2025,38,13771700460
7773,108,9,2025,32,12165469152
7774,108,10,2025,35,14325110975
7775,108,11,2025,36,12881882556
7776,108,12,2025,37,14453135878
7777,109,1,2020,14,4536194628
7778,109,2,2020,12,4332755568
7779,109,3,2020,11,4247836879
7780,109,4,2020,15,5444775060
7781,109,5,2020,12,3740949012
7782,109,6,2020,13,4676715238
7783,109,7,2020,12,4329648264
7784,109,8,2020,11,3504058162
7785,109,9,2020,15,6257989875
7786,109,10,2020,14,4820361476
7787,109,11,2020,12,4854383640
7788,109,12,2020,14,5053060810
7789,109,1,2021,15,5346083070
7790,109,2,2021,16,4883766608
7791,109,3,2021,13,4982220243
7792,109,4,2021,12,4878100452
7793,109,5,2021,15,6162074805
7794,109,6,2021,12,3681390996
7795,109,7,2021,13,5019282528
7796,109,8,2021,13,4408161069
7797,109,9,2021,15,5435708550
7798,109,10,2021,12,4106208480
7799,109,11,2021,14,5207073508
7800,109,12,2021,16,5568103104
7801,109,1,2022,12,3927139932
7802,109,2,2022,12,4455975564
7803,109,3,2022,17,6112870863
7804,109,4,2022,13,4859961873
7805,109,5,2022,15,4832560095
7806,109,6,2022,15,5127005355
7807,109,7,2022,12,4936120680
7808,109,8,2022,14,5219691862
7809,109,9,2022,16,5342477072
7810,109,10,2022,16,5845192896
7811,109,11,2022,15,5594646435
7812,109,12,2022,14,4542329680
7813,109,1,2023,17,6499223845
7814,109,2,2023,16,5272102432
7815,109,3,2023,17,7002845207
7816,109,4,2023,12,4789338960
7817,109,5,2023,14,5318505528
7818,109,6,2023,12,4839283716
7819,109,7,2023,14,4244646952
7820,109,8,2023,16,6448772320
7821,109,9,2023,12,3746369508
7822,109,10,2023,16,5651350624
7823,109,11,2023,17,6134290795
7824,109,12,2023,12,3930817788
7825,109,1,2024,16,5446496080
7826,109,2,2024,17,6057098198
7827,109,3,2024,13,4031369979
7828,109,4,2024,15,4553943555
7829,109,5,2024,13,5203802591
7830,109,6,2024,13,5056656566
7831,109,7,2024,13,4635610759
7832,109,8,2024,17,6629397724
7833,109,9,2024,14,5117214228
7834,109,10,2024,13,5372008265
7835,109,11,2024,16,6351016672
7836,109,12,2024,15,4745933460
7837,109,1,2025,14,5417042316
7838,109,2,2025,16,6678138448
7839,109,3,2025,14,4338901434
7840,109,4,2025,17,6058961228
7841,109,5,2025,13,4745915304
7842,109,6,2025,12,4108488948
7843,109,7,2025,16,5082224016
7844,109,8,2025,16,5642231952
7845,109,9,2025,14,5308601844
7846,109,10,2025,17,6770635628
7847,109,11,2025,12,4800312864
7848,109,12,2025,15,5109720975
7849,110,1,2020,14,5696595002
7850,110,2,2020,13,4255007965
7851,110,3,2020,15,5052495825
7852,110,4,2020,14,4235605122
7853,110,5,2020,10,3399166720
7854,110,6,2020,11,4324789568
7855,110,7,2020,11,4169467324
7856,110,8,2020,10,3382886130
7857,110,9,2020,14,4803230894
7858,110,10,2020,14,4943824508
7859,110,11,2020,14,4283538924
7860,110,12,2020,13,3933216651
7861,110,1,2021,16,6241107344
7862,110,2,2021,17,5455886262
7863,110,3,2021,16,6025347872
7864,110,4,2021,14,5856480644
7865,110,5,2021,17,5606066353
7866,110,6,2021,13,5236343333
7867,110,7,2021,12,3819564228
7868,110,8,2021,14,5875383262
7869,110,9,2021,17,5126952854
7870,110,10,2021,15,4971491175
7871,110,11,2021,14,5528834542
7872,110,12,2021,16,5249454368
7873,110,1,2022,12,4438006428
7874,110,2,2022,16,4883127120
7875,110,3,2022,14,5312632654
7876,110,4,2022,15,5284975365
7877,110,5,2022,16,5428626272
7878,110,6,2022,13,4082242736
7879,110,7,2022,14,5552326052
7880,110,8,2022,15,5481338580
7881,110,9,2022,14,4749540026
7882,110,10,2022,12,5014387872
7883,110,11,2022,16,6052042288
7884,110,12,2022,15,5599438140
7885,110,1,2023,14,5834997476
7886,110,2,2023,17,6515218584
7887,110,3,2023,13,3981272646
7888,110,4,2023,16,5275077728
7889,110,5,2023,17,5949994492
7890,110,6,2023,16,5611014640
7891,110,7,2023,13,4816723184
7892,110,8,2023,16,5626243424
7893,110,9,2023,17,6602104479
7894,110,10,2023,14,5793624676
7895,110,11,2023,15,4833516660
7896,110,12,2023,15,4929482310
7897,110,1,2024,15,4648578375
7898,110,2,2024,12,4921183356
7899,110,3,2024,13,4283896513
7900,110,4,2024,17,6080759971
7901,110,5,2024,17,5185027812
7902,110,6,2024,16,6549265760
7903,110,7,2024,14,4362926274
7904,110,8,2024,12,3650410296
7905,110,9,2024,16,6612489536
7906,110,10,2024,12,3695915136
7907,110,11,2024,15,4740450960
7908,110,12,2024,14,4591585796
7909,110,1,2025,12,5001585108
7910,110,2,2025,14,4533413738
7911,110,3,2025,13,5295742998
7912,110,4,2025,12,4899884856
7913,110,5,2025,12,4371425436
7914,110,6,2025,15,4799676540
7915,110,7,2025,17,7045792188
7916,110,8,2025,12,3994908204
7917,110,9,2025,12,4506124032
7918,110,10,2025,14,4268544392
7919,110,11,2025,12,3806390700
7920,110,12,2025,16,6097599184
7921,111,1,2020,17,6106020781
7922,111,2,2020,17,5737359121
7923,111,3,2020,24,7987721640
7924,111,4,2020,22,6605881832
7925,111,5,2020,18,7158283470
7926,111,6,2020,20,7323629200
7927,111,7,2020,19,6537983429
7928,111,8,2020,25,9709080650
7929,111,9,2020,21,7541998002
7930,111,10,2020,17,7131388548
7931,111,11,2020,23,9562526230
7932,111,12,2020,20,7307718820
7933,111,1,2021,26,9829932970
7934,111,2,2021,24,8606382576
7935,111,3,2021,24,7438031472
7936,111,4,2021,25,8237079125
7937,111,5,2021,20,6804760660
7938,111,6,2021,29,10306306607
7939,111,7,2021,29,9923206921
7940,111,8,2021,29,9587356732
7941,111,9,2021,20,8332193760
7942,111,10,2021,22,6695474500
7943,111,11,2021,20,8298331560
7944,111,12,2021,23,7411945753
7945,111,1,2022,22,7180958466
7946,111,2,2022,28,10406897676
7947,111,3,2022,22,8528431890
7948,111,4,2022,27,8353650312
7949,111,5,2022,25,10059970325
7950,111,6,2022,22,7822509640
7951,111,7,2022,29,10169638742
7952,111,8,2022,26,7801957228
7953,111,9,2022,24,9141176904
7954,111,10,2022,23,8114006171
7955,111,11,2022,29,10603975396
7956,111,12,2022,28,9820331444
7957,111,1,2023,22,6852740070
7958,111,2,2023,29,9005270617
7959,111,3,2023,24,9830758656
7960,111,4,2023,21,7139886432
7961,111,5,2023,25,8243085925
7962,111,6,2023,21,8525970768
7963,111,7,2023,20,7343935220
7964,111,8,2023,26,8013233826
7965,111,9,2023,23,7435289741
7966,111,10,2023,23,7248710613
7967,111,11,2023,21,7602178584
7968,111,12,2023,29,9051397263
7969,111,1,2024,20,6251553040
7970,111,2,2024,20,7960480000
7971,111,3,2024,21,7691507271
7972,111,4,2024,23,8142212911
7973,111,5,2024,22,6878519802
7974,111,6,2024,25,9185571025
7975,111,7,2024,20,7296028460
7976,111,8,2024,22,8738046812
7977,111,9,2024,26,9764040650
7978,111,10,2024,22,8928809142
7979,111,11,2024,21,6717891432
7980,111,12,2024,23,8194988711
7981,111,1,2025,29,8807760143
7982,111,2,2025,24,7944290280
7983,111,3,2025,26,9132727292
7984,111,4,2025,29,9375689415
7985,111,5,2025,22,8770844236
7986,111,6,2025,29,11194139055
7987,111,7,2025,20,6964622540
7988,111,8,2025,26,9594231660
7989,111,9,2025,25,8726242350
7990,111,10,2025,23,8117338480
7991,111,11,2025,21,6428739723
7992,111,12,2025,25,7750179400
7993,112,1,2020,22,7015191832
7994,112,2,2020,24,8010057384
7995,112,3,2020,23,8348691823
7996,112,4,2020,21,6421827510
7997,112,5,2020,19,7434648719
7998,112,6,2020,17,5133098524
7999,112,7,2020,21,8119027266
8000,112,8,2020,18,6598942434
8001,112,9,2020,22,7551931970
8002,112,10,2020,24,7822346904
8003,112,11,2020,17,6765798040
8004,112,12,2020,19,7493141568
8005,112,1,2021,23,8641307184
8006,112,2,2021,20,7377982520
8007,112,3,2021,25,10193324775
8008,112,4,2021,20,7961043220
8009,112,5,2021,21,6486195408
8010,112,6,2021,21,7011663351
8011,112,7,2021,21,7866375909
8012,112,8,2021,25,8050409350
8013,112,9,2021,27,10133699508
8014,112,10,2021,22,8143802348
8015,112,11,2021,24,7630994232
8016,112,12,2021,25,9725507725
8017,112,1,2022,22,7095746812
8018,112,2,2022,22,8342999874
8019,112,3,2022,28,9233988596
8020,112,4,2022,27,9583284231
8021,112,5,2022,26,10519214004
8022,112,6,2022,26,8669961794
8023,112,7,2022,26,10211957002
8024,112,8,2022,27,8572229217
8025,112,9,2022,20,7915958460
8026,112,10,2022,20,6434900600
8027,112,11,2022,21,6596732394
8028,112,12,2022,22,7935284984
8029,112,1,2023,27,10521582750
8030,112,2,2023,27,8555990283
8031,112,3,2023,23,9505390527
8032,112,4,2023,20,7028248100
8033,112,5,2023,29,11135316209
8034,112,6,2023,27,8801277777
8035,112,7,2023,27,9183132351
8036,112,8,2023,25,10350322950
8037,112,9,2023,21,8275928787
8038,112,10,2023,22,7487137724
8039,112,11,2023,21,8591765637
8040,112,12,2023,24,8848291728
8041,112,1,2024,29,9179390648
8042,112,2,2024,23,8431337378
8043,112,3,2024,25,7993215925
8044,112,4,2024,29,9616788658
8045,112,5,2024,27,10458432828
8046,112,6,2024,23,8566801375
8047,112,7,2024,28,9436954968
8048,112,8,2024,28,10772051276
8049,112,9,2024,29,9638495071
8050,112,10,2024,27,8511166611
8051,112,11,2024,24,8349594528
8052,112,12,2024,22,8517765652
8053,112,1,2025,23,8900377137
8054,112,2,2025,23,8596174813
8055,112,3,2025,23,9585790155
8056,112,4,2025,28,9202348204
8057,112,5,2025,23,6954941043
8058,112,6,2025,21,6800210067
8059,112,7,2025,25,7999908150
8060,112,8,2025,24,8182646616
8061,112,9,2025,20,7249189980
8062,112,10,2025,25,9869355225
8063,112,11,2025,26,8431259954
8064,112,12,2025,24,7706978928
8065,113,1,2020,21,7508922435
8066,113,2,2020,22,8117512964
8067,113,3,2020,19,6848958025
8068,113,4,2020,25,9593868850
8069,113,5,2020,17,6965782470
8070,113,6,2020,19,6987509008
8071,113,7,2020,21,8035114584
8072,113,8,2020,23,7127083393
8073,113,9,2020,21,6943284264
8074,113,10,2020,20,7201222820
8075,113,11,2020,21,6393522513
8076,113,12,2020,18,5883028308
8077,113,1,2021,20,8354858720
8078,113,2,2021,29,11062577887
8079,113,3,2021,22,6861493584
8080,113,4,2021,27,8995638492
8081,113,5,2021,29,11320638969
8082,113,6,2021,29,11764910907
8083,113,7,2021,27,10392555717
8084,113,8,2021,20,7679492640
8085,113,9,2021,27,8401101786
8086,113,10,2021,25,8262595475
8087,113,11,2021,26,10285644720
8088,113,12,2021,20,7568562360
8089,113,1,2022,25,9719249950
8090,113,2,2022,29,10001082506
8091,113,3,2022,22,7378506630
8092,113,4,2022,20,6392185800
8093,113,5,2022,23,8266946350
8094,113,6,2022,20,6653133700
8095,113,7,2022,21,8369299050
8096,113,8,2022,20,6415173420
8097,113,9,2022,22,8435607906
8098,113,10,2022,23,8278109515
8099,113,11,2022,29,9513640153
8100,113,12,2022,23,7364926071
8101,113,1,2023,24,9227691072
8102,113,2,2023,29,11528988396
8103,113,3,2023,26,10509073484
8104,113,4,2023,26,8323687788
8105,113,5,2023,28,11605678252
8106,113,6,2023,22,8045005496
8107,113,7,2023,22,8350028390
8108,113,8,2023,29,9250949656
8109,113,9,2023,22,7156485776
8110,113,10,2023,27,11277815949
8111,113,11,2023,23,8592674857
8112,113,12,2023,20,6250750320
8113,113,1,2024,25,8134662450
8114,113,2,2024,22,8682634246
8115,113,3,2024,29,12047789174
8116,113,4,2024,27,9556119261
8117,113,5,2024,28,8791908048
8118,113,6,2024,20,7306389480
8119,113,7,2024,20,6763743380
8120,113,8,2024,23,7036446281
8121,113,9,2024,21,6476650635
8122,113,10,2024,28,11494363272
8123,113,11,2024,26,9101604434
8124,113,12,2024,26,8884352126
8125,113,1,2025,23,8850112638
8126,113,2,2025,20,7278264400
8127,113,3,2025,29,10587927347
8128,113,4,2025,24,9761876184
8129,113,5,2025,22,6959604674
8130,113,6,2025,29,11841657029
8131,113,7,2025,23,8118531582
8132,113,8,2025,27,10461006360
8133,113,9,2025,20,6963644160
8134,113,10,2025,28,8728952960
8135,113,11,2025,24,7596018576
8136,113,12,2025,23,9162710491
8137,114,1,2020,11,3902048216
8138,114,2,2020,15,5846177835
8139,114,3,2020,13,4638779314
8140,114,4,2020,13,4979170664
8141,114,5,2020,12,3825301404
8142,114,6,2020,10,4014585630
8143,114,7,2020,12,4370585292
8144,114,8,2020,11,3927650331
8145,114,9,2020,13,4119624314
8146,114,10,2020,12,4885587432
8147,114,11,2020,14,4869167506
8148,114,12,2020,13,5040632116
8149,114,1,2021,12,3975164640
8150,114,2,2021,14,4403058716
8151,114,3,2021,13,4819395815
8152,114,4,2021,13,4223462646
8153,114,5,2021,12,3875397024
8154,114,6,2021,12,4076654052
8155,114,7,2021,14,5684590828
8156,114,8,2021,17,5343603591
8157,114,9,2021,16,5682487376
8158,114,10,2021,12,3794943864
8159,114,11,2021,15,4662100035
8160,114,12,2021,15,5174603040
8161,114,1,2022,14,4469788022
8162,114,2,2022,15,5049617430
8163,114,3,2022,12,4475245476
8164,114,4,2022,12,4513023540
8165,114,5,2022,13,5086759067
8166,114,6,2022,16,6599452640
8167,114,7,2022,12,4382380596
8168,114,8,2022,12,4048078212
8169,114,9,2022,15,6025919385
8170,114,10,2022,12,4708191252
8171,114,11,2022,14,5027594908
8172,114,12,2022,16,5888341568
8173,114,1,2023,12,4813234500
8174,114,2,2023,15,4857894075
8175,114,3,2023,14,4541628378
8176,114,4,2023,17,6887236044
8177,114,5,2023,13,4848894934
8178,114,6,2023,15,4951939380
8179,114,7,2023,13,4427552571
8180,114,8,2023,15,4513208700
8181,114,9,2023,12,4427574900
8182,114,10,2023,14,4882823750
8183,114,11,2023,12,3926383080
8184,114,12,2023,12,4705029660
8185,114,1,2024,16,5747314752
8186,114,2,2024,17,5364864488
8187,114,3,2024,13,4504083662
8188,114,4,2024,17,6581269738
8189,114,5,2024,14,5099150504
8190,114,6,2024,17,6667592338
8191,114,7,2024,12,4890833796
8192,114,8,2024,17,6382364706
8193,114,9,2024,13,4718249822
8194,114,10,2024,15,5569768380
8195,114,11,2024,14,5508777120
8196,114,12,2024,14,4737086172
8197,114,1,2025,12,3696513528
8198,114,2,2025,12,5001934728
8199,114,3,2025,13,4824719224
8200,114,4,2025,17,6495905768
8201,114,5,2025,15,4501870680
8202,114,6,2025,16,5683387600
8203,114,7,2025,16,6488658624
8204,114,8,2025,13,4839744585
8205,114,9,2025,16,5173137296
8206,114,10,2025,17,5195166017
8207,114,11,2025,15,4884718695
8208,114,12,2025,15,5706543105
8209,115,1,2020,17,5312400431
8210,115,2,2020,24,8214744912
8211,115,3,2020,23,6988450226
8212,115,4,2020,19,6288551220
8213,115,5,2020,19,7465657992
8214,115,6,2020,17,5658861366
8215,115,7,2020,23,8772874843
8216,115,8,2020,20,7719500060
8217,115,9,2020,19,6206019020
8218,115,10,2020,21,6875066268
8219,115,11,2020,18,5638247226
8220,115,12,2020,17,6952504195
8221,115,1,2021,26,9316422882
8222,115,2,2021,27,8741767239
8223,115,3,2021,20,6009636460
8224,115,4,2021,26,10138181300
8225,115,5,2021,28,11009922784
8226,115,6,2021,21,6369948207
8227,115,7,2021,24,8718336504
8228,115,8,2021,24,8304369456
8229,115,9,2021,26,9258812758
8230,115,10,2021,28,9202103484
8231,115,11,2021,22,7188657652
8232,115,12,2021,29,11034426166
8233,115,1,2022,29,9864675380
8234,115,2,2022,23,7962086203
8235,115,3,2022,23,9059051883
8236,115,4,2022,28,8956158120
8237,115,5,2022,22,7786304878
8238,115,6,2022,29,11834366806
8239,115,7,2022,24,9470871408
8240,115,8,2022,24,7603779384
8241,115,9,2022,27,11066923188
8242,115,10,2022,21,7656600651
8243,115,11,2022,20,7229968140
8244,115,12,2022,22,8377671874
8245,115,1,2023,26,10438786514
8246,115,2,2023,25,10382715325
8247,115,3,2023,27,10993785534
8248,115,4,2023,25,8955896775
8249,115,5,2023,28,8506699096
8250,115,6,2023,25,9202232350
8251,115,7,2023,21,7334605908
8252,115,8,2023,28,11450992644
8253,115,9,2023,27,10255979376
8254,115,10,2023,21,8214462606
8255,115,11,2023,23,9535902373
8256,115,12,2023,21,7287031647
8257,115,1,2024,25,8450411450
8258,115,2,2024,24,8704726008
8259,115,3,2024,24,9096950160
8260,115,4,2024,23,9252969230
8261,115,5,2024,22,6753094502
8262,115,6,2024,26,9135375158
8263,115,7,2024,20,7109855720
8264,115,8,2024,28,10553883956
8265,115,9,2024,26,8994980852
8266,115,10,2024,28,8798114360
8267,115,11,2024,20,6458878520
8268,115,12,2024,23,8761159379
8269,115,1,2025,23,7910470063
8270,115,2,2025,23,7419262421
8271,115,3,2025,29,9028289454
8272,115,4,2025,27,11194456878
8273,115,5,2025,23,6957253578
8274,115,6,2025,23,7353455488
8275,115,7,2025,28,10478038760
8276,115,8,2025,25,9649984175
8277,115,9,2025,25,10113007900
8278,115,10,2025,22,8719887726
8279,115,11,2025,23,9309935998
8280,115,12,2025,23,8342653012
8281,116,1,2020,22,7718311436
8282,116,2,2020,19,7967427776
8283,116,3,2020,21,7533591681
8284,116,4,2020,17,6264294861
8285,116,5,2020,17,5334713764
8286,116,6,2020,21,8767178574
8287,116,7,2020,24,8355177576
8288,116,8,2020,18,5940392184
8289,116,9,2020,22,8942935342
8290,116,10,2020,17,7048647032
8291,116,11,2020,19,6789678329
8292,116,12,2020,19,5796835381
8293,116,1,2021,26,10164331528
8294,116,2,2021,26,7931294098
8295,116,3,2021,22,9222616964
8296,116,4,2021,25,9903777525
8297,116,5,2021,29,10519765921
8298,116,6,2021,21,6666919917
8299,116,7,2021,25,9126741650
8300,116,8,2021,24,8056117152
8301,116,9,2021,29,9267114865
8302,116,10,2021,23,9465608738
8303,116,11,2021,21,8142411249
8304,116,12,2021,22,8983646430
8305,116,1,2022,26,8789136408
8306,116,2,2022,24,9916806360
8307,116,3,2022,27,9467701281
8308,116,4,2022,23,8351267294
8309,116,5,2022,20,7002912820
8310,116,6,2022,28,10104956288
8311,116,7,2022,27,8703948312
8312,116,8,2022,21,6835280130
8313,116,9,2022,22,6715077886
8314,116,10,2022,21,8317392300
8315,116,11,2022,26,10773220510
8316,116,12,2022,26,8657030408
8317,116,1,2023,26,10135894756
8318,116,2,2023,22,8093956970
8319,116,3,2023,21,8255006487
8320,116,4,2023,28,11717215384
8321,116,5,2023,21,8350523580
8322,116,6,2023,29,10981476429
8323,116,7,2023,26,10751048204
8324,116,8,2023,23,9082825649
8325,116,9,2023,23,9392217256
8326,116,10,2023,26,10584274792
8327,116,11,2023,24,7495816992
8328,116,12,2023,27,10621703124
8329,116,1,2024,24,7328182200
8330,116,2,2024,29,9735344486
8331,116,3,2024,29,9688274789
8332,116,4,2024,21,6558179901
8333,116,5,2024,24,8486291880
8334,116,6,2024,28,8439599392
8335,116,7,2024,27,8848216224
8336,116,8,2024,28,9429470820
8337,116,9,2024,23,7350601096
8338,116,10,2024,25,9418124400
8339,116,11,2024,25,9664725800
8340,116,12,2024,29,9608744464
8341,116,1,2025,21,8627271681
8342,116,2,2025,22,9134054776
8343,116,3,2025,23,7630740636
8344,116,4,2025,21,7632239685
8345,116,5,2025,24,9642903720
8346,116,6,2025,29,10155014593
8347,116,7,2025,27,11232032130
8348,116,8,2025,27,9281273571
8349,116,9,2025,25,8021894325
8350,116,10,2025,25,8291440475
8351,116,11,2025,29,10851235863
8352,116,12,2025,22,9231172104
8353,117,1,2020,15,5421117765
8354,117,2,2020,10,3910470490
8355,117,3,2020,12,4446794916
8356,117,4,2020,13,3923651524
8357,117,5,2020,13,4898435815
8358,117,6,2020,11,4383495457
8359,117,7,2020,10,3591630050
8360,117,8,2020,13,3993965352
8361,117,9,2020,14,4965308656
8362,117,10,2020,10,3663697770
8363,117,11,2020,11,4367726693
8364,117,12,2020,12,3655963140
8365,117,1,2021,12,3650188416
8366,117,2,2021,12,4617973536
8367,117,3,2021,14,5457821488
8368,117,4,2021,14,4703773606
8369,117,5,2021,14,4554663652
8370,117,6,2021,14,4911087916
8371,117,7,2021,13,5012310901
8372,117,8,2021,17,6654348233
8373,117,9,2021,13,5071804673
8374,117,10,2021,12,4165087344
8375,117,11,2021,14,5516851550
8376,117,12,2021,16,6413610128
8377,117,1,2022,16,5565544912
8378,117,2,2022,13,5206419920
8379,117,3,2022,16,6337427872
8380,117,4,2022,12,4950938472
8381,117,5,2022,15,6134913225
8382,117,6,2022,12,4062819216
8383,117,7,2022,15,5056765560
8384,117,8,2022,13,4835385646
8385,117,9,2022,16,6189318080
8386,117,10,2022,14,5551612346
8387,117,11,2022,17,5969408220
8388,117,12,2022,17,6652583837
8389,117,1,2023,12,4840249344
8390,117,2,2023,12,4755801900
8391,117,3,2023,13,4747082405
8392,117,4,2023,16,6472304112
8393,117,5,2023,16,5037524368
8394,117,6,2023,17,5419512467
8395,117,7,2023,15,4950689490
8396,117,8,2023,14,5292007812
8397,117,9,2023,15,4754165430
8398,117,10,2023,17,5842645306
8399,117,11,2023,13,3973328684
8400,117,12,2023,12,5008059960
8401,117,1,2024,14,4768907682
8402,117,2,2024,13,5194383324
8403,117,3,2024,14,5300120224
8404,117,4,2024,12,4135391664
8405,117,5,2024,15,5767357155
8406,117,6,2024,17,6441137871
8407,117,7,2024,14,4931204488
8408,117,8,2024,14,4679679368
8409,117,9,2024,12,4800440964
8410,117,10,2024,15,6039330315
8411,117,11,2024,12,4548607704
8412,117,12,2024,12,4472140812
8413,117,1,2025,16,5471185312
8414,117,2,2025,17,5684164438
8415,117,3,2025,14,4747117480
8416,117,4,2025,16,6416154640
8417,117,5,2025,13,3951710087
8418,117,6,2025,14,5739767936
8419,117,7,2025,13,4250008815
8420,117,8,2025,16,5452376304
8421,117,9,2025,12,4435114584
8422,117,10,2025,16,4848716448
8423,117,11,2025,13,4435894203
8424,117,12,2025,14,4925150720
8425,118,1,2020,19,6903983792
8426,118,2,2020,19,6329087815
8427,118,3,2020,24,9892950408
8428,118,4,2020,19,6354039622
8429,118,5,2020,17,6884226415
8430,118,6,2020,21,6928924107
8431,118,7,2020,22,7569164262
8432,118,8,2020,22,8437687984
8433,118,9,2020,24,10035872208
8434,118,10,2020,19,6941813818
8435,118,11,2020,21,8549777943
8436,118,12,2020,23,7828230297
8437,118,1,2021,25,9851494750
8438,118,2,2021,27,8655312429
8439,118,3,2021,24,8914864512
8440,118,4,2021,27,9094280913
8441,118,5,2021,27,10847788380
8442,118,6,2021,23,7625974346
8443,118,7,2021,29,11490974529
8444,118,8,2021,29,9042221344
8445,118,9,2021,24,9542814576
8446,118,10,2021,29,10772292498
8447,118,11,2021,21,6420373575
8448,118,12,2021,24,8940972072
8449,118,1,2022,24,8902849344
8450,118,2,2022,28,9884042952
8451,118,3,2022,20,7813307980
8452,118,4,2022,22,7038288334
8453,118,5,2022,26,10285859584
8454,118,6,2022,24,8548985136
8455,118,7,2022,20,8222500180
8456,118,8,2022,28,10348895116
8457,118,9,2022,25,9383669900
8458,118,10,2022,23,8368521963
8459,118,11,2022,22,6848984252
8460,118,12,2022,26,10017766252
8461,118,1,2023,24,9934761336
8462,118,2,2023,29,11674877391
8463,118,3,2023,21,6732581163
8464,118,4,2023,23,9168688904
8465,118,5,2023,23,8483013916
8466,118,6,2023,29,10038123655
8467,118,7,2023,25,8568181675
8468,118,8,2023,24,10071871008
8469,118,9,2023,25,10189619650
8470,118,10,2023,29,8763202107
8471,118,11,2023,26,8040499662
8472,118,12,2023,27,8367626349
8473,118,1,2024,21,7314424047
8474,118,2,2024,26,8823119448
8475,118,3,2024,23,7858672108
8476,118,4,2024,27,10179441477
8477,118,5,2024,25,10078155650
8478,118,6,2024,20,7482281700
8479,118,7,2024,22,6996811074
8480,118,8,2024,28,9344270656
8481,118,9,2024,21,8268255996
8482,118,10,2024,21,8355561879
8483,118,11,2024,28,10382705732
8484,118,12,2024,28,9605015896
8485,118,1,2025,27,9663110082
8486,118,2,2025,29,11334191249
8487,118,3,2025,25,9651927725
8488,118,4,2025,27,8308294200
8489,118,5,2025,20,7641031060
8490,118,6,2025,28,10804356024
8491,118,7,2025,28,9836987076
8492,118,8,2025,24,7391555640
8493,118,9,2025,20,6150000500
8494,118,10,2025,23,8662377944
8495,118,11,2025,25,9691678525
8496,118,12,2025,27,9923179482
8497,119,1,2020,23,9553926944
8498,119,2,2020,17,5933450160
8499,119,3,2020,18,6958216926
8500,119,4,2020,22,7903001502
8501,119,5,2020,19,6339403732
8502,119,6,2020,22,7813829474
8503,119,7,2020,18,6687776160
8504,119,8,2020,17,6295781445
8505,119,9,2020,21,7974240498
8506,119,10,2020,20,7961232060
8507,119,11,2020,19,5765645760
8508,119,12,2020,20,6054199020
8509,119,1,2021,20,7618500500
8510,119,2,2021,29,12097194473
8511,119,3,2021,25,10203079800
8512,119,4,2021,25,9348207475
8513,119,5,2021,21,7882322931
8514,119,6,2021,20,6808349440
8515,119,7,2021,22,6979731572
8516,119,8,2021,20,7035600740
8517,119,9,2021,26,9194041454
8518,119,10,2021,24,10076287344
8519,119,11,2021,23,7645345544
8520,119,12,2021,25,7821719000
8521,119,1,2022,22,7312367194
8522,119,2,2022,21,7542681153
8523,119,3,2022,26,8516239810
8524,119,4,2022,23,7725604527
8525,119,5,2022,27,8294535351
8526,119,6,2022,20,7599618080
8527,119,7,2022,26,8350039620
8528,119,8,2022,20,6479183260
8529,119,9,2022,25,10261080575
8530,119,10,2022,20,7266858940
8531,119,11,2022,20,6444608680
8532,119,12,2022,27,9728044326
8533,119,1,2023,27,10424104947
8534,119,2,2023,23,7925956147
8535,119,3,2023,26,8069192508
8536,119,4,2023,29,11702865436
8537,119,5,2023,29,11673069502
8538,119,6,2023,29,11360316624
8539,119,7,2023,22,7504424796
8540,119,8,2023,20,7377742720
8541,119,9,2023,20,6042076400
8542,119,10,2023,28,9760245124
8543,119,11,2023,27,8684876727
8544,119,12,2023,28,9083493076
8545,119,1,2024,23,9462258098
8546,119,2,2024,28,10914020124
8547,119,3,2024,24,9046554888
8548,119,4,2024,22,7698628586
8549,119,5,2024,29,12058277691
8550,119,6,2024,24,9620069448
8551,119,7,2024,21,8394446193
8552,119,8,2024,21,8533690074
8553,119,9,2024,27,9559966950
8554,119,10,2024,20,6486452760
8555,119,11,2024,23,7577341030
8556,119,12,2024,28,9539211276
8557,119,1,2025,21,7503189708
8558,119,2,2025,20,8094655320
8559,119,3,2025,25,8378998075
8560,119,4,2025,29,11357796756
8561,119,5,2025,20,6029275440
8562,119,6,2025,26,10484990932
8563,119,7,2025,27,9870191982
8564,119,8,2025,24,8129696448
8565,119,9,2025,27,10714940604
8566,119,10,2025,25,10120672000
8567,119,11,2025,26,8731526258
8568,119,12,2025,24,9730332648
8569,120,1,2020,22,9040551938
8570,120,2,2020,22,8388060604
8571,120,3,2020,20,6718336020
8572,120,4,2020,21,7538951973
8573,120,5,2020,21,8758927107
8574,120,6,2020,22,6988572118
8575,120,7,2020,24,7753089624
8576,120,8,2020,22,9215757386
8577,120,9,2020,23,7391533782
8578,120,10,2020,21,8172819039
8579,120,11,2020,25,9280545600
8580,120,12,2020,18,5975426106
8581,120,1,2021,29,11613101939
8582,120,2,2021,21,7656721884
8583,120,3,2021,20,7363821660
8584,120,4,2021,28,11414816420
8585,120,5,2021,23,7838148587
8586,120,6,2021,20,6545309400
8587,120,7,2021,25,7729784525
8588,120,8,2021,26,10202183810
8589,120,9,2021,24,7483901136
8590,120,10,2021,29,10548643309
8591,120,11,2021,25,9578831725
8592,120,12,2021,21,7193069940
8593,120,1,2022,27,10272008844
8594,120,2,2022,20,7995947720
8595,120,3,2022,22,8108056946
8596,120,4,2022,21,8541319080
8597,120,5,2022,25,8681056975
8598,120,6,2022,21,8487425100
8599,120,7,2022,20,6020564560
8600,120,8,2022,23,7862043103
8601,120,9,2022,29,11408191506
8602,120,10,2022,20,8091129520
8603,120,11,2022,29,9870769817
8604,120,12,2022,29,9037911161
8605,120,1,2023,24,9416955456
8606,120,2,2023,20,6181779240
8607,120,3,2023,29,10537177695
8608,120,4,2023,27,8620880301
8609,120,5,2023,20,7424326180
8610,120,6,2023,29,10260188835
8611,120,7,2023,28,9473199680
8612,120,8,2023,29,10275316714
8613,120,9,2023,21,8054643093
8614,120,10,2023,21,6611409021
8615,120,11,2023,29,11375068866
8616,120,12,2023,25,7759553100
8617,120,1,2024,25,9749778325
8618,120,2,2024,20,7029124840
8619,120,3,2024,22,6678475958
8620,120,4,2024,23,7925178057
8621,120,5,2024,26,9518930174
8622,120,6,2024,22,7858000414
8623,120,7,2024,22,7614863212
8624,120,8,2024,27,8792756253
8625,120,9,2024,26,10639522920
8626,120,10,2024,26,9821689956
8627,120,11,2024,22,7775031748
8628,120,12,2024,27,10512494307
8629,120,1,2025,23,7699944600
8630,120,2,2025,26,10691738746
8631,120,3,2025,20,6518987860
8632,120,4,2025,27,8223696180
8633,120,5,2025,29,10343762340
8634,120,6,2025,26,9736962924
8635,120,7,2025,24,8270999184
8636,120,8,2025,27,9081242991
8637,120,9,2025,22,7727858160
8638,120,10,2025,29,9133795195
8639,120,11,2025,29,9659006713
8640,120,12,2025,24,9199802904
