inventory_id,dealer_id,vehicle_id,stock_available,stock_in,stock_out,inventory_month
1,1,129,1,3,3,2025-11-01
2,1,129,22,12,9,2025-10-01
3,1,129,32,14,9,2025-12-01
4,1,129,33,24,2,2025-03-01
5,1,129,27,24,23,2024-02-01
6,1,129,9,11,2,2024-08-01
7,1,129,22,5,9,2025-06-01
8,1,133,15,22,9,2025-12-01
9,1,133,32,17,15,2024-06-01
10,1,133,17,23,25,2025-10-01
11,1,133,19,5,0,2025-08-01
12,1,133,31,24,16,2024-05-01
13,1,133,0,19,23,2024-10-01
14,1,133,35,12,5,2025-07-01
15,1,133,32,13,7,2025-01-01
16,1,146,33,24,15,2025-08-01
17,1,146,30,16,13,2025-01-01
18,1,146,29,10,9,2025-05-01
19,1,146,21,19,23,2024-03-01
20,1,146,27,15,5,2024-07-01
21,1,146,23,23,17,2025-11-01
22,1,146,17,5,7,2025-03-01
23,1,146,8,13,16,2025-02-01
24,1,186,13,11,8,2024-06-01
25,1,186,25,9,13,2024-07-01
26,1,186,16,3,2,2025-09-01
27,1,186,7,11,12,2025-04-01
28,1,186,18,10,2,2024-12-01
29,1,186,42,24,1,2024-05-01
30,1,186,21,20,17,2024-08-01
31,1,186,24,8,13,2025-06-01
32,1,186,13,15,14,2025-11-01
33,1,186,7,7,12,2024-10-01
34,1,186,8,8,3,2024-11-01
35,1,186,29,4,2,2025-02-01
36,1,164,17,19,11,2025-08-01
37,1,164,0,18,22,2025-11-01
38,1,164,8,9,5,2024-03-01
39,1,164,19,14,2,2025-06-01
40,1,164,9,13,10,2025-01-01
41,1,164,32,21,18,2024-08-01
42,1,164,20,9,2,2025-03-01
43,1,164,29,20,5,2025-07-01
44,1,101,31,18,15,2024-07-01
45,1,101,8,15,18,2024-11-01
46,1,101,31,24,20,2024-05-01
47,1,101,24,23,0,2025-04-01
48,1,101,10,15,13,2024-08-01
49,1,101,11,11,14,2024-03-01
50,1,101,28,16,0,2025-12-01
51,1,101,13,11,14,2024-02-01
52,1,118,3,25,25,2025-01-01
53,1,118,0,10,11,2024-04-01
54,1,118,20,5,7,2025-07-01
55,1,118,8,2,1,2024-12-01
56,1,118,10,19,13,2025-02-01
57,1,118,19,24,18,2024-09-01
58,2,176,16,6,9,2024-08-01
59,2,176,12,7,2,2024-05-01
60,2,176,28,18,20,2025-05-01
61,2,176,20,16,5,2025-08-01
62,2,176,28,8,4,2025-03-01
63,2,176,17,9,2,2025-02-01
64,2,176,23,3,2,2024-01-01
65,2,166,30,4,1,2024-05-01
66,2,166,30,22,15,2025-07-01
67,2,166,3,23,28,2025-11-01
68,2,166,7,15,8,2025-12-01
69,2,166,0,25,27,2025-10-01
70,2,166,4,7,9,2024-10-01
71,2,166,0,5,9,2025-05-01
72,2,162,5,6,10,2024-05-01
73,2,162,28,15,2,2025-07-01
74,2,162,1,5,5,2024-03-01
75,2,162,37,22,10,2024-01-01
76,2,162,34,15,0,2024-02-01
77,2,162,12,13,3,2025-02-01
78,2,162,27,20,10,2024-10-01
79,2,162,30,12,5,2025-05-01
80,2,162,23,10,4,2024-12-01
81,2,162,10,5,1,2025-08-01
82,2,162,24,19,2,2024-06-01
83,2,171,18,22,11,2025-11-01
84,2,171,30,20,0,2025-06-01
85,2,171,27,22,10,2025-10-01
86,2,171,10,9,3,2024-09-01
87,2,171,24,18,23,2025-02-01
88,2,171,23,7,11,2025-04-01
89,2,170,32,19,12,2025-12-01
90,2,170,9,20,14,2024-04-01
91,2,170,21,10,4,2024-09-01
92,2,170,38,18,10,2025-05-01
93,2,170,2,12,12,2024-12-01
94,2,170,12,5,1,2024-02-01
95,2,112,30,25,9,2025-07-01
96,2,112,10,21,23,2024-07-01
97,2,112,16,2,1,2024-02-01
98,2,112,12,21,14,2025-08-01
99,2,112,28,17,7,2025-11-01
100,2,112,12,20,25,2025-05-01
101,2,112,9,19,11,2025-12-01
102,2,112,28,16,7,2025-02-01
103,2,112,36,13,6,2025-04-01
104,2,112,35,19,4,2024-01-01
105,2,112,15,12,2,2025-06-01
106,2,134,3,6,8,2025-03-01
107,2,134,7,14,15,2024-02-01
108,2,134,22,4,0,2024-10-01
109,2,134,39,23,4,2025-04-01
110,2,134,10,20,15,2024-05-01
111,2,134,16,8,8,2024-04-01
112,2,134,16,9,5,2024-09-01
113,2,134,21,9,2,2025-05-01
114,2,101,20,22,5,2024-09-01
115,2,101,18,19,18,2025-05-01
116,2,101,0,7,11,2025-12-01
117,2,101,20,10,1,2024-10-01
118,2,101,36,17,4,2024-05-01
119,2,101,37,17,10,2024-07-01
120,2,101,25,2,2,2024-03-01
121,2,101,15,5,10,2025-02-01
122,3,182,11,10,14,2025-11-01
123,3,182,10,10,9,2025-02-01
124,3,182,28,20,10,2025-04-01
125,3,182,0,3,5,2025-03-01
126,3,182,7,5,10,2024-09-01
127,3,182,14,16,19,2025-01-01
128,3,182,26,19,2,2024-01-01
129,3,182,9,11,8,2024-12-01
130,3,104,14,15,2,2025-03-01
131,3,104,6,6,9,2025-09-01
132,3,104,20,15,12,2024-01-01
133,3,104,31,21,11,2024-09-01
134,3,104,27,20,9,2024-02-01
135,3,104,2,4,9,2025-08-01
136,3,104,13,16,21,2025-04-01
137,3,104,16,3,1,2025-12-01
138,3,104,0,18,22,2025-07-01
139,3,143,40,22,5,2025-07-01
140,3,143,6,15,12,2024-09-01
141,3,143,0,14,17,2024-11-01
142,3,143,8,10,2,2024-04-01
143,3,143,5,3,1,2025-09-01
144,3,143,25,24,3,2025-04-01
145,3,143,18,20,13,2024-07-01
146,3,143,31,14,10,2025-03-01
147,3,138,4,20,19,2025-07-01
148,3,138,20,7,12,2025-12-01
149,3,138,23,22,7,2024-02-01
150,3,138,39,12,3,2024-08-01
151,3,138,18,8,12,2025-05-01
152,3,138,25,22,25,2024-05-01
153,3,138,2,6,9,2024-11-01
154,3,138,48,19,0,2024-09-01
155,3,138,4,15,12,2024-07-01
156,3,138,24,4,3,2024-01-01
157,3,138,0,2,3,2025-06-01
158,3,180,0,17,19,2025-08-01
159,3,180,12,11,10,2024-12-01
160,3,180,18,7,5,2025-07-01
161,3,180,18,19,18,2024-10-01
162,3,180,8,18,15,2024-08-01
163,3,180,22,16,6,2024-05-01
164,3,180,21,14,13,2024-01-01
165,3,123,23,5,3,2024-11-01
166,3,123,23,18,13,2024-03-01
167,3,123,29,4,4,2024-01-01
168,3,123,26,24,15,2024-05-01
169,3,123,24,17,8,2024-04-01
170,3,123,2,20,24,2025-12-01
171,3,123,21,16,2,2025-05-01
172,3,123,15,16,4,2025-10-01
173,3,123,10,8,2,2025-06-01
174,3,123,28,20,14,2025-02-01
175,4,102,14,16,10,2024-04-01
176,4,102,3,2,7,2025-05-01
177,4,102,45,25,8,2025-03-01
178,4,102,27,22,16,2025-11-01
179,4,102,14,20,25,2025-04-01
180,4,102,32,23,4,2024-12-01
181,4,102,6,10,10,2024-10-01
182,4,102,19,10,1,2024-06-01
183,4,177,27,4,0,2025-12-01
184,4,177,20,24,7,2025-06-01
185,4,177,23,19,12,2024-10-01
186,4,177,34,23,17,2025-09-01
187,4,177,17,13,17,2024-01-01
188,4,177,33,22,18,2024-02-01
189,4,177,40,19,9,2024-09-01
190,4,177,31,24,1,2024-08-01
191,4,177,28,15,12,2025-03-01
192,4,128,26,13,0,2024-07-01
193,4,128,3,4,8,2024-03-01
194,4,128,17,14,14,2025-08-01
195,4,128,31,9,8,2025-10-01
196,4,128,10,24,28,2024-01-01
197,4,128,27,25,8,2025-11-01
198,4,110,0,7,12,2025-08-01
199,4,110,16,16,17,2024-10-01
200,4,110,25,23,20,2025-04-01
201,4,110,25,6,8,2024-04-01
202,4,110,20,24,14,2025-07-01
203,4,110,26,13,6,2024-07-01
204,4,110,0,14,19,2024-12-01
205,4,110,26,18,14,2024-09-01
206,4,110,13,12,7,2024-02-01
207,4,110,3,6,8,2025-11-01
208,4,184,5,10,13,2025-07-01
209,4,184,16,15,16,2025-04-01
210,4,184,27,7,9,2024-06-01
211,4,184,27,15,9,2025-01-01
212,4,184,4,5,3,2025-12-01
213,4,184,23,14,7,2024-03-01
214,4,184,14,18,5,2025-06-01
215,4,184,34,6,0,2024-04-01
216,4,184,16,2,0,2024-02-01
217,4,184,13,2,2,2025-09-01
218,4,161,27,19,4,2025-11-01
219,4,161,27,7,5,2024-12-01
220,4,161,17,25,27,2025-03-01
221,4,161,11,20,17,2025-04-01
222,4,161,17,7,7,2025-10-01
223,4,161,37,14,5,2025-07-01
224,4,161,32,13,1,2024-06-01
225,4,161,27,14,8,2025-02-01
226,4,161,40,19,6,2024-10-01
227,4,136,9,18,16,2024-04-01
228,4,136,26,16,8,2024-08-01
229,4,136,38,16,3,2025-10-01
230,4,136,17,16,18,2024-09-01
231,4,136,24,19,4,2024-10-01
232,4,136,16,5,5,2025-06-01
233,4,136,21,3,8,2025-03-01
234,4,136,16,17,8,2025-08-01
235,4,136,5,19,16,2024-02-01
236,4,136,5,25,25,2024-01-01
237,4,136,16,22,26,2024-11-01
238,5,165,43,25,8,2025-01-01
239,5,165,38,24,3,2025-04-01
240,5,165,22,19,8,2024-08-01
241,5,165,12,22,25,2024-03-01
242,5,165,38,19,4,2025-09-01
243,5,165,34,20,7,2025-03-01
244,5,165,17,7,4,2024-10-01
245,5,165,25,10,12,2024-04-01
246,5,165,22,22,0,2025-12-01
247,5,165,4,19,21,2025-10-01
248,5,165,6,19,13,2024-09-01
249,5,158,12,25,19,2025-07-01
250,5,158,39,19,7,2025-02-01
251,5,158,16,15,7,2024-10-01
252,5,158,19,5,5,2024-01-01
253,5,158,12,18,9,2025-11-01
254,5,158,26,11,5,2025-10-01
255,5,158,8,11,12,2025-05-01
256,5,158,12,12,4,2025-09-01
257,5,158,37,22,0,2025-06-01
258,5,158,35,25,2,2025-08-01
259,5,158,20,8,5,2024-06-01
260,5,126,27,16,4,2025-10-01
261,5,126,18,12,9,2025-03-01
262,5,126,20,3,4,2025-02-01
263,5,126,28,10,7,2025-06-01
264,5,126,11,23,14,2025-04-01
265,5,126,8,8,9,2024-09-01
266,5,126,16,17,21,2025-07-01
267,5,126,31,8,3,2024-07-01
268,5,140,33,23,19,2025-08-01
269,5,140,10,5,1,2024-09-01
270,5,140,37,10,0,2024-01-01
271,5,140,27,2,2,2024-03-01
272,5,140,24,15,2,2024-10-01
273,5,140,36,20,2,2024-02-01
274,5,140,13,10,12,2025-04-01
275,5,110,22,20,0,2024-06-01
276,5,110,0,11,14,2024-01-01
277,5,110,28,15,2,2024-07-01
278,5,110,11,14,3,2024-11-01
279,5,110,25,11,10,2024-08-01
280,5,110,26,13,14,2025-08-01
281,5,110,15,16,13,2025-07-01
282,5,110,20,24,9,2024-05-01
283,5,110,19,4,1,2025-10-01
284,5,110,42,19,6,2025-04-01
285,5,110,32,8,0,2024-09-01
286,5,103,32,23,1,2024-06-01
287,5,103,43,24,3,2024-10-01
288,5,103,31,23,4,2025-02-01
289,5,103,23,14,14,2025-05-01
290,5,103,34,15,8,2025-12-01
291,5,103,22,18,10,2024-02-01
292,5,103,4,8,11,2025-06-01
293,5,103,12,19,11,2025-04-01
294,5,103,23,23,10,2025-03-01
295,5,103,34,21,4,2024-07-01
296,5,163,22,8,10,2025-11-01
297,5,163,31,19,13,2025-02-01
298,5,163,18,2,2,2025-12-01
299,5,163,14,17,10,2025-03-01
300,5,163,33,21,15,2024-08-01
301,5,163,9,5,3,2024-05-01
302,5,163,6,6,11,2024-07-01
303,5,163,24,24,13,2024-10-01
304,5,163,25,23,2,2025-09-01
305,5,163,6,10,14,2024-03-01
306,5,163,20,16,19,2025-04-01
307,5,163,33,7,1,2025-07-01
308,5,115,33,25,7,2024-05-01
309,5,115,29,13,2,2024-03-01
310,5,115,21,20,6,2025-10-01
311,5,115,18,16,6,2025-05-01
312,5,115,25,8,4,2025-02-01
313,5,115,11,22,20,2025-11-01
314,5,115,24,13,5,2024-12-01
315,5,115,21,20,16,2025-12-01
316,5,115,18,4,0,2025-03-01
317,5,115,43,18,1,2024-02-01
318,5,115,21,4,6,2024-09-01
319,5,115,11,9,9,2024-01-01
320,6,184,22,24,20,2024-12-01
321,6,184,18,11,9,2024-02-01
322,6,184,20,17,0,2025-06-01
323,6,184,0,6,8,2025-07-01
324,6,184,29,5,5,2025-11-01
325,6,184,1,6,11,2025-03-01
326,6,184,18,23,24,2025-05-01
327,6,184,22,21,2,2024-11-01
328,6,184,18,19,13,2024-05-01
329,6,184,27,10,8,2025-10-01
330,6,184,21,11,15,2024-10-01
331,6,184,7,3,3,2025-12-01
332,6,129,6,7,8,2025-03-01
333,6,129,15,9,6,2024-03-01
334,6,129,31,16,0,2025-07-01
335,6,129,25,14,8,2025-10-01
336,6,129,16,22,24,2025-08-01
337,6,129,9,24,22,2024-12-01
338,6,129,10,25,19,2024-11-01
339,6,129,7,7,6,2024-05-01
340,6,129,15,7,2,2025-11-01
341,6,129,1,4,8,2025-04-01
342,6,129,22,16,7,2024-10-01
343,6,129,27,2,5,2024-09-01
344,6,111,32,18,12,2025-05-01
345,6,111,19,14,11,2025-03-01
346,6,111,22,8,4,2024-09-01
347,6,111,14,20,20,2025-07-01
348,6,111,19,22,6,2025-11-01
349,6,111,4,20,20,2025-04-01
350,6,111,28,14,15,2025-12-01
351,6,106,12,13,4,2025-05-01
352,6,106,26,2,2,2024-02-01
353,6,106,16,4,8,2024-05-01
354,6,106,10,20,15,2025-09-01
355,6,106,3,17,21,2024-04-01
356,6,106,18,23,10,2024-07-01
357,6,106,12,12,3,2025-02-01
358,6,153,2,2,0,2025-09-01
359,6,153,33,15,7,2025-02-01
360,6,153,12,3,7,2025-06-01
361,6,153,19,24,11,2025-05-01
362,6,153,17,19,11,2024-11-01
363,6,153,10,5,1,2024-09-01
364,6,153,0,12,15,2025-01-01
365,6,153,19,19,2,2024-02-01
366,6,153,2,17,21,2024-04-01
367,6,153,35,12,5,2024-10-01
368,6,153,20,9,13,2025-07-01
369,6,153,26,17,6,2024-03-01
370,6,169,0,8,13,2024-03-01
371,6,169,28,11,12,2024-06-01
372,6,169,36,12,0,2025-07-01
373,6,169,34,10,3,2025-03-01
374,6,169,14,25,18,2024-08-01
375,6,169,35,20,15,2024-01-01
376,6,169,26,20,16,2025-11-01
377,6,169,11,22,12,2024-02-01
378,6,169,22,19,0,2025-04-01
379,6,169,13,15,12,2024-04-01
380,6,169,28,2,4,2024-05-01
381,6,169,21,10,7,2025-08-01
382,7,126,20,9,7,2024-12-01
383,7,126,8,2,3,2025-01-01
384,7,126,12,14,10,2025-09-01
385,7,126,28,19,10,2025-02-01
386,7,126,2,9,9,2025-06-01
387,7,126,6,15,15,2025-04-01
388,7,126,32,5,0,2024-02-01
389,7,126,18,2,6,2024-06-01
390,7,126,38,17,2,2025-11-01
391,7,129,31,2,0,2024-07-01
392,7,129,18,12,16,2024-03-01
393,7,129,18,12,17,2024-04-01
394,7,129,31,25,11,2025-08-01
395,7,129,22,13,1,2025-06-01
396,7,129,44,21,4,2024-01-01
397,7,129,20,17,20,2025-07-01
398,7,129,35,22,3,2025-03-01
399,7,129,13,3,0,2024-08-01
400,7,104,37,10,1,2025-10-01
401,7,104,16,10,3,2024-03-01
402,7,104,27,18,18,2024-10-01
403,7,104,13,21,16,2024-04-01
404,7,104,1,10,15,2025-11-01
405,7,104,29,14,4,2024-02-01
406,7,104,13,24,22,2025-07-01
407,7,104,2,18,16,2025-05-01
408,7,104,16,8,13,2024-09-01
409,7,104,22,18,14,2024-11-01
410,7,180,35,24,15,2025-02-01
411,7,180,22,11,4,2024-03-01
412,7,180,21,25,21,2024-08-01
413,7,180,31,17,14,2024-06-01
414,7,180,35,18,11,2025-07-01
415,7,180,26,3,4,2025-11-01
416,7,180,0,15,16,2024-11-01
417,7,180,16,8,4,2025-09-01
418,7,180,26,25,23,2024-12-01
419,7,173,22,9,8,2024-08-01
420,7,173,13,16,13,2024-07-01
421,7,173,10,19,20,2025-09-01
422,7,173,11,10,14,2024-05-01
423,7,173,11,6,10,2025-01-01
424,7,173,1,16,18,2025-03-01
425,7,173,17,16,3,2024-01-01
426,7,173,27,18,13,2024-12-01
427,7,173,29,3,3,2025-05-01
428,7,173,34,25,2,2024-04-01
429,7,173,16,6,6,2025-06-01
430,7,176,5,10,8,2024-12-01
431,7,176,0,4,7,2024-08-01
432,7,176,37,13,1,2024-10-01
433,7,176,13,15,9,2025-08-01
434,7,176,24,22,1,2025-04-01
435,7,176,12,17,10,2024-06-01
436,7,176,9,16,13,2024-11-01
437,7,176,32,24,14,2025-10-01
438,7,176,26,20,8,2024-01-01
439,7,176,8,16,18,2024-05-01
440,7,176,31,16,2,2025-12-01
441,7,108,23,17,15,2024-08-01
442,7,108,9,10,7,2024-06-01
443,7,108,18,24,14,2024-10-01
444,7,108,29,18,11,2024-04-01
445,7,108,45,17,1,2025-02-01
446,7,108,27,16,2,2024-02-01
447,7,108,27,9,3,2024-01-01
448,8,123,15,7,12,2025-08-01
449,8,123,31,16,15,2025-11-01
450,8,123,23,4,2,2024-12-01
451,8,123,2,2,5,2024-11-01
452,8,123,35,17,2,2024-10-01
453,8,123,2,4,4,2025-10-01
454,8,123,23,22,0,2024-06-01
455,8,123,39,19,9,2024-07-01
456,8,123,19,11,0,2025-02-01
457,8,123,45,20,0,2024-09-01
458,8,123,33,14,0,2025-12-01
459,8,123,8,6,1,2025-05-01
460,8,115,0,14,19,2025-12-01
461,8,115,11,2,0,2024-06-01
462,8,115,38,15,0,2024-12-01
463,8,115,0,15,19,2024-08-01
464,8,115,41,19,3,2025-06-01
465,8,115,18,20,6,2025-08-01
466,8,115,7,14,7,2025-09-01
467,8,115,41,25,13,2025-02-01
468,8,115,32,20,18,2024-02-01
469,8,115,39,24,6,2024-01-01
470,8,115,26,17,2,2024-09-01
471,8,154,0,12,13,2025-09-01
472,8,154,16,6,0,2024-12-01
473,8,154,20,2,3,2025-06-01
474,8,154,0,3,8,2024-11-01
475,8,154,29,2,3,2025-05-01
476,8,154,8,8,11,2025-08-01
477,8,154,36,15,6,2024-03-01
478,8,154,28,16,16,2024-08-01
479,8,114,1,6,9,2024-02-01
480,8,114,54,25,0,2025-09-01
481,8,114,9,11,12,2024-09-01
482,8,114,21,8,8,2025-04-01
483,8,114,30,18,10,2025-08-01
484,8,114,26,12,10,2025-05-01
485,8,114,23,5,7,2024-05-01
486,8,114,22,9,4,2024-03-01
487,8,114,29,7,0,2025-06-01
488,8,114,17,22,26,2025-11-01
489,8,172,37,21,14,2024-06-01
490,8,172,29,23,5,2025-05-01
491,8,172,11,13,4,2024-05-01
492,8,172,22,5,3,2024-01-01
493,8,172,12,23,23,2025-01-01
494,8,172,0,9,14,2025-12-01
495,8,172,12,3,2,2025-06-01
496,8,172,0,13,13,2024-07-01
497,8,172,15,7,7,2025-04-01
498,8,165,13,3,8,2024-11-01
499,8,165,19,3,4,2025-02-01
500,8,165,26,22,25,2025-06-01
501,8,165,29,19,17,2024-07-01
502,8,165,20,24,14,2024-12-01
503,8,165,31,19,2,2025-01-01
504,8,165,32,14,12,2024-02-01
505,8,165,31,24,12,2025-10-01
506,9,163,17,17,6,2024-12-01
507,9,163,15,23,25,2024-07-01
508,9,163,41,18,7,2024-10-01
509,9,163,33,15,4,2025-05-01
510,9,163,0,12,13,2025-12-01
511,9,163,3,2,4,2025-11-01
512,9,166,10,16,19,2024-01-01
513,9,166,28,10,7,2024-08-01
514,9,166,2,3,3,2025-05-01
515,9,166,11,20,11,2025-08-01
516,9,166,22,9,8,2025-12-01
517,9,166,15,5,1,2025-09-01
518,9,166,25,23,20,2024-03-01
519,9,166,20,13,5,2025-03-01
520,9,166,16,7,7,2025-06-01
521,9,177,37,24,11,2025-01-01
522,9,177,16,22,24,2025-10-01
523,9,177,0,8,13,2024-11-01
524,9,177,13,11,10,2024-06-01
525,9,177,15,4,3,2025-04-01
526,9,177,46,24,6,2024-04-01
527,9,177,30,10,1,2025-03-01
528,9,177,31,20,10,2024-09-01
529,9,177,28,5,5,2025-06-01
530,9,177,14,10,13,2025-05-01
531,9,177,0,20,22,2024-12-01
532,9,176,4,15,19,2024-10-01
533,9,176,24,19,5,2024-01-01
534,9,176,34,4,0,2025-12-01
535,9,176,19,4,9,2025-01-01
536,9,176,16,12,17,2024-09-01
537,9,176,9,5,1,2025-02-01
538,9,176,26,21,11,2025-07-01
539,9,176,16,3,7,2024-11-01
540,9,176,35,17,12,2024-04-01
541,9,138,23,17,8,2024-06-01
542,9,138,19,16,15,2025-04-01
543,9,138,32,19,4,2024-10-01
544,9,138,9,15,19,2024-01-01
545,9,138,12,12,6,2025-11-01
546,9,138,10,7,11,2025-10-01
547,9,138,35,14,1,2025-06-01
548,9,138,19,20,20,2025-12-01
549,9,138,28,13,1,2024-08-01
550,9,138,35,25,1,2024-09-01
551,9,130,18,25,24,2025-02-01
552,9,130,42,23,5,2024-04-01
553,9,130,25,12,5,2025-12-01
554,9,130,14,7,8,2025-07-01
555,9,130,6,4,5,2025-10-01
556,9,130,20,25,29,2025-04-01
557,9,130,14,10,9,2025-08-01
558,9,130,26,18,15,2024-05-01
559,9,130,32,23,5,2025-06-01
560,9,140,33,6,1,2024-04-01
561,9,140,34,17,10,2025-08-01
562,9,140,27,8,3,2025-04-01
563,9,140,20,14,2,2024-01-01
564,9,140,33,19,11,2025-03-01
565,9,140,8,8,4,2024-02-01
566,9,140,3,8,10,2025-07-01
567,9,140,10,4,6,2025-09-01
568,9,140,16,18,7,2024-07-01
569,9,140,29,3,0,2024-05-01
570,9,140,27,23,14,2024-10-01
571,9,119,16,2,7,2025-01-01
572,9,119,37,22,2,2024-12-01
573,9,119,5,5,6,2025-08-01
574,9,119,25,17,8,2025-10-01
575,9,119,41,22,5,2024-07-01
576,9,119,23,12,4,2025-03-01
577,9,119,9,19,19,2024-01-01
578,9,119,26,4,8,2025-02-01
579,9,119,0,7,12,2025-09-01
580,9,119,23,16,17,2024-11-01
581,9,119,19,6,4,2025-12-01
582,9,119,11,20,24,2024-04-01
583,10,131,9,8,3,2025-10-01
584,10,131,11,17,11,2025-06-01
585,10,131,14,15,5,2025-03-01
586,10,131,22,9,2,2025-12-01
587,10,131,35,18,10,2024-09-01
588,10,131,18,10,11,2024-03-01
589,10,179,1,10,12,2024-09-01
590,10,179,0,15,19,2024-11-01
591,10,179,15,12,9,2024-06-01
592,10,179,28,20,2,2025-09-01
593,10,179,7,17,21,2024-02-01
594,10,179,12,16,8,2025-04-01
595,10,179,18,16,5,2024-03-01
596,10,183,8,6,10,2025-07-01
597,10,183,24,17,17,2025-02-01
598,10,183,14,20,20,2025-06-01
599,10,183,16,12,15,2024-11-01
600,10,183,17,22,8,2024-08-01
601,10,183,10,5,4,2024-07-01
602,10,158,43,24,11,2025-03-01
603,10,158,23,23,20,2024-09-01
604,10,158,21,21,23,2025-07-01
605,10,158,16,24,26,2024-03-01
606,10,158,32,22,1,2024-04-01
607,10,158,19,2,5,2024-05-01
608,10,158,22,6,4,2025-11-01
609,10,158,24,5,4,2025-05-01
610,10,158,14,9,10,2024-01-01
611,10,158,31,21,12,2024-10-01
612,10,134,12,14,4,2025-01-01
613,10,134,20,14,6,2025-05-01
614,10,134,25,16,11,2025-08-01
615,10,134,16,24,20,2024-12-01
616,10,134,11,13,2,2024-03-01
617,10,134,27,14,6,2025-03-01
618,10,134,35,25,2,2025-10-01
619,10,134,4,2,4,2025-07-01
620,10,177,8,19,15,2024-10-01
621,10,177,22,9,7,2024-05-01
622,10,177,10,4,8,2024-02-01
623,10,177,34,24,16,2025-04-01
624,10,177,41,25,4,2025-09-01
625,10,177,27,19,5,2024-06-01
626,10,177,19,18,16,2024-11-01
627,10,177,26,19,19,2025-07-01
628,10,177,0,5,10,2024-03-01
629,11,113,0,20,22,2025-09-01
630,11,113,23,14,13,2024-11-01
631,11,113,32,24,2,2024-01-01
632,11,113,19,19,22,2024-02-01
633,11,113,20,7,6,2024-08-01
634,11,113,33,14,7,2024-10-01
635,11,113,18,10,0,2025-02-01
636,11,113,14,22,16,2025-05-01
637,11,113,12,3,6,2025-07-01
638,11,113,31,14,8,2025-11-01
639,11,113,14,14,14,2024-06-01
640,11,103,11,15,14,2024-10-01
641,11,103,24,10,4,2025-02-01
642,11,103,8,5,8,2025-06-01
643,11,103,8,3,4,2025-10-01
644,11,103,36,12,0,2024-04-01
645,11,103,19,16,12,2024-03-01
646,11,103,20,3,8,2025-01-01
647,11,103,11,17,7,2025-03-01
648,11,105,18,7,11,2025-12-01
649,11,105,17,2,1,2025-02-01
650,11,105,29,20,14,2025-07-01
651,11,105,30,20,3,2025-11-01
652,11,105,30,2,1,2025-03-01
653,11,105,35,10,0,2024-06-01
654,11,111,29,21,4,2024-10-01
655,11,111,16,15,10,2024-02-01
656,11,111,23,3,1,2025-07-01
657,11,111,35,25,15,2024-08-01
658,11,111,16,24,29,2025-06-01
659,11,111,7,16,15,2024-06-01
660,11,111,21,11,6,2024-12-01
661,11,111,11,5,5,2024-01-01
662,11,111,6,4,0,2025-08-01
663,11,111,16,19,9,2024-04-01
664,11,111,19,13,7,2025-01-01
665,11,125,2,8,6,2024-08-01
666,11,125,11,18,9,2025-01-01
667,11,125,0,6,10,2025-05-01
668,11,125,21,21,21,2024-05-01
669,11,125,10,6,2,2024-12-01
670,11,125,18,6,4,2025-04-01
671,11,125,17,19,19,2025-03-01
672,11,134,10,9,9,2025-11-01
673,11,134,0,11,13,2024-08-01
674,11,134,16,22,27,2025-03-01
675,11,134,20,21,12,2024-03-01
676,11,134,15,19,21,2025-10-01
677,11,134,4,20,25,2025-05-01
678,11,134,20,2,0,2025-04-01
679,11,134,16,7,10,2024-04-01
680,11,134,13,17,21,2024-10-01
681,11,134,26,4,6,2024-12-01
682,11,134,24,10,15,2025-02-01
683,11,120,15,24,11,2024-06-01
684,11,120,15,7,1,2025-05-01
685,11,120,2,3,5,2024-10-01
686,11,120,26,21,5,2025-04-01
687,11,120,20,19,23,2024-04-01
688,11,120,11,6,7,2025-09-01
689,11,120,22,22,12,2025-11-01
690,11,120,18,22,13,2024-02-01
691,11,120,5,7,7,2025-10-01
692,11,185,0,10,14,2025-11-01
693,11,185,16,18,10,2024-04-01
694,11,185,49,20,1,2025-06-01
695,11,185,23,6,9,2025-03-01
696,11,185,21,17,14,2024-01-01
697,11,185,7,8,12,2025-10-01
698,11,102,36,22,8,2025-09-01
699,11,102,34,14,6,2024-05-01
700,11,102,29,17,3,2025-12-01
701,11,102,0,3,8,2024-06-01
702,11,102,17,18,16,2024-04-01
703,11,102,38,17,5,2025-05-01
704,11,102,6,6,7,2025-08-01
705,11,102,29,6,0,2024-07-01
706,11,102,0,2,6,2025-04-01
707,11,102,2,21,22,2024-03-01
708,12,106,29,15,0,2025-01-01
709,12,106,17,18,8,2024-05-01
710,12,106,21,11,15,2025-07-01
711,12,106,14,8,7,2024-03-01
712,12,106,26,6,2,2024-01-01
713,12,106,16,6,9,2024-10-01
714,12,106,1,8,12,2025-04-01
715,12,106,14,15,19,2024-04-01
716,12,143,4,11,16,2024-09-01
717,12,143,12,4,3,2025-05-01
718,12,143,31,3,0,2024-08-01
719,12,143,14,18,4,2025-12-01
720,12,143,43,17,3,2024-02-01
721,12,143,11,17,18,2025-09-01
722,12,143,31,9,0,2024-11-01
723,12,143,14,5,5,2024-04-01
724,12,143,28,3,2,2025-04-01
725,12,136,13,16,11,2024-10-01
726,12,136,44,21,3,2024-08-01
727,12,136,35,17,11,2024-09-01
728,12,136,32,9,1,2025-08-01
729,12,136,14,23,21,2024-12-01
730,12,136,31,25,3,2024-02-01
731,12,136,40,11,1,2024-01-01
732,12,136,16,9,13,2025-07-01
733,12,136,28,4,3,2025-06-01
734,12,136,20,2,6,2024-11-01
735,12,136,33,11,0,2025-02-01
736,12,136,35,22,16,2025-09-01
737,12,138,38,17,3,2025-07-01
738,12,138,31,18,2,2025-05-01
739,12,138,32,25,1,2025-04-01
740,12,138,34,23,13,2025-10-01
741,12,138,26,21,6,2025-06-01
742,12,138,12,8,6,2025-03-01
743,12,115,29,12,9,2024-03-01
744,12,115,16,4,1,2024-07-01
745,12,115,30,9,8,2024-09-01
746,12,115,42,21,6,2025-08-01
747,12,115,24,20,14,2024-01-01
748,12,115,34,17,3,2025-09-01
749,12,115,8,2,6,2025-06-01
750,12,115,8,9,3,2025-07-01
751,12,115,37,19,0,2025-02-01
752,12,115,4,23,26,2024-02-01
753,12,115,39,18,4,2024-04-01
754,12,115,24,18,11,2025-12-01
755,12,117,26,3,7,2024-11-01
756,12,117,11,7,3,2025-09-01
757,12,117,21,2,6,2024-10-01
758,12,117,10,12,11,2025-03-01
759,12,117,6,6,11,2024-04-01
760,12,117,6,21,15,2025-04-01
761,12,117,19,4,5,2025-08-01
762,12,117,11,4,0,2024-01-01
763,12,117,22,25,19,2025-12-01
764,12,117,22,17,19,2024-03-01
765,12,117,12,12,14,2024-12-01
766,13,183,0,9,14,2024-03-01
767,13,183,5,5,5,2024-12-01
768,13,183,15,20,11,2024-11-01
769,13,183,0,4,7,2025-08-01
770,13,183,34,9,2,2024-10-01
771,13,183,22,2,1,2024-04-01
772,13,183,32,6,1,2024-05-01
773,13,183,29,7,5,2024-09-01
774,13,183,31,8,2,2025-06-01
775,13,183,15,6,2,2025-05-01
776,13,183,16,4,9,2024-01-01
777,13,183,32,18,4,2025-07-01
778,13,173,29,11,10,2024-09-01
779,13,173,13,25,27,2024-08-01
780,13,173,0,2,6,2025-01-01
781,13,173,20,20,0,2024-11-01
782,13,173,30,12,9,2025-04-01
783,13,173,33,14,0,2024-06-01
784,13,173,26,24,13,2025-06-01
785,13,173,28,14,6,2025-07-01
786,13,103,14,19,23,2024-03-01
787,13,103,38,25,3,2024-05-01
788,13,103,22,13,11,2025-04-01
789,13,103,31,7,4,2024-06-01
790,13,103,22,23,7,2024-09-01
791,13,103,31,7,2,2025-07-01
792,13,103,16,12,14,2025-02-01
793,13,103,26,19,15,2024-07-01
794,13,103,23,9,0,2024-01-01
795,13,103,20,14,4,2024-02-01
796,13,138,21,25,27,2025-07-01
797,13,138,23,5,6,2024-11-01
798,13,138,8,16,11,2024-04-01
799,13,138,19,19,13,2024-05-01
800,13,138,20,15,2,2024-12-01
801,13,138,27,15,8,2024-10-01
802,13,138,25,5,2,2024-01-01
803,13,181,12,9,8,2025-02-01
804,13,181,42,24,0,2024-05-01
805,13,181,18,21,17,2025-04-01
806,13,181,35,20,6,2025-12-01
807,13,181,8,16,10,2024-12-01
808,13,181,19,3,1,2025-07-01
809,13,181,5,4,8,2024-02-01
810,13,181,28,13,4,2025-06-01
811,13,181,16,21,18,2025-08-01
812,13,181,15,10,2,2024-07-01
813,13,181,17,11,0,2025-01-01
814,13,129,21,25,15,2024-03-01
815,13,129,23,22,18,2024-05-01
816,13,129,25,4,8,2024-12-01
817,13,129,19,17,18,2025-01-01
818,13,129,32,25,2,2024-07-01
819,13,129,0,25,27,2024-06-01
820,13,129,28,21,8,2025-03-01
821,13,129,13,18,13,2024-10-01
822,13,129,35,10,2,2025-07-01
823,13,129,16,6,6,2024-02-01
824,13,129,20,16,10,2025-08-01
825,14,185,20,8,11,2024-06-01
826,14,185,0,2,5,2025-04-01
827,14,185,21,18,6,2024-09-01
828,14,185,15,24,15,2024-03-01
829,14,185,25,14,11,2024-01-01
830,14,185,5,2,6,2024-10-01
831,14,185,31,25,11,2025-02-01
832,14,117,2,5,3,2025-11-01
833,14,117,20,8,6,2025-12-01
834,14,117,33,13,1,2025-04-01
835,14,117,13,15,14,2024-12-01
836,14,117,7,5,8,2025-03-01
837,14,117,0,10,15,2025-06-01
838,14,117,38,12,1,2025-07-01
839,14,117,31,8,5,2025-10-01
840,14,117,17,18,18,2024-08-01
841,14,117,10,24,28,2025-09-01
842,14,117,8,17,18,2024-02-01
843,14,117,9,3,2,2024-04-01
844,14,114,35,14,9,2025-07-01
845,14,114,8,23,17,2024-08-01
846,14,114,12,25,27,2025-12-01
847,14,114,36,8,0,2025-04-01
848,14,114,18,20,8,2024-07-01
849,14,114,38,14,5,2024-01-01
850,14,114,42,20,3,2025-08-01
851,14,183,16,23,25,2025-07-01
852,14,183,25,25,21,2024-04-01
853,14,183,38,22,14,2024-06-01
854,14,183,22,19,10,2025-05-01
855,14,183,24,5,8,2025-06-01
856,14,183,9,14,19,2024-08-01
857,14,183,27,12,10,2024-02-01
858,14,122,11,12,1,2025-09-01
859,14,122,16,13,0,2025-10-01
860,14,122,0,3,5,2024-06-01
861,14,122,25,3,8,2025-12-01
862,14,122,6,15,14,2024-03-01
863,14,122,24,2,2,2024-01-01
864,14,122,11,18,17,2024-05-01
865,14,122,7,17,21,2025-04-01
866,14,122,12,25,22,2024-11-01
867,14,122,18,9,6,2024-09-01
868,14,122,12,17,15,2024-04-01
869,14,122,14,20,21,2025-11-01
870,14,182,2,15,15,2024-01-01
871,14,182,8,18,21,2025-06-01
872,14,182,5,10,10,2025-07-01
873,14,182,24,6,8,2025-09-01
874,14,182,15,21,22,2024-12-01
875,14,182,9,13,16,2024-05-01
876,14,182,29,24,4,2025-11-01
877,14,182,19,15,9,2025-08-01
878,14,182,27,10,1,2024-10-01
879,14,182,13,24,12,2025-03-01
880,14,182,22,14,13,2024-09-01
881,14,182,45,23,6,2025-04-01
882,14,132,19,21,11,2024-09-01
883,14,132,15,8,7,2025-11-01
884,14,132,25,18,23,2025-08-01
885,14,132,28,20,0,2025-07-01
886,14,132,22,13,17,2025-06-01
887,14,132,28,14,10,2024-08-01
888,14,132,11,24,18,2025-12-01
889,14,132,33,12,8,2024-11-01
890,14,132,3,22,19,2025-03-01
891,14,132,39,17,4,2025-04-01
892,14,132,21,8,8,2024-02-01
893,14,132,6,21,16,2024-06-01
894,14,159,5,3,7,2024-07-01
895,14,159,0,7,10,2025-10-01
896,14,159,28,10,3,2025-11-01
897,14,159,20,5,4,2024-11-01
898,14,159,16,8,9,2024-02-01
899,14,159,0,5,7,2024-03-01
900,14,159,2,24,24,2025-05-01
901,14,159,39,23,0,2024-05-01
902,14,159,15,15,15,2025-03-01
903,14,159,0,15,20,2025-06-01
904,14,159,23,23,13,2025-08-01
905,14,159,29,23,24,2024-04-01
906,14,165,10,3,0,2024-04-01
907,14,165,28,9,9,2025-08-01
908,14,165,21,15,9,2025-11-01
909,14,165,28,19,4,2025-10-01
910,14,165,16,23,26,2025-01-01
911,14,165,23,14,7,2024-07-01
912,14,165,15,2,6,2024-03-01
913,14,165,20,21,13,2024-05-01
914,14,165,8,16,11,2025-06-01
915,14,186,9,12,14,2024-02-01
916,14,186,35,19,0,2025-07-01
917,14,186,19,2,2,2025-02-01
918,14,186,16,3,3,2024-05-01
919,14,186,21,11,14,2024-04-01
920,14,186,23,25,15,2024-12-01
921,14,186,1,10,14,2025-05-01
922,14,186,25,17,15,2024-11-01
923,14,186,36,14,7,2025-04-01
924,14,186,21,16,12,2024-01-01
925,14,186,11,19,19,2024-03-01
926,14,186,9,15,8,2025-10-01
927,15,164,17,13,9,2024-07-01
928,15,164,19,9,2,2024-11-01
929,15,164,3,20,20,2025-11-01
930,15,164,30,24,1,2024-08-01
931,15,164,26,17,8,2024-04-01
932,15,164,1,14,14,2024-10-01
933,15,164,13,2,4,2024-01-01
934,15,164,17,3,3,2024-05-01
935,15,164,14,10,6,2025-10-01
936,15,164,21,19,3,2024-06-01
937,15,164,17,12,11,2025-03-01
938,15,105,23,16,18,2024-03-01
939,15,105,13,3,1,2025-12-01
940,15,105,7,4,7,2024-01-01
941,15,105,29,19,14,2025-11-01
942,15,105,26,9,13,2024-06-01
943,15,105,6,10,12,2025-02-01
944,15,105,33,14,5,2024-02-01
945,15,105,23,17,5,2024-09-01
946,15,105,24,17,7,2024-11-01
947,15,105,7,23,24,2025-04-01
948,15,105,41,19,7,2025-06-01
949,15,185,19,22,20,2024-08-01
950,15,185,5,25,23,2024-02-01
951,15,185,34,18,2,2025-06-01
952,15,185,13,19,11,2025-11-01
953,15,185,17,7,10,2024-06-01
954,15,185,27,19,19,2025-05-01
955,15,109,23,13,2,2024-11-01
956,15,109,0,4,8,2025-04-01
957,15,109,42,14,0,2024-06-01
958,15,109,10,5,7,2024-03-01
959,15,109,8,6,2,2024-07-01
960,15,109,33,24,4,2024-12-01
961,15,109,25,25,26,2025-09-01
962,15,109,4,15,16,2025-01-01
963,15,109,36,14,1,2025-03-01
964,15,109,27,21,12,2024-04-01
965,15,109,8,14,13,2025-10-01
966,15,129,19,23,20,2024-04-01
967,15,129,44,23,1,2025-12-01
968,15,129,4,22,23,2024-06-01
969,15,129,27,19,9,2025-05-01
970,15,129,16,2,7,2024-01-01
971,15,129,17,10,8,2024-07-01
972,15,129,26,7,1,2024-09-01
973,15,129,12,10,13,2025-11-01
974,15,156,34,5,0,2024-08-01
975,15,156,1,4,8,2025-12-01
976,15,156,37,8,0,2024-11-01
977,15,156,13,21,12,2025-02-01
978,15,156,24,15,1,2025-11-01
979,15,156,18,14,1,2024-02-01
980,15,156,20,12,6,2025-06-01
981,15,156,25,2,6,2024-05-01
982,15,156,27,11,10,2024-07-01
983,15,156,12,14,2,2024-10-01
984,15,156,3,15,14,2024-01-01
985,15,148,10,6,10,2025-02-01
986,15,148,18,11,9,2024-04-01
987,15,148,24,22,15,2025-03-01
988,15,148,34,16,1,2024-03-01
989,15,148,21,23,20,2024-07-01
990,15,148,11,8,1,2024-06-01
991,15,148,28,16,4,2025-06-01
992,15,180,33,20,8,2024-02-01
993,15,180,11,14,14,2025-10-01
994,15,180,5,3,3,2024-06-01
995,15,180,11,19,21,2025-05-01
996,15,180,33,19,7,2025-12-01
997,15,180,6,7,10,2024-08-01
998,15,180,29,13,10,2025-06-01
999,15,180,8,8,9,2024-09-01
1000,15,180,9,22,27,2024-04-01
1001,15,180,5,2,1,2025-02-01
1002,15,146,12,10,2,2024-03-01
1003,15,146,14,10,6,2025-03-01
1004,15,146,23,11,10,2025-05-01
1005,15,146,17,6,6,2024-06-01
1006,15,146,34,22,6,2025-09-01
1007,15,146,24,13,5,2024-09-01
1008,15,146,6,11,12,2025-10-01
1009,15,146,20,21,11,2025-12-01
1010,15,146,0,9,14,2025-01-01
1011,15,146,10,25,28,2025-11-01
1012,15,146,21,23,12,2024-05-01
1013,15,146,21,23,24,2025-04-01
1014,15,153,1,16,17,2024-12-01
1015,15,153,39,25,15,2024-05-01
1016,15,153,8,2,6,2025-03-01
1017,15,153,24,20,2,2025-01-01
1018,15,153,0,25,30,2025-09-01
1019,15,153,23,25,28,2025-12-01
1020,15,153,32,8,2,2024-10-01
1021,15,153,8,8,7,2024-01-01
1022,15,153,45,24,9,2025-07-01
1023,15,153,20,12,0,2024-08-01
1024,16,151,22,12,16,2025-12-01
1025,16,151,28,17,6,2024-10-01
1026,16,151,31,19,18,2024-01-01
1027,16,151,20,21,12,2025-05-01
1028,16,151,29,9,0,2025-02-01
1029,16,151,33,8,3,2025-11-01
1030,16,151,32,22,17,2024-08-01
1031,16,151,12,9,14,2024-02-01
1032,16,162,27,20,8,2025-03-01
1033,16,162,31,8,0,2025-01-01
1034,16,162,26,9,7,2024-01-01
1035,16,162,13,25,19,2025-08-01
1036,16,162,16,24,29,2024-06-01
1037,16,162,16,18,22,2024-12-01
1038,16,162,22,13,0,2024-10-01
1039,16,162,39,23,0,2025-09-01
1040,16,162,6,22,23,2025-11-01
1041,16,162,7,19,19,2025-12-01
1042,16,178,31,24,3,2024-07-01
1043,16,178,28,18,2,2024-09-01
1044,16,178,27,11,12,2025-08-01
1045,16,178,3,20,20,2024-05-01
1046,16,178,20,6,4,2025-09-01
1047,16,178,15,17,15,2024-08-01
1048,16,178,28,8,10,2025-01-01
1049,16,178,8,19,13,2024-04-01
1050,16,185,5,5,9,2024-01-01
1051,16,185,6,25,27,2025-12-01
1052,16,185,2,16,20,2025-10-01
1053,16,185,0,3,6,2025-03-01
1054,16,185,14,16,8,2024-12-01
1055,16,185,13,13,16,2024-07-01
1056,16,185,7,20,16,2024-05-01
1057,16,185,19,19,15,2025-08-01
1058,16,185,21,21,7,2025-09-01
1059,16,185,12,22,22,2025-11-01
1060,16,185,21,8,7,2024-11-01
1061,16,185,25,7,12,2025-04-01
1062,16,170,10,18,20,2025-12-01
1063,16,170,13,18,15,2025-09-01
1064,16,170,26,6,7,2025-03-01
1065,16,170,29,19,15,2024-06-01
1066,16,170,38,25,2,2025-05-01
1067,16,170,0,22,26,2025-02-01
1068,16,170,18,3,4,2024-04-01
1069,16,170,26,15,6,2024-09-01
1070,16,170,9,5,10,2025-06-01
1071,16,170,0,22,26,2024-11-01
1072,16,124,20,9,14,2025-06-01
1073,16,124,18,14,0,2024-06-01
1074,16,124,24,12,15,2024-05-01
1075,16,124,7,15,16,2025-11-01
1076,16,124,2,4,2,2025-09-01
1077,16,124,23,18,1,2025-05-01
1078,16,130,31,24,0,2024-12-01
1079,16,130,22,3,4,2025-03-01
1080,16,130,0,18,23,2024-10-01
1081,16,130,33,20,4,2025-08-01
1082,16,130,37,15,6,2025-09-01
1083,16,130,31,14,13,2024-06-01
1084,16,130,24,19,17,2024-11-01
1085,16,130,22,22,17,2024-02-01
1086,16,130,40,24,3,2024-05-01
1087,16,112,28,14,12,2025-01-01
1088,16,112,15,14,11,2024-03-01
1089,16,112,44,24,8,2025-10-01
1090,16,112,21,6,0,2024-11-01
1091,16,112,22,6,8,2024-02-01
1092,16,112,34,25,0,2024-08-01
1093,16,112,13,4,5,2024-07-01
1094,16,177,8,14,9,2025-06-01
1095,16,177,22,10,0,2024-09-01
1096,16,177,0,5,8,2025-02-01
1097,16,177,24,19,23,2024-04-01
1098,16,177,30,8,3,2024-01-01
1099,16,177,5,9,5,2024-10-01
1100,16,177,15,11,14,2024-02-01
1101,16,177,28,5,1,2025-05-01
1102,16,148,3,23,26,2025-08-01
1103,16,148,15,14,4,2025-09-01
1104,16,148,6,14,19,2025-11-01
1105,16,148,11,19,16,2024-10-01
1106,16,148,27,22,10,2025-07-01
1107,16,148,34,16,5,2024-06-01
1108,16,148,21,11,0,2024-09-01
1109,17,167,8,18,18,2024-04-01
1110,17,167,23,18,20,2024-10-01
1111,17,167,24,9,1,2025-05-01
1112,17,167,12,16,16,2025-06-01
1113,17,167,32,10,4,2024-05-01
1114,17,167,42,14,0,2025-01-01
1115,17,180,25,7,7,2024-08-01
1116,17,180,20,9,4,2024-12-01
1117,17,180,27,7,4,2025-05-01
1118,17,180,20,21,12,2025-04-01
1119,17,180,23,13,9,2025-01-01
1120,17,180,38,22,7,2025-11-01
1121,17,147,17,11,0,2025-10-01
1122,17,147,19,24,27,2025-01-01
1123,17,147,25,20,9,2024-10-01
1124,17,147,16,13,17,2024-11-01
1125,17,147,0,17,19,2024-02-01
1126,17,147,8,7,12,2024-09-01
1127,17,120,5,23,24,2024-05-01
1128,17,120,11,16,6,2024-02-01
1129,17,120,33,13,4,2024-07-01
1130,17,120,10,2,6,2025-06-01
1131,17,120,35,10,3,2024-04-01
1132,17,120,15,20,23,2024-08-01
1133,17,120,8,4,2,2025-07-01
1134,17,120,30,22,21,2025-04-01
1135,17,120,21,12,5,2025-12-01
1136,17,120,39,21,12,2024-01-01
1137,17,106,11,18,9,2024-08-01
1138,17,106,4,11,7,2025-10-01
1139,17,106,13,7,3,2025-04-01
1140,17,106,11,2,0,2025-11-01
1141,17,106,10,23,23,2025-05-01
1142,17,106,3,3,3,2025-02-01
1143,17,144,2,21,22,2025-12-01
1144,17,144,27,23,17,2025-09-01
1145,17,144,1,8,8,2025-10-01
1146,17,144,38,15,2,2025-07-01
1147,17,144,37,21,2,2024-02-01
1148,17,144,19,17,3,2024-06-01
1149,17,179,30,13,12,2024-11-01
1150,17,179,48,21,2,2025-01-01
1151,17,179,24,7,0,2024-12-01
1152,17,179,29,23,0,2025-04-01
1153,17,179,37,17,4,2025-05-01
1154,17,179,34,19,8,2025-08-01
1155,17,179,33,13,6,2025-06-01
1156,17,179,22,3,3,2024-08-01
1157,17,179,18,15,7,2024-03-01
1158,17,179,0,3,8,2025-11-01
1159,17,179,9,21,14,2025-03-01
1160,17,114,7,7,12,2024-03-01
1161,17,114,35,19,13,2024-01-01
1162,17,114,25,13,0,2024-10-01
1163,17,114,13,15,19,2025-02-01
1164,17,114,30,7,2,2024-05-01
1165,17,114,18,16,17,2025-11-01
1166,17,114,23,7,0,2024-08-01
1167,17,114,13,19,18,2024-06-01
1168,17,148,24,17,16,2025-04-01
1169,17,148,34,16,1,2025-12-01
1170,17,148,14,12,7,2025-05-01
1171,17,148,26,2,5,2025-03-01
1172,17,148,25,6,4,2025-06-01
1173,17,148,0,2,7,2024-12-01
1174,17,148,39,24,10,2024-01-01
1175,17,121,24,18,17,2024-10-01
1176,17,121,40,21,5,2025-07-01
1177,17,121,29,14,9,2025-08-01
1178,17,121,32,23,20,2025-04-01
1179,17,121,0,3,8,2025-05-01
1180,17,121,25,13,10,2025-11-01
1181,17,121,17,19,3,2024-06-01
1182,17,121,15,7,1,2024-12-01
1183,17,121,14,11,0,2024-01-01
1184,17,121,18,25,20,2025-09-01
1185,17,121,24,14,6,2024-04-01
1186,18,167,33,9,3,2024-06-01
1187,18,167,18,10,8,2024-02-01
1188,18,167,27,11,3,2025-08-01
1189,18,167,18,13,13,2025-03-01
1190,18,167,12,12,17,2025-10-01
1191,18,167,23,22,17,2024-01-01
1192,18,172,14,4,8,2024-07-01
1193,18,172,21,24,11,2025-01-01
1194,18,172,5,10,7,2025-02-01
1195,18,172,20,7,9,2024-10-01
1196,18,172,26,3,7,2025-03-01
1197,18,172,24,15,3,2025-10-01
1198,18,172,24,18,16,2024-04-01
1199,18,172,33,8,2,2025-05-01
1200,18,172,31,23,10,2024-12-01
1201,18,172,43,17,1,2024-05-01
1202,18,172,4,13,10,2024-01-01
1203,18,172,15,9,13,2025-06-01
1204,18,162,31,21,5,2025-01-01
1205,18,162,31,9,2,2025-02-01
1206,18,162,28,24,21,2024-01-01
1207,18,162,21,3,4,2024-06-01
1208,18,162,20,22,14,2024-03-01
1209,18,162,15,3,8,2025-07-01
1210,18,181,11,16,10,2024-08-01
1211,18,181,38,13,3,2024-01-01
1212,18,181,30,8,2,2025-05-01
1213,18,181,22,5,3,2025-10-01
1214,18,181,20,23,17,2025-09-01
1215,18,181,33,9,2,2025-11-01
1216,18,181,17,20,16,2025-02-01
1217,18,181,24,15,20,2024-10-01
1218,18,181,39,19,9,2024-04-01
1219,18,181,32,16,14,2024-07-01
1220,18,181,13,23,25,2024-12-01
1221,18,116,8,24,19,2025-01-01
1222,18,116,5,5,10,2025-07-01
1223,18,116,22,22,12,2024-12-01
1224,18,116,20,20,24,2025-02-01
1225,18,116,6,8,7,2024-02-01
1226,18,116,14,25,23,2025-05-01
1227,18,116,5,4,7,2025-06-01
1228,18,116,31,16,4,2024-07-01
1229,18,116,0,12,16,2025-11-01
1230,18,116,2,16,14,2024-04-01
1231,18,147,5,5,7,2025-03-01
1232,18,147,29,6,2,2025-04-01
1233,18,147,30,15,14,2025-07-01
1234,18,147,10,24,27,2024-04-01
1235,18,147,10,8,12,2025-01-01
1236,18,147,27,15,12,2024-08-01
1237,18,147,19,13,9,2024-09-01
1238,18,147,10,22,26,2025-10-01
1239,18,147,9,3,2,2024-01-01
1240,18,114,30,23,22,2025-12-01
1241,18,114,23,17,6,2025-06-01
1242,18,114,11,7,9,2024-05-01
1243,18,114,23,5,6,2024-01-01
1244,18,114,13,12,12,2024-07-01
1245,18,114,15,11,4,2025-02-01
1246,18,114,10,17,22,2024-03-01
1247,18,114,29,11,1,2024-10-01
1248,18,114,26,14,16,2024-12-01
1249,18,114,17,19,12,2025-09-01
1250,18,109,30,18,8,2025-09-01
1251,18,109,20,11,8,2024-04-01
1252,18,109,46,25,9,2024-06-01
1253,18,109,0,5,9,2025-06-01
1254,18,109,22,13,0,2024-10-01
1255,18,109,36,22,14,2024-03-01
1256,18,109,2,2,4,2024-02-01
1257,18,171,25,3,0,2024-10-01
1258,18,171,22,18,19,2025-10-01
1259,18,171,10,10,13,2025-09-01
1260,18,171,33,7,4,2024-06-01
1261,18,171,23,11,0,2024-07-01
1262,18,171,20,16,0,2025-06-01
1263,18,171,12,21,9,2024-01-01
1264,18,171,23,22,21,2024-05-01
1265,18,171,23,3,4,2025-02-01
1266,18,171,27,24,14,2025-03-01
1267,18,171,25,13,3,2025-05-01
1268,18,171,32,7,1,2024-11-01
1269,18,129,0,9,14,2025-10-01
1270,18,129,17,13,4,2024-04-01
1271,18,129,22,2,2,2025-03-01
1272,18,129,8,18,23,2024-11-01
1273,18,129,18,16,9,2024-03-01
1274,18,129,12,8,7,2025-01-01
1275,18,129,16,12,8,2024-02-01
1276,18,129,24,2,5,2025-02-01
1277,19,156,20,3,4,2024-09-01
1278,19,156,18,11,9,2025-04-01
1279,19,156,7,17,17,2024-08-01
1280,19,156,12,10,15,2025-10-01
1281,19,156,21,22,21,2025-07-01
1282,19,156,29,22,21,2025-03-01
1283,19,156,33,13,5,2025-08-01
1284,19,156,19,18,9,2024-12-01
1285,19,179,20,15,1,2024-10-01
1286,19,179,29,4,1,2024-07-01
1287,19,179,24,5,9,2024-09-01
1288,19,179,12,17,10,2025-06-01
1289,19,179,5,24,23,2024-05-01
1290,19,179,7,5,4,2024-12-01
1291,19,179,27,12,10,2024-11-01
1292,19,179,0,3,4,2025-09-01
1293,19,179,15,11,14,2025-05-01
1294,19,179,7,22,24,2025-12-01
1295,19,179,7,11,12,2025-03-01
1296,19,144,43,24,9,2024-12-01
1297,19,144,28,24,25,2025-09-01
1298,19,144,13,12,15,2024-02-01
1299,19,144,18,12,1,2025-11-01
1300,19,144,19,24,21,2025-08-01
1301,19,144,11,22,21,2024-07-01
1302,19,144,20,18,0,2024-08-01
1303,19,144,6,2,7,2024-05-01
1304,19,187,5,15,19,2025-08-01
1305,19,187,18,3,2,2025-09-01
1306,19,187,20,22,11,2025-07-01
1307,19,187,39,24,8,2025-06-01
1308,19,187,24,12,17,2024-09-01
1309,19,187,24,24,16,2024-06-01
1310,19,158,30,11,0,2025-02-01
1311,19,158,15,20,21,2024-08-01
1312,19,158,29,6,1,2024-09-01
1313,19,158,9,17,11,2024-12-01
1314,19,158,6,13,13,2024-06-01
1315,19,158,21,12,2,2025-01-01
1316,19,158,20,25,7,2025-09-01
1317,19,158,10,5,5,2025-05-01
1318,19,158,28,13,4,2024-03-01
1319,19,158,12,5,1,2025-03-01
1320,19,158,38,21,10,2025-06-01
1321,19,104,28,23,14,2024-05-01
1322,19,104,10,19,13,2025-06-01
1323,19,104,27,22,11,2025-02-01
1324,19,104,3,7,8,2025-11-01
1325,19,104,32,7,4,2025-09-01
1326,19,104,3,21,23,2024-01-01
1327,19,104,14,4,0,2024-10-01
1328,19,104,0,5,8,2025-08-01
1329,19,104,29,18,19,2024-08-01
1330,19,104,21,18,13,2024-06-01
1331,19,104,19,14,2,2024-12-01
1332,19,104,4,6,11,2025-10-01
1333,19,166,15,7,10,2024-01-01
1334,19,166,27,13,10,2025-08-01
1335,19,166,11,10,10,2024-07-01
1336,19,166,17,13,4,2025-11-01
1337,19,166,13,6,3,2025-01-01
1338,19,166,32,5,1,2025-09-01
1339,19,166,31,3,0,2024-09-01
1340,19,166,7,3,6,2025-04-01
1341,19,166,38,17,4,2025-10-01
1342,19,166,0,6,11,2024-06-01
1343,19,166,26,24,28,2024-04-01
1344,19,166,8,4,8,2024-12-01
1345,19,119,23,21,21,2024-07-01
1346,19,119,25,5,1,2024-06-01
1347,19,119,29,14,15,2024-10-01
1348,19,119,12,12,15,2025-02-01
1349,19,119,20,13,10,2025-03-01
1350,19,119,40,19,9,2025-09-01
1351,19,119,24,25,13,2024-11-01
1352,19,119,18,21,4,2025-04-01
1353,19,119,16,2,4,2025-01-01
1354,19,119,25,24,17,2024-04-01
1355,20,153,22,9,4,2024-06-01
1356,20,153,27,3,4,2025-12-01
1357,20,153,23,10,14,2025-11-01
1358,20,153,34,7,1,2025-09-01
1359,20,153,11,5,4,2024-04-01
1360,20,153,29,4,0,2024-08-01
1361,20,153,23,4,5,2025-04-01
1362,20,153,11,22,18,2024-07-01
1363,20,153,39,18,1,2024-01-01
1364,20,153,13,9,4,2024-10-01
1365,20,153,0,9,13,2025-02-01
1366,20,153,37,17,0,2024-12-01
1367,20,133,6,6,5,2024-10-01
1368,20,133,18,16,17,2024-07-01
1369,20,133,19,15,10,2024-01-01
1370,20,133,13,11,6,2025-12-01
1371,20,133,8,3,4,2025-03-01
1372,20,133,15,6,8,2024-09-01
1373,20,133,27,20,12,2025-05-01
1374,20,133,27,6,5,2025-07-01
1375,20,133,29,17,13,2024-05-01
1376,20,133,9,15,18,2024-02-01
1377,20,133,18,24,27,2024-04-01
1378,20,133,16,16,14,2024-08-01
1379,20,131,31,22,15,2024-05-01
1380,20,131,35,23,0,2025-05-01
1381,20,131,33,3,0,2024-03-01
1382,20,131,11,7,0,2024-06-01
1383,20,131,32,12,9,2025-08-01
1384,20,131,17,7,7,2025-01-01
1385,20,131,23,18,0,2025-02-01
1386,20,140,21,10,4,2024-08-01
1387,20,140,36,13,2,2025-04-01
1388,20,140,11,8,4,2025-06-01
1389,20,140,9,2,1,2024-05-01
1390,20,140,38,22,5,2025-11-01
1391,20,140,26,19,9,2024-07-01
1392,20,140,26,18,7,2025-12-01
1393,20,140,32,10,8,2025-05-01
1394,20,140,17,14,8,2024-02-01
1395,20,140,45,25,6,2024-03-01
1396,20,140,38,22,6,2025-07-01
1397,20,140,25,22,5,2025-01-01
1398,20,119,0,16,19,2025-05-01
1399,20,119,23,7,4,2024-11-01
1400,20,119,22,13,18,2024-02-01
1401,20,119,33,19,9,2024-01-01
1402,20,119,33,4,1,2024-08-01
1403,20,119,8,23,25,2024-04-01
1404,20,119,11,11,8,2025-07-01
1405,20,119,8,10,3,2024-07-01
1406,20,119,8,10,10,2025-09-01
1407,20,119,22,9,4,2024-03-01
1408,20,147,22,6,9,2024-08-01
1409,20,147,38,23,3,2024-11-01
1410,20,147,4,2,6,2025-10-01
1411,20,147,10,14,15,2025-01-01
1412,20,147,23,9,8,2024-01-01
1413,20,147,41,22,0,2025-03-01
1414,20,147,21,12,12,2024-04-01
1415,20,147,17,2,3,2024-10-01
1416,20,147,6,17,17,2024-05-01
1417,20,147,7,24,24,2025-08-01
1418,20,147,12,12,6,2024-09-01
1419,21,116,31,16,5,2025-10-01
1420,21,116,19,7,4,2024-02-01
1421,21,116,26,16,4,2024-06-01
1422,21,116,15,3,4,2025-09-01
1423,21,116,4,16,14,2025-03-01
1424,21,116,14,21,14,2024-09-01
1425,21,104,26,15,19,2024-08-01
1426,21,104,32,13,8,2024-05-01
1427,21,104,17,4,2,2025-02-01
1428,21,104,16,14,6,2024-12-01
1429,21,104,31,24,16,2025-09-01
1430,21,104,38,12,3,2025-10-01
1431,21,104,25,5,10,2024-10-01
1432,21,104,14,15,9,2024-09-01
1433,21,104,38,18,3,2025-01-01
1434,21,104,18,2,7,2024-04-01
1435,21,140,16,11,4,2024-06-01
1436,21,140,10,15,9,2025-06-01
1437,21,140,37,10,0,2024-10-01
1438,21,140,7,7,10,2024-07-01
1439,21,140,33,22,4,2025-12-01
1440,21,140,33,23,20,2024-11-01
1441,21,140,14,17,19,2025-10-01
1442,21,140,38,23,14,2024-02-01
1443,21,140,18,14,15,2024-03-01
1444,21,140,29,15,14,2024-12-01
1445,21,140,16,10,15,2025-04-01
1446,21,138,41,24,1,2025-08-01
1447,21,138,22,10,10,2024-01-01
1448,21,138,13,19,13,2025-02-01
1449,21,138,25,2,7,2024-03-01
1450,21,138,31,7,2,2024-06-01
1451,21,138,26,9,3,2025-03-01
1452,21,138,8,19,15,2024-02-01
1453,21,138,16,16,21,2024-10-01
1454,21,138,16,14,17,2025-05-01
1455,21,130,11,13,17,2024-08-01
1456,21,130,7,15,8,2025-10-01
1457,21,130,14,14,16,2024-11-01
1458,21,130,25,21,18,2024-09-01
1459,21,130,20,7,0,2025-03-01
1460,21,130,19,20,3,2024-12-01
1461,21,130,20,4,2,2025-11-01
1462,21,130,17,11,1,2025-04-01
1463,21,130,16,21,23,2025-07-01
1464,21,130,15,4,9,2025-12-01
1465,21,130,22,19,20,2025-08-01
1466,21,163,19,15,4,2024-10-01
1467,21,163,24,18,4,2025-09-01
1468,21,163,16,11,5,2025-07-01
1469,21,163,25,10,1,2025-06-01
1470,21,163,17,25,21,2024-06-01
1471,21,163,11,16,20,2024-04-01
1472,21,117,15,10,4,2025-02-01
1473,21,117,2,5,9,2025-01-01
1474,21,117,37,16,0,2025-04-01
1475,21,117,21,20,18,2024-01-01
1476,21,117,15,8,2,2025-10-01
1477,21,117,20,24,25,2024-07-01
1478,21,117,30,20,11,2025-07-01
1479,21,117,20,24,12,2024-03-01
1480,21,142,17,9,13,2024-03-01
1481,21,142,17,21,10,2024-07-01
1482,21,142,6,10,13,2025-03-01
1483,21,142,29,14,14,2025-11-01
1484,21,142,16,7,12,2024-04-01
1485,21,142,26,12,11,2024-10-01
1486,21,102,24,17,1,2025-04-01
1487,21,102,2,17,15,2024-03-01
1488,21,102,33,17,7,2024-08-01
1489,21,102,25,14,0,2024-04-01
1490,21,102,12,7,2,2024-12-01
1491,21,102,19,13,4,2025-10-01
1492,21,102,29,14,14,2024-07-01
1493,21,102,28,4,3,2024-02-01
1494,21,102,11,10,13,2025-01-01
1495,21,102,7,12,10,2024-01-01
1496,22,182,6,22,22,2025-06-01
1497,22,182,3,21,22,2024-07-01
1498,22,182,30,14,2,2024-11-01
1499,22,182,17,4,3,2024-10-01
1500,22,182,26,25,10,2025-10-01
1501,22,182,21,13,3,2025-04-01
1502,22,182,15,7,4,2024-02-01
1503,22,182,32,23,20,2024-04-01
1504,22,182,35,19,6,2025-09-01
1505,22,157,6,25,27,2025-01-01
1506,22,157,24,5,10,2025-04-01
1507,22,157,27,14,0,2025-10-01
1508,22,157,31,14,0,2024-12-01
1509,22,157,16,23,28,2024-01-01
1510,22,157,20,15,16,2025-03-01
1511,22,157,15,7,2,2024-04-01
1512,22,157,45,17,0,2025-11-01
1513,22,157,29,22,3,2024-06-01
1514,22,157,33,8,4,2024-08-01
1515,22,179,0,9,10,2025-01-01
1516,22,179,7,23,25,2025-10-01
1517,22,179,28,14,16,2024-02-01
1518,22,179,32,3,1,2024-05-01
1519,22,179,11,16,19,2025-02-01
1520,22,179,30,20,16,2024-04-01
1521,22,179,22,7,12,2024-09-01
1522,22,179,48,23,3,2025-12-01
1523,22,179,23,19,15,2024-06-01
1524,22,118,11,18,23,2025-11-01
1525,22,118,18,14,7,2024-02-01
1526,22,118,13,15,9,2024-05-01
1527,22,118,19,14,3,2025-05-01
1528,22,118,11,19,20,2025-02-01
1529,22,118,25,2,3,2025-06-01
1530,22,118,18,22,23,2024-03-01
1531,22,118,37,15,7,2024-04-01
1532,22,118,18,22,9,2025-04-01
1533,22,118,24,23,0,2024-01-01
1534,22,142,16,18,18,2025-11-01
1535,22,142,52,23,1,2024-05-01
1536,22,142,17,22,15,2025-05-01
1537,22,142,11,20,14,2025-12-01
1538,22,142,3,11,9,2024-07-01
1539,22,142,5,10,11,2025-04-01
1540,22,142,14,2,1,2024-03-01
1541,22,142,27,12,13,2025-01-01
1542,22,142,25,17,20,2024-04-01
1543,22,173,31,9,6,2024-08-01
1544,22,173,5,8,12,2024-03-01
1545,22,173,22,8,8,2025-03-01
1546,22,173,16,21,24,2025-04-01
1547,22,173,27,10,9,2024-05-01
1548,22,173,5,7,10,2024-02-01
1549,22,173,18,9,13,2025-01-01
1550,22,173,33,21,2,2025-12-01
1551,22,173,8,17,9,2024-09-01
1552,22,173,12,7,10,2025-08-01
1553,22,173,24,16,8,2024-07-01
1554,22,170,8,20,12,2025-01-01
1555,22,170,34,7,2,2025-02-01
1556,22,170,4,22,19,2024-03-01
1557,22,170,28,4,1,2024-10-01
1558,22,170,14,21,22,2024-05-01
1559,22,170,28,3,3,2025-04-01
1560,22,151,14,19,8,2024-04-01
1561,22,151,2,3,5,2024-12-01
1562,22,151,15,14,15,2025-10-01
1563,22,151,15,9,4,2024-01-01
1564,22,151,27,10,12,2024-09-01
1565,22,151,28,3,4,2025-11-01
1566,22,151,3,22,22,2024-03-01
1567,22,172,33,21,9,2025-09-01
1568,22,172,27,21,21,2025-01-01
1569,22,172,11,10,11,2024-11-01
1570,22,172,21,19,4,2024-06-01
1571,22,172,29,13,14,2025-12-01
1572,22,172,21,13,16,2025-08-01
1573,22,172,26,12,5,2025-07-01
1574,22,172,29,5,0,2025-02-01
1575,22,172,13,4,1,2024-01-01
1576,22,172,22,17,17,2024-09-01
1577,22,172,2,3,1,2024-12-01
1578,23,171,17,20,17,2024-04-01
1579,23,171,1,25,24,2024-08-01
1580,23,171,33,3,0,2024-06-01
1581,23,171,10,15,5,2025-06-01
1582,23,171,27,19,3,2024-07-01
1583,23,171,44,19,3,2025-04-01
1584,23,171,0,3,7,2024-10-01
1585,23,171,20,25,23,2024-05-01
1586,23,171,22,15,18,2024-12-01
1587,23,171,0,9,14,2025-05-01
1588,23,138,20,11,8,2024-02-01
1589,23,138,35,20,6,2025-12-01
1590,23,138,0,7,10,2025-05-01
1591,23,138,22,7,4,2024-08-01
1592,23,138,16,14,4,2025-10-01
1593,23,138,25,3,0,2024-11-01
1594,23,138,8,9,8,2024-04-01
1595,23,138,25,5,4,2025-11-01
1596,23,138,20,22,14,2025-06-01
1597,23,138,20,16,16,2024-01-01
1598,23,138,4,6,3,2024-12-01
1599,23,138,19,9,7,2024-05-01
1600,23,122,21,10,0,2025-02-01
1601,23,122,12,13,10,2024-06-01
1602,23,122,26,22,25,2024-09-01
1603,23,122,25,17,1,2025-01-01
1604,23,122,9,9,14,2024-08-01
1605,23,122,19,19,10,2025-10-01
1606,23,122,31,19,2,2024-11-01
1607,23,122,15,4,6,2025-03-01
1608,23,122,23,9,0,2025-11-01
1609,23,122,29,12,8,2024-10-01
1610,23,122,40,21,4,2025-12-01
1611,23,173,1,23,28,2024-05-01
1612,23,173,8,10,7,2024-06-01
1613,23,173,1,3,4,2024-07-01
1614,23,173,12,14,7,2024-01-01
1615,23,173,24,6,5,2025-01-01
1616,23,173,41,23,0,2025-08-01
1617,23,173,22,7,8,2025-09-01
1618,23,173,23,16,20,2024-11-01
1619,23,173,16,3,2,2025-10-01
1620,23,173,3,5,5,2025-05-01
1621,23,173,23,25,25,2024-04-01
1622,23,173,14,8,6,2025-07-01
1623,23,147,9,14,15,2025-04-01
1624,23,147,10,17,20,2025-08-01
1625,23,147,9,16,12,2024-05-01
1626,23,147,26,22,15,2024-07-01
1627,23,147,25,17,20,2025-10-01
1628,23,147,3,12,16,2025-02-01
1629,23,147,38,24,0,2025-09-01
1630,23,147,23,4,0,2024-01-01
1631,23,147,6,8,3,2025-06-01
1632,23,147,24,10,5,2024-12-01
1633,23,147,20,4,5,2024-02-01
1634,23,147,24,23,10,2025-12-01
1635,23,106,11,5,5,2025-02-01
1636,23,106,12,13,5,2025-01-01
1637,23,106,32,16,14,2025-04-01
1638,23,106,32,25,8,2025-12-01
1639,23,106,24,16,6,2024-10-01
1640,23,106,26,16,0,2024-09-01
1641,23,106,34,8,4,2025-05-01
1642,23,106,14,8,9,2025-06-01
1643,23,106,23,11,8,2025-08-01
1644,23,106,27,12,0,2024-12-01
1645,23,106,5,7,12,2024-05-01
1646,23,106,28,3,1,2024-08-01
1647,23,160,15,3,4,2025-07-01
1648,23,160,15,7,12,2024-05-01
1649,23,160,14,7,12,2025-01-01
1650,23,160,32,22,7,2024-03-01
1651,23,160,22,8,10,2025-02-01
1652,23,160,43,14,1,2025-03-01
1653,23,160,2,23,24,2025-09-01
1654,23,160,31,23,0,2025-08-01
1655,24,180,20,24,10,2024-02-01
1656,24,180,30,14,8,2024-03-01
1657,24,180,27,5,2,2024-08-01
1658,24,180,19,6,7,2024-04-01
1659,24,180,15,17,14,2025-03-01
1660,24,180,4,3,3,2024-09-01
1661,24,180,46,25,3,2025-10-01
1662,24,180,12,15,16,2024-10-01
1663,24,180,14,7,4,2025-07-01
1664,24,180,23,22,10,2024-11-01
1665,24,180,31,24,22,2025-12-01
1666,24,165,0,23,27,2025-10-01
1667,24,165,31,7,2,2025-01-01
1668,24,165,18,14,4,2024-04-01
1669,24,165,21,25,9,2025-11-01
1670,24,165,38,12,1,2025-12-01
1671,24,165,20,14,1,2025-05-01
1672,24,165,35,19,1,2024-08-01
1673,24,165,14,5,6,2025-02-01
1674,24,165,1,13,14,2024-10-01
1675,24,165,6,14,19,2025-06-01
1676,24,165,6,9,6,2024-09-01
1677,24,166,24,19,16,2024-01-01
1678,24,166,36,24,6,2025-01-01
1679,24,166,5,15,12,2024-02-01
1680,24,166,37,14,7,2024-10-01
1681,24,166,1,6,6,2025-09-01
1682,24,166,31,21,0,2024-12-01
1683,24,166,6,2,2,2025-07-01
1684,24,166,8,23,16,2025-11-01
1685,24,155,27,18,21,2025-10-01
1686,24,155,26,23,22,2024-10-01
1687,24,155,28,6,4,2024-03-01
1688,24,155,33,19,6,2025-01-01
1689,24,155,24,18,13,2024-06-01
1690,24,155,15,3,5,2025-12-01
1691,24,155,27,19,5,2025-04-01
1692,24,155,34,20,16,2024-09-01
1693,24,155,13,18,8,2025-07-01
1694,24,155,20,5,8,2025-03-01
1695,24,131,24,20,13,2025-04-01
1696,24,131,17,14,16,2024-07-01
1697,24,131,19,5,3,2024-05-01
1698,24,131,12,3,6,2024-12-01
1699,24,131,6,13,9,2025-05-01
1700,24,131,13,19,22,2024-02-01
1701,24,131,13,16,11,2025-06-01
1702,24,131,10,22,23,2025-01-01
1703,24,128,23,13,18,2025-05-01
1704,24,128,27,15,15,2024-02-01
1705,24,128,22,25,4,2024-10-01
1706,24,128,25,10,13,2024-05-01
1707,24,128,16,20,5,2024-08-01
1708,24,128,21,24,24,2025-03-01
1709,24,128,3,4,1,2025-08-01
1710,24,128,23,19,22,2025-12-01
1711,24,128,23,2,1,2024-03-01
1712,25,179,0,4,6,2025-01-01
1713,25,179,44,25,4,2024-07-01
1714,25,179,17,20,4,2024-05-01
1715,25,179,19,17,9,2025-05-01
1716,25,179,31,8,3,2024-01-01
1717,25,179,4,3,8,2024-12-01
1718,25,179,4,12,16,2024-10-01
1719,25,179,30,19,4,2025-07-01
1720,25,179,17,11,9,2024-11-01
1721,25,179,0,8,10,2024-08-01
1722,25,179,3,14,17,2025-02-01
1723,25,102,10,13,17,2025-07-01
1724,25,102,38,18,7,2025-01-01
1725,25,102,26,25,3,2025-05-01
1726,25,102,2,3,5,2024-02-01
1727,25,102,15,4,4,2024-04-01
1728,25,102,33,14,4,2024-06-01
1729,25,102,2,4,6,2025-11-01
1730,25,135,16,17,9,2024-08-01
1731,25,135,27,6,7,2024-05-01
1732,25,135,29,11,5,2025-06-01
1733,25,135,0,17,20,2025-11-01
1734,25,135,2,6,11,2025-09-01
1735,25,135,34,10,4,2024-07-01
1736,25,135,21,2,2,2025-12-01
1737,25,135,0,4,9,2024-02-01
1738,25,135,0,5,9,2024-03-01
1739,25,172,30,13,3,2025-09-01
1740,25,172,33,13,5,2024-08-01
1741,25,172,11,13,15,2024-09-01
1742,25,172,22,4,5,2024-06-01
1743,25,172,40,11,0,2025-07-01
1744,25,172,28,21,5,2024-11-01
1745,25,172,14,12,13,2025-05-01
1746,25,172,31,20,10,2025-11-01
1747,25,172,18,4,2,2025-12-01
1748,25,172,13,20,21,2025-02-01
1749,25,172,8,6,2,2024-04-01
1750,25,177,30,19,1,2024-06-01
1751,25,177,35,13,3,2025-08-01
1752,25,177,9,15,10,2025-10-01
1753,25,177,21,13,1,2025-11-01
1754,25,177,12,12,7,2025-07-01
1755,25,177,3,20,21,2025-06-01
1756,25,177,0,11,15,2025-02-01
1757,25,177,28,12,4,2024-07-01
1758,25,177,14,4,3,2024-05-01
1759,25,177,22,25,10,2024-10-01
1760,25,121,27,25,13,2025-11-01
1761,25,121,9,6,5,2024-04-01
1762,25,121,29,23,23,2024-09-01
1763,25,121,25,14,12,2025-08-01
1764,25,121,6,5,8,2025-10-01
1765,25,121,18,13,4,2024-02-01
1766,25,121,19,22,10,2025-12-01
1767,25,121,19,16,5,2024-06-01
1768,25,121,32,6,2,2024-07-01
1769,25,121,1,6,8,2024-11-01
1770,25,121,23,5,5,2025-02-01
1771,25,148,6,17,22,2025-10-01
1772,25,148,20,15,10,2025-11-01
1773,25,148,26,22,26,2025-04-01
1774,25,148,12,9,6,2024-04-01
1775,25,148,30,20,5,2024-06-01
1776,25,148,30,17,3,2024-08-01
1777,25,148,8,21,23,2024-07-01
1778,25,148,35,24,19,2024-01-01
1779,25,148,8,15,16,2025-02-01
1780,25,148,37,22,14,2025-12-01
1781,25,120,19,14,12,2025-01-01
1782,25,120,4,14,12,2024-10-01
1783,25,120,1,20,22,2024-09-01
1784,25,120,13,6,1,2024-07-01
1785,25,120,30,23,7,2025-09-01
1786,25,120,38,23,14,2025-03-01
1787,25,120,20,21,14,2024-03-01
1788,25,120,0,14,19,2024-06-01
1789,25,151,8,14,15,2025-03-01
1790,25,151,20,9,13,2025-01-01
1791,25,151,37,18,2,2025-10-01
1792,25,151,0,2,7,2024-08-01
1793,25,151,4,23,27,2024-12-01
1794,25,151,33,16,0,2024-07-01
1795,25,151,13,14,15,2025-12-01
1796,25,151,28,9,4,2024-04-01
1797,25,151,7,17,15,2024-02-01
1798,25,151,28,20,1,2025-05-01
1799,26,104,20,15,12,2025-07-01
1800,26,104,6,5,1,2025-10-01
1801,26,104,2,8,9,2025-05-01
1802,26,104,17,20,20,2024-06-01
1803,26,104,13,19,9,2025-04-01
1804,26,104,25,21,8,2024-04-01
1805,26,104,30,10,4,2025-06-01
1806,26,171,38,20,5,2025-02-01
1807,26,171,20,6,11,2024-01-01
1808,26,171,16,8,11,2024-09-01
1809,26,171,7,9,10,2025-10-01
1810,26,171,10,9,1,2025-06-01
1811,26,171,10,10,8,2025-08-01
1812,26,171,7,6,3,2024-11-01
1813,26,171,8,21,15,2025-12-01
1814,26,171,2,8,12,2024-03-01
1815,26,171,36,17,4,2025-01-01
1816,26,171,33,15,9,2025-09-01
1817,26,171,12,12,6,2025-07-01
1818,26,170,35,9,4,2025-12-01
1819,26,170,21,16,16,2024-07-01
1820,26,170,16,6,2,2024-02-01
1821,26,170,13,14,2,2024-03-01
1822,26,170,40,21,4,2024-04-01
1823,26,170,26,24,1,2025-07-01
1824,26,170,24,7,3,2024-01-01
1825,26,170,15,18,21,2024-09-01
1826,26,170,17,24,17,2024-11-01
1827,26,156,36,10,1,2025-03-01
1828,26,156,19,22,18,2025-01-01
1829,26,156,28,11,7,2024-02-01
1830,26,156,0,5,10,2025-08-01
1831,26,156,7,6,10,2025-05-01
1832,26,156,24,3,4,2025-02-01
1833,26,156,30,15,7,2025-12-01
1834,26,136,8,15,10,2024-04-01
1835,26,136,9,11,7,2024-07-01
1836,26,136,20,21,9,2024-10-01
1837,26,136,29,25,15,2025-03-01
1838,26,136,12,22,17,2025-01-01
1839,26,136,0,4,8,2024-08-01
1840,26,110,13,9,4,2024-09-01
1841,26,110,20,15,18,2025-12-01
1842,26,110,1,21,25,2024-10-01
1843,26,110,11,18,11,2024-12-01
1844,26,110,21,21,9,2025-11-01
1845,26,110,29,19,10,2025-02-01
1846,26,110,1,11,11,2025-10-01
1847,26,110,50,23,0,2024-02-01
1848,26,110,47,23,3,2025-06-01
1849,26,110,23,16,5,2025-07-01
1850,26,110,18,13,11,2024-04-01
1851,26,110,32,19,8,2024-06-01
1852,26,174,14,4,4,2025-07-01
1853,26,174,29,11,4,2025-02-01
1854,26,174,33,23,3,2024-05-01
1855,26,174,14,5,0,2025-10-01
1856,26,174,24,11,14,2024-02-01
1857,26,174,23,19,15,2024-01-01
1858,26,174,5,20,22,2024-03-01
1859,26,174,24,13,6,2025-08-01
1860,26,174,21,22,2,2024-04-01
1861,26,174,39,16,3,2025-06-01
1862,26,174,19,13,4,2024-11-01
1863,26,165,41,20,3,2025-01-01
1864,26,165,25,19,20,2025-07-01
1865,26,165,19,20,20,2024-07-01
1866,26,165,12,17,11,2024-02-01
1867,26,165,20,3,3,2024-12-01
1868,26,165,1,15,19,2025-03-01
1869,26,165,31,5,4,2024-04-01
1870,26,165,22,21,20,2025-12-01
1871,26,165,11,23,28,2024-11-01
1872,26,165,37,25,10,2025-10-01
1873,27,143,5,16,18,2025-10-01
1874,27,143,13,13,11,2025-05-01
1875,27,143,37,18,9,2025-03-01
1876,27,143,23,24,1,2024-05-01
1877,27,143,0,14,19,2025-07-01
1878,27,143,18,9,7,2024-04-01
1879,27,143,9,14,8,2024-06-01
1880,27,143,25,9,5,2024-08-01
1881,27,143,19,15,15,2024-02-01
1882,27,143,26,14,9,2024-03-01
1883,27,143,27,22,8,2025-01-01
1884,27,143,31,6,2,2025-09-01
1885,27,122,24,8,8,2024-03-01
1886,27,122,0,6,10,2024-11-01
1887,27,122,27,6,4,2024-04-01
1888,27,122,8,14,11,2024-02-01
1889,27,122,12,7,1,2024-09-01
1890,27,122,16,7,0,2024-06-01
1891,27,122,26,5,1,2024-07-01
1892,27,122,49,25,0,2025-08-01
1893,27,122,21,5,2,2024-01-01
1894,27,122,19,15,12,2024-05-01
1895,27,167,25,16,10,2024-11-01
1896,27,167,41,13,0,2025-12-01
1897,27,167,31,9,0,2024-02-01
1898,27,167,17,9,8,2025-08-01
1899,27,167,26,10,14,2024-03-01
1900,27,167,10,2,4,2025-04-01
1901,27,167,36,10,2,2025-06-01
1902,27,167,11,12,13,2024-10-01
1903,27,167,17,19,22,2024-05-01
1904,27,167,25,10,13,2025-07-01
1905,27,167,18,2,6,2024-09-01
1906,27,145,3,12,17,2025-11-01
1907,27,145,41,11,0,2025-10-01
1908,27,145,16,14,10,2024-11-01
1909,27,145,0,8,13,2024-12-01
1910,27,145,21,7,10,2025-05-01
1911,27,145,22,3,4,2024-10-01
1912,27,145,19,6,9,2024-06-01
1913,27,145,51,22,1,2024-01-01
1914,27,145,20,2,7,2024-05-01
1915,27,145,26,20,0,2024-07-01
1916,27,145,35,8,0,2025-08-01
1917,27,137,29,11,6,2024-03-01
1918,27,137,7,14,8,2025-04-01
1919,27,137,27,19,18,2025-10-01
1920,27,137,42,22,7,2024-11-01
1921,27,137,22,25,9,2025-11-01
1922,27,137,15,12,14,2025-09-01
1923,27,137,5,5,4,2024-05-01
1924,27,137,15,3,3,2025-01-01
1925,27,137,9,3,0,2025-08-01
1926,27,137,34,5,1,2024-08-01
1927,27,137,8,12,14,2025-02-01
1928,27,137,21,6,4,2024-10-01
1929,27,132,9,20,22,2024-03-01
1930,27,132,6,6,3,2024-09-01
1931,27,132,17,4,9,2025-09-01
1932,27,132,18,5,1,2024-05-01
1933,27,132,37,14,2,2024-04-01
1934,27,132,44,16,2,2024-02-01
1935,27,186,0,2,5,2024-10-01
1936,27,186,30,20,4,2025-06-01
1937,27,186,5,13,13,2025-03-01
1938,27,186,27,25,8,2024-07-01
1939,27,186,4,6,2,2024-04-01
1940,27,186,27,23,13,2024-01-01
1941,27,186,25,18,3,2024-05-01
1942,27,186,22,19,9,2024-08-01
1943,27,186,18,9,1,2025-12-01
1944,27,186,34,12,6,2025-10-01
1945,27,186,30,13,5,2024-06-01
1946,27,183,25,17,13,2025-08-01
1947,27,183,30,16,8,2025-02-01
1948,27,183,15,9,13,2024-03-01
1949,27,183,4,22,24,2024-04-01
1950,27,183,35,9,1,2025-04-01
1951,27,183,23,18,6,2024-12-01
1952,27,183,26,18,17,2025-10-01
1953,27,183,28,3,3,2025-07-01
1954,27,183,9,7,2,2024-02-01
1955,27,183,1,2,5,2024-06-01
1956,27,183,41,22,0,2025-12-01
1957,27,183,27,2,0,2024-01-01
1958,28,129,15,13,5,2024-09-01
1959,28,129,10,24,14,2024-02-01
1960,28,129,19,3,2,2025-07-01
1961,28,129,0,8,9,2024-06-01
1962,28,129,13,21,9,2025-05-01
1963,28,129,8,11,8,2024-11-01
1964,28,129,9,18,19,2024-12-01
1965,28,129,21,10,13,2024-10-01
1966,28,129,14,8,7,2024-05-01
1967,28,129,16,24,19,2025-12-01
1968,28,129,21,19,20,2025-04-01
1969,28,142,34,14,0,2025-05-01
1970,28,142,37,9,1,2024-07-01
1971,28,142,12,12,12,2025-12-01
1972,28,142,12,22,13,2024-05-01
1973,28,142,26,10,11,2024-10-01
1974,28,142,8,6,7,2025-08-01
1975,28,142,0,8,13,2025-09-01
1976,28,153,4,15,11,2025-10-01
1977,28,153,21,21,1,2025-09-01
1978,28,153,27,19,13,2025-04-01
1979,28,153,13,18,19,2025-11-01
1980,28,153,24,9,14,2024-09-01
1981,28,153,35,16,11,2025-02-01
1982,28,153,5,24,27,2024-05-01
1983,28,111,21,16,15,2024-05-01
1984,28,111,29,13,14,2024-03-01
1985,28,111,22,11,0,2024-07-01
1986,28,111,2,9,13,2025-05-01
1987,28,111,40,15,4,2025-12-01
1988,28,111,17,19,15,2025-09-01
1989,28,111,23,23,17,2025-10-01
1990,28,111,24,24,24,2024-06-01
1991,28,111,37,17,8,2025-11-01
1992,28,111,21,10,12,2024-08-01
1993,28,111,46,20,2,2024-04-01
1994,28,111,22,13,8,2025-04-01
1995,28,164,26,11,0,2025-02-01
1996,28,164,10,9,1,2024-12-01
1997,28,164,30,14,5,2025-03-01
1998,28,164,17,13,6,2024-09-01
1999,28,164,3,13,11,2024-10-01
2000,28,164,22,12,9,2024-07-01
2001,28,164,37,7,0,2025-06-01
2002,28,164,23,14,14,2025-10-01
2003,28,164,11,14,19,2024-11-01
2004,28,164,15,6,8,2024-04-01
2005,28,164,22,15,9,2025-09-01
2006,28,113,20,15,15,2025-03-01
2007,28,113,19,14,16,2025-05-01
2008,28,113,10,9,9,2025-09-01
2009,28,113,28,15,6,2024-01-01
2010,28,113,18,20,25,2024-12-01
2011,28,113,0,2,5,2024-05-01
2012,28,113,12,7,0,2025-07-01
2013,28,113,37,9,1,2024-02-01
2014,28,113,9,5,5,2025-11-01
2015,28,113,8,21,20,2024-10-01
2016,28,134,12,15,13,2024-12-01
2017,28,134,15,6,4,2024-03-01
2018,28,134,38,22,14,2024-09-01
2019,28,134,27,17,12,2025-05-01
2020,28,134,13,6,9,2025-10-01
2021,28,134,22,8,7,2024-08-01
2022,28,134,24,11,14,2024-05-01
2023,28,134,22,25,29,2025-06-01
2024,28,106,23,22,14,2025-06-01
2025,28,106,26,16,4,2025-11-01
2026,28,106,2,9,12,2024-09-01
2027,28,106,12,16,15,2024-06-01
2028,28,106,0,10,13,2025-12-01
2029,28,106,34,22,6,2024-11-01
2030,28,106,27,21,21,2024-08-01
2031,28,106,32,13,9,2024-04-01
2032,28,106,6,12,17,2024-03-01
2033,28,144,15,23,19,2024-11-01
2034,28,144,0,10,15,2024-03-01
2035,28,144,10,9,1,2024-12-01
2036,28,144,24,25,18,2025-11-01
2037,28,144,8,3,8,2024-05-01
2038,28,144,25,5,4,2024-09-01
2039,28,144,29,15,14,2024-01-01
2040,28,144,8,18,13,2024-06-01
2041,29,144,28,6,5,2024-12-01
2042,29,144,13,24,25,2025-01-01
2043,29,144,16,19,7,2024-10-01
2044,29,144,25,19,2,2025-10-01
2045,29,144,34,21,16,2024-03-01
2046,29,144,13,3,1,2025-09-01
2047,29,144,25,24,3,2025-12-01
2048,29,119,11,22,20,2024-04-01
2049,29,119,21,22,7,2024-01-01
2050,29,119,32,4,0,2025-05-01
2051,29,119,33,21,13,2024-09-01
2052,29,119,7,18,23,2025-02-01
2053,29,119,5,9,4,2025-03-01
2054,29,119,30,13,6,2024-10-01
2055,29,119,35,9,3,2024-08-01
2056,29,119,36,9,1,2025-08-01
2057,29,175,19,19,0,2025-05-01
2058,29,175,19,12,17,2024-09-01
2059,29,175,0,9,12,2025-08-01
2060,29,175,26,17,2,2025-12-01
2061,29,175,39,18,6,2024-10-01
2062,29,175,26,9,13,2025-02-01
2063,29,175,30,15,13,2025-07-01
2064,29,175,9,4,1,2024-07-01
2065,29,155,21,24,12,2024-07-01
2066,29,155,0,19,21,2024-06-01
2067,29,155,16,17,21,2025-06-01
2068,29,155,42,20,5,2025-05-01
2069,29,155,13,8,3,2024-02-01
2070,29,155,22,4,3,2025-10-01
2071,29,155,35,9,2,2024-03-01
2072,29,155,17,7,12,2025-11-01
2073,29,155,36,12,1,2025-01-01
2074,29,133,28,21,18,2025-05-01
2075,29,133,29,12,9,2025-01-01
2076,29,133,16,22,25,2024-10-01
2077,29,133,29,9,8,2024-12-01
2078,29,133,32,8,1,2025-02-01
2079,29,133,19,17,2,2025-08-01
2080,29,133,7,17,20,2024-08-01
2081,29,133,9,2,7,2024-06-01
2082,29,133,13,14,15,2024-02-01
2083,29,133,31,25,8,2025-07-01
2084,29,133,27,23,18,2025-09-01
2085,29,133,8,5,2,2024-09-01
2086,29,134,31,7,0,2025-11-01
2087,29,134,25,23,18,2024-02-01
2088,29,134,22,6,1,2024-10-01
2089,29,134,29,24,18,2025-01-01
2090,29,134,30,6,1,2025-08-01
2091,29,134,12,17,17,2025-04-01
2092,29,134,17,12,13,2024-03-01
2093,29,171,24,13,16,2024-05-01
2094,29,171,35,18,5,2024-09-01
2095,29,171,23,3,4,2024-11-01
2096,29,171,29,23,6,2024-12-01
2097,29,171,22,3,7,2025-06-01
2098,29,171,9,9,2,2024-02-01
2099,29,171,9,12,13,2024-07-01
2100,29,171,2,20,21,2025-01-01
2101,29,171,18,13,1,2025-10-01
2102,30,104,19,12,2,2024-02-01
2103,30,104,11,10,3,2024-06-01
2104,30,104,25,11,12,2025-09-01
2105,30,104,18,6,7,2024-10-01
2106,30,104,8,22,22,2025-03-01
2107,30,104,28,6,4,2024-08-01
2108,30,104,37,25,7,2025-01-01
2109,30,104,27,15,3,2024-03-01
2110,30,104,30,24,6,2025-05-01
2111,30,104,24,23,3,2024-09-01
2112,30,104,16,3,7,2025-10-01
2113,30,181,20,7,5,2024-05-01
2114,30,181,26,13,4,2024-11-01
2115,30,181,13,6,10,2025-08-01
2116,30,181,22,4,3,2024-01-01
2117,30,181,9,14,5,2024-07-01
2118,30,181,50,21,0,2025-10-01
2119,30,181,24,4,9,2024-04-01
2120,30,181,11,23,19,2024-06-01
2121,30,181,9,22,19,2025-02-01
2122,30,181,18,17,1,2025-03-01
2123,30,138,28,6,0,2024-11-01
2124,30,138,17,4,8,2025-09-01
2125,30,138,10,22,21,2024-01-01
2126,30,138,40,20,5,2025-04-01
2127,30,138,23,21,23,2024-06-01
2128,30,138,4,15,20,2024-03-01
2129,30,138,34,25,8,2025-02-01
2130,30,138,15,10,1,2025-03-01
2131,30,138,6,22,19,2025-07-01
2132,30,151,0,10,14,2024-08-01
2133,30,151,16,9,11,2024-11-01
2134,30,151,29,23,15,2024-04-01
2135,30,151,13,2,6,2025-04-01
2136,30,151,27,12,13,2025-10-01
2137,30,151,33,18,5,2024-01-01
2138,30,151,45,21,2,2025-01-01
2139,30,151,6,5,7,2025-07-01
2140,30,151,11,23,18,2024-10-01
2141,30,184,38,20,3,2025-11-01
2142,30,184,16,25,16,2024-02-01
2143,30,184,8,20,14,2025-06-01
2144,30,184,23,19,6,2025-01-01
2145,30,184,0,3,3,2025-04-01
2146,30,184,31,16,0,2024-10-01
2147,30,119,7,7,12,2024-02-01
2148,30,119,4,5,1,2024-12-01
2149,30,119,12,23,16,2025-10-01
2150,30,119,30,15,2,2024-06-01
2151,30,119,8,16,10,2024-01-01
2152,30,119,34,14,2,2025-02-01
2153,30,119,19,19,1,2025-03-01
2154,30,102,26,22,1,2025-10-01
2155,30,102,20,19,4,2025-02-01
2156,30,102,22,20,12,2024-10-01
2157,30,102,16,10,2,2025-06-01
2158,30,102,23,13,13,2025-03-01
2159,30,102,14,2,6,2025-08-01
2160,30,102,11,13,16,2024-11-01
2161,30,161,7,7,7,2025-03-01
2162,30,161,18,21,25,2025-01-01
2163,30,161,0,17,20,2024-09-01
2164,30,161,2,14,13,2025-10-01
2165,30,161,28,21,18,2024-02-01
2166,30,161,43,22,9,2025-04-01
2167,30,161,16,24,26,2025-11-01
2168,30,161,1,19,18,2024-03-01
2169,30,106,2,3,1,2025-05-01
2170,30,106,15,7,4,2025-08-01
2171,30,106,12,18,7,2024-04-01
2172,30,106,15,18,9,2025-01-01
2173,30,106,35,18,0,2024-06-01
2174,30,106,23,20,6,2025-07-01
2175,30,106,17,8,9,2024-10-01
2176,30,106,24,21,14,2025-12-01
2177,30,106,12,11,1,2025-11-01
2178,30,175,24,15,9,2024-10-01
2179,30,175,24,24,13,2024-09-01
2180,30,175,27,12,13,2024-03-01
2181,30,175,21,17,16,2024-11-01
2182,30,175,1,12,14,2025-10-01
2183,30,175,15,16,13,2025-08-01
2184,31,143,39,23,1,2024-06-01
2185,31,143,38,8,0,2024-07-01
2186,31,143,5,14,9,2025-06-01
2187,31,143,11,12,3,2025-02-01
2188,31,143,9,8,11,2024-03-01
2189,31,143,3,8,9,2024-05-01
2190,31,143,9,18,20,2024-09-01
2191,31,143,2,16,14,2025-11-01
2192,31,143,17,17,16,2024-01-01
2193,31,143,25,3,4,2025-08-01
2194,31,119,10,10,12,2025-12-01
2195,31,119,22,4,4,2025-02-01
2196,31,119,41,19,8,2024-02-01
2197,31,119,16,9,3,2024-06-01
2198,31,119,49,22,0,2024-01-01
2199,31,119,14,10,9,2024-12-01
2200,31,119,11,8,10,2024-08-01
2201,31,119,26,9,9,2025-11-01
2202,31,119,8,24,28,2024-04-01
2203,31,119,25,15,7,2024-03-01
2204,31,119,27,9,12,2024-07-01
2205,31,151,24,22,22,2025-01-01
2206,31,151,7,4,0,2025-11-01
2207,31,151,27,15,16,2025-09-01
2208,31,151,20,5,5,2025-02-01
2209,31,151,29,23,9,2025-05-01
2210,31,151,1,2,3,2024-01-01
2211,31,151,19,8,1,2024-02-01
2212,31,151,11,14,12,2024-09-01
2213,31,158,16,21,7,2025-09-01
2214,31,158,29,5,1,2025-08-01
2215,31,158,35,19,8,2025-07-01
2216,31,158,16,22,11,2024-12-01
2217,31,158,12,8,13,2024-05-01
2218,31,158,4,9,12,2024-06-01
2219,31,149,23,13,11,2024-07-01
2220,31,149,9,11,16,2024-05-01
2221,31,149,37,18,6,2025-04-01
2222,31,149,16,18,10,2024-09-01
2223,31,149,47,25,4,2025-08-01
2224,31,149,16,20,15,2024-06-01
2225,31,149,33,19,7,2025-01-01
2226,31,149,31,17,6,2024-10-01
2227,31,149,18,8,8,2024-03-01
2228,31,149,6,5,3,2025-12-01
2229,31,149,14,17,22,2024-02-01
2230,31,149,40,24,2,2024-08-01
2231,31,179,23,19,22,2024-06-01
2232,31,179,18,17,22,2024-04-01
2233,31,179,9,2,5,2024-09-01
2234,31,179,23,15,11,2024-12-01
2235,31,179,13,13,18,2025-11-01
2236,31,179,21,12,14,2025-05-01
2237,31,179,32,18,2,2024-10-01
2238,32,176,18,8,1,2025-09-01
2239,32,176,17,15,3,2025-04-01
2240,32,176,0,21,24,2024-06-01
2241,32,176,31,17,13,2025-08-01
2242,32,176,20,19,0,2025-12-01
2243,32,176,32,15,2,2024-12-01
2244,32,170,29,21,8,2024-08-01
2245,32,170,12,4,6,2024-05-01
2246,32,170,17,10,13,2025-12-01
2247,32,170,12,6,3,2025-01-01
2248,32,170,31,14,12,2025-03-01
2249,32,170,7,7,2,2024-03-01
2250,32,117,38,10,2,2024-11-01
2251,32,117,23,16,21,2024-05-01
2252,32,117,35,22,9,2024-08-01
2253,32,117,37,18,9,2025-07-01
2254,32,117,26,24,28,2025-10-01
2255,32,117,19,8,3,2025-02-01
2256,32,117,27,11,1,2024-07-01
2257,32,117,24,12,0,2025-01-01
2258,32,117,16,3,3,2025-09-01
2259,32,117,25,13,8,2024-02-01
2260,32,117,12,3,1,2025-11-01
2261,32,117,17,12,12,2025-03-01
2262,32,186,5,13,8,2024-02-01
2263,32,186,16,23,8,2025-11-01
2264,32,186,11,17,22,2025-09-01
2265,32,186,20,25,11,2024-04-01
2266,32,186,32,7,1,2025-07-01
2267,32,186,22,24,8,2024-06-01
2268,32,186,25,19,1,2025-12-01
2269,32,186,15,8,10,2025-05-01
2270,32,137,20,11,13,2024-01-01
2271,32,137,19,2,7,2024-12-01
2272,32,137,17,4,0,2025-12-01
2273,32,137,8,15,10,2024-06-01
2274,32,137,42,19,0,2024-10-01
2275,32,137,18,19,4,2024-04-01
2276,32,137,22,8,4,2025-11-01
2277,32,115,16,15,9,2025-10-01
2278,32,115,8,21,19,2024-05-01
2279,32,115,5,19,23,2025-09-01
2280,32,115,0,11,15,2025-11-01
2281,32,115,13,9,3,2024-03-01
2282,32,115,24,25,14,2025-06-01
2283,32,115,13,15,7,2024-07-01
2284,33,117,17,21,13,2025-03-01
2285,33,117,16,13,11,2025-02-01
2286,33,117,35,22,12,2025-10-01
2287,33,117,20,22,22,2024-04-01
2288,33,117,28,14,5,2025-05-01
2289,33,117,3,5,4,2024-05-01
2290,33,117,9,14,9,2024-11-01
2291,33,117,7,6,9,2025-11-01
2292,33,117,22,2,0,2024-02-01
2293,33,117,16,17,5,2025-08-01
2294,33,148,11,10,14,2024-05-01
2295,33,148,14,8,1,2024-11-01
2296,33,148,17,13,3,2024-04-01
2297,33,148,2,8,6,2024-03-01
2298,33,148,4,17,18,2024-12-01
2299,33,148,6,6,5,2025-09-01
2300,33,148,30,25,8,2025-08-01
2301,33,148,18,12,12,2024-08-01
2302,33,148,11,6,9,2025-02-01
2303,33,144,25,19,11,2024-12-01
2304,33,144,35,12,6,2025-05-01
2305,33,144,18,4,1,2024-02-01
2306,33,144,20,9,14,2024-11-01
2307,33,144,6,21,25,2024-09-01
2308,33,144,36,12,0,2025-11-01
2309,33,144,14,8,5,2024-06-01
2310,33,144,16,12,2,2024-01-01
2311,33,144,14,15,19,2024-03-01
2312,33,144,7,4,3,2025-07-01
2313,33,144,11,3,3,2025-01-01
2314,33,138,20,21,14,2024-09-01
2315,33,138,34,24,11,2024-12-01
2316,33,138,25,4,1,2025-01-01
2317,33,138,0,8,11,2025-11-01
2318,33,138,4,13,16,2025-10-01
2319,33,138,19,14,19,2025-07-01
2320,33,138,2,7,12,2024-11-01
2321,33,138,0,4,8,2025-12-01
2322,33,138,24,21,10,2025-05-01
2323,33,138,29,18,3,2024-04-01
2324,33,138,0,7,11,2025-06-01
2325,33,138,21,11,14,2024-01-01
2326,33,159,18,7,0,2025-02-01
2327,33,159,14,10,13,2025-11-01
2328,33,159,22,24,22,2025-05-01
2329,33,159,39,11,1,2025-07-01
2330,33,159,20,20,4,2025-06-01
2331,33,159,0,5,10,2024-03-01
2332,33,162,40,14,3,2025-02-01
2333,33,162,6,6,5,2024-01-01
2334,33,162,23,13,0,2025-04-01
2335,33,162,4,8,5,2024-09-01
2336,33,162,13,13,7,2024-10-01
2337,33,162,5,7,12,2025-11-01
2338,33,113,15,15,6,2024-01-01
2339,33,113,30,22,5,2025-12-01
2340,33,113,24,16,8,2024-03-01
2341,33,113,14,13,14,2024-08-01
2342,33,113,21,8,5,2024-06-01
2343,33,113,32,16,13,2025-05-01
2344,33,113,22,21,10,2025-07-01
2345,33,113,38,11,2,2025-09-01
2346,33,113,25,15,12,2024-07-01
2347,33,181,23,7,1,2024-02-01
2348,33,181,15,11,9,2024-07-01
2349,33,181,22,3,4,2025-10-01
2350,33,181,21,14,12,2025-02-01
2351,33,181,1,12,14,2024-10-01
2352,33,181,27,21,12,2025-04-01
2353,33,107,4,8,4,2024-06-01
2354,33,107,32,23,3,2025-06-01
2355,33,107,23,23,11,2024-09-01
2356,33,107,6,13,12,2024-11-01
2357,33,107,34,18,9,2025-08-01
2358,33,107,22,20,7,2025-05-01
2359,33,107,3,25,27,2024-03-01
2360,34,146,6,24,27,2025-10-01
2361,34,146,29,3,1,2024-09-01
2362,34,146,0,9,12,2024-03-01
2363,34,146,2,18,17,2025-06-01
2364,34,146,44,25,2,2025-03-01
2365,34,146,4,6,6,2025-11-01
2366,34,146,43,22,4,2024-02-01
2367,34,146,6,7,10,2024-10-01
2368,34,146,13,23,23,2024-12-01
2369,34,146,32,11,9,2024-04-01
2370,34,140,5,11,14,2024-12-01
2371,34,140,9,20,15,2024-04-01
2372,34,140,35,15,2,2025-09-01
2373,34,140,36,24,13,2025-01-01
2374,34,140,23,4,8,2025-05-01
2375,34,140,13,16,11,2024-01-01
2376,34,140,1,2,7,2025-12-01
2377,34,140,8,8,4,2024-10-01
2378,34,140,26,18,9,2024-05-01
2379,34,140,0,5,6,2025-02-01
2380,34,176,26,12,13,2024-09-01
2381,34,176,4,2,5,2025-12-01
2382,34,176,38,19,0,2025-02-01
2383,34,176,12,23,16,2024-02-01
2384,34,176,25,18,12,2024-10-01
2385,34,176,23,12,15,2024-11-01
2386,34,138,21,23,24,2024-04-01
2387,34,138,0,25,28,2025-10-01
2388,34,138,16,5,6,2024-08-01
2389,34,138,15,17,15,2024-01-01
2390,34,138,23,16,6,2025-07-01
2391,34,138,28,19,11,2025-01-01
2392,34,182,6,9,14,2025-09-01
2393,34,182,39,25,12,2025-11-01
2394,34,182,27,6,4,2025-01-01
2395,34,182,13,7,1,2024-11-01
2396,34,182,20,6,11,2024-12-01
2397,34,182,33,7,1,2025-12-01
2398,34,182,0,17,22,2024-04-01
2399,34,182,28,9,5,2025-03-01
2400,34,182,6,13,10,2025-06-01
2401,34,182,12,13,8,2025-08-01
2402,34,144,20,23,19,2024-01-01
2403,34,144,18,23,21,2024-03-01
2404,34,144,31,13,4,2024-04-01
2405,34,144,17,22,21,2025-10-01
2406,34,144,32,13,9,2025-04-01
2407,34,144,19,4,9,2025-01-01
2408,34,144,22,14,9,2024-05-01
2409,34,144,30,2,1,2025-06-01
2410,34,183,0,4,8,2024-08-01
2411,34,183,14,2,6,2025-08-01
2412,34,183,23,23,13,2025-12-01
2413,34,183,19,9,6,2024-10-01
2414,34,183,30,10,10,2025-01-01
2415,34,183,27,3,3,2024-07-01
2416,34,183,11,12,14,2025-10-01
2417,34,183,3,4,5,2024-06-01
2418,34,183,50,22,2,2024-02-01
2419,34,131,17,4,7,2025-11-01
2420,34,131,21,22,24,2024-10-01
2421,34,131,8,12,4,2024-06-01
2422,34,131,9,2,5,2024-01-01
2423,34,131,26,12,4,2024-11-01
2424,34,131,27,4,0,2025-10-01
2425,34,131,36,8,0,2025-04-01
2426,34,131,29,15,12,2024-04-01
2427,34,131,14,6,9,2025-08-01
2428,34,120,21,24,10,2024-10-01
2429,34,120,19,4,1,2024-11-01
2430,34,120,34,24,18,2024-09-01
2431,34,120,6,5,7,2025-01-01
2432,34,120,25,10,0,2024-03-01
2433,34,120,21,12,13,2024-07-01
2434,34,120,4,19,18,2025-06-01
2435,35,156,23,12,4,2024-03-01
2436,35,156,35,23,5,2024-06-01
2437,35,156,22,18,10,2024-11-01
2438,35,156,29,7,2,2024-01-01
2439,35,156,6,18,16,2025-06-01
2440,35,156,18,23,19,2024-10-01
2441,35,156,18,11,10,2025-11-01
2442,35,156,37,18,3,2025-03-01
2443,35,172,28,21,1,2025-10-01
2444,35,172,15,24,24,2024-02-01
2445,35,172,7,25,28,2025-08-01
2446,35,172,14,14,5,2024-05-01
2447,35,172,11,16,5,2025-02-01
2448,35,172,33,8,1,2024-04-01
2449,35,172,0,19,19,2025-04-01
2450,35,172,0,4,7,2025-06-01
2451,35,172,1,25,29,2025-11-01
2452,35,104,2,20,24,2024-01-01
2453,35,104,9,18,13,2025-12-01
2454,35,104,40,23,12,2024-03-01
2455,35,104,5,6,7,2025-03-01
2456,35,104,28,19,12,2025-02-01
2457,35,104,5,16,11,2024-06-01
2458,35,104,31,22,3,2024-08-01
2459,35,104,6,5,7,2024-12-01
2460,35,134,38,24,2,2024-02-01
2461,35,134,5,21,26,2025-05-01
2462,35,134,17,11,1,2025-06-01
2463,35,134,9,16,18,2025-01-01
2464,35,134,3,3,5,2024-01-01
2465,35,134,16,22,15,2025-04-01
2466,35,134,17,19,14,2024-03-01
2467,35,134,5,15,10,2025-07-01
2468,35,134,13,9,6,2024-12-01
2469,35,124,4,9,9,2024-11-01
2470,35,124,7,6,11,2025-06-01
2471,35,124,5,10,14,2025-02-01
2472,35,124,0,3,3,2025-11-01
2473,35,124,18,4,4,2025-07-01
2474,35,124,18,18,2,2024-05-01
2475,35,124,49,24,1,2025-10-01
2476,35,124,0,21,25,2025-04-01
2477,35,124,25,6,8,2024-02-01
2478,35,161,26,17,16,2025-09-01
2479,35,161,25,18,17,2024-06-01
2480,35,161,34,19,10,2024-05-01
2481,35,161,0,2,6,2024-11-01
2482,35,161,7,12,5,2024-09-01
2483,35,161,1,5,4,2025-07-01
2484,35,161,39,23,8,2025-11-01
2485,35,121,2,2,2,2025-06-01
2486,35,121,3,10,7,2024-10-01
2487,35,121,32,16,3,2025-12-01
2488,35,121,32,21,0,2025-04-01
2489,35,121,20,11,1,2025-09-01
2490,35,121,31,12,7,2025-05-01
2491,36,166,34,17,10,2025-09-01
2492,36,166,22,17,7,2025-08-01
2493,36,166,27,9,6,2025-01-01
2494,36,166,25,15,14,2024-07-01
2495,36,166,37,18,11,2024-10-01
2496,36,166,31,11,4,2025-11-01
2497,36,166,18,21,11,2024-01-01
2498,36,166,9,9,13,2025-10-01
2499,36,126,3,5,2,2025-11-01
2500,36,126,18,4,0,2024-08-01
2501,36,126,9,18,21,2025-05-01
2502,36,126,7,14,15,2024-12-01
2503,36,126,9,15,18,2024-09-01
2504,36,126,20,7,11,2025-02-01
2505,36,126,31,15,11,2025-03-01
2506,36,126,11,20,18,2024-04-01
2507,36,126,10,11,1,2024-11-01
2508,36,179,0,2,4,2024-09-01
2509,36,179,11,3,4,2025-12-01
2510,36,179,23,14,7,2025-04-01
2511,36,179,39,17,3,2025-01-01
2512,36,179,18,2,7,2025-02-01
2513,36,179,41,21,3,2024-08-01
2514,36,179,12,22,23,2025-07-01
2515,36,179,23,6,9,2025-06-01
2516,36,179,29,22,5,2025-10-01
2517,36,151,16,21,15,2025-12-01
2518,36,151,21,4,8,2024-04-01
2519,36,151,25,13,18,2024-01-01
2520,36,151,28,13,3,2025-09-01
2521,36,151,9,13,4,2025-08-01
2522,36,151,5,2,5,2024-03-01
2523,36,151,30,16,9,2024-09-01
2524,36,151,25,5,8,2024-08-01
2525,36,151,31,17,0,2025-05-01
2526,36,151,32,22,8,2025-06-01
2527,36,117,35,13,5,2024-11-01
2528,36,117,22,19,1,2025-02-01
2529,36,117,28,21,0,2024-12-01
2530,36,117,17,24,22,2025-07-01
2531,36,117,26,16,6,2024-07-01
2532,36,117,25,16,21,2024-04-01
2533,36,142,10,25,24,2024-02-01
2534,36,142,39,13,4,2024-10-01
2535,36,142,17,16,10,2024-08-01
2536,36,142,31,20,0,2024-01-01
2537,36,142,26,16,10,2025-06-01
2538,36,142,20,3,0,2024-05-01
2539,36,142,27,17,19,2025-12-01
2540,36,142,21,10,4,2025-08-01
2541,36,142,0,4,8,2025-02-01
2542,36,172,0,3,6,2024-04-01
2543,36,172,23,15,1,2024-12-01
2544,36,172,9,10,7,2025-01-01
2545,36,172,34,13,7,2025-08-01
2546,36,172,32,19,8,2025-04-01
2547,36,172,31,2,1,2024-06-01
2548,36,172,32,16,10,2025-05-01
2549,36,146,25,3,1,2025-07-01
2550,36,146,17,3,4,2024-09-01
2551,36,146,45,15,0,2025-10-01
2552,36,146,17,22,5,2025-08-01
2553,36,146,20,13,11,2024-05-01
2554,36,146,32,23,13,2025-01-01
2555,36,146,38,13,1,2025-02-01
2556,36,146,22,22,10,2025-05-01
2557,36,146,13,4,6,2024-01-01
2558,36,146,24,19,16,2025-03-01
2559,36,146,24,13,5,2025-11-01
2560,36,146,11,6,8,2024-07-01
2561,36,152,22,11,5,2025-01-01
2562,36,152,24,8,2,2024-11-01
2563,36,152,16,10,3,2025-05-01
2564,36,152,17,25,17,2024-07-01
2565,36,152,8,23,28,2025-04-01
2566,36,152,21,18,14,2025-07-01
2567,36,152,14,17,19,2025-10-01
2568,36,152,25,3,7,2024-08-01
2569,36,152,24,18,1,2024-05-01
2570,36,152,25,22,12,2025-03-01
2571,36,154,22,11,3,2025-03-01
2572,36,154,40,24,1,2025-10-01
2573,36,154,17,14,19,2025-01-01
2574,36,154,19,9,9,2025-12-01
2575,36,154,13,17,14,2024-12-01
2576,36,154,34,17,0,2024-01-01
2577,36,154,20,5,9,2024-07-01
2578,36,154,22,16,2,2024-03-01
2579,36,154,22,9,3,2024-02-01
2580,36,154,20,25,27,2025-09-01
2581,36,154,13,16,8,2025-02-01
2582,37,128,16,22,14,2024-02-01
2583,37,128,8,9,10,2025-05-01
2584,37,128,33,23,11,2025-10-01
2585,37,128,10,6,5,2025-01-01
2586,37,128,30,13,7,2024-03-01
2587,37,128,12,14,19,2024-08-01
2588,37,128,24,2,7,2024-09-01
2589,37,128,27,12,8,2024-01-01
2590,37,128,22,9,5,2025-02-01
2591,37,128,12,11,3,2025-06-01
2592,37,128,30,13,5,2025-04-01
2593,37,185,36,14,7,2024-05-01
2594,37,185,5,9,9,2025-07-01
2595,37,185,3,9,8,2025-12-01
2596,37,185,36,22,11,2025-08-01
2597,37,185,24,6,9,2024-07-01
2598,37,185,24,21,3,2025-06-01
2599,37,185,19,8,6,2024-11-01
2600,37,185,27,21,5,2025-10-01
2601,37,185,21,10,9,2024-02-01
2602,37,185,11,22,21,2024-12-01
2603,37,185,38,19,2,2025-03-01
2604,37,177,36,15,4,2025-04-01
2605,37,177,4,3,0,2024-08-01
2606,37,177,18,18,19,2024-01-01
2607,37,177,32,5,2,2025-01-01
2608,37,177,27,22,17,2024-04-01
2609,37,177,14,13,0,2024-10-01
2610,37,177,14,17,10,2025-06-01
2611,37,177,11,6,0,2025-07-01
2612,37,177,51,24,0,2025-10-01
2613,37,177,22,15,4,2024-06-01
2614,37,177,28,23,16,2025-05-01
2615,37,177,26,6,3,2025-09-01
2616,37,132,29,8,8,2025-09-01
2617,37,132,26,12,14,2025-02-01
2618,37,132,28,16,2,2024-11-01
2619,37,132,13,5,7,2025-06-01
2620,37,132,22,5,6,2025-12-01
2621,37,132,10,12,11,2024-03-01
2622,37,110,17,23,11,2024-11-01
2623,37,110,22,4,1,2024-04-01
2624,37,110,18,9,12,2025-01-01
2625,37,110,42,18,3,2024-08-01
2626,37,110,26,13,14,2024-02-01
2627,37,110,23,23,13,2024-07-01
2628,37,156,28,12,3,2025-06-01
2629,37,156,13,2,2,2025-07-01
2630,37,156,28,13,15,2025-11-01
2631,37,156,19,20,7,2025-12-01
2632,37,156,28,7,4,2024-04-01
2633,37,156,32,20,6,2025-04-01
2634,37,156,0,3,5,2024-06-01
2635,37,155,38,21,7,2025-09-01
2636,37,155,33,14,1,2024-01-01
2637,37,155,11,15,7,2025-08-01
2638,37,155,6,7,3,2025-10-01
2639,37,155,11,6,4,2024-10-01
2640,37,155,22,5,3,2025-01-01
2641,37,155,26,15,11,2024-04-01
2642,37,155,0,25,29,2025-07-01
2643,37,155,38,25,6,2025-06-01
2644,38,149,25,17,1,2025-08-01
2645,38,149,25,23,25,2024-10-01
2646,38,149,14,9,13,2025-04-01
2647,38,149,52,24,0,2024-08-01
2648,38,149,27,14,1,2025-03-01
2649,38,149,31,12,0,2024-09-01
2650,38,149,23,6,11,2025-02-01
2651,38,149,2,10,9,2025-10-01
2652,38,149,23,5,0,2024-02-01
2653,38,149,45,18,0,2025-06-01
2654,38,184,3,14,14,2024-12-01
2655,38,184,15,11,0,2025-10-01
2656,38,184,24,21,6,2025-04-01
2657,38,184,24,20,17,2024-02-01
2658,38,184,12,18,23,2024-07-01
2659,38,184,11,25,21,2025-06-01
2660,38,184,41,24,3,2025-11-01
2661,38,184,10,6,9,2025-07-01
2662,38,184,10,15,18,2024-01-01
2663,38,184,13,10,6,2025-01-01
2664,38,165,36,13,4,2025-12-01
2665,38,165,17,13,11,2024-11-01
2666,38,165,10,17,14,2024-03-01
2667,38,165,8,9,13,2024-10-01
2668,38,165,7,5,9,2025-02-01
2669,38,165,33,25,14,2025-03-01
2670,38,165,24,2,1,2024-09-01
2671,38,165,7,10,11,2025-05-01
2672,38,165,23,5,8,2025-10-01
2673,38,165,20,20,23,2024-04-01
2674,38,165,25,7,2,2025-06-01
2675,38,165,27,3,2,2024-12-01
2676,38,183,16,17,11,2025-05-01
2677,38,183,28,8,10,2024-09-01
2678,38,183,6,9,5,2025-01-01
2679,38,183,30,23,18,2024-03-01
2680,38,183,15,6,3,2024-02-01
2681,38,183,0,18,22,2024-11-01
2682,38,183,21,15,18,2025-10-01
2683,38,116,16,11,5,2024-12-01
2684,38,116,21,15,7,2025-03-01
2685,38,116,5,15,19,2025-01-01
2686,38,116,25,6,11,2024-06-01
2687,38,116,22,3,6,2025-05-01
2688,38,116,9,16,9,2024-01-01
2689,38,111,22,18,13,2025-05-01
2690,38,111,22,17,12,2025-03-01
2691,38,111,33,21,7,2024-01-01
2692,38,111,3,10,9,2024-03-01
2693,38,111,6,6,2,2024-06-01
2694,38,111,18,24,12,2025-09-01
2695,38,111,0,19,23,2025-10-01
2696,38,111,12,13,14,2025-04-01
2697,38,111,7,25,22,2025-06-01
2698,38,143,12,14,14,2025-08-01
2699,38,143,10,23,27,2025-06-01
2700,38,143,32,10,2,2025-03-01
2701,38,143,27,15,5,2024-05-01
2702,38,143,27,25,24,2024-08-01
2703,38,143,43,21,1,2025-07-01
2704,38,143,29,16,3,2025-04-01
2705,38,143,0,8,12,2024-09-01
2706,38,114,13,8,0,2024-03-01
2707,38,114,15,8,13,2025-10-01
2708,38,114,4,5,8,2025-02-01
2709,38,114,25,23,11,2024-11-01
2710,38,114,33,24,15,2025-03-01
2711,38,114,20,24,29,2024-10-01
2712,38,114,29,3,4,2025-05-01
2713,38,114,13,13,13,2025-12-01
2714,38,114,18,5,2,2024-12-01
2715,38,114,21,4,4,2025-08-01
2716,38,114,0,7,9,2024-08-01
2717,38,114,36,19,12,2024-05-01
2718,38,160,0,5,10,2024-10-01
2719,38,160,25,5,0,2024-04-01
2720,38,160,28,4,5,2024-06-01
2721,38,160,30,24,4,2024-12-01
2722,38,160,31,10,4,2025-04-01
2723,38,160,20,14,16,2025-09-01
2724,38,160,32,23,7,2024-08-01
2725,38,160,33,19,10,2024-02-01
2726,39,171,8,5,4,2024-09-01
2727,39,171,28,17,4,2025-05-01
2728,39,171,27,24,0,2024-11-01
2729,39,171,1,16,19,2025-09-01
2730,39,171,14,5,10,2024-05-01
2731,39,171,41,13,0,2025-02-01
2732,39,171,13,13,9,2024-12-01
2733,39,171,23,3,1,2024-06-01
2734,39,171,5,4,3,2024-03-01
2735,39,171,29,7,0,2025-12-01
2736,39,171,12,22,12,2024-02-01
2737,39,171,13,19,15,2025-11-01
2738,39,133,26,14,12,2024-10-01
2739,39,133,23,2,7,2024-11-01
2740,39,133,23,10,8,2024-01-01
2741,39,133,27,10,9,2025-06-01
2742,39,133,28,16,5,2024-08-01
2743,39,133,15,12,17,2025-09-01
2744,39,133,25,4,4,2025-07-01
2745,39,133,35,20,1,2025-11-01
2746,39,133,16,15,11,2024-04-01
2747,39,133,0,14,18,2024-06-01
2748,39,133,21,11,7,2024-03-01
2749,39,110,35,15,7,2024-11-01
2750,39,110,42,20,7,2025-08-01
2751,39,110,14,16,6,2025-10-01
2752,39,110,17,8,8,2025-03-01
2753,39,110,43,25,4,2025-07-01
2754,39,110,5,5,2,2024-07-01
2755,39,110,34,19,11,2024-06-01
2756,39,110,25,16,7,2024-01-01
2757,39,110,2,9,10,2024-04-01
2758,39,110,12,2,3,2024-02-01
2759,39,156,30,3,3,2024-03-01
2760,39,156,25,6,8,2025-10-01
2761,39,156,24,14,18,2024-05-01
2762,39,156,29,23,16,2024-09-01
2763,39,156,14,3,5,2025-09-01
2764,39,156,11,3,3,2024-10-01
2765,39,156,7,7,6,2024-11-01
2766,39,119,0,12,15,2025-08-01
2767,39,119,7,10,8,2024-09-01
2768,39,119,35,20,1,2025-12-01
2769,39,119,21,23,23,2025-02-01
2770,39,119,26,22,22,2025-01-01
2771,39,119,7,19,22,2025-05-01
2772,39,119,24,21,25,2024-03-01
2773,39,119,6,18,17,2024-07-01
2774,39,119,14,8,11,2024-04-01
2775,39,119,21,22,9,2024-05-01
2776,39,119,9,3,3,2024-12-01
2777,39,183,5,4,6,2025-05-01
2778,39,183,26,18,2,2025-03-01
2779,39,183,10,11,6,2025-01-01
2780,39,183,22,3,7,2025-04-01
2781,39,183,12,17,8,2024-11-01
2782,39,183,35,8,2,2024-09-01
2783,40,172,0,3,5,2024-06-01
2784,40,172,0,6,9,2024-08-01
2785,40,172,0,24,29,2024-10-01
2786,40,172,27,25,17,2025-01-01
2787,40,172,21,8,4,2024-05-01
2788,40,172,7,3,4,2025-07-01
2789,40,181,27,15,8,2024-05-01
2790,40,181,9,15,16,2025-11-01
2791,40,181,5,4,2,2025-07-01
2792,40,181,12,6,6,2024-02-01
2793,40,181,18,25,17,2025-08-01
2794,40,181,12,8,13,2024-03-01
2795,40,181,20,19,1,2025-09-01
2796,40,181,15,24,17,2024-07-01
2797,40,181,22,19,4,2024-09-01
2798,40,181,16,10,5,2025-10-01
2799,40,181,43,23,2,2025-05-01
2800,40,115,14,6,4,2025-03-01
2801,40,115,16,20,8,2024-01-01
2802,40,115,24,18,19,2024-06-01
2803,40,115,7,16,10,2024-03-01
2804,40,115,0,15,18,2025-01-01
2805,40,115,35,25,9,2024-12-01
2806,40,115,45,22,5,2024-02-01
2807,40,115,18,13,17,2024-11-01
2808,40,115,20,24,22,2025-08-01
2809,40,115,12,17,7,2024-08-01
2810,40,115,19,6,9,2024-09-01
2811,40,135,30,25,5,2025-05-01
2812,40,135,23,11,10,2025-09-01
2813,40,135,27,13,13,2025-08-01
2814,40,135,2,7,7,2024-06-01
2815,40,135,30,4,0,2025-11-01
2816,40,135,17,2,3,2024-02-01
2817,40,110,25,3,8,2024-03-01
2818,40,110,20,9,6,2024-08-01
2819,40,110,8,7,12,2025-01-01
2820,40,110,27,24,11,2024-07-01
2821,40,110,24,8,6,2025-06-01
2822,40,110,5,17,22,2024-11-01
2823,40,156,23,23,27,2025-08-01
2824,40,156,22,16,3,2025-04-01
2825,40,156,19,10,2,2025-07-01
2826,40,156,0,2,5,2024-11-01
2827,40,156,24,21,18,2024-08-01
2828,40,156,17,17,12,2025-10-01
2829,40,156,19,13,5,2024-12-01
2830,40,156,35,16,0,2025-06-01
2831,40,156,6,15,12,2025-12-01
2832,40,156,18,17,14,2024-03-01
2833,40,156,15,23,28,2024-06-01
2834,40,114,22,6,1,2024-02-01
2835,40,114,25,8,8,2024-07-01
2836,40,114,37,25,2,2025-01-01
2837,40,114,0,4,7,2025-02-01
2838,40,114,18,25,14,2025-03-01
2839,40,114,24,23,13,2025-06-01
2840,40,114,24,12,16,2025-04-01
2841,40,114,35,13,5,2024-04-01
2842,40,168,21,10,10,2024-08-01
2843,40,168,23,5,10,2024-12-01
2844,40,168,8,6,1,2024-03-01
2845,40,168,0,9,13,2024-02-01
2846,40,168,7,9,8,2024-09-01
2847,40,168,19,17,0,2025-08-01
2848,40,168,20,7,8,2025-03-01
2849,40,168,0,4,9,2024-01-01
2850,40,168,13,5,3,2024-05-01
2851,40,168,4,10,14,2025-02-01
2852,40,168,28,12,14,2025-04-01
2853,40,159,16,12,15,2024-08-01
2854,40,159,34,15,6,2024-03-01
2855,40,159,16,18,5,2025-04-01
2856,40,159,25,5,0,2025-02-01
2857,40,159,29,19,1,2024-10-01
2858,40,159,23,15,11,2024-01-01
2859,40,159,37,14,6,2024-06-01
2860,40,159,26,12,3,2025-08-01
2861,40,159,8,6,4,2025-01-01
2862,40,148,35,8,1,2025-10-01
2863,40,148,14,10,6,2024-10-01
2864,40,148,10,18,21,2024-09-01
2865,40,148,25,18,8,2025-09-01
2866,40,148,25,7,6,2025-07-01
2867,40,148,17,9,2,2025-04-01
2868,40,148,29,17,9,2024-03-01
2869,40,148,21,23,3,2024-07-01
2870,40,148,31,7,2,2025-02-01
2871,40,148,12,16,21,2025-08-01
2872,40,148,30,6,5,2025-03-01
2873,40,148,25,3,1,2024-06-01
2874,41,145,16,22,21,2025-05-01
2875,41,145,33,4,0,2024-09-01
2876,41,145,23,13,1,2025-10-01
2877,41,145,18,24,27,2025-09-01
2878,41,145,20,24,4,2024-12-01
2879,41,145,12,6,4,2024-03-01
2880,41,145,25,12,8,2024-06-01
2881,41,145,28,13,4,2025-03-01
2882,41,123,12,15,15,2024-04-01
2883,41,123,15,9,9,2024-09-01
2884,41,123,12,8,7,2024-02-01
2885,41,123,30,15,2,2025-11-01
2886,41,123,13,22,18,2025-05-01
2887,41,123,5,4,1,2025-09-01
2888,41,123,20,20,21,2025-06-01
2889,41,123,19,16,17,2024-06-01
2890,41,123,30,21,3,2025-12-01
2891,41,166,27,16,10,2024-09-01
2892,41,166,11,11,5,2024-12-01
2893,41,166,19,15,5,2024-01-01
2894,41,166,8,12,5,2024-05-01
2895,41,166,20,18,11,2024-03-01
2896,41,166,31,25,14,2024-10-01
2897,41,166,18,17,2,2025-09-01
2898,41,166,11,22,24,2025-12-01
2899,41,166,13,25,20,2024-04-01
2900,41,166,9,22,13,2025-01-01
2901,41,166,17,9,1,2024-02-01
2902,41,141,22,5,1,2025-01-01
2903,41,141,19,13,18,2025-03-01
2904,41,141,0,5,6,2025-06-01
2905,41,141,22,3,0,2024-09-01
2906,41,141,6,23,19,2025-09-01
2907,41,141,30,10,7,2024-04-01
2908,41,141,13,8,11,2025-07-01
2909,41,141,13,12,3,2025-11-01
2910,41,141,24,10,5,2024-11-01
2911,41,141,9,17,8,2024-12-01
2912,41,141,47,25,8,2024-05-01
2913,41,141,27,25,20,2024-08-01
2914,41,105,23,23,7,2025-06-01
2915,41,105,0,10,13,2025-11-01
2916,41,105,23,14,17,2025-03-01
2917,41,105,21,13,10,2025-04-01
2918,41,105,22,12,3,2025-01-01
2919,41,105,20,15,13,2025-08-01
2920,41,177,8,20,20,2024-08-01
2921,41,177,4,4,6,2024-09-01
2922,41,177,5,9,9,2025-09-01
2923,41,177,24,9,3,2024-03-01
2924,41,177,23,21,0,2025-04-01
2925,41,177,40,12,0,2025-02-01
2926,41,177,24,24,27,2024-05-01
2927,42,119,31,8,3,2025-02-01
2928,42,119,11,3,6,2024-09-01
2929,42,119,14,6,10,2025-01-01
2930,42,119,15,9,10,2025-09-01
2931,42,119,30,7,6,2024-01-01
2932,42,119,21,16,20,2024-02-01
2933,42,119,7,2,3,2024-06-01
2934,42,119,19,24,12,2025-07-01
2935,42,119,18,4,4,2025-04-01
2936,42,119,11,10,14,2025-10-01
2937,42,119,4,25,27,2025-06-01
2938,42,134,27,25,8,2024-03-01
2939,42,134,31,25,11,2024-11-01
2940,42,134,20,3,6,2025-09-01
2941,42,134,3,20,21,2024-04-01
2942,42,134,8,19,11,2025-05-01
2943,42,134,22,9,5,2025-07-01
2944,42,134,22,5,5,2025-11-01
2945,42,134,16,18,20,2024-08-01
2946,42,134,47,19,2,2025-01-01
2947,42,134,3,3,8,2025-10-01
2948,42,134,17,12,15,2025-08-01
2949,42,134,32,21,17,2025-04-01
2950,42,105,15,25,29,2025-09-01
2951,42,105,34,25,9,2025-05-01
2952,42,105,47,23,1,2024-10-01
2953,42,105,0,17,22,2025-04-01
2954,42,105,27,19,0,2024-01-01
2955,42,105,6,12,14,2024-04-01
2956,42,105,34,20,14,2024-03-01
2957,42,105,45,16,1,2025-12-01
2958,42,105,21,4,8,2025-08-01
2959,42,105,7,13,6,2024-12-01
2960,42,145,6,15,11,2025-01-01
2961,42,145,46,25,3,2025-11-01
2962,42,145,13,19,14,2024-12-01
2963,42,145,22,12,2,2024-03-01
2964,42,145,46,16,0,2024-11-01
2965,42,145,19,6,5,2024-09-01
2966,42,145,24,25,15,2025-04-01
2967,42,145,27,23,14,2025-08-01
2968,42,145,17,7,0,2024-05-01
2969,42,160,34,5,0,2025-10-01
2970,42,160,8,21,26,2024-11-01
2971,42,160,33,18,11,2024-04-01
2972,42,160,38,18,7,2024-06-01
2973,42,160,16,12,12,2025-02-01
2974,42,160,3,14,18,2025-03-01
2975,42,160,36,23,10,2025-12-01
2976,42,160,18,19,12,2024-09-01
2977,42,163,17,21,12,2025-06-01
2978,42,163,21,18,15,2025-08-01
2979,42,163,22,9,4,2024-08-01
2980,42,163,27,13,16,2025-03-01
2981,42,163,7,13,12,2024-09-01
2982,42,163,10,19,17,2025-10-01
2983,42,163,0,6,8,2024-06-01
2984,42,126,22,13,6,2024-12-01
2985,42,126,19,24,17,2024-06-01
2986,42,126,8,13,8,2024-11-01
2987,42,126,37,13,3,2024-09-01
2988,42,126,8,15,15,2025-12-01
2989,42,126,11,22,20,2025-01-01
2990,42,126,29,12,2,2025-05-01
2991,42,126,10,21,16,2025-11-01
2992,42,126,22,19,14,2025-03-01
2993,43,110,9,10,11,2025-02-01
2994,43,110,27,23,5,2025-08-01
2995,43,110,3,11,8,2025-06-01
2996,43,110,14,15,9,2024-01-01
2997,43,110,26,4,4,2024-09-01
2998,43,110,12,17,10,2025-04-01
2999,43,110,0,2,7,2025-12-01
3000,43,110,17,15,5,2025-10-01
3001,43,110,16,10,3,2024-06-01
3002,43,110,33,9,0,2024-10-01
3003,43,110,3,4,4,2024-12-01
3004,43,167,14,6,10,2025-04-01
3005,43,167,23,12,17,2024-10-01
3006,43,167,1,5,8,2025-06-01
3007,43,167,12,22,16,2025-11-01
3008,43,167,0,5,9,2025-08-01
3009,43,167,10,17,15,2025-10-01
3010,43,167,26,20,19,2024-08-01
3011,43,167,2,3,3,2024-07-01
3012,43,144,6,10,15,2025-10-01
3013,43,144,44,23,7,2024-07-01
3014,43,144,8,7,12,2024-12-01
3015,43,144,10,10,5,2025-05-01
3016,43,144,32,15,8,2025-08-01
3017,43,144,33,21,7,2024-09-01
3018,43,144,24,23,28,2024-05-01
3019,43,144,8,17,10,2024-01-01
3020,43,144,13,11,5,2024-11-01
3021,43,144,9,20,23,2024-04-01
3022,43,170,3,24,21,2025-12-01
3023,43,170,27,10,1,2024-04-01
3024,43,170,9,24,28,2024-11-01
3025,43,170,24,18,19,2024-06-01
3026,43,170,22,10,9,2025-11-01
3027,43,170,17,9,7,2024-08-01
3028,43,170,23,19,13,2025-05-01
3029,43,115,26,4,2,2025-06-01
3030,43,115,7,15,18,2025-05-01
3031,43,115,24,17,6,2025-01-01
3032,43,115,11,7,11,2025-11-01
3033,43,115,27,15,6,2024-11-01
3034,43,115,24,3,0,2024-04-01
3035,43,115,3,2,2,2024-10-01
3036,43,115,21,20,4,2024-07-01
3037,43,115,12,18,12,2025-09-01
3038,43,115,29,25,12,2025-02-01
3039,43,115,16,16,0,2025-03-01
3040,43,151,24,18,6,2025-07-01
3041,43,151,0,4,9,2025-09-01
3042,43,151,6,21,20,2024-06-01
3043,43,151,15,14,5,2024-05-01
3044,43,151,25,19,6,2025-05-01
3045,43,151,4,2,3,2025-08-01
3046,43,151,20,10,7,2025-03-01
3047,43,150,32,18,12,2024-09-01
3048,43,150,18,18,6,2025-01-01
3049,43,150,18,13,3,2024-01-01
3050,43,150,17,17,11,2025-06-01
3051,43,150,0,21,25,2024-05-01
3052,43,150,18,14,0,2025-08-01
3053,43,150,23,6,11,2025-10-01
3054,43,150,5,21,24,2025-11-01
3055,43,150,14,23,12,2024-04-01
3056,43,150,13,7,8,2025-07-01
3057,43,150,32,18,11,2025-04-01
3058,43,169,1,14,15,2024-12-01
3059,43,169,17,12,11,2025-10-01
3060,43,169,15,11,14,2025-01-01
3061,43,169,33,22,7,2025-03-01
3062,43,169,40,25,5,2025-05-01
3063,43,169,35,9,0,2024-04-01
3064,43,169,23,18,6,2024-02-01
3065,43,169,13,20,7,2024-05-01
3066,43,169,10,13,16,2025-04-01
3067,43,169,25,17,6,2024-10-01
3068,43,169,11,5,8,2024-06-01
3069,44,181,20,21,18,2024-09-01
3070,44,181,40,25,12,2025-01-01
3071,44,181,20,5,6,2025-05-01
3072,44,181,20,10,12,2024-10-01
3073,44,181,13,9,4,2024-11-01
3074,44,181,18,17,5,2024-08-01
3075,44,128,7,12,10,2025-11-01
3076,44,128,27,14,10,2025-09-01
3077,44,128,5,22,20,2024-04-01
3078,44,128,30,13,8,2024-07-01
3079,44,128,29,17,16,2025-10-01
3080,44,128,20,16,10,2024-09-01
3081,44,150,1,2,3,2024-02-01
3082,44,150,9,17,17,2025-08-01
3083,44,150,3,21,23,2024-10-01
3084,44,150,43,18,0,2025-07-01
3085,44,150,14,6,4,2025-12-01
3086,44,150,30,21,8,2024-01-01
3087,44,149,20,18,21,2025-07-01
3088,44,149,33,23,9,2025-05-01
3089,44,149,4,2,1,2024-01-01
3090,44,149,37,24,14,2024-07-01
3091,44,149,2,17,15,2024-05-01
3092,44,149,3,7,9,2025-09-01
3093,44,149,27,7,2,2024-11-01
3094,44,149,0,9,13,2024-06-01
3095,44,149,11,19,14,2025-11-01
3096,44,121,14,13,5,2024-04-01
3097,44,121,24,6,7,2024-10-01
3098,44,121,2,15,18,2025-07-01
3099,44,121,51,25,4,2025-06-01
3100,44,121,4,5,5,2024-07-01
3101,44,121,12,21,24,2025-12-01
3102,44,121,8,18,21,2025-09-01
3103,44,121,18,25,27,2024-08-01
3104,44,121,17,3,4,2024-09-01
3105,44,121,29,16,10,2024-01-01
3106,44,121,36,21,5,2025-10-01
3107,44,109,32,13,8,2025-04-01
3108,44,109,13,3,7,2024-06-01
3109,44,109,26,19,21,2025-01-01
3110,44,109,40,19,5,2024-10-01
3111,44,109,21,13,0,2024-08-01
3112,44,109,13,15,18,2024-01-01
3113,44,109,24,21,8,2025-10-01
3114,44,109,26,24,1,2025-09-01
3115,44,109,14,21,14,2025-03-01
3116,44,109,30,11,5,2025-06-01
3117,44,109,6,4,3,2024-09-01
3118,44,109,23,3,6,2025-02-01
3119,45,152,23,9,3,2025-03-01
3120,45,152,35,17,12,2025-04-01
3121,45,152,33,25,2,2024-05-01
3122,45,152,18,14,4,2024-06-01
3123,45,152,6,3,3,2025-09-01
3124,45,152,14,2,7,2025-06-01
3125,45,152,12,12,17,2025-10-01
3126,45,152,14,7,3,2025-02-01
3127,45,152,2,11,11,2025-01-01
3128,45,152,32,20,3,2025-05-01
3129,45,122,6,6,6,2024-05-01
3130,45,122,8,12,12,2024-12-01
3131,45,122,22,12,1,2025-06-01
3132,45,122,16,25,24,2025-12-01
3133,45,122,22,25,25,2025-08-01
3134,45,122,8,9,14,2024-06-01
3135,45,122,14,9,0,2025-01-01
3136,45,183,49,21,0,2025-05-01
3137,45,183,31,6,5,2024-08-01
3138,45,183,34,11,3,2024-05-01
3139,45,183,25,20,10,2025-01-01
3140,45,183,15,20,5,2024-10-01
3141,45,183,24,8,2,2024-07-01
3142,45,183,6,19,16,2024-12-01
3143,45,183,36,18,0,2024-04-01
3144,45,183,1,4,6,2025-10-01
3145,45,183,22,16,21,2025-11-01
3146,45,183,1,14,16,2025-09-01
3147,45,183,28,4,6,2024-06-01
3148,45,109,11,6,0,2024-02-01
3149,45,109,27,21,6,2025-01-01
3150,45,109,26,15,10,2025-08-01
3151,45,109,14,8,6,2025-03-01
3152,45,109,16,14,14,2025-07-01
3153,45,109,19,9,3,2024-10-01
3154,45,109,18,19,19,2025-12-01
3155,45,182,25,10,13,2025-11-01
3156,45,182,46,22,6,2025-10-01
3157,45,182,5,9,14,2024-06-01
3158,45,182,0,8,11,2024-01-01
3159,45,182,35,14,1,2025-12-01
3160,45,182,3,21,26,2024-09-01
3161,45,107,31,9,8,2024-06-01
3162,45,107,19,24,13,2025-11-01
3163,45,107,29,9,2,2025-06-01
3164,45,107,2,15,15,2024-04-01
3165,45,107,20,13,18,2025-04-01
3166,45,107,11,13,16,2025-09-01
3167,45,107,14,13,1,2025-02-01
3168,45,168,33,21,18,2025-06-01
3169,45,168,40,19,3,2024-10-01
3170,45,168,19,11,14,2025-05-01
3171,45,168,17,25,8,2024-05-01
3172,45,168,7,2,1,2025-03-01
3173,45,168,16,3,2,2024-03-01
3174,45,168,25,11,1,2024-11-01
3175,45,115,20,9,7,2024-07-01
3176,45,115,20,9,12,2025-02-01
3177,45,115,4,21,21,2025-06-01
3178,45,115,27,12,8,2025-12-01
3179,45,115,34,25,15,2024-11-01
3180,45,115,26,21,9,2024-10-01
3181,45,115,16,14,16,2025-09-01
3182,45,115,22,16,5,2024-04-01
3183,45,115,28,20,7,2025-05-01
3184,45,115,2,11,14,2025-07-01
3185,45,115,41,16,0,2024-09-01
3186,45,115,38,23,14,2024-12-01
3187,45,104,33,5,1,2025-01-01
3188,45,104,11,2,4,2025-05-01
3189,45,104,35,23,15,2024-07-01
3190,45,104,27,14,9,2024-05-01
3191,45,104,25,17,19,2025-03-01
3192,45,104,4,8,5,2024-09-01
3193,45,104,5,6,3,2024-10-01
3194,45,104,6,2,5,2025-07-01
3195,45,104,18,21,25,2024-06-01
3196,45,104,23,20,5,2025-12-01
3197,45,104,22,19,14,2024-12-01
3198,45,104,32,10,3,2025-10-01
3199,45,130,27,10,6,2024-03-01
3200,45,130,36,23,13,2024-08-01
3201,45,130,28,22,5,2024-06-01
3202,45,130,13,17,16,2025-03-01
3203,45,130,21,19,9,2025-12-01
3204,45,130,27,14,3,2025-01-01
3205,45,130,29,24,12,2024-01-01
3206,46,128,36,17,11,2024-02-01
3207,46,128,24,25,20,2025-08-01
3208,46,128,0,3,3,2025-09-01
3209,46,128,23,18,9,2025-05-01
3210,46,128,18,13,7,2025-04-01
3211,46,128,11,21,23,2024-03-01
3212,46,149,7,7,7,2025-08-01
3213,46,149,4,19,19,2024-02-01
3214,46,149,10,11,14,2024-07-01
3215,46,149,28,10,3,2024-08-01
3216,46,149,33,14,1,2025-05-01
3217,46,149,19,11,2,2025-09-01
3218,46,149,43,14,0,2025-11-01
3219,46,149,3,4,2,2025-07-01
3220,46,104,31,17,13,2025-10-01
3221,46,104,36,13,5,2025-09-01
3222,46,104,11,16,17,2025-07-01
3223,46,104,8,6,2,2024-06-01
3224,46,104,9,2,4,2025-06-01
3225,46,104,13,22,26,2024-08-01
3226,46,104,8,12,7,2024-03-01
3227,46,104,31,20,0,2025-03-01
3228,46,104,36,24,16,2024-04-01
3229,46,106,4,23,25,2024-10-01
3230,46,106,26,21,23,2025-01-01
3231,46,106,24,16,19,2025-06-01
3232,46,106,23,4,9,2025-11-01
3233,46,106,26,15,13,2024-06-01
3234,46,106,0,19,23,2025-07-01
3235,46,106,7,12,6,2025-05-01
3236,46,116,17,2,0,2024-04-01
3237,46,116,27,4,5,2025-02-01
3238,46,116,6,9,10,2024-06-01
3239,46,116,34,7,3,2024-12-01
3240,46,116,25,23,13,2024-09-01
3241,46,116,0,12,13,2025-04-01
3242,46,116,11,17,22,2024-02-01
3243,46,116,21,23,4,2024-10-01
3244,46,116,25,6,4,2025-08-01
3245,46,165,20,18,5,2024-03-01
3246,46,165,9,22,17,2024-10-01
3247,46,165,1,14,14,2025-11-01
3248,46,165,9,17,18,2025-04-01
3249,46,165,22,5,1,2024-12-01
3250,46,165,20,25,20,2025-10-01
3251,47,126,22,22,0,2024-03-01
3252,47,126,15,18,16,2025-09-01
3253,47,126,20,18,10,2024-09-01
3254,47,126,11,2,6,2025-04-01
3255,47,126,23,16,19,2024-01-01
3256,47,126,19,3,6,2025-11-01
3257,47,126,20,18,15,2025-05-01
3258,47,126,10,13,6,2025-08-01
3259,47,126,9,7,7,2024-04-01
3260,47,187,6,5,8,2025-08-01
3261,47,187,9,10,9,2024-05-01
3262,47,187,11,6,5,2025-10-01
3263,47,187,22,7,2,2024-09-01
3264,47,187,1,6,7,2025-02-01
3265,47,187,4,21,25,2025-03-01
3266,47,187,35,12,0,2024-07-01
3267,47,118,33,15,4,2024-05-01
3268,47,118,17,15,16,2024-02-01
3269,47,118,32,11,6,2025-07-01
3270,47,118,32,13,6,2024-01-01
3271,47,118,43,25,8,2025-02-01
3272,47,118,7,3,4,2025-01-01
3273,47,118,23,7,12,2024-06-01
3274,47,118,1,8,13,2025-05-01
3275,47,118,48,23,1,2024-11-01
3276,47,118,16,6,11,2024-07-01
3277,47,118,15,23,18,2024-09-01
3278,47,118,25,22,12,2025-03-01
3279,47,116,33,5,2,2025-07-01
3280,47,116,11,24,25,2025-11-01
3281,47,116,22,2,1,2024-09-01
3282,47,116,32,9,3,2024-08-01
3283,47,116,15,10,1,2024-03-01
3284,47,116,26,7,7,2025-12-01
3285,47,116,24,22,17,2024-11-01
3286,47,116,31,4,2,2025-09-01
3287,47,128,22,18,8,2024-10-01
3288,47,128,22,8,11,2025-03-01
3289,47,128,28,22,6,2025-10-01
3290,47,128,25,13,3,2024-09-01
3291,47,128,26,3,1,2024-06-01
3292,47,128,52,23,1,2024-12-01
3293,47,128,28,14,13,2025-01-01
3294,47,128,48,23,0,2024-08-01
3295,47,182,14,15,8,2024-01-01
3296,47,182,16,12,14,2024-07-01
3297,47,182,1,21,21,2024-08-01
3298,47,182,27,11,5,2024-06-01
3299,47,182,25,8,13,2025-08-01
3300,47,182,27,9,9,2024-11-01
3301,47,182,32,14,10,2024-10-01
3302,47,182,7,8,11,2025-09-01
3303,47,182,22,11,5,2024-05-01
3304,47,182,26,5,3,2025-12-01
3305,47,111,2,5,3,2024-06-01
3306,47,111,16,15,19,2025-03-01
3307,47,111,25,15,2,2025-12-01
3308,47,111,33,22,13,2025-09-01
3309,47,111,10,6,3,2025-06-01
3310,47,111,3,7,8,2024-08-01
3311,47,111,13,24,16,2025-01-01
3312,47,111,17,11,10,2025-02-01
3313,47,111,23,6,9,2024-03-01
3314,47,135,47,20,2,2025-04-01
3315,47,135,9,12,6,2025-08-01
3316,47,135,13,18,12,2025-07-01
3317,47,135,12,12,8,2025-10-01
3318,47,135,12,6,0,2024-12-01
3319,47,135,15,14,15,2024-02-01
3320,48,129,13,18,20,2024-03-01
3321,48,129,29,12,2,2025-04-01
3322,48,129,20,23,10,2025-03-01
3323,48,129,27,19,16,2024-01-01
3324,48,129,10,12,2,2024-02-01
3325,48,129,3,7,9,2025-07-01
3326,48,129,37,15,5,2025-12-01
3327,48,129,8,3,0,2024-12-01
3328,48,184,31,15,12,2024-05-01
3329,48,184,8,21,23,2024-09-01
3330,48,184,1,6,9,2025-06-01
3331,48,184,10,5,5,2025-02-01
3332,48,184,19,23,18,2024-03-01
3333,48,184,19,22,17,2025-11-01
3334,48,178,26,3,0,2024-03-01
3335,48,178,27,11,10,2024-08-01
3336,48,178,12,5,4,2025-07-01
3337,48,178,16,17,10,2025-05-01
3338,48,178,7,3,4,2025-10-01
3339,48,178,0,2,7,2025-08-01
3340,48,178,25,25,11,2024-04-01
3341,48,178,26,14,3,2025-02-01
3342,48,178,28,5,1,2025-12-01
3343,48,178,13,9,10,2024-07-01
3344,48,178,14,4,2,2024-01-01
3345,48,178,37,18,1,2024-06-01
3346,48,171,20,15,12,2024-09-01
3347,48,171,37,24,9,2024-08-01
3348,48,171,9,4,2,2025-09-01
3349,48,171,0,7,7,2025-02-01
3350,48,171,25,2,7,2025-11-01
3351,48,171,11,6,8,2024-11-01
3352,48,171,5,17,15,2025-08-01
3353,48,171,10,4,7,2024-03-01
3354,48,171,16,5,8,2024-01-01
3355,48,171,13,9,14,2025-04-01
3356,48,171,33,22,17,2025-05-01
3357,48,171,2,11,12,2024-02-01
3358,48,153,33,11,5,2025-12-01
3359,48,153,17,2,6,2024-05-01
3360,48,153,11,15,14,2024-01-01
3361,48,153,32,10,3,2025-09-01
3362,48,153,14,8,13,2025-11-01
3363,48,153,30,25,23,2024-11-01
3364,48,153,21,4,2,2024-03-01
3365,48,135,4,8,10,2025-09-01
3366,48,135,44,25,2,2025-07-01
3367,48,135,29,11,10,2025-05-01
3368,48,135,25,14,1,2025-01-01
3369,48,135,46,25,1,2024-10-01
3370,48,135,31,11,10,2025-06-01
3371,48,135,11,17,20,2025-08-01
3372,48,135,3,21,19,2024-05-01
3373,48,168,20,15,1,2025-08-01
3374,48,168,7,6,5,2024-09-01
3375,48,168,30,16,10,2024-10-01
3376,48,168,5,4,0,2024-02-01
3377,48,168,23,7,1,2025-03-01
3378,48,168,22,7,7,2025-02-01
3379,48,168,22,16,21,2025-05-01
3380,48,168,19,8,13,2024-06-01
3381,48,168,24,5,4,2024-01-01
3382,48,168,37,19,5,2024-11-01
3383,48,168,30,23,14,2025-04-01
3384,48,168,5,3,4,2025-06-01
3385,49,102,9,2,7,2024-11-01
3386,49,102,5,21,19,2025-08-01
3387,49,102,18,13,9,2024-03-01
3388,49,102,7,14,7,2025-10-01
3389,49,102,31,24,16,2025-02-01
3390,49,102,16,22,14,2025-06-01
3391,49,158,20,20,22,2025-10-01
3392,49,158,22,18,23,2025-12-01
3393,49,158,0,11,15,2024-02-01
3394,49,158,41,24,6,2025-05-01
3395,49,158,5,13,9,2025-02-01
3396,49,158,10,3,1,2025-03-01
3397,49,158,18,9,4,2024-07-01
3398,49,158,7,17,16,2024-06-01
3399,49,158,7,4,9,2024-08-01
3400,49,158,20,7,2,2025-04-01
3401,49,158,21,7,8,2024-01-01
3402,49,158,13,9,3,2025-01-01
3403,49,144,19,6,7,2024-05-01
3404,49,144,30,5,2,2024-11-01
3405,49,144,6,12,9,2024-01-01
3406,49,144,39,19,8,2025-04-01
3407,49,144,15,14,0,2025-07-01
3408,49,144,6,11,15,2024-04-01
3409,49,144,2,20,24,2024-10-01
3410,49,138,24,3,8,2025-01-01
3411,49,138,23,21,0,2024-08-01
3412,49,138,1,2,4,2025-04-01
3413,49,138,23,17,18,2025-06-01
3414,49,138,11,25,26,2024-12-01
3415,49,138,23,24,27,2024-11-01
3416,49,110,25,11,13,2025-06-01
3417,49,110,2,12,12,2024-05-01
3418,49,110,28,7,0,2025-03-01
3419,49,110,32,23,16,2025-05-01
3420,49,110,53,25,2,2024-07-01
3421,49,110,10,5,1,2024-12-01
3422,49,110,34,18,14,2024-09-01
3423,49,110,27,14,1,2024-11-01
3424,49,110,9,17,14,2024-04-01
3425,49,110,16,3,2,2025-12-01
3426,49,110,13,12,10,2024-06-01
3427,49,116,9,12,14,2024-04-01
3428,49,116,22,14,2,2024-10-01
3429,49,116,3,4,9,2024-07-01
3430,49,116,10,23,28,2024-09-01
3431,49,116,24,20,7,2024-11-01
3432,49,116,41,25,14,2025-03-01
3433,49,135,7,17,21,2024-09-01
3434,49,135,5,3,4,2024-08-01
3435,49,135,29,22,16,2024-02-01
3436,49,135,40,16,4,2024-11-01
3437,49,135,19,22,14,2025-05-01
3438,49,135,21,8,1,2025-11-01
3439,49,135,18,2,4,2025-06-01
3440,49,135,24,22,2,2025-02-01
3441,49,135,21,16,16,2024-01-01
3442,49,135,13,23,19,2024-03-01
3443,49,177,5,3,6,2024-04-01
3444,49,177,14,4,9,2025-01-01
3445,49,177,40,20,4,2024-03-01
3446,49,177,21,17,19,2024-12-01
3447,49,177,8,18,23,2024-06-01
3448,49,177,22,9,3,2024-01-01
3449,49,177,44,14,0,2025-02-01
3450,49,126,9,15,15,2024-09-01
3451,49,126,24,5,0,2024-11-01
3452,49,126,33,12,1,2025-11-01
3453,49,126,15,22,18,2024-03-01
3454,49,126,18,20,15,2025-02-01
3455,49,126,3,6,6,2025-09-01
3456,49,126,16,16,6,2024-05-01
3457,49,126,39,15,3,2025-05-01
3458,49,126,24,3,1,2025-08-01
3459,49,126,35,24,0,2024-10-01
3460,49,172,17,10,15,2025-09-01
3461,49,172,25,19,18,2025-10-01
3462,49,172,0,2,7,2024-03-01
3463,49,172,17,15,6,2024-08-01
3464,49,172,6,3,2,2024-09-01
3465,49,172,23,7,5,2025-03-01
3466,49,172,23,10,8,2025-05-01
3467,49,172,26,25,24,2024-06-01
3468,49,172,18,10,10,2025-06-01
3469,50,144,21,12,16,2024-05-01
3470,50,144,32,11,2,2024-03-01
3471,50,144,3,25,23,2025-01-01
3472,50,144,26,15,6,2024-04-01
3473,50,144,15,21,25,2024-11-01
3474,50,144,21,6,11,2025-06-01
3475,50,144,20,5,8,2025-05-01
3476,50,120,43,23,10,2024-07-01
3477,50,120,39,14,5,2025-06-01
3478,50,120,15,6,10,2025-01-01
3479,50,120,6,25,23,2025-02-01
3480,50,120,10,9,6,2024-06-01
3481,50,120,14,21,13,2024-04-01
3482,50,120,36,9,1,2024-09-01
3483,50,120,26,3,6,2025-05-01
3484,50,120,5,17,14,2025-12-01
3485,50,120,28,17,17,2025-09-01
3486,50,120,22,4,6,2025-03-01
3487,50,120,39,22,1,2025-11-01
3488,50,141,14,2,5,2024-03-01
3489,50,141,43,23,3,2024-07-01
3490,50,141,30,22,0,2024-06-01
3491,50,141,14,14,12,2025-09-01
3492,50,141,31,14,5,2025-07-01
3493,50,141,18,10,5,2024-09-01
3494,50,141,27,19,19,2025-08-01
3495,50,141,10,11,4,2024-12-01
3496,50,141,24,6,3,2024-04-01
3497,50,141,23,15,3,2024-01-01
3498,50,141,23,12,7,2025-05-01
3499,50,136,30,5,1,2024-02-01
3500,50,136,2,3,2,2025-05-01
3501,50,136,2,2,2,2025-11-01
3502,50,136,21,3,1,2024-12-01
3503,50,136,23,16,11,2025-03-01
3504,50,136,23,23,6,2024-11-01
3505,50,136,7,21,16,2025-08-01
3506,50,136,23,9,6,2025-09-01
3507,50,136,13,5,9,2024-03-01
3508,50,136,11,8,13,2025-10-01
3509,50,136,11,19,12,2025-07-01
3510,50,136,29,18,12,2025-12-01
3511,50,172,20,15,14,2025-02-01
3512,50,172,14,8,4,2024-02-01
3513,50,172,24,22,26,2025-07-01
3514,50,172,17,6,9,2025-05-01
3515,50,172,16,6,7,2025-06-01
3516,50,172,36,10,4,2024-06-01
3517,50,172,18,17,12,2024-10-01
3518,50,172,45,22,7,2024-01-01
3519,50,172,28,13,8,2024-09-01
3520,50,137,30,25,12,2025-12-01
3521,50,137,37,21,6,2024-01-01
3522,50,137,15,23,13,2025-03-01
3523,50,137,25,5,10,2024-10-01
3524,50,137,7,18,20,2024-04-01
3525,50,137,28,16,3,2025-08-01
3526,50,137,24,5,1,2024-11-01
3527,50,137,28,17,15,2025-10-01
3528,50,137,31,19,15,2025-05-01
3529,50,137,24,12,1,2025-09-01
3530,51,153,10,6,0,2025-05-01
3531,51,153,26,20,1,2024-05-01
3532,51,153,10,7,6,2025-12-01
3533,51,153,26,13,0,2024-02-01
3534,51,153,26,18,15,2024-04-01
3535,51,153,21,21,16,2025-03-01
3536,51,153,16,16,6,2024-09-01
3537,51,153,13,11,5,2025-07-01
3538,51,153,21,3,5,2024-12-01
3539,51,153,27,21,14,2024-03-01
3540,51,177,10,17,16,2025-10-01
3541,51,177,6,10,13,2024-06-01
3542,51,177,16,6,8,2025-01-01
3543,51,177,24,14,2,2025-11-01
3544,51,177,14,4,5,2025-12-01
3545,51,177,28,3,4,2024-07-01
3546,51,177,8,21,15,2025-09-01
3547,51,177,27,6,9,2025-06-01
3548,51,177,25,11,12,2024-10-01
3549,51,149,29,17,8,2024-04-01
3550,51,149,37,16,6,2024-12-01
3551,51,149,14,20,9,2025-12-01
3552,51,149,11,17,12,2024-08-01
3553,51,149,37,24,10,2024-07-01
3554,51,149,28,6,3,2025-10-01
3555,51,149,19,25,11,2024-11-01
3556,51,149,16,8,10,2025-04-01
3557,51,149,18,7,3,2024-03-01
3558,51,155,0,3,8,2025-05-01
3559,51,155,25,2,4,2025-07-01
3560,51,155,48,21,0,2025-03-01
3561,51,155,29,10,7,2024-05-01
3562,51,155,28,18,10,2024-01-01
3563,51,155,16,24,8,2024-08-01
3564,51,155,19,15,13,2024-09-01
3565,51,155,18,19,16,2024-07-01
3566,51,155,23,2,2,2025-04-01
3567,51,165,3,6,11,2025-10-01
3568,51,165,20,6,10,2024-10-01
3569,51,165,11,11,4,2025-08-01
3570,51,165,30,20,18,2025-06-01
3571,51,165,29,10,4,2025-04-01
3572,51,165,19,8,7,2024-12-01
3573,51,165,31,24,1,2025-03-01
3574,51,165,10,19,21,2024-05-01
3575,51,165,13,19,11,2025-07-01
3576,51,141,42,20,8,2025-10-01
3577,51,141,0,8,11,2024-10-01
3578,51,141,9,8,12,2025-06-01
3579,51,141,24,4,1,2024-11-01
3580,51,141,31,6,3,2025-01-01
3581,51,141,33,5,1,2024-06-01
3582,51,141,25,10,0,2025-07-01
3583,51,141,16,11,11,2024-12-01
3584,51,150,9,15,13,2024-11-01
3585,51,150,38,17,5,2025-11-01
3586,51,150,24,20,13,2024-03-01
3587,51,150,36,15,2,2025-02-01
3588,51,150,11,7,10,2024-08-01
3589,51,150,35,21,1,2025-08-01
3590,51,105,32,22,14,2024-04-01
3591,51,105,19,25,16,2024-02-01
3592,51,105,1,9,11,2025-02-01
3593,51,105,19,10,11,2024-03-01
3594,51,105,21,13,6,2025-03-01
3595,51,105,11,14,16,2024-10-01
3596,51,105,33,19,1,2025-07-01
3597,51,105,12,6,4,2025-05-01
3598,51,105,30,24,5,2025-12-01
3599,51,105,33,10,0,2024-12-01
3600,51,105,25,12,11,2024-05-01
3601,51,142,0,9,14,2025-03-01
3602,51,142,17,9,5,2024-07-01
3603,51,142,39,25,10,2025-06-01
3604,51,142,1,12,11,2024-09-01
3605,51,142,30,15,12,2025-07-01
3606,51,142,10,23,15,2024-10-01
3607,52,122,15,16,18,2025-08-01
3608,52,122,16,22,27,2025-10-01
3609,52,122,18,9,7,2025-07-01
3610,52,122,37,17,0,2025-04-01
3611,52,122,0,12,17,2024-06-01
3612,52,122,14,14,19,2025-05-01
3613,52,161,17,2,4,2025-06-01
3614,52,161,26,20,0,2025-01-01
3615,52,161,13,14,2,2024-11-01
3616,52,161,20,7,12,2024-10-01
3617,52,161,10,4,6,2025-05-01
3618,52,161,11,9,11,2024-05-01
3619,52,161,28,11,12,2025-11-01
3620,52,161,46,22,1,2024-04-01
3621,52,119,10,10,11,2024-07-01
3622,52,119,15,11,5,2025-10-01
3623,52,119,39,22,8,2024-08-01
3624,52,119,16,2,6,2025-11-01
3625,52,119,24,24,26,2025-04-01
3626,52,119,26,13,4,2024-02-01
3627,52,119,10,19,20,2025-05-01
3628,52,119,15,14,8,2024-03-01
3629,52,119,9,12,13,2025-09-01
3630,52,132,25,23,7,2024-04-01
3631,52,132,27,5,1,2025-07-01
3632,52,132,10,13,8,2025-11-01
3633,52,132,12,15,20,2025-06-01
3634,52,132,17,19,11,2024-03-01
3635,52,132,26,11,3,2024-07-01
3636,52,132,3,15,13,2024-10-01
3637,52,151,14,16,10,2024-11-01
3638,52,151,9,9,12,2025-07-01
3639,52,151,5,6,10,2025-02-01
3640,52,151,32,7,1,2024-08-01
3641,52,151,14,3,2,2024-07-01
3642,52,151,0,18,18,2024-05-01
3643,52,168,27,15,15,2024-05-01
3644,52,168,26,23,22,2025-09-01
3645,52,168,32,19,3,2024-04-01
3646,52,168,13,16,11,2024-03-01
3647,52,168,3,10,9,2024-08-01
3648,52,168,14,18,19,2024-07-01
3649,52,168,37,20,12,2025-11-01
3650,52,127,23,21,7,2025-05-01
3651,52,127,27,8,0,2025-09-01
3652,52,127,13,16,9,2025-10-01
3653,52,127,31,25,0,2025-07-01
3654,52,127,9,9,8,2024-10-01
3655,52,127,11,9,10,2025-11-01
3656,52,134,14,18,14,2025-06-01
3657,52,134,26,8,3,2024-11-01
3658,52,134,20,11,7,2025-11-01
3659,52,134,40,23,9,2025-03-01
3660,52,134,24,17,6,2025-12-01
3661,52,134,43,23,9,2025-05-01
3662,52,174,8,15,11,2025-11-01
3663,52,174,20,11,8,2025-08-01
3664,52,174,14,4,5,2025-05-01
3665,52,174,17,10,15,2024-12-01
3666,52,174,22,24,5,2024-01-01
3667,52,174,12,3,6,2025-02-01
3668,52,174,9,10,8,2025-01-01
3669,52,174,6,7,3,2025-04-01
3670,52,174,28,9,3,2025-07-01
3671,53,151,13,19,20,2024-07-01
3672,53,151,32,14,0,2024-11-01
3673,53,151,19,19,14,2024-08-01
3674,53,151,21,9,3,2025-12-01
3675,53,151,26,10,5,2024-10-01
3676,53,151,25,13,8,2024-04-01
3677,53,101,3,21,19,2024-04-01
3678,53,101,43,20,6,2025-06-01
3679,53,101,18,11,16,2025-07-01
3680,53,101,22,6,6,2025-11-01
3681,53,101,36,17,0,2024-12-01
3682,53,101,6,15,12,2025-02-01
3683,53,101,36,22,1,2025-05-01
3684,53,101,21,20,6,2024-08-01
3685,53,101,15,2,0,2025-08-01
3686,53,101,13,15,13,2024-10-01
3687,53,101,14,8,1,2024-09-01
3688,53,148,17,14,16,2024-05-01
3689,53,148,9,5,7,2024-10-01
3690,53,148,36,10,1,2025-01-01
3691,53,148,27,20,6,2024-04-01
3692,53,148,32,24,11,2025-09-01
3693,53,148,28,25,6,2025-02-01
3694,53,148,5,7,10,2024-01-01
3695,53,148,0,4,9,2024-11-01
3696,53,148,6,20,19,2024-12-01
3697,53,148,16,20,18,2024-09-01
3698,53,106,12,14,4,2024-04-01
3699,53,106,3,5,10,2024-03-01
3700,53,106,36,24,15,2024-09-01
3701,53,106,23,11,11,2025-01-01
3702,53,106,22,24,20,2024-07-01
3703,53,106,29,5,5,2024-02-01
3704,53,106,3,2,6,2025-05-01
3705,53,132,10,20,22,2024-08-01
3706,53,132,34,8,2,2024-09-01
3707,53,132,10,2,0,2024-05-01
3708,53,132,19,18,9,2025-09-01
3709,53,132,24,20,25,2024-04-01
3710,53,132,29,8,9,2025-04-01
3711,53,132,32,17,4,2025-05-01
3712,53,132,16,16,15,2024-02-01
3713,53,132,20,10,13,2024-07-01
3714,53,132,26,15,17,2024-12-01
3715,53,132,17,2,7,2024-03-01
3716,53,134,27,8,8,2025-08-01
3717,53,134,9,3,5,2024-10-01
3718,53,134,5,18,19,2025-07-01
3719,53,134,28,10,0,2024-08-01
3720,53,134,12,24,22,2024-01-01
3721,53,134,25,14,11,2025-10-01
3722,53,134,30,12,11,2024-02-01
3723,53,134,27,24,23,2025-01-01
3724,53,134,8,6,2,2025-06-01
3725,53,134,14,18,19,2025-11-01
3726,53,134,33,25,19,2024-07-01
3727,53,134,19,6,8,2024-06-01
3728,53,153,22,18,12,2024-07-01
3729,53,153,9,18,12,2024-03-01
3730,53,153,23,16,4,2025-01-01
3731,53,153,19,2,5,2024-04-01
3732,53,153,6,2,5,2024-01-01
3733,53,153,14,20,14,2024-02-01
3734,53,182,0,2,6,2024-07-01
3735,53,182,35,7,0,2025-09-01
3736,53,182,0,10,12,2025-02-01
3737,53,182,44,20,5,2025-05-01
3738,53,182,39,10,0,2025-03-01
3739,53,182,11,22,12,2024-02-01
3740,53,182,31,23,19,2025-10-01
3741,53,182,11,2,2,2024-06-01
3742,54,122,23,9,14,2025-02-01
3743,54,122,23,9,11,2024-11-01
3744,54,122,24,13,4,2024-03-01
3745,54,122,21,10,15,2024-05-01
3746,54,122,2,11,12,2025-12-01
3747,54,122,17,23,25,2025-03-01
3748,54,122,6,16,16,2024-10-01
3749,54,122,19,17,20,2024-04-01
3750,54,122,31,12,11,2025-07-01
3751,54,122,22,4,6,2024-09-01
3752,54,122,23,21,19,2025-05-01
3753,54,122,38,21,2,2025-08-01
3754,54,133,8,23,15,2025-06-01
3755,54,133,38,20,5,2024-07-01
3756,54,133,28,19,11,2025-10-01
3757,54,133,32,13,8,2024-04-01
3758,54,133,28,12,5,2024-05-01
3759,54,133,40,19,9,2024-01-01
3760,54,133,11,12,17,2024-02-01
3761,54,133,32,11,1,2024-09-01
3762,54,133,10,3,3,2024-11-01
3763,54,133,24,19,17,2025-03-01
3764,54,133,38,25,10,2025-05-01
3765,54,133,19,2,7,2024-10-01
3766,54,154,22,13,15,2024-01-01
3767,54,154,11,10,12,2025-08-01
3768,54,154,35,25,1,2025-05-01
3769,54,154,27,6,3,2024-08-01
3770,54,154,50,21,1,2025-04-01
3771,54,154,22,19,4,2025-03-01
3772,54,154,14,6,10,2024-12-01
3773,54,109,23,10,14,2024-05-01
3774,54,109,32,7,0,2025-09-01
3775,54,109,35,5,0,2025-05-01
3776,54,109,8,22,23,2024-07-01
3777,54,109,27,17,17,2025-12-01
3778,54,109,19,3,8,2025-06-01
3779,54,109,39,25,11,2024-12-01
3780,54,109,15,15,8,2024-09-01
3781,54,109,15,2,5,2025-07-01
3782,54,109,9,7,2,2025-02-01
3783,54,109,22,8,2,2025-10-01
3784,54,149,18,8,6,2025-09-01
3785,54,149,20,17,2,2025-12-01
3786,54,149,14,17,17,2024-11-01
3787,54,149,31,3,1,2025-08-01
3788,54,149,25,22,15,2024-09-01
3789,54,149,19,19,10,2025-04-01
3790,54,149,3,15,19,2025-11-01
3791,54,149,16,17,13,2024-01-01
3792,54,149,17,9,12,2024-05-01
3793,54,149,8,15,12,2025-05-01
3794,54,138,2,5,9,2025-04-01
3795,54,138,26,3,6,2025-02-01
3796,54,138,21,6,0,2024-05-01
3797,54,138,29,15,12,2025-10-01
3798,54,138,26,11,10,2025-06-01
3799,54,138,24,10,12,2024-08-01
3800,54,138,0,17,21,2024-06-01
3801,54,138,27,15,18,2025-07-01
3802,54,138,33,24,4,2024-01-01
3803,54,138,30,19,8,2025-03-01
3804,54,185,26,24,24,2024-10-01
3805,54,185,31,13,1,2024-02-01
3806,54,185,30,14,2,2025-02-01
3807,54,185,3,9,9,2024-09-01
3808,54,185,6,21,24,2024-05-01
3809,54,185,22,11,15,2024-06-01
3810,54,185,17,24,24,2025-04-01
3811,54,185,32,24,4,2025-06-01
3812,54,185,18,18,13,2025-08-01
3813,54,185,29,20,7,2024-07-01
3814,54,185,34,15,0,2025-01-01
3815,54,185,10,22,14,2024-03-01
3816,54,151,1,20,22,2024-02-01
3817,54,151,15,16,17,2024-12-01
3818,54,151,34,12,0,2025-07-01
3819,54,151,17,18,21,2024-05-01
3820,54,151,19,16,4,2025-11-01
3821,54,151,32,10,7,2024-03-01
3822,54,151,46,21,0,2025-12-01
3823,54,151,12,15,20,2024-06-01
3824,54,151,21,8,13,2024-10-01
3825,54,151,37,23,16,2025-08-01
3826,54,151,25,23,15,2024-07-01
3827,54,151,0,25,30,2025-03-01
3828,54,165,14,5,8,2025-09-01
3829,54,165,41,16,3,2024-10-01
3830,54,165,18,6,10,2025-12-01
3831,54,165,5,12,7,2024-09-01
3832,54,165,13,12,8,2024-05-01
3833,54,165,8,15,17,2025-02-01
3834,54,106,17,4,1,2024-07-01
3835,54,106,7,4,7,2024-01-01
3836,54,106,4,10,10,2024-09-01
3837,54,106,25,2,7,2025-05-01
3838,54,106,9,16,14,2025-12-01
3839,54,106,3,2,2,2024-08-01
3840,54,106,12,2,6,2025-09-01
3841,54,106,29,25,21,2025-08-01
3842,54,106,4,24,25,2024-05-01
3843,54,106,17,8,9,2025-04-01
3844,54,106,9,5,0,2024-02-01
3845,55,183,5,9,5,2024-10-01
3846,55,183,16,8,3,2025-09-01
3847,55,183,17,24,16,2025-10-01
3848,55,183,18,19,12,2025-08-01
3849,55,183,26,10,5,2025-12-01
3850,55,183,23,18,2,2024-02-01
3851,55,183,36,23,1,2025-02-01
3852,55,162,0,3,8,2025-02-01
3853,55,162,9,22,19,2025-05-01
3854,55,162,38,13,1,2024-06-01
3855,55,162,28,15,7,2024-07-01
3856,55,162,34,8,0,2025-04-01
3857,55,162,36,20,11,2024-01-01
3858,55,162,38,17,6,2024-02-01
3859,55,162,15,10,13,2025-11-01
3860,55,185,15,12,14,2025-06-01
3861,55,185,27,24,8,2024-02-01
3862,55,185,9,25,17,2024-05-01
3863,55,185,17,19,15,2025-05-01
3864,55,185,31,16,12,2024-03-01
3865,55,185,34,22,18,2024-04-01
3866,55,185,3,7,8,2025-08-01
3867,55,185,3,5,9,2025-09-01
3868,55,185,25,13,2,2024-10-01
3869,55,177,30,2,1,2025-01-01
3870,55,177,10,12,9,2025-11-01
3871,55,177,0,19,24,2025-05-01
3872,55,177,10,8,3,2024-04-01
3873,55,177,42,16,4,2024-12-01
3874,55,177,14,13,2,2025-09-01
3875,55,177,28,16,4,2025-10-01
3876,55,177,20,2,2,2024-06-01
3877,55,177,16,11,5,2025-06-01
3878,55,119,8,22,16,2024-02-01
3879,55,119,22,25,9,2025-11-01
3880,55,119,2,10,12,2025-05-01
3881,55,119,5,17,12,2025-09-01
3882,55,119,16,3,7,2024-10-01
3883,55,119,12,8,0,2025-03-01
3884,55,119,0,5,7,2025-12-01
3885,55,169,18,18,15,2024-10-01
3886,55,169,20,9,10,2025-07-01
3887,55,169,19,25,10,2024-11-01
3888,55,169,21,10,1,2025-06-01
3889,55,169,9,3,6,2024-09-01
3890,55,169,23,21,5,2025-11-01
3891,55,169,33,21,13,2025-02-01
3892,55,169,12,10,2,2025-05-01
3893,55,169,9,8,4,2025-10-01
3894,55,169,10,5,9,2024-01-01
3895,55,169,7,19,19,2025-08-01
3896,55,101,11,6,0,2024-07-01
3897,55,101,12,22,20,2024-08-01
3898,55,101,11,15,19,2025-04-01
3899,55,101,4,10,6,2024-12-01
3900,55,101,23,13,4,2025-11-01
3901,55,101,18,15,7,2024-03-01
3902,55,101,25,10,7,2025-06-01
3903,56,149,5,3,1,2025-07-01
3904,56,149,11,13,14,2025-12-01
3905,56,149,29,6,0,2024-11-01
3906,56,149,18,8,10,2025-06-01
3907,56,149,20,5,2,2024-10-01
3908,56,149,17,7,8,2024-08-01
3909,56,101,26,10,9,2025-05-01
3910,56,101,22,9,10,2024-12-01
3911,56,101,37,16,7,2025-09-01
3912,56,101,48,24,6,2025-04-01
3913,56,101,34,16,11,2024-11-01
3914,56,101,23,13,1,2025-01-01
3915,56,101,23,17,2,2025-10-01
3916,56,101,16,20,12,2024-09-01
3917,56,160,18,17,2,2024-07-01
3918,56,160,14,7,2,2024-09-01
3919,56,160,18,15,17,2024-10-01
3920,56,160,26,17,1,2024-08-01
3921,56,160,35,18,0,2024-02-01
3922,56,160,8,12,17,2025-12-01
3923,56,160,13,6,1,2025-06-01
3924,56,160,40,11,1,2024-01-01
3925,56,160,23,16,8,2025-04-01
3926,56,160,13,16,7,2025-01-01
3927,56,185,32,11,4,2024-05-01
3928,56,185,13,6,4,2024-02-01
3929,56,185,17,22,24,2024-06-01
3930,56,185,12,15,15,2024-01-01
3931,56,185,7,7,3,2025-03-01
3932,56,185,0,22,25,2024-03-01
3933,56,185,21,19,14,2025-11-01
3934,56,185,23,13,1,2024-10-01
3935,56,185,12,11,3,2025-07-01
3936,56,108,20,12,9,2025-03-01
3937,56,108,0,14,15,2025-10-01
3938,56,108,29,24,4,2024-09-01
3939,56,108,25,25,13,2024-06-01
3940,56,108,24,5,10,2024-12-01
3941,56,108,15,8,10,2024-03-01
3942,56,168,8,11,15,2025-04-01
3943,56,168,22,11,6,2024-12-01
3944,56,168,16,3,4,2024-07-01
3945,56,168,10,17,11,2024-05-01
3946,56,168,2,9,14,2025-03-01
3947,56,168,11,8,5,2025-02-01
3948,56,168,8,6,1,2025-06-01
3949,56,168,45,23,6,2025-08-01
3950,56,154,21,15,12,2025-12-01
3951,56,154,0,10,13,2024-05-01
3952,56,154,16,18,20,2025-10-01
3953,56,154,38,15,1,2024-09-01
3954,56,154,29,15,7,2024-07-01
3955,56,154,22,19,19,2024-08-01
3956,56,154,1,12,15,2025-08-01
3957,56,154,12,3,2,2024-06-01
3958,56,117,21,6,9,2025-05-01
3959,56,117,6,9,8,2024-09-01
3960,56,117,0,23,24,2024-10-01
3961,56,117,5,9,14,2025-02-01
3962,56,117,31,16,1,2025-11-01
3963,56,117,12,6,4,2025-08-01
3964,56,117,19,2,4,2025-07-01
3965,56,117,14,22,21,2025-12-01
3966,56,172,34,14,0,2025-01-01
3967,56,172,46,20,0,2024-08-01
3968,56,172,37,18,8,2025-10-01
3969,56,172,18,20,20,2025-06-01
3970,56,172,8,15,10,2024-12-01
3971,56,172,18,25,20,2024-06-01
3972,56,172,29,10,7,2024-07-01
3973,56,172,31,3,0,2024-04-01
3974,56,172,19,10,7,2024-09-01
3975,56,172,41,16,3,2025-09-01
3976,56,172,26,17,17,2024-02-01
3977,56,112,6,14,15,2024-07-01
3978,56,112,48,22,0,2025-09-01
3979,56,112,22,22,27,2025-05-01
3980,56,112,41,16,5,2024-12-01
3981,56,112,12,10,0,2024-06-01
3982,56,112,20,7,6,2025-08-01
3983,56,112,24,6,6,2024-02-01
3984,56,112,24,15,6,2024-11-01
3985,56,112,5,2,2,2024-04-01
3986,56,112,30,15,10,2024-03-01
3987,56,112,22,4,5,2024-05-01
3988,56,112,31,16,10,2025-02-01
3989,57,148,2,16,17,2024-05-01
3990,57,148,6,13,13,2024-08-01
3991,57,148,7,16,14,2025-07-01
3992,57,148,28,20,14,2024-10-01
3993,57,148,20,12,9,2024-02-01
3994,57,148,32,14,4,2024-12-01
3995,57,148,31,11,2,2025-09-01
3996,57,148,10,18,9,2025-12-01
3997,57,148,14,15,18,2025-08-01
3998,57,105,12,9,13,2025-06-01
3999,57,105,40,19,9,2024-05-01
4000,57,105,18,10,6,2025-04-01
4001,57,105,24,20,9,2024-07-01
4002,57,105,14,14,2,2024-08-01
4003,57,105,37,25,2,2024-10-01
4004,57,105,22,22,14,2025-11-01
4005,57,105,31,2,1,2025-10-01
4006,57,105,10,10,15,2024-12-01
4007,57,105,22,11,10,2024-02-01
4008,57,105,23,19,11,2024-04-01
4009,57,130,10,13,5,2025-07-01
4010,57,130,16,25,16,2024-07-01
4011,57,130,24,20,15,2024-01-01
4012,57,130,23,18,9,2025-09-01
4013,57,130,6,20,20,2025-03-01
4014,57,130,21,10,9,2024-05-01
4015,57,130,13,16,13,2025-04-01
4016,57,130,39,13,3,2025-08-01
4017,57,130,32,17,14,2024-09-01
4018,57,130,10,15,7,2024-08-01
4019,57,130,10,18,11,2024-04-01
4020,57,103,22,13,3,2025-12-01
4021,57,103,15,7,10,2024-12-01
4022,57,103,25,8,2,2024-07-01
4023,57,103,11,10,8,2025-02-01
4024,57,103,32,20,3,2024-05-01
4025,57,103,4,23,25,2025-06-01
4026,57,103,28,15,5,2025-09-01
4027,57,122,9,25,16,2024-06-01
4028,57,122,7,3,7,2025-12-01
4029,57,122,34,14,6,2025-07-01
4030,57,122,43,21,1,2024-01-01
4031,57,122,18,10,9,2025-03-01
4032,57,122,15,8,12,2025-05-01
4033,57,122,1,14,15,2024-10-01
4034,57,122,10,3,0,2025-09-01
4035,57,151,17,23,21,2025-12-01
4036,57,151,20,2,1,2024-06-01
4037,57,151,32,19,6,2024-04-01
4038,57,151,45,18,1,2025-01-01
4039,57,151,19,19,15,2024-05-01
4040,57,151,26,15,15,2025-09-01
4041,57,151,3,15,18,2024-08-01
4042,57,151,26,20,4,2024-09-01
4043,57,151,14,15,3,2024-11-01
4044,57,151,24,22,14,2024-02-01
4045,57,151,6,4,6,2025-06-01
4046,57,151,34,6,2,2024-07-01
4047,57,123,14,16,17,2024-07-01
4048,57,123,19,11,8,2025-11-01
4049,57,123,24,19,18,2025-12-01
4050,57,123,6,3,2,2024-10-01
4051,57,123,20,12,7,2025-10-01
4052,57,123,7,16,14,2025-04-01
4053,57,123,21,6,3,2024-09-01
4054,57,123,21,8,6,2024-01-01
4055,57,123,0,9,11,2024-03-01
4056,57,123,35,10,0,2025-03-01
4057,57,123,16,20,19,2025-08-01
4058,57,170,21,15,14,2025-10-01
4059,57,170,34,10,2,2024-11-01
4060,57,170,26,22,19,2024-01-01
4061,57,170,6,12,8,2024-08-01
4062,57,170,4,19,20,2025-08-01
4063,57,170,29,13,13,2024-12-01
4064,57,170,20,19,10,2025-12-01
4065,57,170,7,5,10,2025-06-01
4066,57,170,33,7,2,2025-05-01
4067,57,170,2,20,24,2024-07-01
4068,57,170,18,24,14,2025-09-01
4069,58,160,24,3,0,2025-03-01
4070,58,160,29,18,0,2025-05-01
4071,58,160,36,11,3,2024-04-01
4072,58,160,35,20,13,2025-09-01
4073,58,160,23,23,26,2024-10-01
4074,58,160,31,9,6,2025-06-01
4075,58,160,9,5,3,2024-02-01
4076,58,160,16,12,4,2024-05-01
4077,58,160,12,7,11,2025-08-01
4078,58,185,35,15,9,2025-05-01
4079,58,185,17,2,5,2025-11-01
4080,58,185,23,14,13,2024-10-01
4081,58,185,12,19,22,2025-08-01
4082,58,185,14,17,15,2024-09-01
4083,58,185,21,6,4,2025-07-01
4084,58,185,0,13,17,2025-04-01
4085,58,185,14,20,6,2025-06-01
4086,58,185,30,24,17,2024-04-01
4087,58,185,24,13,8,2025-09-01
4088,58,185,9,11,11,2025-12-01
4089,58,187,15,22,15,2024-09-01
4090,58,187,43,19,3,2024-03-01
4091,58,187,36,23,1,2024-08-01
4092,58,187,34,10,6,2025-05-01
4093,58,187,28,24,20,2025-08-01
4094,58,187,0,21,26,2025-11-01
4095,58,187,8,25,22,2025-06-01
4096,58,178,25,6,8,2024-11-01
4097,58,178,17,2,3,2025-11-01
4098,58,178,4,10,14,2024-02-01
4099,58,178,22,8,12,2025-02-01
4100,58,178,18,13,1,2025-08-01
4101,58,178,13,8,8,2024-09-01
4102,58,151,9,10,8,2024-08-01
4103,58,151,35,18,11,2024-01-01
4104,58,151,22,19,8,2024-05-01
4105,58,151,9,6,4,2025-08-01
4106,58,151,20,3,6,2025-01-01
4107,58,151,0,19,24,2024-06-01
4108,58,151,12,24,17,2024-09-01
4109,58,151,1,10,12,2025-05-01
4110,58,151,32,14,2,2024-02-01
4111,58,151,26,6,3,2025-02-01
4112,58,151,15,24,17,2024-10-01
4113,58,151,30,14,3,2025-04-01
4114,58,164,10,7,5,2024-05-01
4115,58,164,0,5,9,2024-02-01
4116,58,164,27,3,5,2025-12-01
4117,58,164,5,5,1,2025-10-01
4118,58,164,30,5,2,2024-06-01
4119,58,164,26,23,23,2025-01-01
4120,58,164,31,17,14,2024-01-01
4121,58,108,50,22,0,2025-08-01
4122,58,108,11,3,6,2024-12-01
4123,58,108,41,19,6,2025-12-01
4124,58,108,2,13,13,2025-03-01
4125,58,108,15,17,4,2024-06-01
4126,58,108,15,3,3,2025-06-01
4127,58,108,38,14,2,2025-10-01
4128,58,158,14,5,6,2025-06-01
4129,58,158,7,2,2,2024-07-01
4130,58,158,9,23,17,2025-07-01
4131,58,158,11,16,20,2024-04-01
4132,58,158,37,21,7,2024-01-01
4133,58,158,36,24,18,2024-02-01
4134,58,158,34,7,2,2024-06-01
4135,59,171,10,6,8,2024-12-01
4136,59,171,8,15,7,2025-08-01
4137,59,171,9,11,5,2025-12-01
4138,59,171,28,25,27,2024-10-01
4139,59,171,21,3,5,2024-08-01
4140,59,171,23,4,3,2025-06-01
4141,59,171,23,16,13,2025-09-01
4142,59,171,25,15,11,2025-11-01
4143,59,171,2,8,9,2025-07-01
4144,59,171,17,22,11,2024-09-01
4145,59,129,23,13,16,2024-05-01
4146,59,129,40,15,4,2025-07-01
4147,59,129,24,6,11,2025-03-01
4148,59,129,33,19,4,2025-02-01
4149,59,129,23,13,17,2025-08-01
4150,59,129,13,16,18,2024-12-01
4151,59,168,24,2,5,2025-08-01
4152,59,168,12,5,9,2025-01-01
4153,59,168,28,7,2,2024-02-01
4154,59,168,31,6,4,2024-06-01
4155,59,168,0,17,22,2024-12-01
4156,59,168,19,12,1,2024-03-01
4157,59,168,37,18,11,2025-09-01
4158,59,101,20,15,12,2025-12-01
4159,59,101,47,25,0,2025-11-01
4160,59,101,34,12,7,2025-09-01
4161,59,101,11,12,7,2024-07-01
4162,59,101,31,7,5,2024-11-01
4163,59,101,15,7,9,2025-02-01
4164,59,101,14,19,17,2024-08-01
4165,59,101,30,12,5,2024-06-01
4166,59,152,26,24,2,2025-11-01
4167,59,152,33,6,1,2024-04-01
4168,59,152,5,10,5,2024-07-01
4169,59,152,21,22,22,2025-02-01
4170,59,152,30,16,16,2025-05-01
4171,59,152,0,2,4,2024-10-01
4172,59,152,25,5,0,2024-08-01
4173,59,152,13,7,7,2025-12-01
4174,59,152,30,12,11,2024-01-01
4175,59,156,19,17,15,2024-12-01
4176,59,156,24,3,4,2025-04-01
4177,59,156,11,9,12,2024-07-01
4178,59,156,38,21,13,2024-06-01
4179,59,156,33,15,2,2025-02-01
4180,59,156,28,20,19,2024-10-01
4181,59,156,28,21,15,2024-03-01
4182,59,156,31,25,19,2024-01-01
4183,59,156,31,21,1,2025-05-01
4184,59,156,39,25,10,2024-09-01
4185,59,157,33,7,4,2024-08-01
4186,59,157,14,12,16,2025-02-01
4187,59,157,17,4,2,2025-04-01
4188,59,157,13,20,20,2024-03-01
4189,59,157,8,18,15,2025-11-01
4190,59,157,33,19,6,2025-01-01
4191,59,157,9,3,8,2024-02-01
4192,59,157,15,23,27,2024-07-01
4193,59,157,0,4,6,2024-09-01
4194,59,157,11,7,7,2024-01-01
4195,59,157,30,23,17,2024-10-01
4196,59,157,23,16,9,2025-05-01
4197,60,171,26,3,1,2025-02-01
4198,60,171,16,12,4,2024-04-01
4199,60,171,24,13,16,2024-08-01
4200,60,171,24,13,4,2024-07-01
4201,60,171,6,2,4,2025-06-01
4202,60,171,5,18,22,2024-02-01
4203,60,171,23,20,10,2025-01-01
4204,60,171,4,12,17,2024-01-01
4205,60,171,1,5,5,2025-03-01
4206,60,171,23,7,1,2025-11-01
4207,60,173,38,16,8,2025-01-01
4208,60,173,40,19,3,2025-05-01
4209,60,173,10,22,16,2025-06-01
4210,60,173,23,5,6,2024-05-01
4211,60,173,19,5,4,2024-09-01
4212,60,173,2,7,11,2024-07-01
4213,60,173,27,16,0,2025-04-01
4214,60,173,10,8,3,2024-03-01
4215,60,173,9,19,20,2025-10-01
4216,60,173,13,2,5,2024-08-01
4217,60,183,15,5,5,2025-07-01
4218,60,183,28,16,0,2025-12-01
4219,60,183,29,17,10,2024-06-01
4220,60,183,35,20,10,2025-02-01
4221,60,183,4,2,5,2024-07-01
4222,60,183,12,2,1,2025-11-01
4223,60,183,18,15,20,2025-09-01
4224,60,183,26,23,9,2024-11-01
4225,60,183,28,24,18,2024-10-01
4226,60,183,29,25,15,2024-01-01
4227,60,183,44,22,7,2025-04-01
4228,60,183,7,7,0,2025-01-01
4229,60,153,32,18,2,2025-10-01
4230,60,153,25,15,11,2025-09-01
4231,60,153,3,12,14,2024-11-01
4232,60,153,22,4,4,2024-04-01
4233,60,153,11,20,19,2024-08-01
4234,60,153,8,10,13,2025-01-01
4235,60,153,4,5,3,2025-06-01
4236,60,153,12,24,27,2024-01-01
4237,60,153,27,15,11,2024-07-01
4238,60,153,19,3,2,2024-02-01
4239,60,162,42,23,10,2024-11-01
4240,60,162,17,5,3,2025-04-01
4241,60,162,31,6,5,2025-12-01
4242,60,162,34,22,6,2024-12-01
4243,60,162,32,6,1,2025-09-01
4244,60,162,29,10,1,2025-08-01
4245,60,162,35,15,1,2025-01-01
4246,60,162,22,12,7,2024-07-01
4247,60,162,9,11,11,2025-07-01
4248,60,162,34,17,6,2025-02-01
4249,60,143,5,3,2,2025-10-01
4250,60,143,0,9,14,2024-04-01
4251,60,143,25,10,6,2025-04-01
4252,60,143,23,22,10,2025-07-01
4253,60,143,35,9,1,2025-03-01
4254,60,143,7,10,5,2024-02-01
4255,60,143,36,14,8,2024-12-01
4256,60,143,14,23,16,2025-12-01
4257,60,117,19,25,22,2024-04-01
4258,60,117,13,13,5,2025-03-01
4259,60,117,11,12,1,2024-03-01
4260,60,117,2,7,9,2024-10-01
4261,60,117,38,16,6,2025-09-01
4262,60,117,11,23,18,2024-09-01
4263,60,107,16,11,3,2024-03-01
4264,60,107,28,25,17,2024-12-01
4265,60,107,15,14,1,2025-11-01
4266,60,107,27,21,10,2024-10-01
4267,60,107,3,19,18,2025-10-01
4268,60,107,18,14,3,2025-01-01
4269,60,107,13,12,10,2024-02-01
4270,60,107,24,3,2,2025-02-01
4271,60,107,12,24,13,2024-11-01
4272,61,121,0,18,22,2025-07-01
4273,61,121,30,11,3,2025-09-01
4274,61,121,32,18,4,2024-03-01
4275,61,121,5,13,11,2024-10-01
4276,61,121,35,23,5,2025-06-01
4277,61,121,30,23,13,2024-09-01
4278,61,121,25,4,6,2025-02-01
4279,61,121,30,14,14,2025-01-01
4280,61,121,23,5,9,2024-12-01
4281,61,121,16,25,17,2025-11-01
4282,61,155,29,10,9,2025-12-01
4283,61,155,28,20,2,2024-08-01
4284,61,155,25,7,10,2024-02-01
4285,61,155,23,14,12,2025-11-01
4286,61,155,23,19,11,2024-03-01
4287,61,155,9,4,8,2025-07-01
4288,61,155,26,11,0,2024-10-01
4289,61,155,30,11,0,2025-10-01
4290,61,137,31,19,6,2024-08-01
4291,61,137,33,7,4,2024-12-01
4292,61,137,27,18,9,2025-12-01
4293,61,137,28,15,16,2024-04-01
4294,61,137,18,10,9,2025-10-01
4295,61,137,36,23,2,2025-09-01
4296,61,137,35,17,7,2025-02-01
4297,61,137,36,22,9,2024-02-01
4298,61,152,25,19,24,2024-09-01
4299,61,152,2,5,4,2025-02-01
4300,61,152,21,4,0,2025-03-01
4301,61,152,22,11,1,2025-05-01
4302,61,152,15,9,9,2024-12-01
4303,61,152,8,23,25,2025-12-01
4304,61,152,27,12,1,2025-08-01
4305,61,152,7,2,7,2024-03-01
4306,61,152,26,4,0,2025-07-01
4307,61,152,18,11,0,2024-06-01
4308,61,152,13,4,1,2025-09-01
4309,61,152,25,5,1,2025-04-01
4310,61,135,23,7,0,2024-02-01
4311,61,135,32,15,13,2024-10-01
4312,61,135,9,5,7,2024-05-01
4313,61,135,32,24,10,2025-12-01
4314,61,135,20,21,8,2025-09-01
4315,61,135,11,5,10,2025-10-01
4316,61,135,25,17,20,2025-08-01
4317,61,135,24,19,1,2025-03-01
4318,61,135,26,23,6,2025-07-01
4319,61,135,12,8,9,2024-12-01
4320,61,135,30,24,11,2025-01-01
4321,61,107,10,7,11,2025-08-01
4322,61,107,37,18,0,2025-03-01
4323,61,107,1,3,6,2025-09-01
4324,61,107,13,14,19,2025-07-01
4325,61,107,30,5,0,2024-06-01
4326,61,107,21,18,22,2025-06-01
4327,61,107,43,23,1,2024-04-01
4328,61,107,28,12,0,2024-02-01
4329,61,107,23,10,9,2024-03-01
4330,61,107,14,14,2,2025-10-01
4331,61,107,16,23,15,2025-04-01
4332,61,138,2,11,13,2024-03-01
4333,61,138,12,4,8,2025-04-01
4334,61,138,19,15,7,2024-04-01
4335,61,138,42,25,8,2025-02-01
4336,61,138,34,5,0,2025-01-01
4337,61,138,46,21,5,2024-12-01
4338,61,138,31,6,2,2024-02-01
4339,62,181,15,8,5,2024-02-01
4340,62,181,7,22,23,2025-02-01
4341,62,181,31,21,13,2025-01-01
4342,62,181,12,17,13,2025-11-01
4343,62,181,2,10,14,2025-04-01
4344,62,181,20,4,0,2024-05-01
4345,62,143,0,4,7,2024-07-01
4346,62,143,18,15,1,2025-12-01
4347,62,143,15,15,4,2025-01-01
4348,62,143,24,18,10,2024-11-01
4349,62,143,3,5,8,2025-03-01
4350,62,143,26,19,20,2024-03-01
4351,62,184,26,25,13,2024-09-01
4352,62,184,16,13,11,2025-04-01
4353,62,184,10,6,2,2024-06-01
4354,62,184,8,2,3,2024-12-01
4355,62,184,29,20,9,2024-03-01
4356,62,184,23,23,19,2024-11-01
4357,62,184,17,23,10,2024-08-01
4358,62,184,11,10,6,2025-11-01
4359,62,167,39,23,0,2025-02-01
4360,62,167,25,15,2,2025-03-01
4361,62,167,24,5,7,2024-11-01
4362,62,167,2,6,5,2025-04-01
4363,62,167,12,7,4,2024-02-01
4364,62,167,17,13,16,2024-07-01
4365,62,167,29,15,14,2024-09-01
4366,62,108,36,14,4,2025-07-01
4367,62,108,7,19,12,2024-10-01
4368,62,108,0,5,8,2025-06-01
4369,62,108,44,25,3,2025-12-01
4370,62,108,20,2,1,2024-06-01
4371,62,108,11,5,8,2025-11-01
4372,62,108,45,17,0,2024-03-01
4373,62,108,14,19,19,2025-10-01
4374,62,108,18,15,11,2025-03-01
4375,62,108,26,22,2,2024-05-01
4376,62,108,33,8,0,2024-12-01
4377,62,119,24,23,21,2024-05-01
4378,62,119,27,11,5,2025-04-01
4379,62,119,26,19,10,2024-07-01
4380,62,119,0,3,8,2024-12-01
4381,62,119,22,23,9,2024-01-01
4382,62,119,5,18,14,2024-09-01
4383,62,119,23,9,12,2025-06-01
4384,62,119,6,8,8,2025-01-01
4385,62,119,18,24,26,2024-03-01
4386,62,119,35,14,0,2025-02-01
4387,62,119,15,23,16,2024-11-01
4388,62,105,21,20,15,2024-03-01
4389,62,105,6,14,17,2024-02-01
4390,62,105,20,8,3,2024-06-01
4391,62,105,14,18,13,2025-07-01
4392,62,105,7,11,10,2025-03-01
4393,62,105,22,17,22,2025-05-01
4394,62,105,21,15,8,2025-12-01
4395,62,105,27,10,11,2024-09-01
4396,62,135,18,12,13,2025-06-01
4397,62,135,18,23,24,2024-06-01
4398,62,135,5,3,8,2024-01-01
4399,62,135,18,12,14,2024-12-01
4400,62,135,18,7,6,2024-04-01
4401,62,135,20,22,6,2025-10-01
4402,62,135,6,9,10,2024-03-01
4403,62,135,10,12,7,2024-10-01
4404,62,135,37,13,4,2024-09-01
4405,62,135,16,19,24,2025-01-01
4406,62,135,1,6,10,2025-08-01
4407,62,135,20,17,13,2025-07-01
4408,62,131,28,23,6,2024-11-01
4409,62,131,4,20,18,2025-02-01
4410,62,131,2,8,9,2024-07-01
4411,62,131,32,19,11,2024-06-01
4412,62,131,18,19,24,2025-01-01
4413,62,131,13,7,5,2025-07-01
4414,62,131,9,12,4,2024-05-01
4415,62,131,18,12,3,2024-10-01
4416,63,175,9,12,17,2025-02-01
4417,63,175,12,23,28,2025-09-01
4418,63,175,14,17,5,2025-10-01
4419,63,175,18,2,7,2024-06-01
4420,63,175,25,3,5,2025-04-01
4421,63,175,30,24,4,2024-01-01
4422,63,175,7,11,13,2024-02-01
4423,63,175,26,16,11,2024-11-01
4424,63,132,50,25,4,2025-05-01
4425,63,132,26,8,6,2024-04-01
4426,63,132,20,19,6,2025-10-01
4427,63,132,31,24,20,2024-07-01
4428,63,132,28,21,16,2025-06-01
4429,63,132,15,14,14,2025-03-01
4430,63,182,24,5,6,2024-07-01
4431,63,182,14,3,1,2024-09-01
4432,63,182,2,3,5,2024-10-01
4433,63,182,18,23,28,2025-09-01
4434,63,182,25,3,2,2025-11-01
4435,63,182,30,3,2,2025-03-01
4436,63,182,21,7,6,2025-06-01
4437,63,182,13,11,0,2025-10-01
4438,63,182,32,17,7,2024-04-01
4439,63,187,16,10,0,2025-07-01
4440,63,187,13,19,12,2025-06-01
4441,63,187,25,9,10,2024-04-01
4442,63,187,6,2,3,2024-06-01
4443,63,187,22,23,28,2025-10-01
4444,63,187,32,11,1,2024-02-01
4445,63,187,13,21,10,2024-09-01
4446,63,187,14,19,8,2024-12-01
4447,63,187,17,8,3,2025-05-01
4448,63,167,19,14,6,2025-04-01
4449,63,167,6,12,8,2024-05-01
4450,63,167,22,10,2,2024-12-01
4451,63,167,0,22,24,2024-04-01
4452,63,167,21,6,4,2024-11-01
4453,63,167,27,6,4,2024-02-01
4454,63,167,9,6,3,2025-10-01
4455,63,167,7,4,3,2025-05-01
4456,63,167,44,17,1,2024-09-01
4457,63,167,26,14,11,2025-12-01
4458,63,167,20,6,10,2025-09-01
4459,63,167,5,11,16,2025-03-01
4460,63,118,19,14,19,2025-12-01
4461,63,118,32,23,13,2025-04-01
4462,63,118,39,23,5,2024-07-01
4463,63,118,45,22,3,2024-02-01
4464,63,118,22,9,0,2025-11-01
4465,63,118,29,14,9,2025-07-01
4466,63,118,22,22,3,2025-05-01
4467,63,118,17,12,2,2025-03-01
4468,63,118,8,23,21,2024-04-01
4469,63,118,5,16,11,2025-01-01
4470,63,118,21,11,3,2024-11-01
4471,63,146,29,6,1,2025-02-01
4472,63,146,15,16,3,2024-02-01
4473,63,146,32,13,3,2025-06-01
4474,63,146,24,21,17,2024-01-01
4475,63,146,46,20,1,2025-03-01
4476,63,146,24,20,6,2024-04-01
4477,63,146,35,13,4,2025-10-01
4478,63,146,4,17,15,2025-07-01
4479,63,146,26,24,4,2024-05-01
4480,63,146,20,7,4,2025-09-01
4481,63,146,0,2,5,2024-08-01
4482,63,154,26,12,5,2025-04-01
4483,63,154,35,7,0,2025-01-01
4484,63,154,13,9,3,2024-05-01
4485,63,154,14,16,4,2025-02-01
4486,63,154,15,9,8,2024-04-01
4487,63,154,3,16,16,2024-02-01
4488,63,154,1,14,16,2024-07-01
4489,63,154,7,5,0,2024-03-01
4490,63,154,6,12,14,2025-11-01
4491,63,154,15,19,6,2024-08-01
4492,63,154,9,9,0,2025-07-01
4493,63,154,32,6,1,2024-06-01
4494,64,113,35,25,6,2025-11-01
4495,64,113,1,6,7,2024-11-01
4496,64,113,11,23,17,2025-08-01
4497,64,113,37,10,2,2024-03-01
4498,64,113,29,24,20,2025-02-01
4499,64,113,8,3,0,2025-06-01
4500,64,113,24,17,4,2024-12-01
4501,64,187,34,15,2,2024-04-01
4502,64,187,18,3,4,2024-10-01
4503,64,187,6,22,27,2025-06-01
4504,64,187,39,13,3,2025-10-01
4505,64,187,18,22,6,2025-08-01
4506,64,187,16,17,17,2024-12-01
4507,64,187,18,19,1,2025-02-01
4508,64,187,28,23,5,2025-09-01
4509,64,187,30,11,1,2024-03-01
4510,64,151,0,13,13,2025-06-01
4511,64,151,38,13,3,2024-04-01
4512,64,151,19,13,16,2025-08-01
4513,64,151,20,14,17,2024-09-01
4514,64,151,1,5,8,2024-11-01
4515,64,151,0,20,25,2025-09-01
4516,64,151,20,13,2,2024-01-01
4517,64,151,10,17,22,2024-12-01
4518,64,151,9,10,15,2024-07-01
4519,64,151,7,16,19,2025-12-01
4520,64,151,47,25,0,2025-07-01
4521,64,151,21,19,18,2024-08-01
4522,64,108,2,13,12,2025-12-01
4523,64,108,29,8,1,2024-09-01
4524,64,108,24,5,8,2024-02-01
4525,64,108,30,19,11,2025-02-01
4526,64,108,28,25,6,2024-01-01
4527,64,108,34,22,14,2025-07-01
4528,64,108,0,2,6,2024-08-01
4529,64,185,10,9,12,2024-03-01
4530,64,185,12,5,4,2024-12-01
4531,64,185,33,17,2,2024-04-01
4532,64,185,18,14,18,2024-11-01
4533,64,185,43,21,7,2025-09-01
4534,64,185,3,3,5,2024-09-01
4535,64,185,30,14,8,2025-01-01
4536,64,185,39,15,4,2025-02-01
4537,64,185,16,6,7,2024-06-01
4538,64,185,13,13,13,2024-07-01
4539,64,185,32,8,4,2025-05-01
4540,64,137,14,6,3,2025-02-01
4541,64,137,34,24,1,2024-04-01
4542,64,137,18,18,20,2024-03-01
4543,64,137,15,8,4,2024-02-01
4544,64,137,20,14,18,2024-12-01
4545,64,137,36,18,2,2025-12-01
4546,64,152,16,25,29,2024-04-01
4547,64,152,30,23,23,2024-10-01
4548,64,152,7,15,12,2025-02-01
4549,64,152,29,5,4,2024-03-01
4550,64,152,12,12,6,2024-07-01
4551,64,152,18,21,21,2025-05-01
4552,64,152,37,24,16,2025-07-01
4553,64,142,24,19,15,2024-02-01
4554,64,142,12,9,2,2025-10-01
4555,64,142,33,25,4,2025-08-01
4556,64,142,12,16,16,2024-04-01
4557,64,142,28,18,5,2025-04-01
4558,64,142,27,13,15,2024-09-01
4559,64,120,0,7,9,2025-05-01
4560,64,120,24,15,7,2024-12-01
4561,64,120,5,12,15,2025-07-01
4562,64,120,24,16,0,2024-04-01
4563,64,120,17,17,4,2024-06-01
4564,64,120,11,4,4,2024-01-01
4565,64,120,19,6,11,2025-02-01
4566,65,129,27,17,13,2024-10-01
4567,65,129,2,4,5,2024-07-01
4568,65,129,17,23,8,2025-11-01
4569,65,129,37,13,1,2024-09-01
4570,65,129,21,21,4,2025-10-01
4571,65,129,30,23,21,2024-11-01
4572,65,102,12,10,8,2024-04-01
4573,65,102,31,15,3,2025-05-01
4574,65,102,12,11,10,2024-10-01
4575,65,102,21,18,22,2025-08-01
4576,65,102,16,14,11,2024-06-01
4577,65,102,8,10,13,2025-09-01
4578,65,102,3,22,27,2024-08-01
4579,65,102,0,16,21,2025-07-01
4580,65,102,9,11,8,2025-03-01
4581,65,102,35,6,1,2025-11-01
4582,65,102,16,13,4,2024-11-01
4583,65,102,16,24,21,2025-02-01
4584,65,134,21,11,7,2025-08-01
4585,65,134,11,9,13,2024-03-01
4586,65,134,18,3,1,2024-09-01
4587,65,134,10,7,3,2025-10-01
4588,65,134,14,15,19,2025-02-01
4589,65,134,20,6,7,2025-06-01
4590,65,144,33,18,11,2024-12-01
4591,65,144,28,4,3,2024-01-01
4592,65,144,29,17,4,2025-08-01
4593,65,144,7,9,13,2025-10-01
4594,65,144,24,25,28,2025-03-01
4595,65,144,20,19,11,2024-04-01
4596,65,144,12,11,7,2025-06-01
4597,65,144,2,22,27,2025-09-01
4598,65,144,0,4,9,2025-12-01
4599,65,144,1,23,24,2025-01-01
4600,65,144,4,5,8,2025-07-01
4601,65,144,35,13,1,2024-02-01
4602,65,187,18,6,3,2024-08-01
4603,65,187,13,15,19,2025-09-01
4604,65,187,17,9,8,2025-12-01
4605,65,187,16,11,14,2024-12-01
4606,65,187,21,10,14,2024-01-01
4607,65,187,3,10,15,2024-10-01
4608,65,187,12,9,10,2024-02-01
4609,65,137,18,8,7,2025-10-01
4610,65,137,6,15,16,2024-04-01
4611,65,137,18,19,2,2025-04-01
4612,65,137,16,12,2,2024-03-01
4613,65,137,13,6,9,2024-08-01
4614,65,137,25,3,7,2025-07-01
4615,65,137,14,15,5,2025-01-01
4616,65,137,12,2,6,2025-12-01
4617,65,137,29,7,8,2024-10-01
4618,66,149,15,5,7,2025-07-01
4619,66,149,8,3,3,2024-09-01
4620,66,149,12,24,24,2024-11-01
4621,66,149,28,17,2,2025-03-01
4622,66,149,0,20,22,2025-06-01
4623,66,149,24,25,18,2025-12-01
4624,66,165,0,18,23,2025-11-01
4625,66,165,36,8,0,2024-08-01
4626,66,165,5,5,0,2024-09-01
4627,66,165,21,11,14,2024-12-01
4628,66,165,12,4,8,2024-11-01
4629,66,165,36,16,10,2024-07-01
4630,66,165,12,10,12,2025-02-01
4631,66,165,5,10,6,2025-10-01
4632,66,165,17,9,8,2025-05-01
4633,66,150,21,16,17,2025-05-01
4634,66,150,38,23,11,2025-07-01
4635,66,150,23,7,6,2025-09-01
4636,66,150,2,8,13,2025-06-01
4637,66,150,30,13,11,2024-05-01
4638,66,150,32,18,1,2024-02-01
4639,66,150,21,8,2,2024-11-01
4640,66,150,13,23,11,2024-01-01
4641,66,150,13,7,5,2024-12-01
4642,66,150,0,5,8,2024-09-01
4643,66,150,37,16,7,2025-02-01
4644,66,150,21,17,14,2025-01-01
4645,66,118,16,13,9,2024-10-01
4646,66,118,15,3,4,2024-07-01
4647,66,118,19,13,0,2025-02-01
4648,66,118,25,14,18,2025-05-01
4649,66,118,0,8,11,2024-12-01
4650,66,118,20,9,10,2024-05-01
4651,66,118,28,4,1,2025-09-01
4652,66,118,29,14,9,2024-01-01
4653,66,136,20,16,11,2024-10-01
4654,66,136,29,10,3,2025-04-01
4655,66,136,3,17,17,2024-05-01
4656,66,136,34,11,4,2024-06-01
4657,66,136,24,6,11,2024-02-01
4658,66,136,26,3,0,2025-03-01
4659,66,117,23,11,12,2024-10-01
4660,66,117,2,7,10,2024-05-01
4661,66,117,27,18,6,2025-05-01
4662,66,117,25,6,9,2025-10-01
4663,66,117,16,6,10,2024-08-01
4664,66,117,24,19,9,2024-06-01
4665,66,117,20,5,3,2025-07-01
4666,66,117,10,13,4,2024-09-01
4667,66,155,9,14,13,2025-07-01
4668,66,155,25,12,2,2025-10-01
4669,66,155,0,2,5,2025-03-01
4670,66,155,29,25,4,2025-09-01
4671,66,155,16,10,15,2025-08-01
4672,66,155,26,13,15,2025-11-01
4673,66,155,15,17,7,2024-09-01
4674,66,155,16,2,1,2025-12-01
4675,66,155,9,22,14,2024-12-01
4676,66,155,36,9,1,2025-05-01
4677,66,155,8,15,20,2024-10-01
4678,66,137,7,12,11,2024-06-01
4679,66,137,15,13,9,2025-02-01
4680,66,137,14,22,13,2024-08-01
4681,66,137,25,18,2,2024-10-01
4682,66,137,16,13,3,2025-11-01
4683,66,137,14,12,16,2025-05-01
4684,66,137,23,16,3,2025-01-01
4685,66,137,3,14,17,2025-06-01
4686,66,137,0,9,13,2024-07-01
4687,66,111,7,16,15,2024-03-01
4688,66,111,13,22,12,2024-09-01
4689,66,111,30,16,14,2024-02-01
4690,66,111,27,24,21,2025-06-01
4691,66,111,19,20,15,2025-01-01
4692,66,111,22,2,3,2025-02-01
4693,66,111,5,2,6,2024-08-01
4694,67,146,16,4,8,2025-09-01
4695,67,146,9,24,22,2024-01-01
4696,67,146,10,14,7,2024-12-01
4697,67,146,21,10,14,2024-08-01
4698,67,146,7,12,6,2024-09-01
4699,67,146,31,21,15,2025-03-01
4700,67,146,15,8,7,2024-05-01
4701,67,146,43,16,2,2025-10-01
4702,67,146,44,15,1,2025-02-01
4703,67,146,30,15,12,2024-11-01
4704,67,146,0,2,4,2025-11-01
4705,67,178,16,10,9,2024-03-01
4706,67,178,26,12,4,2025-01-01
4707,67,178,21,12,7,2025-09-01
4708,67,178,22,6,2,2024-10-01
4709,67,178,29,21,5,2025-06-01
4710,67,178,34,22,14,2025-05-01
4711,67,178,14,5,9,2024-02-01
4712,67,178,21,5,10,2024-12-01
4713,67,178,11,4,8,2025-12-01
4714,67,178,11,7,2,2025-02-01
4715,67,178,16,3,1,2025-03-01
4716,67,148,29,8,9,2025-03-01
4717,67,148,10,9,2,2024-02-01
4718,67,148,17,20,9,2025-05-01
4719,67,148,27,20,12,2024-10-01
4720,67,148,22,7,10,2024-04-01
4721,67,148,8,21,19,2025-09-01
4722,67,148,10,7,12,2024-09-01
4723,67,148,0,17,20,2025-02-01
4724,67,148,11,9,2,2025-07-01
4725,67,148,20,7,0,2024-07-01
4726,67,105,11,20,23,2025-10-01
4727,67,105,16,18,19,2025-07-01
4728,67,105,31,20,3,2024-03-01
4729,67,105,31,11,0,2025-06-01
4730,67,105,35,19,11,2025-03-01
4731,67,105,19,7,4,2025-12-01
4732,67,105,6,6,11,2024-09-01
4733,67,105,11,10,4,2024-11-01
4734,67,105,40,19,9,2025-01-01
4735,67,105,36,19,8,2024-12-01
4736,67,126,15,4,8,2025-06-01
4737,67,126,26,11,15,2025-11-01
4738,67,126,29,13,12,2024-01-01
4739,67,126,30,4,2,2024-12-01
4740,67,126,16,23,11,2024-07-01
4741,67,126,19,14,0,2024-05-01
4742,67,126,20,4,9,2025-05-01
4743,67,126,4,4,1,2025-09-01
4744,67,176,21,21,8,2025-05-01
4745,67,176,16,8,10,2025-07-01
4746,67,176,29,17,16,2024-03-01
4747,67,176,2,7,12,2024-11-01
4748,67,176,3,7,5,2024-07-01
4749,67,176,32,13,2,2024-10-01
4750,67,176,8,18,21,2025-02-01
4751,67,176,10,21,25,2025-11-01
4752,67,176,29,6,4,2024-04-01
4753,67,142,10,11,4,2025-10-01
4754,67,142,4,9,5,2024-12-01
4755,67,142,7,24,19,2025-05-01
4756,67,142,44,17,2,2025-12-01
4757,67,142,14,10,15,2024-05-01
4758,67,142,13,17,6,2025-09-01
4759,67,142,0,12,14,2024-10-01
4760,67,183,28,12,3,2024-07-01
4761,67,183,30,15,8,2025-06-01
4762,67,183,24,14,6,2024-12-01
4763,67,183,37,8,1,2024-11-01
4764,67,183,19,22,24,2025-05-01
4765,67,183,14,9,14,2025-03-01
4766,67,183,10,4,4,2024-01-01
4767,67,183,12,19,16,2024-09-01
4768,67,183,28,19,16,2025-02-01
4769,67,183,17,15,12,2025-08-01
4770,67,121,25,10,8,2024-01-01
4771,67,121,15,16,7,2024-05-01
4772,67,121,32,10,4,2024-09-01
4773,67,121,15,15,7,2024-02-01
4774,67,121,34,11,4,2025-01-01
4775,67,121,11,20,10,2025-12-01
4776,67,121,18,12,3,2025-03-01
4777,67,121,35,17,2,2024-11-01
4778,68,187,12,19,14,2024-06-01
4779,68,187,26,11,11,2025-11-01
4780,68,187,45,20,5,2025-04-01
4781,68,187,19,21,10,2025-03-01
4782,68,187,0,4,9,2024-04-01
4783,68,187,6,14,16,2024-05-01
4784,68,187,11,15,6,2025-02-01
4785,68,187,9,23,25,2024-01-01
4786,68,187,18,9,11,2024-02-01
4787,68,187,8,22,23,2024-12-01
4788,68,187,6,25,21,2024-08-01
4789,68,187,11,20,9,2025-05-01
4790,68,176,38,20,9,2025-04-01
4791,68,176,34,10,1,2025-05-01
4792,68,176,16,25,29,2025-08-01
4793,68,176,15,25,22,2024-02-01
4794,68,176,32,20,13,2025-10-01
4795,68,176,3,11,11,2024-01-01
4796,68,176,27,22,8,2024-03-01
4797,68,176,22,14,8,2025-07-01
4798,68,176,0,23,28,2024-06-01
4799,68,162,16,11,14,2025-08-01
4800,68,162,26,6,3,2025-07-01
4801,68,162,14,19,9,2025-06-01
4802,68,162,40,25,10,2025-11-01
4803,68,162,8,11,6,2024-03-01
4804,68,162,21,15,12,2024-02-01
4805,68,162,29,9,2,2025-02-01
4806,68,162,12,25,22,2024-12-01
4807,68,162,23,10,11,2024-11-01
4808,68,162,34,25,5,2025-01-01
4809,68,178,12,8,7,2025-10-01
4810,68,178,13,23,17,2025-03-01
4811,68,178,16,25,23,2024-08-01
4812,68,178,13,21,23,2025-01-01
4813,68,178,38,17,4,2024-09-01
4814,68,178,22,22,9,2025-08-01
4815,68,160,36,13,7,2025-11-01
4816,68,160,6,10,9,2024-01-01
4817,68,160,34,20,12,2025-04-01
4818,68,160,22,24,12,2025-09-01
4819,68,160,31,21,17,2025-08-01
4820,68,160,37,12,1,2024-04-01
4821,68,160,18,7,0,2025-02-01
4822,68,160,2,5,4,2024-09-01
4823,68,160,30,21,1,2025-05-01
4824,68,160,19,2,4,2025-07-01
4825,68,160,7,10,5,2024-07-01
4826,68,160,19,19,17,2025-12-01
4827,68,169,18,5,5,2024-09-01
4828,68,169,14,16,9,2025-09-01
4829,68,169,0,13,18,2025-08-01
4830,68,169,19,4,0,2024-10-01
4831,68,169,26,25,25,2024-01-01
4832,68,169,11,20,9,2024-07-01
4833,68,169,20,20,23,2025-05-01
4834,68,169,24,9,13,2025-10-01
4835,68,169,24,7,3,2024-04-01
4836,68,169,39,23,1,2024-02-01
4837,68,168,16,18,16,2024-09-01
4838,68,168,17,9,12,2025-10-01
4839,68,168,15,12,15,2024-08-01
4840,68,168,20,19,10,2025-04-01
4841,68,168,30,7,1,2025-07-01
4842,68,168,5,23,21,2024-03-01
4843,68,168,18,13,4,2025-01-01
4844,69,176,13,25,28,2024-06-01
4845,69,176,25,2,6,2025-06-01
4846,69,176,31,17,5,2025-08-01
4847,69,176,6,18,23,2025-03-01
4848,69,176,9,8,11,2024-02-01
4849,69,176,9,19,20,2024-11-01
4850,69,119,30,20,1,2025-12-01
4851,69,119,18,18,12,2025-09-01
4852,69,119,14,8,10,2025-06-01
4853,69,119,18,12,11,2025-07-01
4854,69,119,11,15,6,2024-09-01
4855,69,119,40,15,5,2025-10-01
4856,69,119,5,22,24,2024-02-01
4857,69,119,0,8,11,2024-12-01
4858,69,136,23,3,4,2024-02-01
4859,69,136,24,10,8,2024-08-01
4860,69,136,22,9,3,2024-09-01
4861,69,136,15,4,9,2024-01-01
4862,69,136,5,9,10,2025-03-01
4863,69,136,17,25,23,2025-12-01
4864,69,136,27,11,1,2025-05-01
4865,69,136,15,4,0,2024-06-01
4866,69,136,0,4,8,2025-06-01
4867,69,136,20,3,4,2025-07-01
4868,69,120,17,23,12,2024-07-01
4869,69,120,21,9,0,2025-08-01
4870,69,120,44,15,0,2024-02-01
4871,69,120,20,14,5,2024-11-01
4872,69,120,18,17,16,2025-12-01
4873,69,120,12,14,13,2025-05-01
4874,69,120,8,7,11,2025-11-01
4875,69,186,42,24,9,2025-11-01
4876,69,186,24,15,5,2024-08-01
4877,69,186,3,2,3,2024-09-01
4878,69,186,31,21,3,2025-04-01
4879,69,186,21,8,10,2024-05-01
4880,69,186,12,22,23,2024-12-01
4881,69,104,21,3,0,2025-01-01
4882,69,104,0,8,11,2024-10-01
4883,69,104,13,21,17,2025-02-01
4884,69,104,20,25,16,2024-11-01
4885,69,104,33,12,6,2024-03-01
4886,69,104,9,19,12,2024-07-01
4887,69,104,14,24,13,2025-03-01
4888,69,104,13,6,4,2025-05-01
4889,69,104,18,23,11,2025-04-01
4890,69,104,17,3,4,2025-08-01
4891,69,148,22,10,3,2025-02-01
4892,69,148,8,10,7,2024-07-01
4893,69,148,20,18,7,2025-10-01
4894,69,148,5,18,21,2024-04-01
4895,69,148,10,11,1,2024-05-01
4896,69,148,9,6,11,2024-08-01
4897,69,148,24,24,26,2025-01-01
4898,70,117,20,19,4,2024-02-01
4899,70,117,26,24,26,2025-06-01
4900,70,117,29,4,1,2024-12-01
4901,70,117,0,6,8,2024-06-01
4902,70,117,29,13,9,2025-11-01
4903,70,117,39,14,2,2025-05-01
4904,70,117,8,22,20,2025-01-01
4905,70,117,15,12,14,2025-10-01
4906,70,185,26,11,2,2024-10-01
4907,70,185,1,4,3,2025-04-01
4908,70,185,0,17,21,2024-12-01
4909,70,185,0,25,30,2025-02-01
4910,70,185,22,12,5,2025-07-01
4911,70,185,0,12,16,2024-06-01
4912,70,185,19,12,4,2025-03-01
4913,70,185,15,18,14,2025-12-01
4914,70,185,26,18,5,2025-08-01
4915,70,185,14,25,23,2025-11-01
4916,70,134,31,12,10,2025-02-01
4917,70,134,11,14,12,2024-05-01
4918,70,134,17,2,6,2024-06-01
4919,70,134,3,2,6,2024-12-01
4920,70,134,12,9,1,2024-11-01
4921,70,134,40,18,0,2025-08-01
4922,70,165,22,4,2,2025-05-01
4923,70,165,17,11,16,2025-07-01
4924,70,165,18,9,8,2024-01-01
4925,70,165,14,21,23,2025-03-01
4926,70,165,24,20,0,2024-04-01
4927,70,165,30,22,15,2024-10-01
4928,70,165,32,21,14,2025-08-01
4929,70,165,2,10,11,2024-03-01
4930,70,165,7,3,8,2024-06-01
4931,70,165,1,3,3,2025-09-01
4932,70,126,17,25,20,2025-11-01
4933,70,126,25,11,16,2025-01-01
4934,70,126,47,24,3,2025-09-01
4935,70,126,35,21,0,2024-05-01
4936,70,126,36,24,9,2024-12-01
4937,70,126,10,10,0,2025-05-01
4938,70,126,8,15,7,2024-07-01
4939,70,153,13,2,6,2024-06-01
4940,70,153,19,8,10,2025-08-01
4941,70,153,6,18,18,2024-10-01
4942,70,153,26,12,12,2024-07-01
4943,70,153,0,15,20,2025-09-01
4944,70,153,6,8,9,2024-05-01
4945,70,162,28,16,9,2024-09-01
4946,70,162,4,13,18,2025-10-01
4947,70,162,22,19,11,2024-03-01
4948,70,162,3,2,0,2024-11-01
4949,70,162,26,16,3,2025-05-01
4950,70,162,33,17,6,2024-05-01
4951,70,162,34,5,1,2025-12-01
4952,70,162,17,16,9,2025-03-01
4953,70,162,16,11,16,2025-09-01
4954,70,162,40,25,14,2024-12-01
4955,70,114,14,3,6,2025-01-01
4956,70,114,28,21,3,2025-10-01
4957,70,114,9,5,1,2025-09-01
4958,70,114,25,18,16,2024-12-01
4959,70,114,3,10,14,2025-05-01
4960,70,114,3,4,6,2024-02-01
4961,70,114,34,19,12,2025-07-01
4962,70,114,9,19,23,2024-04-01
4963,70,114,43,17,1,2024-10-01
4964,70,114,43,23,9,2024-03-01
4965,70,114,25,19,20,2024-01-01
4966,70,114,9,6,9,2025-06-01
4967,70,157,8,2,3,2025-11-01
4968,70,157,26,12,4,2024-06-01
4969,70,157,30,17,4,2024-08-01
4970,70,157,22,17,12,2024-10-01
4971,70,157,25,24,21,2024-12-01
4972,70,157,2,5,9,2025-04-01
4973,70,157,20,6,7,2025-02-01
4974,70,157,30,17,7,2025-10-01
4975,70,157,17,16,0,2024-05-01
4976,70,157,17,11,6,2024-09-01
4977,70,157,14,23,17,2024-04-01
4978,70,187,0,10,11,2025-02-01
4979,70,187,2,9,10,2024-11-01
4980,70,187,16,12,5,2024-04-01
4981,70,187,29,7,1,2024-06-01
4982,70,187,8,4,8,2025-05-01
4983,70,187,9,23,28,2025-07-01
4984,71,144,47,20,0,2024-07-01
4985,71,144,7,6,9,2025-05-01
4986,71,144,5,7,3,2024-03-01
4987,71,144,13,15,11,2024-09-01
4988,71,144,17,5,3,2024-06-01
4989,71,144,14,12,14,2025-04-01
4990,71,144,15,4,4,2024-05-01
4991,71,144,15,7,10,2025-01-01
4992,71,144,27,16,18,2025-08-01
4993,71,162,1,25,24,2024-02-01
4994,71,162,28,8,7,2024-08-01
4995,71,162,30,12,3,2025-04-01
4996,71,162,17,14,9,2024-04-01
4997,71,162,11,9,14,2025-07-01
4998,71,162,1,14,19,2025-11-01
4999,71,162,19,12,7,2024-05-01
5000,71,162,15,8,2,2025-05-01
5001,71,162,25,9,7,2024-06-01
5002,71,162,41,24,0,2024-11-01
5003,71,162,34,22,3,2025-12-01
5004,71,162,20,6,3,2025-01-01
5005,71,121,7,22,20,2024-09-01
5006,71,121,10,13,11,2024-04-01
5007,71,121,22,10,3,2024-06-01
5008,71,121,0,3,8,2025-08-01
5009,71,121,35,17,8,2024-08-01
5010,71,121,29,5,4,2025-07-01
5011,71,121,6,5,6,2025-05-01
5012,71,121,28,24,12,2025-10-01
5013,71,121,8,13,13,2025-02-01
5014,71,121,6,5,8,2024-07-01
5015,71,121,15,23,20,2024-10-01
5016,71,121,28,12,13,2025-11-01
5017,71,136,8,20,16,2025-03-01
5018,71,136,11,3,8,2025-10-01
5019,71,136,17,12,13,2024-04-01
5020,71,136,24,17,21,2024-07-01
5021,71,136,31,19,2,2024-05-01
5022,71,136,8,24,22,2024-01-01
5023,71,136,8,9,14,2024-08-01
5024,71,136,14,14,19,2025-07-01
5025,71,136,24,9,6,2025-02-01
5026,71,185,29,24,10,2024-11-01
5027,71,185,25,14,4,2025-10-01
5028,71,185,29,3,1,2024-10-01
5029,71,185,26,4,7,2025-11-01
5030,71,185,26,23,17,2024-08-01
5031,71,185,37,12,2,2024-04-01
5032,71,185,7,24,19,2025-05-01
5033,71,185,19,19,1,2024-03-01
5034,71,145,25,7,12,2025-02-01
5035,71,145,0,5,6,2025-09-01
5036,71,145,17,16,18,2024-02-01
5037,71,145,14,14,5,2024-11-01
5038,71,145,28,23,18,2024-05-01
5039,71,145,14,14,19,2025-05-01
5040,71,145,28,9,3,2024-12-01
5041,71,145,30,15,13,2025-11-01
5042,71,122,19,3,8,2024-07-01
5043,71,122,35,22,10,2025-06-01
5044,71,122,4,9,7,2025-07-01
5045,71,122,10,13,8,2024-09-01
5046,71,122,16,17,13,2024-11-01
5047,71,122,35,20,14,2025-11-01
5048,71,122,30,20,6,2025-04-01
5049,71,135,24,12,3,2025-05-01
5050,71,135,26,10,13,2025-02-01
5051,71,135,27,23,19,2024-05-01
5052,71,135,44,17,0,2024-06-01
5053,71,135,34,14,8,2025-11-01
5054,71,135,19,22,3,2024-02-01
5055,72,137,45,18,1,2024-09-01
5056,72,137,29,4,0,2024-07-01
5057,72,137,17,12,2,2024-12-01
5058,72,137,11,21,19,2025-11-01
5059,72,137,17,7,3,2024-08-01
5060,72,137,20,4,0,2025-07-01
5061,72,137,29,24,5,2024-02-01
5062,72,137,17,21,25,2025-03-01
5063,72,140,5,10,8,2024-11-01
5064,72,140,26,13,14,2025-09-01
5065,72,140,29,9,8,2025-07-01
5066,72,140,42,20,8,2025-06-01
5067,72,140,40,21,2,2025-10-01
5068,72,140,0,4,6,2025-04-01
5069,72,140,8,21,13,2024-09-01
5070,72,140,2,7,5,2024-10-01
5071,72,140,32,11,4,2024-08-01
5072,72,140,31,23,2,2024-07-01
5073,72,143,40,25,15,2024-12-01
5074,72,143,7,16,16,2024-05-01
5075,72,143,30,9,0,2024-09-01
5076,72,143,13,21,18,2025-08-01
5077,72,143,18,7,6,2024-03-01
5078,72,143,3,19,17,2024-04-01
5079,72,143,4,2,0,2024-07-01
5080,72,143,34,21,2,2025-12-01
5081,72,154,14,2,5,2025-03-01
5082,72,154,22,22,6,2024-04-01
5083,72,154,3,9,8,2024-06-01
5084,72,154,17,21,21,2025-04-01
5085,72,154,18,14,5,2025-11-01
5086,72,154,0,2,6,2024-12-01
5087,72,154,26,17,16,2025-06-01
5088,72,154,3,4,4,2024-10-01
5089,72,154,20,3,4,2024-01-01
5090,72,154,7,11,7,2024-07-01
5091,72,154,0,7,12,2025-09-01
5092,72,123,11,11,6,2025-12-01
5093,72,123,9,4,6,2024-01-01
5094,72,123,15,2,4,2025-02-01
5095,72,123,34,21,9,2024-06-01
5096,72,123,4,8,6,2025-01-01
5097,72,123,43,23,7,2025-04-01
5098,72,123,1,8,9,2025-05-01
5099,72,123,1,12,16,2025-06-01
5100,72,123,0,7,10,2024-10-01
5101,72,123,44,25,11,2024-09-01
5102,72,135,22,2,3,2024-01-01
5103,72,135,39,23,6,2024-05-01
5104,72,135,24,13,17,2025-08-01
5105,72,135,4,12,13,2024-10-01
5106,72,135,1,15,18,2024-07-01
5107,72,135,16,12,6,2025-07-01
5108,72,135,18,11,13,2025-02-01
5109,72,135,13,9,13,2025-09-01
5110,72,173,6,13,18,2025-12-01
5111,72,173,29,19,8,2025-03-01
5112,72,173,17,8,9,2025-01-01
5113,72,173,25,13,0,2025-10-01
5114,72,173,15,3,4,2024-11-01
5115,72,173,32,8,3,2024-04-01
5116,72,173,30,10,2,2025-04-01
5117,72,130,26,8,9,2025-08-01
5118,72,130,13,5,1,2025-11-01
5119,72,130,5,2,6,2024-10-01
5120,72,130,11,23,25,2025-06-01
5121,72,130,1,3,6,2025-10-01
5122,72,130,17,3,7,2024-03-01
5123,72,130,22,20,3,2025-09-01
5124,72,130,15,7,10,2024-01-01
5125,72,130,18,2,5,2025-02-01
5126,72,130,16,8,0,2025-04-01
5127,72,130,0,3,8,2025-05-01
5128,72,130,31,22,16,2024-02-01
5129,72,115,21,23,10,2024-05-01
5130,72,115,18,15,9,2024-07-01
5131,72,115,10,11,14,2025-07-01
5132,72,115,0,3,5,2024-02-01
5133,72,115,19,3,0,2024-11-01
5134,72,115,6,14,10,2024-10-01
5135,72,115,38,25,2,2025-04-01
5136,73,126,22,5,8,2025-11-01
5137,73,126,14,6,7,2024-07-01
5138,73,126,3,3,8,2024-08-01
5139,73,126,29,22,8,2024-10-01
5140,73,126,9,5,1,2024-02-01
5141,73,126,36,16,8,2024-05-01
5142,73,126,11,10,7,2024-03-01
5143,73,126,25,6,8,2025-09-01
5144,73,126,19,21,7,2024-09-01
5145,73,126,7,20,22,2025-05-01
5146,73,129,13,12,6,2025-01-01
5147,73,129,30,22,20,2024-03-01
5148,73,129,6,5,2,2025-02-01
5149,73,129,31,23,21,2024-08-01
5150,73,129,0,3,5,2025-11-01
5151,73,129,24,5,3,2024-04-01
5152,73,129,16,12,1,2024-02-01
5153,73,109,37,23,3,2024-05-01
5154,73,109,31,21,20,2024-11-01
5155,73,109,22,6,0,2025-10-01
5156,73,109,35,14,8,2025-11-01
5157,73,109,31,24,11,2024-04-01
5158,73,109,29,13,13,2024-02-01
5159,73,109,34,17,13,2024-08-01
5160,73,109,32,17,11,2025-09-01
5161,73,109,0,6,11,2024-07-01
5162,73,110,17,6,10,2025-12-01
5163,73,110,25,14,7,2025-09-01
5164,73,110,31,9,0,2025-06-01
5165,73,110,13,13,10,2025-10-01
5166,73,110,10,5,2,2024-09-01
5167,73,110,23,6,5,2025-04-01
5168,73,110,25,21,2,2024-12-01
5169,73,171,27,10,6,2024-04-01
5170,73,171,7,19,12,2024-01-01
5171,73,171,22,12,14,2025-06-01
5172,73,171,34,20,8,2024-10-01
5173,73,171,35,17,6,2025-07-01
5174,73,171,15,18,22,2025-10-01
5175,73,171,42,20,8,2025-02-01
5176,73,171,26,9,12,2025-04-01
5177,73,171,25,8,3,2025-08-01
5178,73,171,22,8,11,2024-11-01
5179,73,171,44,22,4,2025-01-01
5180,73,171,19,15,3,2025-05-01
5181,73,160,21,11,2,2024-04-01
5182,73,160,14,21,22,2024-06-01
5183,73,160,17,6,3,2024-11-01
5184,73,160,17,23,11,2024-02-01
5185,73,160,16,18,20,2025-05-01
5186,73,160,25,25,14,2024-12-01
5187,73,160,13,23,11,2025-01-01
5188,73,160,2,5,6,2024-07-01
5189,73,160,38,21,1,2024-10-01
5190,73,160,29,20,10,2024-03-01
5191,73,160,21,4,1,2025-09-01
5192,73,160,15,23,12,2024-09-01
5193,73,104,28,19,0,2024-04-01
5194,73,104,27,5,5,2024-11-01
5195,73,104,40,18,8,2024-03-01
5196,73,104,12,23,17,2024-01-01
5197,73,104,24,10,2,2024-12-01
5198,73,104,14,19,15,2024-02-01
5199,73,104,4,19,21,2025-04-01
5200,74,114,14,5,3,2024-10-01
5201,74,114,29,12,4,2024-04-01
5202,74,114,0,3,7,2025-08-01
5203,74,114,9,15,18,2025-06-01
5204,74,114,15,16,11,2024-07-01
5205,74,114,25,25,25,2025-10-01
5206,74,114,0,6,8,2025-07-01
5207,74,114,23,10,15,2025-11-01
5208,74,114,14,14,12,2024-05-01
5209,74,114,22,4,7,2024-08-01
5210,74,114,1,4,8,2024-12-01
5211,74,122,28,9,9,2024-03-01
5212,74,122,28,2,0,2025-10-01
5213,74,122,7,3,6,2025-01-01
5214,74,122,13,5,3,2025-03-01
5215,74,122,14,24,25,2025-04-01
5216,74,122,42,24,5,2024-06-01
5217,74,122,10,9,8,2025-08-01
5218,74,177,39,21,7,2024-10-01
5219,74,177,21,13,7,2025-11-01
5220,74,177,14,9,0,2025-09-01
5221,74,177,29,19,14,2025-08-01
5222,74,177,38,11,3,2024-06-01
5223,74,177,15,20,15,2024-03-01
5224,74,177,0,16,20,2024-08-01
5225,74,147,24,3,1,2025-08-01
5226,74,147,17,3,8,2025-04-01
5227,74,147,10,10,3,2025-01-01
5228,74,147,18,21,21,2024-08-01
5229,74,147,18,3,3,2024-04-01
5230,74,147,34,21,8,2024-12-01
5231,74,116,37,15,8,2025-01-01
5232,74,116,16,12,10,2024-02-01
5233,74,116,23,13,8,2024-04-01
5234,74,116,26,23,15,2025-12-01
5235,74,116,17,15,13,2024-12-01
5236,74,116,19,3,4,2025-06-01
5237,74,116,23,21,26,2024-11-01
5238,74,116,6,7,3,2024-05-01
5239,74,155,18,18,0,2025-07-01
5240,74,155,14,18,21,2024-02-01
5241,74,155,29,24,16,2025-04-01
5242,74,155,24,7,9,2025-08-01
5243,74,155,3,5,5,2025-09-01
5244,74,155,3,23,20,2024-05-01
5245,74,155,12,4,1,2025-10-01
5246,74,155,21,23,15,2024-10-01
5247,74,155,18,9,0,2025-05-01
5248,74,155,23,14,11,2025-01-01
5249,74,155,13,17,4,2024-03-01
5250,74,171,24,12,8,2025-11-01
5251,74,171,25,23,1,2025-06-01
5252,74,171,8,13,9,2024-12-01
5253,74,171,25,17,18,2025-10-01
5254,74,171,34,18,2,2024-01-01
5255,74,171,25,5,9,2025-02-01
5256,74,171,32,9,0,2025-12-01
5257,74,171,18,7,9,2025-07-01
5258,74,171,24,19,3,2024-10-01
5259,74,171,30,22,15,2025-01-01
5260,75,135,5,6,4,2024-01-01
5261,75,135,34,19,8,2024-07-01
5262,75,135,13,7,3,2025-07-01
5263,75,135,15,11,9,2024-06-01
5264,75,135,17,22,15,2025-02-01
5265,75,135,2,16,20,2025-09-01
5266,75,135,19,12,3,2025-05-01
5267,75,135,22,24,25,2025-10-01
5268,75,127,12,18,17,2025-04-01
5269,75,127,22,4,6,2025-07-01
5270,75,127,3,6,3,2025-03-01
5271,75,127,25,4,1,2024-09-01
5272,75,127,29,19,1,2025-12-01
5273,75,127,33,15,0,2025-02-01
5274,75,127,34,23,18,2024-12-01
5275,75,127,28,6,6,2024-05-01
5276,75,127,0,7,11,2025-05-01
5277,75,127,17,20,17,2025-09-01
5278,75,121,1,13,13,2025-11-01
5279,75,121,51,23,2,2025-02-01
5280,75,121,5,5,9,2025-08-01
5281,75,121,17,8,12,2025-09-01
5282,75,121,1,8,11,2025-06-01
5283,75,121,13,6,10,2025-07-01
5284,75,121,0,15,18,2024-08-01
5285,75,121,14,17,15,2024-10-01
5286,75,133,0,6,10,2025-11-01
5287,75,133,0,4,6,2025-04-01
5288,75,133,32,9,7,2025-09-01
5289,75,133,30,23,0,2024-12-01
5290,75,133,28,15,5,2025-01-01
5291,75,133,31,6,1,2025-07-01
5292,75,133,25,5,9,2024-04-01
5293,75,133,27,23,9,2024-07-01
5294,75,133,8,4,7,2025-05-01
5295,75,128,27,22,4,2024-10-01
5296,75,128,25,2,5,2025-02-01
5297,75,128,24,11,13,2025-11-01
5298,75,128,3,19,22,2025-07-01
5299,75,128,24,4,7,2025-08-01
5300,75,128,8,3,7,2024-03-01
5301,75,128,17,20,4,2024-01-01
5302,75,128,8,6,8,2025-03-01
5303,75,128,1,9,14,2025-01-01
5304,75,128,15,7,12,2024-02-01
5305,75,128,13,7,3,2024-04-01
5306,75,147,14,6,4,2025-03-01
5307,75,147,28,13,6,2024-02-01
5308,75,147,22,6,5,2025-01-01
5309,75,147,17,12,15,2025-02-01
5310,75,147,30,24,15,2024-08-01
5311,75,147,22,19,8,2024-11-01
5312,75,147,11,2,6,2024-12-01
5313,75,147,24,3,1,2024-01-01
5314,75,147,6,11,5,2024-09-01
5315,75,147,27,5,0,2024-05-01
5316,75,147,2,25,23,2025-05-01
5317,76,173,36,25,11,2024-01-01
5318,76,173,19,19,14,2025-03-01
5319,76,173,5,2,4,2024-09-01
5320,76,173,6,8,10,2025-01-01
5321,76,173,27,16,10,2025-10-01
5322,76,173,7,17,22,2024-11-01
5323,76,168,20,22,7,2024-11-01
5324,76,168,7,9,4,2024-09-01
5325,76,168,11,11,3,2024-02-01
5326,76,168,14,13,8,2025-08-01
5327,76,168,4,3,4,2024-08-01
5328,76,168,17,25,12,2025-07-01
5329,76,168,15,14,14,2024-05-01
5330,76,136,10,11,10,2024-01-01
5331,76,136,11,11,2,2024-10-01
5332,76,136,6,19,15,2024-11-01
5333,76,136,0,15,20,2025-01-01
5334,76,136,22,9,11,2025-06-01
5335,76,136,33,25,2,2025-11-01
5336,76,136,12,5,6,2025-10-01
5337,76,136,4,22,18,2024-03-01
5338,76,170,0,10,11,2025-02-01
5339,76,170,0,24,25,2025-10-01
5340,76,170,37,19,0,2024-09-01
5341,76,170,30,11,2,2025-06-01
5342,76,170,9,10,12,2024-03-01
5343,76,170,4,15,16,2025-09-01
5344,76,170,24,6,11,2025-07-01
5345,76,170,11,20,12,2025-11-01
5346,76,170,24,15,7,2024-02-01
5347,76,170,18,13,9,2025-03-01
5348,76,170,14,17,22,2025-08-01
5349,76,145,28,14,15,2025-03-01
5350,76,145,12,16,7,2025-05-01
5351,76,145,25,17,20,2025-01-01
5352,76,145,23,9,13,2024-07-01
5353,76,145,23,19,13,2024-03-01
5354,76,145,23,24,11,2025-06-01
5355,76,145,43,20,1,2024-08-01
5356,76,145,30,12,9,2024-01-01
5357,76,145,26,23,7,2025-11-01
5358,76,145,16,21,17,2025-12-01
5359,76,186,32,17,13,2025-10-01
5360,76,186,33,19,8,2024-09-01
5361,76,186,32,14,4,2025-01-01
5362,76,186,22,22,6,2024-01-01
5363,76,186,15,23,18,2024-07-01
5364,76,186,33,22,10,2024-03-01
5365,76,186,26,12,9,2024-02-01
5366,76,126,8,12,9,2024-07-01
5367,76,126,27,15,18,2024-08-01
5368,76,126,14,6,5,2024-03-01
5369,76,126,13,13,1,2025-06-01
5370,76,126,40,19,5,2024-09-01
5371,76,126,29,3,1,2025-02-01
5372,76,126,11,17,12,2024-04-01
5373,76,126,15,16,16,2025-09-01
5374,76,126,22,3,0,2025-10-01
5375,76,126,15,12,16,2025-12-01
5376,76,126,21,20,0,2024-06-01
5377,76,126,16,19,16,2025-04-01
5378,77,127,6,14,18,2025-10-01
5379,77,127,29,16,2,2025-04-01
5380,77,127,17,17,0,2024-04-01
5381,77,127,45,23,6,2025-09-01
5382,77,127,36,18,3,2025-07-01
5383,77,127,27,6,5,2024-10-01
5384,77,127,43,23,0,2025-06-01
5385,77,127,20,7,2,2024-11-01
5386,77,127,26,10,14,2024-09-01
5387,77,127,11,22,19,2024-02-01
5388,77,142,39,16,1,2025-07-01
5389,77,142,39,23,7,2024-03-01
5390,77,142,27,14,4,2025-06-01
5391,77,142,33,19,8,2025-08-01
5392,77,142,36,22,10,2025-12-01
5393,77,142,9,9,9,2024-10-01
5394,77,142,10,12,11,2025-01-01
5395,77,109,39,24,6,2025-04-01
5396,77,109,23,21,21,2024-09-01
5397,77,109,13,15,19,2024-12-01
5398,77,109,27,6,2,2025-01-01
5399,77,109,4,5,1,2024-06-01
5400,77,109,10,4,3,2024-04-01
5401,77,109,31,23,10,2025-03-01
5402,77,109,4,10,6,2025-02-01
5403,77,109,4,15,17,2024-11-01
5404,77,169,27,9,1,2025-05-01
5405,77,169,3,17,16,2024-11-01
5406,77,169,4,3,6,2024-12-01
5407,77,169,22,24,9,2025-02-01
5408,77,169,13,4,9,2025-06-01
5409,77,169,4,2,1,2025-07-01
5410,77,169,20,7,10,2025-10-01
5411,77,169,9,10,6,2024-06-01
5412,77,114,6,3,4,2024-10-01
5413,77,114,20,9,0,2025-12-01
5414,77,114,9,11,6,2024-09-01
5415,77,114,14,7,7,2024-04-01
5416,77,114,24,8,6,2025-02-01
5417,77,114,5,20,19,2024-11-01
5418,77,114,13,18,5,2025-07-01
5419,77,126,12,8,0,2024-11-01
5420,77,126,41,15,4,2024-02-01
5421,77,126,5,21,22,2025-03-01
5422,77,126,3,5,3,2025-04-01
5423,77,126,22,2,6,2024-10-01
5424,77,126,28,9,4,2024-05-01
5425,77,126,22,10,9,2025-11-01
5426,77,126,2,3,2,2025-07-01
5427,77,126,32,20,6,2025-12-01
5428,77,126,11,5,0,2025-06-01
5429,77,126,26,14,16,2024-12-01
5430,77,181,22,15,13,2024-08-01
5431,77,181,23,11,14,2025-07-01
5432,77,181,0,9,13,2024-03-01
5433,77,181,41,24,12,2025-12-01
5434,77,181,3,3,1,2025-08-01
5435,77,181,10,20,15,2025-05-01
5436,77,181,12,17,16,2025-09-01
5437,77,181,10,17,22,2025-06-01
5438,77,110,6,3,1,2025-02-01
5439,77,110,28,3,4,2024-01-01
5440,77,110,33,14,8,2024-09-01
5441,77,110,16,15,3,2025-11-01
5442,77,110,27,18,16,2024-08-01
5443,77,110,2,12,14,2025-05-01
5444,77,110,7,8,12,2025-01-01
5445,77,110,7,7,7,2024-05-01
5446,77,182,35,20,4,2024-03-01
5447,77,182,5,13,16,2025-01-01
5448,77,182,25,12,10,2025-10-01
5449,77,182,12,19,18,2024-05-01
5450,77,182,10,21,21,2025-06-01
5451,77,182,21,4,1,2024-04-01
5452,77,182,18,15,4,2024-02-01
5453,77,182,7,15,19,2024-08-01
5454,77,182,20,20,13,2025-12-01
5455,77,182,16,20,10,2024-09-01
5456,77,182,10,6,3,2024-07-01
5457,77,118,5,6,3,2025-01-01
5458,77,118,22,21,13,2025-04-01
5459,77,118,24,3,5,2024-10-01
5460,77,118,11,2,7,2024-08-01
5461,77,118,35,17,3,2025-12-01
5462,77,118,7,7,12,2025-09-01
5463,77,118,2,13,18,2025-10-01
5464,77,118,34,23,12,2024-04-01
5465,77,118,18,5,9,2025-11-01
5466,77,118,28,19,12,2024-05-01
5467,77,118,16,4,5,2024-09-01
5468,78,166,14,14,10,2024-08-01
5469,78,166,31,20,18,2025-04-01
5470,78,166,0,9,14,2024-01-01
5471,78,166,0,7,11,2024-06-01
5472,78,166,41,18,5,2025-05-01
5473,78,166,12,16,20,2024-09-01
5474,78,166,13,23,23,2025-07-01
5475,78,166,15,2,3,2025-09-01
5476,78,115,25,14,18,2025-07-01
5477,78,115,15,4,5,2024-05-01
5478,78,115,24,4,8,2025-11-01
5479,78,115,15,2,6,2025-12-01
5480,78,115,2,6,4,2024-08-01
5481,78,115,18,14,8,2024-10-01
5482,78,115,8,16,13,2025-06-01
5483,78,115,27,9,4,2024-09-01
5484,78,115,3,6,8,2024-12-01
5485,78,115,23,4,4,2025-02-01
5486,78,115,27,3,5,2024-06-01
5487,78,146,9,7,12,2025-11-01
5488,78,146,31,16,15,2024-01-01
5489,78,146,23,10,3,2025-05-01
5490,78,146,17,21,23,2024-10-01
5491,78,146,40,15,2,2024-09-01
5492,78,146,13,2,7,2025-06-01
5493,78,146,1,4,8,2024-11-01
5494,78,146,19,21,5,2024-06-01
5495,78,146,38,18,6,2024-05-01
5496,78,146,19,10,7,2025-01-01
5497,78,146,28,7,2,2025-12-01
5498,78,146,34,12,1,2024-03-01
5499,78,172,28,13,11,2025-04-01
5500,78,172,43,24,0,2025-10-01
5501,78,172,10,20,13,2025-02-01
5502,78,172,1,18,19,2025-03-01
5503,78,172,26,19,20,2025-07-01
5504,78,172,20,7,6,2025-06-01
5505,78,172,39,19,0,2025-05-01
5506,78,172,0,3,8,2024-10-01
5507,78,172,13,20,17,2024-08-01
5508,78,172,26,20,18,2024-07-01
5509,78,144,23,7,10,2024-06-01
5510,78,144,31,21,2,2024-12-01
5511,78,144,38,25,10,2025-08-01
5512,78,144,3,2,7,2025-06-01
5513,78,144,30,23,23,2025-09-01
5514,78,144,7,16,20,2024-11-01
5515,78,109,31,11,8,2024-05-01
5516,78,109,22,24,16,2024-07-01
5517,78,109,14,12,0,2025-04-01
5518,78,109,33,24,12,2025-11-01
5519,78,109,33,10,1,2024-09-01
5520,78,109,24,25,9,2024-02-01
5521,78,109,5,12,12,2024-01-01
5522,78,109,36,13,7,2024-03-01
5523,78,109,37,15,8,2024-12-01
5524,78,109,0,22,27,2025-03-01
5525,78,109,35,9,0,2025-02-01
5526,78,123,10,13,10,2024-04-01
5527,78,123,24,14,16,2025-11-01
5528,78,123,23,20,6,2025-05-01
5529,78,123,30,23,12,2025-07-01
5530,78,123,16,22,20,2024-05-01
5531,78,123,15,18,13,2024-09-01
5532,78,123,20,8,1,2024-10-01
5533,78,123,15,24,13,2024-12-01
5534,78,123,17,10,12,2024-08-01
5535,78,123,10,11,11,2025-09-01
5536,78,123,0,4,5,2025-10-01
5537,78,123,23,3,5,2025-02-01
5538,78,130,16,3,7,2025-10-01
5539,78,130,38,17,2,2025-07-01
5540,78,130,28,9,0,2024-01-01
5541,78,130,19,18,15,2025-02-01
5542,78,130,25,21,7,2024-08-01
5543,78,130,23,22,17,2024-10-01
5544,78,130,9,6,1,2025-03-01
5545,78,130,34,19,8,2025-12-01
5546,78,130,23,18,13,2025-08-01
5547,79,183,19,24,14,2024-12-01
5548,79,183,37,17,10,2025-02-01
5549,79,183,17,4,2,2024-04-01
5550,79,183,22,11,10,2025-12-01
5551,79,183,21,9,0,2025-10-01
5552,79,183,40,20,10,2024-07-01
5553,79,183,52,22,0,2024-11-01
5554,79,183,17,11,16,2024-01-01
5555,79,183,22,15,4,2025-08-01
5556,79,183,39,15,5,2025-09-01
5557,79,183,23,7,11,2025-07-01
5558,79,139,21,13,2,2024-05-01
5559,79,139,34,25,7,2024-03-01
5560,79,139,19,14,19,2024-12-01
5561,79,139,20,13,2,2025-04-01
5562,79,139,11,17,10,2025-01-01
5563,79,139,18,19,7,2025-03-01
5564,79,139,10,12,13,2025-11-01
5565,79,139,22,18,18,2024-01-01
5566,79,135,33,25,20,2024-07-01
5567,79,135,28,13,3,2024-02-01
5568,79,135,21,19,23,2024-09-01
5569,79,135,13,14,8,2025-07-01
5570,79,135,22,15,7,2025-01-01
5571,79,135,8,17,17,2024-10-01
5572,79,162,21,16,17,2024-08-01
5573,79,162,38,20,12,2025-03-01
5574,79,162,45,21,1,2025-04-01
5575,79,162,1,2,1,2025-08-01
5576,79,162,21,19,18,2025-07-01
5577,79,162,4,24,23,2024-01-01
5578,79,133,0,4,8,2024-06-01
5579,79,133,17,2,3,2025-04-01
5580,79,133,34,9,5,2024-11-01
5581,79,133,9,9,0,2025-11-01
5582,79,133,20,9,13,2024-09-01
5583,79,133,1,11,14,2024-10-01
5584,79,133,25,19,24,2025-07-01
5585,79,133,34,21,17,2025-03-01
5586,79,106,13,4,9,2024-01-01
5587,79,106,4,12,11,2024-02-01
5588,79,106,9,21,14,2025-03-01
5589,79,106,23,2,4,2025-04-01
5590,79,106,19,11,6,2024-07-01
5591,79,106,22,17,3,2025-12-01
5592,79,106,40,13,3,2024-10-01
5593,79,106,29,18,16,2024-06-01
5594,79,106,16,10,9,2025-11-01
5595,79,106,13,15,9,2025-08-01
5596,79,151,10,14,10,2024-06-01
5597,79,151,10,14,7,2024-07-01
5598,79,151,16,4,0,2024-10-01
5599,79,151,10,4,1,2025-06-01
5600,79,151,13,2,1,2024-03-01
5601,79,151,18,2,6,2025-10-01
5602,79,151,20,13,0,2024-08-01
5603,79,151,26,16,19,2025-02-01
5604,79,151,34,6,1,2024-05-01
5605,79,151,38,25,13,2025-04-01
5606,79,151,28,23,2,2025-09-01
5607,79,151,15,14,5,2024-12-01
5608,79,163,18,17,20,2025-12-01
5609,79,163,18,12,3,2024-09-01
5610,79,163,13,13,12,2024-12-01
5611,79,163,2,8,13,2024-07-01
5612,79,163,23,5,4,2024-06-01
5613,79,163,11,22,19,2024-10-01
5614,79,163,25,6,0,2024-05-01
5615,79,163,31,18,8,2025-02-01
5616,79,163,34,16,12,2025-08-01
5617,80,166,25,14,3,2024-09-01
5618,80,166,10,5,6,2025-04-01
5619,80,166,12,14,14,2024-01-01
5620,80,166,29,15,13,2024-06-01
5621,80,166,37,12,4,2024-11-01
5622,80,166,8,18,10,2025-02-01
5623,80,166,15,9,5,2024-02-01
5624,80,166,26,21,7,2025-05-01
5625,80,166,38,20,7,2024-07-01
5626,80,176,21,6,8,2025-05-01
5627,80,176,16,5,6,2025-09-01
5628,80,176,18,4,4,2025-08-01
5629,80,176,16,8,5,2025-06-01
5630,80,176,46,17,1,2024-02-01
5631,80,176,14,2,7,2024-05-01
5632,80,176,12,9,1,2025-01-01
5633,80,176,10,18,17,2025-02-01
5634,80,145,16,19,5,2024-07-01
5635,80,145,36,22,6,2024-02-01
5636,80,145,14,7,9,2025-06-01
5637,80,145,8,3,3,2024-10-01
5638,80,145,6,5,8,2024-06-01
5639,80,145,5,7,8,2024-03-01
5640,80,145,39,15,6,2025-10-01
5641,80,145,26,10,9,2025-05-01
5642,80,147,24,22,27,2024-12-01
5643,80,147,31,25,10,2025-06-01
5644,80,147,26,18,0,2025-01-01
5645,80,147,45,24,9,2024-06-01
5646,80,147,32,18,7,2024-04-01
5647,80,147,34,8,2,2025-03-01
5648,80,147,12,8,1,2025-04-01
5649,80,153,0,8,13,2024-07-01
5650,80,153,6,10,12,2025-03-01
5651,80,153,21,8,8,2024-10-01
5652,80,153,33,17,0,2025-11-01
5653,80,153,11,6,1,2024-12-01
5654,80,153,12,23,15,2024-02-01
5655,80,157,21,19,6,2024-04-01
5656,80,157,20,5,9,2025-06-01
5657,80,157,37,12,0,2024-06-01
5658,80,157,21,21,1,2025-04-01
5659,80,157,24,24,12,2024-03-01
5660,80,157,49,23,0,2024-12-01
5661,80,157,22,18,15,2025-05-01
5662,80,157,4,24,24,2024-10-01
5663,80,157,26,25,13,2024-01-01
5664,80,157,11,12,6,2024-02-01
5665,80,144,35,16,1,2025-08-01
5666,80,144,22,2,7,2025-03-01
5667,80,144,1,13,15,2024-03-01
5668,80,144,23,7,7,2025-10-01
5669,80,144,7,19,24,2025-02-01
5670,80,144,25,11,2,2024-05-01
5671,80,144,12,12,11,2024-11-01
5672,80,144,33,7,1,2024-10-01
5673,80,122,24,22,15,2025-10-01
5674,80,122,47,19,0,2024-06-01
5675,80,122,27,7,1,2024-04-01
5676,80,122,24,25,28,2025-01-01
5677,80,122,13,23,21,2025-09-01
5678,80,122,31,14,2,2025-07-01
5679,80,122,3,2,2,2025-05-01
5680,80,122,19,13,18,2025-02-01
5681,80,122,6,24,25,2024-05-01
5682,80,122,9,14,9,2025-04-01
5683,80,122,17,10,6,2025-08-01
5684,81,122,23,23,2,2025-01-01
5685,81,122,22,6,11,2025-09-01
5686,81,122,19,15,9,2024-08-01
5687,81,122,17,22,22,2024-06-01
5688,81,122,18,25,10,2025-10-01
5689,81,122,46,17,1,2024-12-01
5690,81,122,2,24,27,2024-11-01
5691,81,122,29,24,8,2024-04-01
5692,81,122,22,10,1,2024-10-01
5693,81,122,20,5,2,2025-03-01
5694,81,122,14,10,5,2024-09-01
5695,81,122,15,20,8,2024-03-01
5696,81,104,30,10,0,2025-05-01
5697,81,104,18,3,2,2025-08-01
5698,81,104,24,5,3,2025-06-01
5699,81,104,28,6,3,2024-04-01
5700,81,104,28,10,12,2024-02-01
5701,81,104,2,6,6,2025-11-01
5702,81,104,18,12,8,2024-12-01
5703,81,104,9,12,6,2025-09-01
5704,81,104,9,11,15,2024-09-01
5705,81,104,37,20,8,2024-11-01
5706,81,104,25,15,14,2024-01-01
5707,81,140,15,9,8,2025-10-01
5708,81,140,39,25,3,2025-06-01
5709,81,140,34,13,9,2024-05-01
5710,81,140,8,23,21,2025-04-01
5711,81,140,7,4,4,2024-08-01
5712,81,140,17,8,11,2024-03-01
5713,81,145,15,16,4,2024-06-01
5714,81,145,17,25,22,2024-05-01
5715,81,145,23,2,6,2025-04-01
5716,81,145,26,3,5,2024-04-01
5717,81,145,19,12,0,2024-07-01
5718,81,145,12,7,8,2025-09-01
5719,81,151,24,18,7,2024-10-01
5720,81,151,33,16,12,2025-11-01
5721,81,151,8,6,11,2024-03-01
5722,81,151,0,11,14,2024-01-01
5723,81,151,0,18,22,2024-09-01
5724,81,151,4,3,8,2025-10-01
5725,81,151,26,4,5,2025-01-01
5726,81,151,10,2,0,2025-04-01
5727,81,151,31,22,8,2025-09-01
5728,81,151,3,4,4,2025-06-01
5729,81,151,31,15,9,2024-12-01
5730,81,151,31,17,2,2024-11-01
5731,81,132,21,8,9,2024-09-01
5732,81,132,12,6,3,2025-05-01
5733,81,132,10,23,25,2024-08-01
5734,81,132,5,8,4,2024-06-01
5735,81,132,11,24,13,2024-05-01
5736,81,132,42,17,5,2025-10-01
5737,81,132,4,10,12,2024-03-01
5738,81,175,24,14,19,2024-11-01
5739,81,175,30,13,9,2025-05-01
5740,81,175,3,23,24,2024-05-01
5741,81,175,29,2,1,2025-11-01
5742,81,175,12,5,1,2025-02-01
5743,81,175,4,6,9,2025-03-01
5744,81,175,29,23,4,2025-12-01
5745,81,175,19,19,15,2025-09-01
5746,81,175,13,5,9,2024-07-01
5747,81,162,22,2,7,2024-07-01
5748,81,162,26,10,1,2025-09-01
5749,81,162,6,6,5,2025-07-01
5750,81,162,10,18,13,2024-04-01
5751,81,162,7,21,21,2024-02-01
5752,81,162,24,17,14,2024-01-01
5753,81,135,10,7,3,2025-01-01
5754,81,135,40,20,6,2025-04-01
5755,81,135,6,10,8,2025-03-01
5756,81,135,20,25,12,2025-10-01
5757,81,135,16,5,5,2025-05-01
5758,81,135,33,16,0,2024-06-01
5759,81,135,5,13,16,2024-07-01
5760,81,135,14,22,17,2024-10-01
5761,81,135,32,13,3,2024-03-01
5762,81,135,26,16,7,2024-11-01
5763,81,167,10,19,22,2025-04-01
5764,81,167,15,13,6,2025-12-01
5765,81,167,31,3,0,2024-04-01
5766,81,167,43,18,1,2024-07-01
5767,81,167,12,24,14,2024-12-01
5768,81,167,32,14,7,2024-05-01
5769,81,167,1,13,12,2025-02-01
5770,81,167,27,20,15,2024-01-01
5771,81,167,11,2,7,2025-06-01
5772,81,167,21,3,4,2025-01-01
5773,81,167,9,6,2,2025-10-01
5774,82,143,5,21,21,2024-08-01
5775,82,143,39,20,3,2024-11-01
5776,82,143,39,20,4,2025-02-01
5777,82,143,28,7,9,2025-09-01
5778,82,143,15,25,22,2024-07-01
5779,82,143,12,11,7,2024-09-01
5780,82,143,12,25,14,2025-11-01
5781,82,143,0,22,23,2024-12-01
5782,82,128,0,3,5,2025-08-01
5783,82,128,32,25,20,2025-03-01
5784,82,128,0,9,13,2024-04-01
5785,82,128,4,7,4,2025-10-01
5786,82,128,14,3,3,2024-08-01
5787,82,128,19,7,6,2025-05-01
5788,82,128,8,2,1,2024-03-01
5789,82,146,21,19,13,2024-01-01
5790,82,146,32,4,0,2024-11-01
5791,82,146,29,10,10,2025-02-01
5792,82,146,31,14,2,2024-08-01
5793,82,146,2,4,2,2025-11-01
5794,82,146,33,13,5,2025-08-01
5795,82,146,10,25,20,2024-07-01
5796,82,146,22,13,9,2024-05-01
5797,82,123,21,11,8,2024-01-01
5798,82,123,20,5,5,2024-11-01
5799,82,123,25,3,5,2024-04-01
5800,82,123,29,9,9,2025-09-01
5801,82,123,20,23,10,2025-10-01
5802,82,123,17,24,9,2025-11-01
5803,82,123,29,18,7,2024-08-01
5804,82,123,9,10,12,2025-01-01
5805,82,123,2,6,6,2024-09-01
5806,82,123,37,13,4,2024-07-01
5807,82,164,15,9,7,2025-11-01
5808,82,164,8,8,4,2025-03-01
5809,82,164,42,16,2,2025-05-01
5810,82,164,20,17,4,2024-07-01
5811,82,164,16,13,0,2024-10-01
5812,82,164,16,23,26,2025-08-01
5813,82,164,44,23,1,2024-08-01
5814,82,164,21,15,1,2024-02-01
5815,82,164,0,7,12,2024-11-01
5816,82,124,0,9,13,2024-11-01
5817,82,124,37,8,1,2024-08-01
5818,82,124,14,5,3,2025-03-01
5819,82,124,22,7,1,2024-03-01
5820,82,124,23,23,6,2025-09-01
5821,82,124,21,13,13,2024-10-01
5822,82,124,28,25,7,2024-05-01
5823,83,152,28,11,11,2025-06-01
5824,83,152,16,14,16,2025-08-01
5825,83,152,32,6,4,2025-01-01
5826,83,152,4,16,18,2024-11-01
5827,83,152,30,8,0,2025-05-01
5828,83,152,13,12,1,2024-02-01
5829,83,152,3,11,8,2024-07-01
5830,83,152,36,14,0,2024-04-01
5831,83,152,48,22,0,2025-10-01
5832,83,152,15,20,14,2024-10-01
5833,83,152,9,24,25,2025-03-01
5834,83,135,21,16,4,2025-03-01
5835,83,135,35,22,17,2025-06-01
5836,83,135,12,4,6,2025-12-01
5837,83,135,14,4,4,2024-02-01
5838,83,135,8,15,7,2024-03-01
5839,83,135,9,2,5,2024-09-01
5840,83,135,44,15,1,2024-04-01
5841,83,135,8,8,3,2024-06-01
5842,83,135,17,19,6,2025-10-01
5843,83,135,40,21,8,2025-04-01
5844,83,173,31,22,14,2025-02-01
5845,83,173,18,2,0,2024-10-01
5846,83,173,25,4,2,2025-04-01
5847,83,173,35,20,2,2024-02-01
5848,83,173,35,22,15,2024-12-01
5849,83,173,33,8,2,2024-09-01
5850,83,173,22,24,17,2025-08-01
5851,83,173,14,24,21,2024-06-01
5852,83,114,0,24,26,2025-12-01
5853,83,114,28,19,1,2024-06-01
5854,83,114,25,19,10,2024-09-01
5855,83,114,8,5,1,2025-09-01
5856,83,114,10,7,8,2025-07-01
5857,83,114,5,18,20,2024-10-01
5858,83,137,22,17,21,2025-05-01
5859,83,137,3,7,11,2025-10-01
5860,83,137,20,5,7,2025-04-01
5861,83,137,19,10,4,2024-08-01
5862,83,137,16,2,1,2025-07-01
5863,83,137,16,10,1,2024-10-01
5864,83,137,17,16,13,2024-09-01
5865,83,106,22,16,9,2025-06-01
5866,83,106,8,15,16,2024-02-01
5867,83,106,29,19,1,2025-08-01
5868,83,106,3,11,14,2024-01-01
5869,83,106,13,12,14,2025-09-01
5870,83,106,21,8,11,2024-06-01
5871,83,106,40,19,9,2024-08-01
5872,83,106,14,15,18,2024-11-01
5873,83,106,3,17,19,2024-07-01
5874,83,106,10,9,6,2025-10-01
5875,83,106,20,17,8,2025-11-01
5876,83,106,31,7,0,2024-12-01
5877,83,121,26,2,1,2024-03-01
5878,83,121,41,20,8,2025-01-01
5879,83,121,13,4,1,2024-02-01
5880,83,121,13,5,1,2025-11-01
5881,83,121,9,5,6,2025-06-01
5882,83,121,23,13,17,2025-12-01
5883,83,121,33,21,2,2024-10-01
5884,83,121,29,10,0,2025-07-01
5885,83,121,22,3,6,2025-04-01
5886,83,120,0,4,8,2024-11-01
5887,83,120,37,21,4,2024-09-01
5888,83,120,1,16,21,2024-06-01
5889,83,120,10,17,12,2025-03-01
5890,83,120,22,12,5,2025-08-01
5891,83,120,15,19,18,2025-12-01
5892,83,120,20,8,8,2025-02-01
5893,83,120,25,2,1,2025-04-01
5894,83,120,18,5,1,2025-09-01
5895,83,180,6,4,8,2025-06-01
5896,83,180,41,18,5,2025-12-01
5897,83,180,32,8,1,2025-03-01
5898,83,180,5,7,11,2024-10-01
5899,83,180,17,5,9,2024-06-01
5900,83,180,12,12,10,2025-08-01
5901,83,180,9,5,8,2024-05-01
5902,83,180,11,6,5,2025-07-01
5903,83,180,29,4,1,2025-11-01
5904,83,180,19,7,1,2025-04-01
5905,83,180,16,3,5,2024-08-01
5906,83,180,10,9,5,2025-10-01
5907,83,186,17,2,4,2024-02-01
5908,83,186,9,18,19,2024-10-01
5909,83,186,41,24,2,2024-03-01
5910,83,186,1,20,25,2025-04-01
5911,83,186,31,20,8,2024-11-01
5912,83,186,0,7,10,2025-11-01
5913,83,186,30,17,9,2024-01-01
5914,83,186,26,25,12,2024-05-01
5915,84,168,41,19,0,2024-06-01
5916,84,168,3,4,5,2025-02-01
5917,84,168,21,2,1,2024-08-01
5918,84,168,21,3,1,2025-10-01
5919,84,168,42,19,0,2024-07-01
5920,84,168,38,20,4,2025-09-01
5921,84,168,4,12,10,2024-05-01
5922,84,168,33,12,2,2025-08-01
5923,84,168,18,14,19,2025-12-01
5924,84,168,6,8,5,2025-06-01
5925,84,168,17,13,7,2024-11-01
5926,84,106,18,19,12,2025-06-01
5927,84,106,3,11,14,2024-09-01
5928,84,106,22,17,2,2025-11-01
5929,84,106,11,24,19,2025-04-01
5930,84,106,23,12,13,2024-01-01
5931,84,106,21,19,16,2024-08-01
5932,84,106,22,22,6,2025-10-01
5933,84,149,29,10,6,2024-09-01
5934,84,149,11,23,16,2025-09-01
5935,84,149,3,10,11,2025-07-01
5936,84,149,28,9,5,2024-10-01
5937,84,149,2,18,16,2024-07-01
5938,84,149,29,14,9,2025-12-01
5939,84,149,17,24,16,2024-02-01
5940,84,166,26,2,2,2024-03-01
5941,84,166,18,20,14,2024-04-01
5942,84,166,31,12,2,2025-10-01
5943,84,166,30,22,22,2024-05-01
5944,84,166,12,14,18,2025-03-01
5945,84,166,14,18,17,2024-01-01
5946,84,166,40,23,5,2025-01-01
5947,84,166,0,16,21,2025-11-01
5948,84,131,23,17,6,2024-04-01
5949,84,131,34,10,2,2025-05-01
5950,84,131,4,17,15,2024-11-01
5951,84,131,1,11,16,2024-07-01
5952,84,131,27,22,0,2024-08-01
5953,84,131,15,16,16,2025-09-01
5954,84,131,18,17,5,2024-06-01
5955,84,131,26,6,6,2025-02-01
5956,84,131,24,23,8,2025-12-01
5957,84,131,22,6,11,2025-07-01
5958,84,131,28,21,22,2024-12-01
5959,84,102,11,5,4,2024-08-01
5960,84,102,8,10,6,2025-10-01
5961,84,102,16,11,4,2025-07-01
5962,84,102,34,14,2,2025-11-01
5963,84,102,14,10,6,2025-09-01
5964,84,102,21,13,6,2024-06-01
5965,84,102,44,17,3,2024-12-01
5966,84,102,6,7,2,2024-01-01
5967,84,183,27,11,4,2024-01-01
5968,84,183,7,2,6,2025-07-01
5969,84,183,21,3,5,2024-07-01
5970,84,183,25,15,10,2025-05-01
5971,84,183,17,7,4,2025-03-01
5972,84,183,1,21,24,2025-04-01
5973,84,183,32,20,0,2024-02-01
5974,84,183,40,24,12,2025-12-01
5975,84,183,32,22,6,2025-02-01
5976,84,183,11,22,18,2024-12-01
5977,84,183,14,7,1,2024-04-01
5978,84,186,16,10,4,2024-09-01
5979,84,186,4,6,2,2025-11-01
5980,84,186,0,15,19,2025-09-01
5981,84,186,15,3,6,2025-03-01
5982,84,186,24,25,4,2025-07-01
5983,84,186,13,20,14,2024-11-01
5984,84,186,29,5,3,2025-04-01
5985,84,186,24,6,5,2024-10-01
5986,84,186,10,19,19,2025-05-01
5987,84,186,48,24,5,2024-02-01
5988,85,164,10,20,11,2025-02-01
5989,85,164,21,14,9,2025-07-01
5990,85,164,31,13,5,2025-03-01
5991,85,164,1,13,18,2024-09-01
5992,85,164,16,12,6,2024-11-01
5993,85,164,4,6,7,2025-11-01
5994,85,164,10,10,11,2025-05-01
5995,85,164,32,13,3,2024-02-01
5996,85,164,39,24,9,2024-05-01
5997,85,164,0,19,24,2025-08-01
5998,85,155,29,3,4,2024-08-01
5999,85,155,26,24,12,2025-10-01
6000,85,155,3,6,5,2024-11-01
6001,85,155,3,21,23,2024-07-01
6002,85,155,28,21,13,2025-11-01
6003,85,155,17,7,4,2024-01-01
6004,85,155,30,25,24,2024-09-01
6005,85,119,16,21,5,2024-11-01
6006,85,119,15,3,7,2025-04-01
6007,85,119,36,11,3,2024-03-01
6008,85,119,8,19,22,2024-01-01
6009,85,119,24,23,2,2025-01-01
6010,85,119,28,23,18,2024-06-01
6011,85,137,23,21,2,2025-06-01
6012,85,137,8,22,23,2025-11-01
6013,85,137,8,6,4,2024-10-01
6014,85,137,18,9,0,2025-09-01
6015,85,137,14,24,19,2025-01-01
6016,85,137,29,17,15,2024-05-01
6017,85,134,8,3,0,2024-10-01
6018,85,134,17,6,9,2024-07-01
6019,85,134,25,8,13,2025-04-01
6020,85,134,34,24,19,2024-12-01
6021,85,134,9,2,5,2024-04-01
6022,85,134,51,25,0,2024-02-01
6023,85,134,12,25,29,2024-11-01
6024,85,134,28,3,3,2024-05-01
6025,85,108,5,4,0,2024-03-01
6026,85,108,2,3,2,2024-05-01
6027,85,108,7,6,11,2025-02-01
6028,85,108,7,4,6,2025-04-01
6029,85,108,36,22,3,2025-12-01
6030,85,108,12,4,4,2024-09-01
6031,85,108,16,22,21,2025-11-01
6032,85,108,19,5,3,2024-04-01
6033,85,108,32,24,6,2024-06-01
6034,85,108,12,21,23,2024-08-01
6035,85,175,29,7,5,2024-10-01
6036,85,175,15,5,10,2025-11-01
6037,85,175,1,5,10,2024-06-01
6038,85,175,1,11,10,2024-12-01
6039,85,175,14,17,3,2025-05-01
6040,85,175,17,3,7,2025-04-01
6041,85,175,28,13,8,2024-03-01
6042,85,175,28,13,0,2025-06-01
6043,85,162,11,18,17,2025-12-01
6044,85,162,31,20,12,2025-05-01
6045,85,162,15,17,20,2024-12-01
6046,85,162,18,9,7,2024-10-01
6047,85,162,24,6,5,2025-09-01
6048,85,162,43,23,2,2024-09-01
6049,85,162,12,15,6,2025-03-01
6050,85,162,2,12,16,2025-10-01
6051,85,162,17,7,1,2024-08-01
6052,85,162,27,11,13,2024-11-01
6053,85,162,11,15,8,2025-08-01
6054,85,162,15,13,9,2024-06-01
6055,85,146,29,22,20,2025-10-01
6056,85,146,20,14,14,2024-09-01
6057,85,146,36,11,5,2024-06-01
6058,85,146,1,7,7,2024-02-01
6059,85,146,17,2,4,2025-06-01
6060,85,146,20,4,0,2025-07-01
6061,85,146,23,8,1,2025-12-01
6062,85,146,19,15,18,2025-04-01
6063,85,146,23,21,14,2025-03-01
6064,85,167,0,4,6,2024-04-01
6065,85,167,22,22,10,2024-08-01
6066,85,167,7,9,6,2024-03-01
6067,85,167,12,24,17,2025-01-01
6068,85,167,0,5,8,2024-06-01
6069,85,167,23,5,9,2025-05-01
6070,85,167,20,13,14,2025-06-01
6071,86,163,36,11,4,2025-09-01
6072,86,163,1,24,26,2025-01-01
6073,86,163,10,15,18,2025-12-01
6074,86,163,6,12,14,2024-08-01
6075,86,163,14,4,6,2024-01-01
6076,86,163,18,16,9,2025-05-01
6077,86,163,14,15,4,2025-08-01
6078,86,185,35,13,0,2024-08-01
6079,86,185,19,4,3,2024-06-01
6080,86,185,7,11,7,2025-03-01
6081,86,185,27,18,16,2025-02-01
6082,86,185,13,3,6,2024-04-01
6083,86,185,19,11,3,2025-12-01
6084,86,185,15,16,20,2024-02-01
6085,86,185,9,24,16,2025-04-01
6086,86,185,20,2,3,2025-08-01
6087,86,185,24,23,2,2025-01-01
6088,86,185,6,9,11,2024-01-01
6089,86,150,13,3,7,2025-06-01
6090,86,150,35,12,2,2024-07-01
6091,86,150,20,15,6,2024-03-01
6092,86,150,23,23,22,2024-06-01
6093,86,150,35,8,3,2025-11-01
6094,86,150,33,19,4,2024-02-01
6095,86,150,30,10,6,2025-05-01
6096,86,150,30,20,11,2025-01-01
6097,86,150,21,20,22,2025-04-01
6098,86,150,27,13,1,2024-09-01
6099,86,150,17,2,0,2024-04-01
6100,86,150,15,16,17,2025-09-01
6101,86,138,20,2,1,2025-11-01
6102,86,138,1,8,10,2024-03-01
6103,86,138,22,5,5,2024-05-01
6104,86,138,27,18,11,2024-04-01
6105,86,138,12,7,9,2024-06-01
6106,86,138,17,25,19,2024-11-01
6107,86,138,30,23,2,2024-10-01
6108,86,138,25,10,0,2024-12-01
6109,86,149,24,7,3,2025-05-01
6110,86,149,24,7,6,2025-11-01
6111,86,149,17,24,10,2024-08-01
6112,86,149,11,14,18,2025-06-01
6113,86,149,30,12,11,2025-08-01
6114,86,149,24,23,0,2024-04-01
6115,86,144,26,16,8,2024-05-01
6116,86,144,0,10,15,2025-05-01
6117,86,144,0,9,14,2024-06-01
6118,86,144,29,13,11,2025-06-01
6119,86,144,41,19,3,2025-04-01
6120,86,144,29,18,0,2024-12-01
6121,86,144,42,19,5,2024-08-01
6122,86,144,10,8,11,2025-03-01
6123,86,144,10,3,5,2024-11-01
6124,86,144,6,17,20,2025-07-01
6125,86,144,20,20,14,2024-04-01
6126,86,112,11,4,0,2024-09-01
6127,86,112,4,21,26,2025-11-01
6128,86,112,5,8,12,2025-12-01
6129,86,112,22,9,14,2024-11-01
6130,86,112,3,23,28,2025-07-01
6131,86,112,28,11,4,2024-07-01
6132,86,112,17,11,15,2025-09-01
6133,86,158,13,2,1,2024-10-01
6134,86,158,30,6,4,2025-04-01
6135,86,158,22,25,14,2025-11-01
6136,86,158,36,21,8,2024-12-01
6137,86,158,6,8,11,2025-09-01
6138,86,158,0,11,16,2025-06-01
6139,86,158,7,19,12,2025-03-01
6140,86,158,34,5,1,2024-09-01
6141,86,176,28,7,3,2024-07-01
6142,86,176,23,9,12,2025-09-01
6143,86,176,6,3,4,2024-03-01
6144,86,176,0,3,7,2024-11-01
6145,86,176,5,16,21,2024-06-01
6146,86,176,31,19,17,2024-01-01
6147,86,132,40,23,12,2025-02-01
6148,86,132,0,6,9,2025-04-01
6149,86,132,17,25,9,2025-09-01
6150,86,132,8,19,24,2024-11-01
6151,86,132,19,6,10,2025-11-01
6152,86,132,15,9,11,2025-05-01
6153,86,132,12,12,6,2024-07-01
6154,86,132,40,21,1,2024-09-01
6155,86,132,26,9,4,2024-02-01
6156,86,132,5,8,5,2025-06-01
6157,87,122,8,7,4,2024-07-01
6158,87,122,25,13,2,2025-11-01
6159,87,122,26,4,5,2024-10-01
6160,87,122,10,5,10,2025-12-01
6161,87,122,27,17,10,2025-08-01
6162,87,122,25,11,11,2025-07-01
6163,87,122,12,19,17,2025-09-01
6164,87,122,25,22,11,2024-05-01
6165,87,122,19,12,1,2025-03-01
6166,87,122,11,6,1,2025-06-01
6167,87,132,22,14,18,2024-05-01
6168,87,132,0,2,5,2025-04-01
6169,87,132,28,23,22,2025-10-01
6170,87,132,9,21,22,2025-02-01
6171,87,132,24,8,4,2025-06-01
6172,87,132,21,8,0,2025-07-01
6173,87,132,16,12,1,2024-11-01
6174,87,132,18,3,7,2025-05-01
6175,87,132,22,17,2,2024-02-01
6176,87,132,0,25,26,2025-12-01
6177,87,174,27,18,7,2024-09-01
6178,87,174,35,22,10,2025-01-01
6179,87,174,8,24,25,2024-05-01
6180,87,174,15,23,24,2024-08-01
6181,87,174,21,14,2,2025-02-01
6182,87,174,17,14,1,2025-12-01
6183,87,174,28,19,4,2024-06-01
6184,87,174,26,5,7,2025-11-01
6185,87,178,37,15,4,2024-02-01
6186,87,178,7,3,4,2025-10-01
6187,87,178,14,2,4,2024-03-01
6188,87,178,26,7,9,2024-12-01
6189,87,178,31,18,1,2024-08-01
6190,87,178,27,21,16,2024-06-01
6191,87,178,6,18,14,2025-09-01
6192,87,178,32,17,0,2025-01-01
6193,87,164,0,21,25,2024-06-01
6194,87,164,34,18,9,2025-01-01
6195,87,164,9,23,18,2024-02-01
6196,87,164,20,8,11,2025-12-01
6197,87,164,30,7,1,2025-03-01
6198,87,164,8,9,2,2024-01-01
6199,87,164,11,14,9,2025-09-01
6200,87,164,26,9,11,2025-06-01
6201,87,164,13,8,3,2025-11-01
6202,87,164,46,20,2,2024-09-01
6203,87,164,20,10,5,2024-04-01
6204,87,139,36,22,12,2024-09-01
6205,87,139,27,2,3,2025-12-01
6206,87,139,0,20,22,2025-04-01
6207,87,139,36,14,8,2025-02-01
6208,87,139,22,16,6,2025-06-01
6209,87,139,8,3,6,2024-04-01
6210,87,112,7,13,17,2024-04-01
6211,87,112,35,23,10,2025-01-01
6212,87,112,27,8,9,2025-09-01
6213,87,112,0,18,20,2024-09-01
6214,87,112,8,5,9,2024-11-01
6215,87,112,3,6,6,2025-02-01
6216,87,112,39,18,6,2024-06-01
6217,87,112,19,4,6,2025-04-01
6218,87,112,0,9,12,2024-01-01
6219,87,157,16,20,8,2025-04-01
6220,87,157,24,25,5,2025-08-01
6221,87,157,6,7,11,2024-01-01
6222,87,157,15,19,7,2025-01-01
6223,87,157,24,23,20,2025-05-01
6224,87,157,20,24,15,2025-02-01
6225,87,157,7,2,6,2024-03-01
6226,87,157,34,23,3,2025-06-01
6227,87,157,22,17,15,2024-07-01
6228,87,157,13,25,17,2024-02-01
6229,87,157,29,12,12,2024-09-01
6230,87,176,9,23,24,2025-11-01
6231,87,176,5,6,10,2024-11-01
6232,87,176,27,13,8,2025-09-01
6233,87,176,6,24,25,2024-09-01
6234,87,176,0,11,16,2025-01-01
6235,87,176,9,15,20,2025-03-01
6236,87,176,13,17,17,2025-06-01
6237,87,176,27,14,16,2024-06-01
6238,87,149,36,23,16,2025-05-01
6239,87,149,28,4,1,2024-06-01
6240,87,149,2,13,14,2025-09-01
6241,87,149,9,19,23,2024-07-01
6242,87,149,10,14,9,2024-09-01
6243,87,149,28,25,14,2024-03-01
6244,87,149,27,17,12,2024-10-01
6245,88,124,26,4,7,2025-03-01
6246,88,124,30,25,25,2024-10-01
6247,88,124,27,2,4,2025-07-01
6248,88,124,26,16,2,2025-04-01
6249,88,124,18,3,3,2024-12-01
6250,88,124,20,8,10,2024-09-01
6251,88,124,18,4,2,2025-08-01
6252,88,124,32,3,0,2024-11-01
6253,88,124,6,5,4,2024-06-01
6254,88,124,25,12,7,2024-01-01
6255,88,124,0,22,24,2024-08-01
6256,88,171,3,9,10,2024-11-01
6257,88,171,19,5,0,2024-03-01
6258,88,171,17,6,1,2024-09-01
6259,88,171,4,2,2,2025-12-01
6260,88,171,19,24,20,2024-12-01
6261,88,171,12,22,10,2025-09-01
6262,88,171,3,9,6,2024-04-01
6263,88,171,2,10,9,2025-03-01
6264,88,171,24,7,6,2025-01-01
6265,88,171,34,20,6,2025-06-01
6266,88,154,22,17,5,2024-06-01
6267,88,154,20,19,9,2025-05-01
6268,88,154,21,9,2,2024-09-01
6269,88,154,23,14,18,2024-02-01
6270,88,154,4,11,10,2025-12-01
6271,88,154,31,20,13,2024-10-01
6272,88,154,42,23,1,2025-01-01
6273,88,154,0,2,7,2025-09-01
6274,88,154,19,11,3,2025-07-01
6275,88,154,37,15,1,2025-10-01
6276,88,120,3,2,6,2025-07-01
6277,88,120,28,2,3,2024-07-01
6278,88,120,35,12,2,2024-03-01
6279,88,120,15,14,9,2024-06-01
6280,88,120,25,3,1,2024-04-01
6281,88,120,28,11,2,2025-11-01
6282,88,120,37,20,0,2024-09-01
6283,88,120,10,20,20,2025-01-01
6284,88,130,5,6,2,2024-06-01
6285,88,130,14,24,22,2024-05-01
6286,88,130,25,8,12,2024-12-01
6287,88,130,23,3,2,2025-06-01
6288,88,130,21,19,0,2024-02-01
6289,88,130,26,3,0,2025-07-01
6290,88,130,4,11,8,2025-09-01
6291,88,130,34,14,8,2025-01-01
6292,88,130,18,4,2,2025-10-01
6293,88,106,17,3,0,2024-05-01
6294,88,106,22,17,9,2025-09-01
6295,88,106,28,9,3,2024-06-01
6296,88,106,30,12,11,2024-11-01
6297,88,106,28,21,3,2025-05-01
6298,88,106,29,25,15,2025-01-01
6299,88,106,19,20,12,2024-04-01
6300,88,106,22,11,10,2024-07-01
6301,88,106,14,21,8,2025-12-01
6302,88,106,25,20,21,2024-09-01
6303,88,106,25,18,3,2024-01-01
6304,88,106,28,15,3,2025-11-01
6305,89,107,2,9,8,2024-02-01
6306,89,107,19,21,11,2024-03-01
6307,89,107,29,23,11,2024-06-01
6308,89,107,22,10,11,2024-07-01
6309,89,107,3,3,6,2024-05-01
6310,89,107,25,22,2,2025-06-01
6311,89,107,25,3,5,2024-01-01
6312,89,107,0,5,10,2025-04-01
6313,89,107,43,18,5,2024-08-01
6314,89,108,10,12,14,2024-05-01
6315,89,108,0,3,7,2025-12-01
6316,89,108,9,23,21,2025-10-01
6317,89,108,10,15,5,2024-06-01
6318,89,108,15,9,14,2025-08-01
6319,89,108,0,6,9,2025-04-01
6320,89,108,5,3,1,2025-09-01
6321,89,108,25,13,4,2024-04-01
6322,89,108,30,13,6,2024-09-01
6323,89,108,44,16,2,2024-10-01
6324,89,108,19,14,2,2025-07-01
6325,89,108,28,12,5,2024-08-01
6326,89,164,2,14,13,2025-11-01
6327,89,164,36,23,12,2024-09-01
6328,89,164,25,8,0,2024-04-01
6329,89,164,19,11,9,2024-10-01
6330,89,164,5,4,1,2025-03-01
6331,89,164,21,19,11,2025-04-01
6332,89,164,12,9,4,2024-03-01
6333,89,164,11,22,11,2024-02-01
6334,89,164,32,13,7,2025-06-01
6335,89,164,25,20,6,2024-08-01
6336,89,164,18,10,4,2025-01-01
6337,89,173,39,20,7,2025-06-01
6338,89,173,39,20,0,2025-07-01
6339,89,173,35,20,5,2025-01-01
6340,89,173,26,10,14,2025-10-01
6341,89,173,38,14,2,2024-07-01
6342,89,173,9,16,9,2024-09-01
6343,89,173,7,15,8,2025-05-01
6344,89,173,5,5,2,2024-08-01
6345,89,173,30,14,11,2025-02-01
6346,89,173,15,17,10,2024-06-01
6347,89,128,34,20,11,2024-12-01
6348,89,128,19,16,18,2024-05-01
6349,89,128,2,6,10,2024-04-01
6350,89,128,10,11,5,2024-03-01
6351,89,128,18,7,8,2024-07-01
6352,89,128,19,19,5,2025-01-01
6353,89,176,44,22,7,2025-08-01
6354,89,176,9,9,9,2025-11-01
6355,89,176,20,6,2,2024-07-01
6356,89,176,28,18,13,2024-04-01
6357,89,176,7,5,10,2024-12-01
6358,89,176,18,4,3,2025-03-01
6359,89,176,19,6,1,2025-02-01
6360,89,176,2,24,24,2024-01-01
6361,89,104,13,14,19,2025-05-01
6362,89,104,24,23,10,2025-02-01
6363,89,104,20,13,3,2025-03-01
6364,89,104,31,23,21,2025-12-01
6365,89,104,0,22,25,2024-06-01
6366,89,104,24,6,10,2024-01-01
6367,89,104,17,3,6,2024-02-01
6368,89,166,35,22,12,2024-10-01
6369,89,166,2,2,5,2024-12-01
6370,89,166,36,22,5,2025-10-01
6371,89,166,10,3,3,2024-04-01
6372,89,166,4,15,18,2024-06-01
6373,89,166,21,13,5,2024-08-01
6374,89,166,26,6,7,2024-02-01
6375,89,166,3,4,5,2024-03-01
6376,89,166,20,8,2,2025-02-01
6377,89,166,12,2,3,2024-09-01
6378,89,166,27,12,14,2025-01-01
6379,89,166,0,19,22,2025-05-01
6380,89,183,1,22,27,2024-07-01
6381,89,183,22,25,11,2025-10-01
6382,89,183,22,17,4,2024-06-01
6383,89,183,16,3,6,2025-06-01
6384,89,183,28,23,4,2025-05-01
6385,89,183,26,3,6,2024-03-01
6386,89,183,33,21,14,2025-07-01
6387,89,183,7,3,7,2024-11-01
6388,89,183,34,20,3,2024-02-01
6389,89,183,20,14,1,2024-04-01
6390,89,168,26,21,20,2025-03-01
6391,89,168,13,6,7,2025-08-01
6392,89,168,3,20,19,2025-04-01
6393,89,168,47,20,3,2025-09-01
6394,89,168,8,20,12,2024-03-01
6395,89,168,5,4,1,2024-09-01
6396,89,168,6,2,1,2025-01-01
6397,89,168,17,21,6,2025-12-01
6398,90,123,30,17,7,2025-09-01
6399,90,123,16,3,5,2025-08-01
6400,90,123,32,11,0,2024-07-01
6401,90,123,24,4,2,2025-01-01
6402,90,123,25,18,11,2024-08-01
6403,90,123,21,14,15,2024-11-01
6404,90,123,21,20,2,2025-07-01
6405,90,118,28,6,1,2025-11-01
6406,90,118,19,7,6,2024-03-01
6407,90,118,24,5,8,2025-05-01
6408,90,118,37,14,0,2025-03-01
6409,90,118,27,10,1,2024-07-01
6410,90,118,39,15,6,2025-08-01
6411,90,118,28,10,2,2024-01-01
6412,90,118,15,13,16,2024-11-01
6413,90,118,0,22,27,2025-02-01
6414,90,118,13,5,10,2025-09-01
6415,90,106,10,6,10,2024-01-01
6416,90,106,8,14,13,2025-08-01
6417,90,106,12,8,8,2024-12-01
6418,90,106,18,5,7,2025-01-01
6419,90,106,23,17,7,2024-02-01
6420,90,106,19,11,7,2025-04-01
6421,90,106,14,19,6,2025-11-01
6422,90,150,26,16,17,2024-10-01
6423,90,150,14,12,0,2025-05-01
6424,90,150,17,24,27,2024-09-01
6425,90,150,6,2,3,2024-06-01
6426,90,150,25,8,3,2025-10-01
6427,90,150,46,20,1,2025-01-01
6428,90,150,12,10,11,2024-08-01
6429,90,164,24,20,23,2024-11-01
6430,90,164,0,7,7,2025-05-01
6431,90,164,40,21,8,2025-04-01
6432,90,164,35,16,0,2025-01-01
6433,90,164,14,25,29,2024-10-01
6434,90,164,14,7,12,2024-12-01
6435,90,164,27,12,11,2024-09-01
6436,90,164,5,10,5,2024-07-01
6437,90,164,37,9,1,2025-06-01
6438,90,164,34,25,4,2024-03-01
6439,90,170,26,6,6,2024-05-01
6440,90,170,23,4,4,2024-01-01
6441,90,170,26,7,10,2024-02-01
6442,90,170,17,12,0,2025-10-01
6443,90,170,33,16,10,2025-05-01
6444,90,170,11,16,13,2025-06-01
6445,90,170,13,20,7,2025-04-01
6446,90,170,20,4,4,2025-03-01
6447,90,115,31,25,19,2025-03-01
6448,90,115,25,21,9,2024-08-01
6449,90,115,8,11,14,2024-11-01
6450,90,115,39,24,13,2024-01-01
6451,90,115,18,25,15,2024-10-01
6452,90,115,14,9,11,2024-05-01
6453,91,105,37,15,1,2025-09-01
6454,91,105,4,8,4,2024-07-01
6455,91,105,13,14,10,2024-02-01
6456,91,105,25,7,1,2025-10-01
6457,91,105,36,14,4,2025-01-01
6458,91,105,21,3,5,2024-09-01
6459,91,105,24,8,11,2025-05-01
6460,91,105,4,17,13,2025-02-01
6461,91,111,0,5,10,2024-02-01
6462,91,111,12,19,11,2025-10-01
6463,91,111,0,7,10,2025-11-01
6464,91,111,27,25,25,2025-02-01
6465,91,111,21,23,28,2025-08-01
6466,91,111,19,20,18,2024-10-01
6467,91,148,10,10,12,2025-05-01
6468,91,148,23,2,5,2024-01-01
6469,91,148,30,17,17,2024-05-01
6470,91,148,29,13,3,2024-06-01
6471,91,148,17,2,0,2025-01-01
6472,91,148,31,23,18,2025-10-01
6473,91,148,0,19,22,2024-03-01
6474,91,148,28,2,2,2025-06-01
6475,91,148,24,19,20,2024-11-01
6476,91,148,4,6,6,2024-08-01
6477,91,148,33,8,0,2025-02-01
6478,91,148,9,10,6,2025-04-01
6479,91,122,16,22,12,2024-03-01
6480,91,122,13,10,2,2024-08-01
6481,91,122,47,19,0,2025-05-01
6482,91,122,38,24,4,2024-07-01
6483,91,122,33,8,4,2025-04-01
6484,91,122,24,6,6,2024-11-01
6485,91,122,4,17,21,2025-01-01
6486,91,122,28,17,5,2025-10-01
6487,91,122,14,11,9,2024-12-01
6488,91,122,0,2,7,2025-02-01
6489,91,122,32,17,7,2024-09-01
6490,91,126,25,14,10,2024-03-01
6491,91,126,15,4,5,2024-07-01
6492,91,126,2,7,11,2025-10-01
6493,91,126,27,19,14,2024-02-01
6494,91,126,35,22,7,2024-11-01
6495,91,126,26,6,5,2025-12-01
6496,91,126,28,9,5,2024-04-01
6497,91,126,28,25,20,2025-07-01
6498,91,131,16,12,0,2024-07-01
6499,91,131,2,23,28,2025-02-01
6500,91,131,20,20,8,2025-12-01
6501,91,131,0,18,22,2024-10-01
6502,91,131,0,11,14,2024-03-01
6503,91,131,21,22,6,2024-11-01
6504,91,131,14,24,18,2024-02-01
6505,91,107,20,14,5,2024-11-01
6506,91,107,12,13,16,2024-03-01
6507,91,107,24,3,1,2024-10-01
6508,91,107,32,11,0,2024-02-01
6509,91,107,14,25,18,2025-08-01
6510,91,107,26,17,16,2024-07-01
6511,91,107,17,11,1,2025-01-01
6512,91,107,6,4,2,2024-09-01
6513,91,107,32,11,1,2024-08-01
6514,91,107,43,18,4,2025-06-01
6515,91,107,1,10,12,2025-05-01
6516,91,107,38,23,12,2024-06-01
6517,91,151,2,5,5,2025-03-01
6518,91,151,0,9,9,2025-06-01
6519,91,151,24,25,25,2025-01-01
6520,91,151,7,15,13,2025-09-01
6521,91,151,47,24,6,2024-02-01
6522,91,151,20,16,9,2024-11-01
6523,91,151,12,17,14,2025-12-01
6524,91,151,27,8,8,2025-07-01
6525,91,151,5,5,6,2024-03-01
6526,92,113,6,13,18,2024-06-01
6527,92,113,20,5,8,2025-04-01
6528,92,113,0,17,18,2025-08-01
6529,92,113,25,18,16,2024-05-01
6530,92,113,13,15,3,2025-03-01
6531,92,113,6,21,15,2025-10-01
6532,92,152,8,17,17,2024-10-01
6533,92,152,26,8,9,2024-02-01
6534,92,152,40,13,0,2024-07-01
6535,92,152,2,9,9,2025-09-01
6536,92,152,17,5,8,2024-12-01
6537,92,152,14,17,7,2024-06-01
6538,92,152,21,14,13,2024-03-01
6539,92,152,23,22,20,2025-12-01
6540,92,134,4,11,13,2024-12-01
6541,92,134,16,8,8,2024-07-01
6542,92,134,17,15,2,2024-03-01
6543,92,134,26,23,6,2025-02-01
6544,92,134,51,25,2,2024-04-01
6545,92,134,16,7,10,2025-11-01
6546,92,134,21,9,0,2025-12-01
6547,92,134,29,9,4,2024-01-01
6548,92,134,26,24,10,2024-05-01
6549,92,134,22,6,4,2024-10-01
6550,92,134,10,12,5,2025-06-01
6551,92,157,18,24,28,2024-09-01
6552,92,157,15,25,20,2025-04-01
6553,92,157,8,23,16,2025-10-01
6554,92,157,8,11,11,2024-05-01
6555,92,157,27,8,7,2024-07-01
6556,92,157,13,19,15,2025-02-01
6557,92,157,25,25,24,2024-10-01
6558,92,131,4,2,6,2024-11-01
6559,92,131,3,19,16,2025-01-01
6560,92,131,28,25,16,2025-04-01
6561,92,131,3,8,10,2024-02-01
6562,92,131,13,7,1,2024-12-01
6563,92,131,21,13,11,2024-08-01
6564,92,131,6,3,5,2025-06-01
6565,92,131,20,13,11,2024-03-01
6566,92,150,17,10,7,2025-11-01
6567,92,150,43,21,0,2025-06-01
6568,92,150,14,2,5,2024-04-01
6569,92,150,8,18,14,2025-09-01
6570,92,150,0,22,27,2025-12-01
6571,92,150,26,5,5,2025-10-01
6572,92,150,16,5,4,2024-05-01
6573,92,150,12,15,20,2025-05-01
6574,92,150,16,2,4,2025-01-01
6575,92,150,22,10,15,2025-08-01
6576,92,187,27,13,1,2025-04-01
6577,92,187,39,20,3,2025-07-01
6578,92,187,30,21,16,2025-10-01
6579,92,187,33,17,10,2024-03-01
6580,92,187,19,8,11,2025-11-01
6581,92,187,22,13,3,2024-09-01
6582,92,187,2,2,3,2025-01-01
6583,92,187,47,24,0,2025-08-01
6584,92,187,28,10,4,2024-08-01
6585,92,186,28,4,1,2025-09-01
6586,92,186,2,3,8,2025-02-01
6587,92,186,32,17,14,2025-05-01
6588,92,186,12,14,6,2025-01-01
6589,92,186,8,2,5,2024-01-01
6590,92,186,30,22,15,2024-04-01
6591,92,186,18,2,1,2025-08-01
6592,92,186,32,6,1,2024-03-01
6593,92,186,25,18,19,2025-10-01
6594,92,186,7,15,17,2024-06-01
6595,92,186,12,8,7,2024-11-01
6596,92,186,22,21,26,2025-06-01
6597,92,124,39,16,5,2024-06-01
6598,92,124,26,21,19,2025-12-01
6599,92,124,45,24,0,2025-10-01
6600,92,124,12,2,0,2025-01-01
6601,92,124,22,18,14,2024-02-01
6602,92,124,15,12,3,2025-04-01
6603,92,124,1,4,9,2024-11-01
6604,92,124,1,15,20,2024-01-01
6605,93,155,30,11,2,2024-01-01
6606,93,155,13,14,10,2024-04-01
6607,93,155,34,25,10,2025-11-01
6608,93,155,36,17,0,2025-05-01
6609,93,155,25,22,12,2025-08-01
6610,93,155,12,24,27,2024-09-01
6611,93,143,13,16,21,2025-09-01
6612,93,143,31,10,4,2024-03-01
6613,93,143,10,3,7,2024-10-01
6614,93,143,30,18,17,2024-09-01
6615,93,143,23,4,5,2024-06-01
6616,93,143,51,23,2,2024-12-01
6617,93,143,31,23,0,2025-04-01
6618,93,143,24,22,9,2025-11-01
6619,93,143,34,7,1,2025-10-01
6620,93,143,22,7,12,2025-07-01
6621,93,128,22,23,7,2024-12-01
6622,93,128,24,20,15,2025-05-01
6623,93,128,15,22,12,2024-08-01
6624,93,128,1,13,12,2024-11-01
6625,93,128,31,18,0,2025-02-01
6626,93,128,16,17,21,2024-02-01
6627,93,128,26,24,3,2025-11-01
6628,93,128,27,18,7,2024-04-01
6629,93,128,6,7,10,2024-07-01
6630,93,128,31,13,6,2025-07-01
6631,93,183,8,16,14,2025-08-01
6632,93,183,30,23,3,2024-12-01
6633,93,183,15,20,11,2025-09-01
6634,93,183,5,4,9,2025-07-01
6635,93,183,23,13,9,2024-07-01
6636,93,183,12,14,16,2025-06-01
6637,93,183,39,16,2,2024-04-01
6638,93,183,27,6,2,2025-10-01
6639,93,183,16,18,21,2024-10-01
6640,93,183,29,9,2,2024-05-01
6641,93,105,30,15,11,2025-02-01
6642,93,105,13,14,9,2025-09-01
6643,93,105,19,7,2,2025-07-01
6644,93,105,24,18,4,2025-06-01
6645,93,105,30,23,17,2025-11-01
6646,93,105,27,15,7,2025-03-01
6647,93,105,11,10,11,2024-01-01
6648,93,105,20,6,5,2024-08-01
6649,93,127,8,23,24,2024-05-01
6650,93,127,24,16,4,2024-07-01
6651,93,127,14,22,12,2024-02-01
6652,93,127,29,3,1,2024-09-01
6653,93,127,19,17,16,2025-02-01
6654,93,127,24,19,6,2025-11-01
6655,93,127,2,17,20,2024-08-01
6656,93,127,19,23,19,2025-04-01
6657,93,127,29,23,24,2024-06-01
6658,93,164,19,14,0,2024-07-01
6659,93,164,18,5,4,2025-02-01
6660,93,164,43,16,2,2024-04-01
6661,93,164,1,8,12,2025-03-01
6662,93,164,12,2,6,2024-10-01
6663,93,164,36,19,0,2025-10-01
6664,93,164,19,9,1,2025-05-01
6665,93,164,21,12,1,2024-06-01
6666,93,164,8,22,18,2025-08-01
6667,93,164,26,22,11,2025-01-01
6668,93,164,9,16,10,2024-03-01
6669,93,120,3,21,26,2025-09-01
6670,93,120,23,13,14,2025-04-01
6671,93,120,9,25,27,2025-05-01
6672,93,120,4,2,1,2024-09-01
6673,93,120,26,4,5,2025-11-01
6674,93,120,4,12,15,2024-06-01
6675,93,120,44,18,3,2024-12-01
6676,93,120,20,8,0,2024-05-01
6677,93,120,14,17,11,2025-02-01
6678,93,120,27,3,5,2024-10-01
6679,93,120,19,10,11,2024-02-01
6680,93,107,20,22,11,2025-01-01
6681,93,107,26,17,20,2025-02-01
6682,93,107,30,11,0,2025-09-01
6683,93,107,25,23,12,2024-08-01
6684,93,107,7,9,2,2024-04-01
6685,93,107,23,18,4,2025-12-01
6686,93,108,10,4,6,2024-07-01
6687,93,108,45,22,3,2024-03-01
6688,93,108,26,17,15,2025-10-01
6689,93,108,25,7,0,2025-08-01
6690,93,108,32,22,0,2025-01-01
6691,93,108,11,22,27,2024-04-01
6692,93,108,17,6,9,2025-05-01
6693,93,108,43,24,11,2025-07-01
6694,93,108,22,15,1,2025-12-01
6695,93,108,1,11,10,2024-06-01
6696,94,185,32,14,11,2025-03-01
6697,94,185,36,13,6,2025-01-01
6698,94,185,1,4,6,2024-10-01
6699,94,185,34,14,6,2024-04-01
6700,94,185,14,9,3,2024-03-01
6701,94,185,24,2,3,2025-07-01
6702,94,185,4,13,15,2024-08-01
6703,94,185,17,23,24,2024-09-01
6704,94,185,21,13,4,2025-12-01
6705,94,185,4,4,8,2024-12-01
6706,94,184,34,16,11,2024-10-01
6707,94,184,25,14,10,2024-08-01
6708,94,184,13,17,15,2024-09-01
6709,94,184,19,7,5,2024-05-01
6710,94,184,20,5,7,2025-09-01
6711,94,184,5,11,15,2025-07-01
6712,94,184,14,7,8,2024-06-01
6713,94,184,22,9,9,2024-07-01
6714,94,184,19,9,4,2024-03-01
6715,94,176,9,20,21,2024-03-01
6716,94,176,3,3,7,2025-07-01
6717,94,176,34,8,3,2025-08-01
6718,94,176,28,25,10,2025-09-01
6719,94,176,20,6,1,2024-12-01
6720,94,176,23,24,21,2024-09-01
6721,94,176,18,24,29,2024-01-01
6722,94,176,3,15,16,2024-11-01
6723,94,136,33,22,9,2024-10-01
6724,94,136,7,10,6,2025-09-01
6725,94,136,28,18,15,2024-04-01
6726,94,136,6,12,6,2025-08-01
6727,94,136,2,4,6,2024-12-01
6728,94,136,28,2,1,2024-08-01
6729,94,136,14,24,29,2025-03-01
6730,94,136,27,12,3,2025-12-01
6731,94,136,30,15,8,2025-04-01
6732,94,113,15,13,12,2024-12-01
6733,94,113,19,19,10,2025-09-01
6734,94,113,3,17,21,2025-11-01
6735,94,113,27,7,8,2025-10-01
6736,94,113,9,14,5,2024-03-01
6737,94,113,12,18,22,2025-03-01
6738,94,113,7,3,1,2024-01-01
6739,94,113,27,18,17,2024-07-01
6740,94,113,26,11,11,2025-08-01
6741,94,113,47,20,0,2025-07-01
6742,94,107,20,2,2,2025-06-01
6743,94,107,30,4,1,2025-01-01
6744,94,107,37,24,6,2024-01-01
6745,94,107,8,19,14,2025-09-01
6746,94,107,30,3,1,2024-10-01
6747,94,107,0,11,16,2024-07-01
6748,94,107,5,20,17,2025-10-01
6749,94,107,19,24,28,2025-08-01
6750,94,107,29,19,3,2024-03-01
6751,94,107,29,13,5,2025-05-01
6752,94,107,1,9,12,2025-03-01
6753,94,150,10,25,28,2025-07-01
6754,94,150,26,19,9,2024-07-01
6755,94,150,21,20,16,2025-02-01
6756,94,150,9,18,9,2024-03-01
6757,94,150,26,3,3,2024-10-01
6758,94,150,23,17,14,2025-08-01
6759,94,150,0,6,11,2025-10-01
6760,94,150,10,25,30,2024-08-01
6761,94,150,21,14,17,2024-02-01
6762,94,150,7,14,9,2025-05-01
6763,94,162,21,7,6,2025-11-01
6764,94,162,17,11,3,2025-02-01
6765,94,162,12,25,16,2024-02-01
6766,94,162,0,16,21,2024-03-01
6767,94,162,39,21,1,2025-03-01
6768,94,162,34,11,3,2024-12-01
6769,94,162,21,14,14,2025-10-01
6770,94,162,13,21,10,2025-01-01
6771,94,162,7,2,3,2024-01-01
6772,94,162,36,17,5,2025-07-01
6773,94,162,10,4,2,2025-08-01
6774,94,162,3,6,6,2024-05-01
6775,95,184,15,19,19,2025-08-01
6776,95,184,40,24,5,2025-11-01
6777,95,184,9,3,6,2025-05-01
6778,95,184,5,15,16,2025-06-01
6779,95,184,11,7,2,2025-10-01
6780,95,184,27,2,0,2024-09-01
6781,95,184,14,23,23,2024-12-01
6782,95,184,6,16,11,2025-02-01
6783,95,170,7,8,5,2025-05-01
6784,95,170,6,19,20,2024-09-01
6785,95,170,2,7,6,2025-03-01
6786,95,170,18,13,8,2024-11-01
6787,95,170,29,24,19,2024-02-01
6788,95,170,36,14,5,2025-12-01
6789,95,170,12,4,0,2025-01-01
6790,95,170,6,2,5,2024-04-01
6791,95,170,26,6,6,2024-03-01
6792,95,170,12,9,0,2024-07-01
6793,95,175,6,5,5,2024-02-01
6794,95,175,11,8,5,2025-10-01
6795,95,175,24,5,2,2024-06-01
6796,95,175,16,16,0,2024-12-01
6797,95,175,28,11,4,2025-11-01
6798,95,175,8,18,20,2024-10-01
6799,95,175,8,6,1,2024-08-01
6800,95,175,34,24,12,2025-06-01
6801,95,175,8,23,16,2025-01-01
6802,95,175,0,4,8,2024-07-01
6803,95,130,20,12,5,2025-09-01
6804,95,130,0,5,7,2024-01-01
6805,95,130,16,8,6,2024-06-01
6806,95,130,5,2,2,2024-09-01
6807,95,130,4,24,26,2025-07-01
6808,95,130,14,5,4,2025-01-01
6809,95,130,42,21,8,2025-02-01
6810,95,130,24,8,5,2024-08-01
6811,95,130,11,24,18,2024-07-01
6812,95,130,39,23,4,2025-10-01
6813,95,155,22,24,19,2024-03-01
6814,95,155,0,7,11,2025-12-01
6815,95,155,10,18,19,2024-04-01
6816,95,155,20,7,0,2025-10-01
6817,95,155,13,22,27,2025-02-01
6818,95,155,20,15,16,2025-07-01
6819,95,173,9,6,9,2024-10-01
6820,95,173,23,15,1,2025-09-01
6821,95,173,34,14,1,2024-06-01
6822,95,173,17,4,3,2024-12-01
6823,95,173,19,18,10,2025-02-01
6824,95,173,31,20,7,2024-01-01
6825,95,173,25,6,0,2025-03-01
6826,95,173,19,18,11,2025-12-01
6827,95,173,19,14,12,2024-08-01
6828,95,102,17,14,8,2024-05-01
6829,95,102,31,15,10,2025-12-01
6830,95,102,31,20,8,2025-02-01
6831,95,102,21,22,4,2025-09-01
6832,95,102,11,14,4,2025-11-01
6833,95,102,33,17,9,2024-08-01
6834,95,102,27,20,15,2025-04-01
6835,96,113,25,17,2,2024-04-01
6836,96,113,20,12,7,2024-11-01
6837,96,113,0,15,20,2025-12-01
6838,96,113,34,8,0,2024-12-01
6839,96,113,0,3,7,2025-05-01
6840,96,113,22,8,12,2024-09-01
6841,96,113,34,12,6,2025-02-01
6842,96,113,34,15,3,2024-01-01
6843,96,113,19,25,17,2024-07-01
6844,96,113,21,15,8,2025-10-01
6845,96,113,20,20,24,2024-10-01
6846,96,185,30,11,9,2024-07-01
6847,96,185,34,7,2,2024-08-01
6848,96,185,9,7,0,2024-01-01
6849,96,185,41,13,1,2025-11-01
6850,96,185,12,3,5,2025-06-01
6851,96,185,22,2,0,2024-05-01
6852,96,185,16,20,22,2024-10-01
6853,96,185,2,17,21,2025-02-01
6854,96,185,21,8,10,2025-10-01
6855,96,185,28,25,6,2024-09-01
6856,96,183,0,19,24,2024-08-01
6857,96,183,1,20,19,2025-08-01
6858,96,183,11,10,9,2025-07-01
6859,96,183,22,20,17,2025-06-01
6860,96,183,22,17,5,2024-12-01
6861,96,183,5,12,12,2025-10-01
6862,96,183,35,24,10,2024-01-01
6863,96,183,24,6,1,2025-01-01
6864,96,183,29,16,13,2025-12-01
6865,96,183,50,25,2,2024-04-01
6866,96,187,44,25,3,2024-12-01
6867,96,187,22,25,7,2024-09-01
6868,96,187,26,9,11,2024-05-01
6869,96,187,24,21,17,2024-02-01
6870,96,187,41,20,1,2024-08-01
6871,96,187,35,22,4,2025-11-01
6872,96,187,35,13,0,2024-06-01
6873,96,187,36,15,6,2025-08-01
6874,96,187,31,13,11,2025-09-01
6875,96,144,12,23,26,2025-11-01
6876,96,144,21,11,5,2025-06-01
6877,96,144,19,5,3,2025-05-01
6878,96,144,38,10,1,2024-11-01
6879,96,144,9,10,6,2025-10-01
6880,96,144,45,22,7,2025-09-01
6881,96,170,31,18,13,2024-10-01
6882,96,170,18,2,7,2024-05-01
6883,96,170,23,25,26,2025-06-01
6884,96,170,33,15,1,2025-07-01
6885,96,170,25,7,0,2025-02-01
6886,96,170,0,24,29,2025-04-01
6887,96,170,18,10,9,2025-09-01
6888,96,170,16,5,4,2024-01-01
6889,96,170,20,7,2,2024-08-01
6890,96,170,0,7,9,2024-09-01
6891,96,170,22,22,22,2025-01-01
6892,97,182,22,9,5,2025-06-01
6893,97,182,35,18,13,2025-08-01
6894,97,182,16,6,9,2025-04-01
6895,97,182,11,9,10,2024-10-01
6896,97,182,25,4,8,2025-05-01
6897,97,182,24,9,1,2025-09-01
6898,97,118,10,22,12,2025-05-01
6899,97,118,16,2,5,2024-04-01
6900,97,118,17,3,7,2025-04-01
6901,97,118,5,7,4,2025-10-01
6902,97,118,15,4,4,2025-12-01
6903,97,118,31,7,4,2024-01-01
6904,97,118,6,22,25,2024-06-01
6905,97,118,4,8,12,2024-12-01
6906,97,103,28,15,0,2025-04-01
6907,97,103,18,7,12,2024-09-01
6908,97,103,34,13,3,2024-02-01
6909,97,103,26,14,6,2025-12-01
6910,97,103,28,15,8,2024-03-01
6911,97,103,14,8,8,2025-01-01
6912,97,103,16,19,4,2024-07-01
6913,97,103,23,9,4,2024-05-01
6914,97,103,0,10,11,2024-11-01
6915,97,142,20,19,7,2024-07-01
6916,97,142,18,25,29,2024-03-01
6917,97,142,14,3,0,2024-06-01
6918,97,142,11,5,1,2025-06-01
6919,97,142,21,2,7,2025-09-01
6920,97,142,21,8,4,2025-12-01
6921,97,142,24,11,3,2024-09-01
6922,97,142,18,20,9,2024-05-01
6923,97,101,25,2,7,2024-01-01
6924,97,101,8,5,10,2025-06-01
6925,97,101,9,12,7,2024-05-01
6926,97,101,30,22,7,2024-04-01
6927,97,101,19,14,0,2024-02-01
6928,97,101,31,3,1,2025-08-01
6929,97,101,8,5,8,2025-12-01
6930,97,101,31,10,6,2024-11-01
6931,97,108,21,18,0,2025-08-01
6932,97,108,15,8,13,2025-01-01
6933,97,108,18,10,9,2025-04-01
6934,97,108,27,19,4,2025-09-01
6935,97,108,11,23,25,2024-09-01
6936,97,108,37,25,13,2024-05-01
6937,97,140,4,11,12,2024-08-01
6938,97,140,13,2,6,2025-06-01
6939,97,140,26,8,6,2024-10-01
6940,97,140,16,14,1,2025-05-01
6941,97,140,25,2,1,2025-04-01
6942,97,140,18,6,2,2025-07-01
6943,97,140,9,11,13,2024-09-01
6944,97,126,2,23,21,2025-12-01
6945,97,126,18,16,13,2024-01-01
6946,97,126,0,24,28,2025-05-01
6947,97,126,46,25,7,2024-11-01
6948,97,126,0,18,23,2025-01-01
6949,97,126,18,10,4,2024-10-01
6950,97,126,31,11,2,2024-05-01
6951,97,126,2,2,1,2025-10-01
6952,97,126,25,13,6,2024-04-01
6953,97,126,25,23,4,2025-03-01
6954,97,126,18,24,10,2024-02-01
6955,98,166,15,16,8,2025-09-01
6956,98,166,15,12,11,2025-08-01
6957,98,166,34,20,7,2025-12-01
6958,98,166,16,21,15,2024-07-01
6959,98,166,15,16,19,2025-03-01
6960,98,166,24,20,17,2025-11-01
6961,98,166,19,2,7,2025-05-01
6962,98,166,17,9,4,2024-03-01
6963,98,166,39,13,4,2025-04-01
6964,98,166,26,17,10,2024-02-01
6965,98,173,32,24,7,2024-02-01
6966,98,173,31,3,0,2024-09-01
6967,98,173,4,2,2,2025-06-01
6968,98,173,21,23,11,2024-12-01
6969,98,173,11,25,22,2025-05-01
6970,98,173,30,8,6,2025-10-01
6971,98,173,18,3,7,2025-12-01
6972,98,173,33,17,4,2024-04-01
6973,98,103,30,21,3,2024-12-01
6974,98,103,10,22,15,2024-03-01
6975,98,103,12,15,17,2025-03-01
6976,98,103,9,7,0,2024-01-01
6977,98,103,26,18,1,2024-02-01
6978,98,103,10,10,3,2024-11-01
6979,98,103,43,21,1,2025-06-01
6980,98,103,22,11,10,2025-05-01
6981,98,103,30,6,6,2024-06-01
6982,98,127,34,10,5,2024-07-01
6983,98,127,9,13,17,2024-02-01
6984,98,127,13,2,1,2025-09-01
6985,98,127,6,12,17,2024-05-01
6986,98,127,35,23,16,2025-08-01
6987,98,127,34,20,6,2025-12-01
6988,98,177,32,18,2,2024-11-01
6989,98,177,25,12,0,2025-03-01
6990,98,177,16,24,9,2025-12-01
6991,98,177,25,2,4,2025-02-01
6992,98,177,26,18,1,2024-04-01
6993,98,177,33,19,7,2024-12-01
6994,98,143,8,9,6,2024-01-01
6995,98,143,0,15,17,2024-07-01
6996,98,143,30,19,3,2024-06-01
6997,98,143,5,8,5,2025-04-01
6998,98,143,26,25,3,2025-03-01
6999,98,143,2,6,5,2024-10-01
7000,98,143,3,8,11,2025-01-01
7001,99,149,14,14,11,2025-04-01
7002,99,149,16,6,3,2024-05-01
7003,99,149,13,18,14,2024-12-01
7004,99,149,26,6,10,2025-02-01
7005,99,149,19,11,2,2024-01-01
7006,99,149,14,2,3,2025-08-01
7007,99,149,30,17,5,2024-11-01
7008,99,101,3,4,9,2024-02-01
7009,99,101,27,2,5,2024-05-01
7010,99,101,19,4,0,2024-01-01
7011,99,101,24,8,6,2024-11-01
7012,99,101,29,14,11,2025-03-01
7013,99,101,34,24,13,2025-10-01
7014,99,101,20,4,2,2025-05-01
7015,99,156,7,12,7,2025-09-01
7016,99,156,14,20,23,2024-12-01
7017,99,156,24,24,1,2025-03-01
7018,99,156,13,18,15,2024-10-01
7019,99,156,19,18,11,2024-04-01
7020,99,156,13,3,5,2024-05-01
7021,99,156,3,24,22,2025-05-01
7022,99,156,16,13,5,2025-12-01
7023,99,156,11,15,17,2024-01-01
7024,99,156,20,14,10,2025-06-01
7025,99,182,22,16,19,2024-04-01
7026,99,182,7,6,1,2025-09-01
7027,99,182,14,11,5,2024-11-01
7028,99,182,31,10,2,2024-03-01
7029,99,182,25,24,15,2025-01-01
7030,99,182,0,3,8,2024-09-01
7031,99,182,10,18,12,2024-06-01
7032,99,162,12,5,9,2025-04-01
7033,99,162,17,18,9,2025-08-01
7034,99,162,12,5,9,2024-07-01
7035,99,162,38,14,5,2024-11-01
7036,99,162,15,17,2,2024-09-01
7037,99,162,15,15,19,2025-07-01
7038,99,162,17,21,24,2024-04-01
7039,99,107,13,21,13,2024-09-01
7040,99,107,24,2,5,2025-03-01
7041,99,107,25,10,4,2025-05-01
7042,99,107,30,8,3,2025-04-01
7043,99,107,34,19,4,2024-04-01
7044,99,107,20,19,13,2024-11-01
7045,99,107,24,5,6,2024-12-01
7046,99,166,7,13,13,2025-01-01
7047,99,166,17,10,13,2025-08-01
7048,99,166,19,16,9,2024-02-01
7049,99,166,26,14,14,2024-04-01
7050,99,166,4,6,8,2025-07-01
7051,99,166,3,15,13,2025-12-01
7052,100,145,14,10,2,2025-09-01
7053,100,145,12,9,9,2025-12-01
7054,100,145,19,12,4,2024-02-01
7055,100,145,3,19,23,2025-03-01
7056,100,145,19,12,2,2024-10-01
7057,100,145,2,4,3,2024-06-01
7058,100,145,24,22,27,2024-09-01
7059,100,145,17,23,11,2024-12-01
7060,100,145,24,13,15,2025-08-01
7061,100,145,14,15,9,2025-06-01
7062,100,145,24,8,1,2024-04-01
7063,100,134,25,11,10,2024-12-01
7064,100,134,19,10,2,2025-10-01
7065,100,134,19,23,16,2025-04-01
7066,100,134,31,15,5,2025-07-01
7067,100,134,0,5,9,2025-12-01
7068,100,134,15,25,23,2024-02-01
7069,100,134,32,13,9,2024-10-01
7070,100,157,21,21,23,2025-03-01
7071,100,157,38,16,7,2025-01-01
7072,100,157,28,11,1,2025-07-01
7073,100,157,25,16,20,2025-04-01
7074,100,157,0,4,6,2024-12-01
7075,100,157,6,2,3,2025-02-01
7076,100,157,29,21,10,2025-12-01
7077,100,157,17,6,6,2024-05-01
7078,100,157,14,7,11,2025-08-01
7079,100,157,17,10,12,2024-04-01
7080,100,157,5,6,4,2025-10-01
7081,100,187,15,11,4,2025-04-01
7082,100,187,0,5,5,2025-02-01
7083,100,187,12,23,25,2025-10-01
7084,100,187,27,6,0,2025-01-01
7085,100,187,13,6,10,2025-07-01
7086,100,187,26,23,10,2025-03-01
7087,100,187,8,2,6,2024-05-01
7088,100,187,23,25,19,2025-11-01
7089,100,187,34,25,18,2025-05-01
7090,100,187,4,9,10,2024-02-01
7091,100,187,44,15,0,2024-01-01
7092,100,187,23,16,12,2024-08-01
7093,100,155,43,23,0,2025-01-01
7094,100,155,5,21,20,2025-10-01
7095,100,155,26,20,19,2025-12-01
7096,100,155,11,17,21,2025-07-01
7097,100,155,31,13,11,2024-02-01
7098,100,155,44,23,1,2025-04-01
7099,100,155,11,18,19,2024-06-01
7100,100,155,37,25,11,2024-04-01
7101,100,155,21,12,4,2024-05-01
7102,100,155,14,24,18,2024-11-01
7103,100,155,10,7,6,2025-02-01
7104,100,153,16,10,1,2024-04-01
7105,100,153,1,14,17,2024-10-01
7106,100,153,22,24,5,2024-07-01
7107,100,153,17,2,0,2025-02-01
7108,100,153,7,12,15,2025-06-01
7109,100,153,11,18,14,2024-02-01
7110,100,153,12,9,8,2025-04-01
7111,100,153,27,22,19,2025-05-01
7112,100,153,0,4,6,2024-09-01
7113,100,153,22,8,6,2024-12-01
7114,100,122,29,3,0,2024-10-01
7115,100,122,7,9,6,2024-04-01
7116,100,122,49,25,6,2025-02-01
7117,100,122,41,21,8,2024-08-01
7118,100,122,6,10,8,2024-02-01
7119,100,122,44,24,9,2025-04-01
7120,100,122,1,23,25,2025-11-01
7121,100,122,11,24,13,2025-10-01
7122,101,154,18,19,17,2024-01-01
7123,101,154,16,20,5,2024-08-01
7124,101,154,21,9,8,2024-07-01
7125,101,154,26,24,24,2024-03-01
7126,101,154,10,11,6,2024-02-01
7127,101,154,24,9,2,2024-04-01
7128,101,184,14,19,7,2025-10-01
7129,101,184,29,21,9,2024-11-01
7130,101,184,34,10,6,2025-04-01
7131,101,184,19,8,12,2025-07-01
7132,101,184,8,14,14,2024-07-01
7133,101,184,30,20,17,2024-02-01
7134,101,184,1,9,9,2025-11-01
7135,101,184,22,7,2,2024-06-01
7136,101,184,31,11,5,2025-03-01
7137,101,184,13,4,6,2025-09-01
7138,101,178,16,6,11,2025-04-01
7139,101,178,14,3,4,2025-06-01
7140,101,178,6,22,23,2024-04-01
7141,101,178,25,22,20,2025-08-01
7142,101,178,29,16,14,2024-09-01
7143,101,178,7,6,2,2025-07-01
7144,101,178,11,3,7,2024-05-01
7145,101,133,15,20,8,2024-03-01
7146,101,133,37,22,10,2024-01-01
7147,101,133,4,5,4,2025-05-01
7148,101,133,16,4,4,2024-12-01
7149,101,133,2,4,3,2025-04-01
7150,101,133,18,14,10,2024-04-01
7151,101,133,39,17,6,2025-11-01
7152,101,133,45,16,1,2024-08-01
7153,101,153,34,22,15,2024-10-01
7154,101,153,10,11,5,2025-09-01
7155,101,153,11,20,13,2024-07-01
7156,101,153,6,6,9,2024-11-01
7157,101,153,9,7,9,2025-08-01
7158,101,153,17,3,4,2024-09-01
7159,101,153,9,12,14,2025-07-01
7160,101,153,35,22,12,2024-03-01
7161,101,153,25,4,6,2025-05-01
7162,101,153,0,3,5,2025-11-01
7163,101,153,0,2,2,2025-12-01
7164,101,153,28,6,1,2024-04-01
7165,101,183,29,4,4,2024-09-01
7166,101,183,3,13,16,2024-11-01
7167,101,183,36,18,7,2024-04-01
7168,101,183,18,8,13,2025-01-01
7169,101,183,35,8,3,2024-01-01
7170,101,183,20,6,8,2025-03-01
7171,101,183,5,16,18,2024-07-01
7172,101,148,28,23,11,2024-12-01
7173,101,148,22,8,3,2024-04-01
7174,101,148,26,2,0,2024-08-01
7175,101,148,38,25,13,2025-08-01
7176,101,148,25,25,21,2024-03-01
7177,101,148,34,22,11,2024-02-01
7178,101,148,9,14,7,2025-10-01
7179,101,148,13,16,10,2025-07-01
7180,101,148,17,10,15,2024-07-01
7181,101,148,13,20,24,2024-11-01
7182,101,128,22,21,16,2025-01-01
7183,101,128,10,10,6,2024-06-01
7184,101,128,14,19,5,2024-04-01
7185,101,128,12,15,19,2024-05-01
7186,101,128,9,9,0,2025-07-01
7187,101,128,28,22,1,2025-04-01
7188,101,128,7,10,9,2025-03-01
7189,101,128,17,8,7,2024-01-01
7190,101,128,18,15,10,2025-02-01
7191,101,128,5,22,22,2025-06-01
7192,101,128,19,24,21,2024-07-01
7193,101,128,41,21,3,2025-05-01
7194,101,164,36,23,2,2024-04-01
7195,101,164,23,19,22,2025-05-01
7196,101,164,10,3,6,2024-11-01
7197,101,164,34,11,2,2025-11-01
7198,101,164,0,7,9,2025-07-01
7199,101,164,18,2,4,2024-08-01
7200,101,164,8,8,3,2024-10-01
7201,101,164,2,18,22,2024-12-01
7202,101,164,29,9,5,2025-08-01
7203,101,164,27,20,10,2024-06-01
7204,102,175,13,7,7,2024-09-01
7205,102,175,17,11,9,2025-05-01
7206,102,175,0,4,4,2024-06-01
7207,102,175,13,2,0,2024-11-01
7208,102,175,29,13,6,2025-02-01
7209,102,175,40,20,9,2024-12-01
7210,102,175,15,16,7,2025-06-01
7211,102,175,20,11,3,2025-10-01
7212,102,187,27,18,5,2024-02-01
7213,102,187,12,2,1,2025-03-01
7214,102,187,35,17,3,2024-07-01
7215,102,187,23,17,21,2025-09-01
7216,102,187,43,25,11,2024-04-01
7217,102,187,31,12,4,2025-02-01
7218,102,187,31,23,18,2024-06-01
7219,102,187,7,9,7,2025-07-01
7220,102,187,0,8,13,2024-08-01
7221,102,187,0,2,2,2025-12-01
7222,102,187,39,22,7,2024-10-01
7223,102,183,14,18,20,2024-11-01
7224,102,183,17,12,7,2025-08-01
7225,102,183,25,24,13,2024-09-01
7226,102,183,23,16,10,2024-07-01
7227,102,183,37,8,1,2025-09-01
7228,102,183,21,2,7,2024-12-01
7229,102,183,27,8,1,2025-02-01
7230,102,183,25,5,5,2025-10-01
7231,102,183,34,6,1,2024-04-01
7232,102,154,15,14,12,2025-05-01
7233,102,154,3,4,6,2024-05-01
7234,102,154,28,12,5,2024-08-01
7235,102,154,14,2,2,2024-07-01
7236,102,154,15,13,13,2025-02-01
7237,102,154,12,20,19,2024-04-01
7238,102,154,11,5,9,2025-04-01
7239,102,154,32,6,2,2025-08-01
7240,102,154,33,9,4,2024-06-01
7241,102,154,2,8,11,2025-06-01
7242,102,184,20,17,15,2025-04-01
7243,102,184,33,21,8,2025-08-01
7244,102,184,42,15,3,2024-12-01
7245,102,184,14,19,13,2025-11-01
7246,102,184,14,17,18,2025-05-01
7247,102,184,32,13,1,2025-02-01
7248,102,184,28,11,4,2025-06-01
7249,102,184,23,4,0,2024-02-01
7250,102,184,12,19,7,2025-01-01
7251,102,184,39,24,13,2024-11-01
7252,102,158,29,19,3,2024-04-01
7253,102,158,22,17,7,2024-01-01
7254,102,158,31,23,4,2025-01-01
7255,102,158,33,20,3,2025-03-01
7256,102,158,27,17,19,2025-04-01
7257,102,158,32,18,13,2024-10-01
7258,102,158,11,10,1,2025-08-01
7259,102,158,20,13,15,2025-12-01
7260,102,158,12,19,7,2024-05-01
7261,102,158,26,15,2,2024-06-01
7262,102,129,16,9,0,2024-06-01
7263,102,129,4,6,2,2025-02-01
7264,102,129,18,11,13,2025-06-01
7265,102,129,41,19,5,2025-09-01
7266,102,129,5,20,22,2024-04-01
7267,102,129,24,13,4,2024-09-01
7268,102,129,12,15,3,2024-01-01
7269,102,129,25,20,10,2024-11-01
7270,102,129,28,3,2,2025-11-01
7271,102,129,19,12,12,2025-03-01
7272,102,128,9,25,28,2025-07-01
7273,102,128,14,10,6,2025-05-01
7274,102,128,7,7,7,2025-01-01
7275,102,128,15,19,5,2025-03-01
7276,102,128,27,17,16,2025-09-01
7277,102,128,25,7,7,2025-10-01
7278,102,128,3,5,7,2025-02-01
7279,102,161,33,16,1,2025-07-01
7280,102,161,39,20,2,2024-10-01
7281,102,161,14,9,11,2024-02-01
7282,102,161,4,4,0,2025-06-01
7283,102,161,2,16,20,2024-06-01
7284,102,161,0,7,8,2025-11-01
7285,102,161,5,7,11,2025-04-01
7286,102,161,2,6,10,2024-01-01
7287,102,186,3,11,12,2025-10-01
7288,102,186,24,6,5,2025-11-01
7289,102,186,19,13,4,2024-02-01
7290,102,186,11,21,20,2025-03-01
7291,102,186,24,14,14,2024-06-01
7292,102,186,29,17,3,2024-05-01
7293,102,186,24,12,9,2025-05-01
7294,102,186,14,23,15,2025-07-01
7295,102,186,31,9,0,2024-10-01
7296,102,186,16,5,4,2025-08-01
7297,103,176,20,21,3,2025-12-01
7298,103,176,0,19,21,2025-09-01
7299,103,176,12,21,22,2024-08-01
7300,103,176,9,14,17,2024-09-01
7301,103,176,28,13,3,2024-01-01
7302,103,176,8,25,18,2025-06-01
7303,103,176,5,23,25,2024-03-01
7304,103,176,24,2,4,2025-07-01
7305,103,176,18,15,11,2025-10-01
7306,103,176,0,6,11,2024-12-01
7307,103,117,5,8,11,2025-03-01
7308,103,117,30,14,2,2025-09-01
7309,103,117,35,13,2,2025-07-01
7310,103,117,28,22,3,2024-07-01
7311,103,117,5,10,13,2025-04-01
7312,103,117,11,3,5,2025-02-01
7313,103,117,12,12,3,2024-01-01
7314,103,117,15,19,8,2024-10-01
7315,103,117,33,24,15,2024-05-01
7316,103,117,27,13,7,2024-09-01
7317,103,117,17,21,11,2024-03-01
7318,103,177,26,17,4,2024-05-01
7319,103,177,3,16,13,2024-07-01
7320,103,177,26,21,4,2024-10-01
7321,103,177,7,17,15,2024-04-01
7322,103,177,26,21,2,2024-11-01
7323,103,177,0,4,8,2025-12-01
7324,103,177,34,11,0,2025-05-01
7325,103,177,20,16,3,2025-02-01
7326,103,177,24,21,18,2024-06-01
7327,103,177,0,14,18,2024-03-01
7328,103,109,30,24,21,2024-03-01
7329,103,109,9,21,26,2024-09-01
7330,103,109,13,5,8,2024-07-01
7331,103,109,18,21,6,2024-05-01
7332,103,109,25,22,18,2024-04-01
7333,103,109,6,9,4,2025-05-01
7334,103,109,31,17,4,2025-12-01
7335,103,109,44,24,9,2024-02-01
7336,103,109,29,13,3,2024-01-01
7337,103,153,11,24,15,2025-03-01
7338,103,153,13,15,18,2024-02-01
7339,103,153,0,16,19,2024-09-01
7340,103,153,44,20,1,2024-08-01
7341,103,153,14,13,8,2025-09-01
7342,103,153,4,19,15,2025-11-01
7343,103,153,3,4,1,2024-01-01
7344,103,153,9,13,11,2024-12-01
7345,103,153,18,15,4,2025-06-01
7346,103,153,10,14,16,2025-08-01
7347,103,187,25,14,12,2024-08-01
7348,103,187,14,8,11,2024-07-01
7349,103,187,16,15,15,2025-01-01
7350,103,187,27,19,3,2024-03-01
7351,103,187,37,21,14,2024-06-01
7352,103,187,8,12,17,2025-12-01
7353,103,187,22,25,5,2025-07-01
7354,103,187,30,9,1,2025-09-01
7355,103,187,1,20,20,2024-04-01
7356,103,110,39,15,3,2024-04-01
7357,103,110,27,20,11,2024-01-01
7358,103,110,25,6,1,2025-07-01
7359,103,110,23,7,11,2024-02-01
7360,103,110,32,20,4,2024-10-01
7361,103,110,16,2,1,2025-06-01
7362,103,110,34,11,0,2025-10-01
7363,103,110,18,22,19,2024-05-01
7364,103,110,3,25,29,2024-07-01
7365,103,110,36,18,3,2024-12-01
7366,103,184,16,20,12,2024-03-01
7367,103,184,31,15,6,2024-10-01
7368,103,184,23,23,12,2025-08-01
7369,103,184,34,20,5,2024-04-01
7370,103,184,19,5,10,2024-09-01
7371,103,184,21,18,20,2025-07-01
7372,103,184,5,11,7,2024-12-01
7373,103,184,13,8,0,2025-04-01
7374,103,184,21,2,4,2025-03-01
7375,103,104,25,24,10,2025-08-01
7376,103,104,38,19,4,2024-02-01
7377,103,104,21,19,7,2024-04-01
7378,103,104,22,23,25,2024-09-01
7379,103,104,26,22,25,2025-11-01
7380,103,104,7,17,13,2025-02-01
7381,103,104,4,15,12,2025-03-01
7382,103,140,10,25,21,2024-11-01
7383,103,140,26,14,13,2024-10-01
7384,103,140,28,11,3,2024-12-01
7385,103,140,11,24,23,2025-11-01
7386,103,140,16,7,10,2025-04-01
7387,103,140,19,24,7,2024-09-01
7388,103,140,19,21,4,2025-07-01
7389,103,140,11,10,12,2025-08-01
7390,103,140,2,3,3,2025-12-01
7391,103,140,20,25,11,2024-03-01
7392,103,140,29,18,14,2025-05-01
7393,104,158,34,8,1,2025-05-01
7394,104,158,10,11,7,2024-08-01
7395,104,158,13,2,7,2025-01-01
7396,104,158,5,15,19,2025-08-01
7397,104,158,19,6,6,2024-07-01
7398,104,158,5,6,11,2024-11-01
7399,104,158,32,7,2,2024-10-01
7400,104,158,48,23,4,2024-04-01
7401,104,158,26,15,18,2025-06-01
7402,104,130,19,7,5,2024-11-01
7403,104,130,37,17,10,2024-07-01
7404,104,130,10,24,21,2024-01-01
7405,104,130,36,18,5,2024-04-01
7406,104,130,10,23,27,2024-06-01
7407,104,130,29,10,8,2025-04-01
7408,104,130,18,22,7,2025-12-01
7409,104,120,8,10,8,2024-01-01
7410,104,120,10,10,9,2024-06-01
7411,104,120,37,16,5,2025-04-01
7412,104,120,28,11,6,2024-03-01
7413,104,120,12,16,14,2025-01-01
7414,104,120,34,12,5,2025-07-01
7415,104,120,43,21,5,2024-02-01
7416,104,120,10,12,8,2025-10-01
7417,104,120,28,24,20,2025-06-01
7418,104,120,3,8,10,2024-04-01
7419,104,120,41,14,3,2025-12-01
7420,104,103,32,16,14,2025-05-01
7421,104,103,23,18,12,2025-08-01
7422,104,103,26,24,24,2025-11-01
7423,104,103,27,12,12,2024-12-01
7424,104,103,19,21,12,2024-08-01
7425,104,103,8,20,16,2025-07-01
7426,104,103,26,2,6,2024-03-01
7427,104,180,31,15,14,2024-08-01
7428,104,180,23,10,2,2024-09-01
7429,104,180,21,23,16,2024-06-01
7430,104,180,21,18,22,2025-07-01
7431,104,180,4,3,4,2025-08-01
7432,104,180,37,21,1,2025-04-01
7433,104,180,23,10,3,2025-10-01
7434,104,165,30,11,6,2024-09-01
7435,104,165,33,16,11,2024-07-01
7436,104,165,31,16,7,2025-05-01
7437,104,165,9,10,9,2025-12-01
7438,104,165,15,3,0,2025-11-01
7439,104,165,10,16,16,2025-10-01
7440,104,165,9,10,11,2025-08-01
7441,104,165,16,7,1,2024-12-01
7442,104,165,24,3,8,2024-02-01
7443,104,165,9,13,13,2025-09-01
7444,104,165,4,4,2,2024-05-01
7445,104,165,13,15,7,2025-06-01
7446,104,127,22,23,26,2025-02-01
7447,104,127,26,20,13,2025-05-01
7448,104,127,14,12,12,2025-11-01
7449,104,127,15,6,11,2024-09-01
7450,104,127,3,7,11,2024-12-01
7451,104,127,19,22,21,2024-06-01
7452,104,127,15,3,0,2025-09-01
7453,104,127,33,7,3,2024-01-01
7454,104,127,35,16,6,2025-06-01
7455,104,127,0,18,18,2025-01-01
7456,104,127,8,4,5,2024-08-01
7457,104,127,27,11,14,2024-10-01
7458,104,159,22,7,7,2025-11-01
7459,104,159,21,14,4,2025-07-01
7460,104,159,25,21,16,2024-11-01
7461,104,159,25,25,24,2024-12-01
7462,104,159,11,13,3,2025-10-01
7463,104,159,14,19,7,2024-06-01
7464,104,159,36,13,3,2025-06-01
7465,104,159,20,24,4,2025-08-01
7466,104,159,0,22,23,2025-05-01
7467,104,159,41,25,0,2025-12-01
7468,104,159,43,15,1,2024-03-01
7469,104,159,15,4,8,2024-02-01
7470,104,125,17,4,3,2024-08-01
7471,104,125,11,17,6,2024-07-01
7472,104,125,8,14,7,2024-02-01
7473,104,125,27,17,2,2025-03-01
7474,104,125,23,20,23,2025-07-01
7475,104,125,23,25,5,2025-11-01
7476,104,125,46,22,4,2025-09-01
7477,104,125,17,7,6,2024-06-01
7478,105,124,10,7,10,2025-09-01
7479,105,124,7,6,2,2024-07-01
7480,105,124,29,21,20,2025-11-01
7481,105,124,16,9,6,2024-09-01
7482,105,124,23,23,24,2025-12-01
7483,105,124,0,3,8,2024-05-01
7484,105,124,36,23,15,2024-08-01
7485,105,124,44,17,0,2024-04-01
7486,105,124,7,8,13,2024-10-01
7487,105,124,8,24,21,2025-10-01
7488,105,124,8,2,6,2025-05-01
7489,105,124,16,5,10,2024-02-01
7490,105,108,25,13,13,2025-05-01
7491,105,108,10,15,19,2024-04-01
7492,105,108,5,7,10,2024-02-01
7493,105,108,8,4,8,2025-12-01
7494,105,108,37,25,11,2024-12-01
7495,105,108,5,3,2,2024-05-01
7496,105,112,16,17,4,2024-05-01
7497,105,112,26,7,9,2025-08-01
7498,105,112,21,12,5,2024-02-01
7499,105,112,43,22,8,2025-10-01
7500,105,112,0,2,5,2024-08-01
7501,105,112,41,12,0,2024-11-01
7502,105,112,16,4,9,2024-10-01
7503,105,112,5,16,17,2024-07-01
7504,105,112,24,16,15,2024-06-01
7505,105,175,18,15,6,2025-12-01
7506,105,175,25,5,8,2024-05-01
7507,105,175,12,4,2,2024-03-01
7508,105,175,14,10,13,2024-04-01
7509,105,175,1,6,7,2025-11-01
7510,105,175,44,25,11,2025-10-01
7511,105,175,14,11,16,2025-08-01
7512,105,175,19,15,19,2025-09-01
7513,105,175,27,8,8,2024-11-01
7514,105,175,16,23,28,2024-10-01
7515,105,175,6,14,14,2024-09-01
7516,105,107,43,15,0,2024-10-01
7517,105,107,15,7,11,2025-05-01
7518,105,107,23,15,12,2025-12-01
7519,105,107,39,15,4,2024-02-01
7520,105,107,21,12,5,2025-03-01
7521,105,107,15,3,7,2025-09-01
7522,105,107,45,19,0,2025-07-01
7523,105,107,9,20,21,2025-04-01
7524,105,107,19,11,14,2025-08-01
7525,105,185,19,8,11,2025-11-01
7526,105,185,4,2,4,2025-05-01
7527,105,185,41,16,1,2025-09-01
7528,105,185,5,3,8,2024-02-01
7529,105,185,3,6,4,2025-03-01
7530,105,185,37,10,3,2025-06-01
7531,105,185,10,22,13,2025-01-01
7532,105,185,13,20,14,2025-02-01
7533,105,185,0,15,20,2024-08-01
7534,105,185,44,24,1,2024-10-01
7535,105,145,10,4,5,2024-12-01
7536,105,145,35,17,4,2024-09-01
7537,105,145,22,18,5,2025-04-01
7538,105,145,13,4,2,2024-11-01
7539,105,145,19,8,9,2025-02-01
7540,105,145,23,16,19,2024-03-01
7541,105,129,27,4,3,2024-12-01
7542,105,129,43,22,4,2025-02-01
7543,105,129,14,20,10,2024-01-01
7544,105,129,39,25,3,2024-07-01
7545,105,129,6,7,7,2024-08-01
7546,105,129,11,13,7,2025-06-01
7547,105,129,4,3,0,2024-03-01
7548,105,129,21,9,7,2025-01-01
7549,105,129,16,23,25,2025-04-01
7550,105,129,24,12,5,2025-12-01
7551,105,129,24,2,6,2024-05-01
7552,105,129,25,8,12,2024-02-01
7553,105,158,27,10,1,2024-07-01
7554,105,158,17,20,17,2024-11-01
7555,105,158,25,7,7,2024-06-01
7556,105,158,11,14,3,2025-05-01
7557,105,158,28,24,13,2024-02-01
7558,105,158,32,16,2,2024-03-01
7559,105,158,36,24,11,2025-11-01
7560,105,158,17,8,11,2025-03-01
7561,105,158,29,13,2,2025-02-01
7562,105,165,23,15,14,2024-07-01
7563,105,165,24,25,22,2024-11-01
7564,105,165,12,9,12,2024-01-01
7565,105,165,8,6,10,2024-02-01
7566,105,165,23,10,1,2024-06-01
7567,105,165,12,5,9,2024-08-01
7568,105,165,28,8,2,2025-09-01
7569,105,165,19,11,13,2025-03-01
7570,105,165,37,17,10,2025-12-01
7571,105,165,37,13,1,2025-06-01
7572,105,165,12,6,11,2024-05-01
7573,106,187,6,20,25,2024-12-01
7574,106,187,22,3,3,2024-03-01
7575,106,187,23,3,8,2025-06-01
7576,106,187,24,12,15,2024-11-01
7577,106,187,28,15,11,2024-04-01
7578,106,187,10,10,11,2025-02-01
7579,106,187,9,4,8,2024-01-01
7580,106,187,2,6,9,2025-04-01
7581,106,127,12,11,5,2025-10-01
7582,106,127,8,7,9,2025-09-01
7583,106,127,20,9,7,2025-11-01
7584,106,127,16,7,2,2025-07-01
7585,106,127,8,6,7,2025-08-01
7586,106,127,27,20,23,2024-05-01
7587,106,127,5,3,4,2025-06-01
7588,106,127,32,23,2,2024-10-01
7589,106,127,30,4,1,2025-03-01
7590,106,127,10,2,5,2024-06-01
7591,106,127,23,18,8,2024-07-01
7592,106,127,28,23,0,2024-12-01
7593,106,138,38,21,11,2024-01-01
7594,106,138,25,7,4,2025-12-01
7595,106,138,2,6,5,2024-09-01
7596,106,138,30,22,10,2024-05-01
7597,106,138,20,23,20,2025-03-01
7598,106,138,23,20,22,2025-01-01
7599,106,138,27,22,13,2024-11-01
7600,106,107,15,8,6,2025-10-01
7601,106,107,10,15,20,2024-11-01
7602,106,107,7,20,20,2025-07-01
7603,106,107,21,25,18,2024-05-01
7604,106,107,30,18,6,2025-12-01
7605,106,107,0,16,21,2025-03-01
7606,106,107,21,12,14,2024-08-01
7607,106,107,17,8,7,2024-07-01
7608,106,107,22,7,10,2025-09-01
7609,106,107,18,7,10,2024-06-01
7610,106,107,19,15,10,2025-04-01
7611,106,170,0,24,28,2024-01-01
7612,106,170,20,25,25,2024-09-01
7613,106,170,8,12,17,2025-03-01
7614,106,170,38,14,1,2024-11-01
7615,106,170,2,18,19,2025-07-01
7616,106,170,21,2,4,2024-05-01
7617,106,170,6,24,24,2025-10-01
7618,106,170,11,2,2,2024-07-01
7619,106,170,35,19,12,2025-09-01
7620,106,170,22,19,10,2024-08-01
7621,106,170,13,10,12,2024-12-01
7622,106,117,27,16,12,2025-02-01
7623,106,117,8,17,13,2025-06-01
7624,106,117,9,13,15,2024-01-01
7625,106,117,33,24,21,2025-09-01
7626,106,117,38,22,5,2024-09-01
7627,106,117,13,9,5,2024-11-01
7628,106,117,24,2,0,2025-12-01
7629,106,117,9,4,3,2024-06-01
7630,106,117,31,16,10,2024-07-01
7631,106,117,2,4,6,2025-11-01
7632,106,117,21,6,7,2025-07-01
7633,106,117,0,4,8,2025-01-01
7634,106,172,11,10,8,2025-04-01
7635,106,172,30,24,21,2024-10-01
7636,106,172,28,14,3,2025-11-01
7637,106,172,10,22,20,2024-08-01
7638,106,172,31,15,12,2024-04-01
7639,106,172,11,12,12,2025-07-01
7640,106,185,0,2,5,2024-10-01
7641,106,185,10,22,27,2024-02-01
7642,106,185,39,16,5,2024-12-01
7643,106,185,20,14,18,2025-05-01
7644,106,185,9,3,3,2025-06-01
7645,106,185,23,17,14,2024-03-01
7646,106,185,16,15,6,2025-07-01
7647,106,185,26,19,12,2025-12-01
7648,106,185,13,15,13,2025-11-01
7649,106,185,19,5,4,2024-01-01
7650,106,185,34,10,3,2025-09-01
7651,107,187,26,2,4,2025-10-01
7652,107,187,20,16,18,2024-06-01
7653,107,187,28,5,5,2024-12-01
7654,107,187,27,24,19,2025-07-01
7655,107,187,26,14,6,2024-11-01
7656,107,187,7,5,2,2024-02-01
7657,107,187,20,25,26,2025-01-01
7658,107,165,9,9,8,2025-12-01
7659,107,165,14,4,3,2024-06-01
7660,107,165,13,8,12,2025-07-01
7661,107,165,13,25,24,2024-11-01
7662,107,165,4,11,13,2024-02-01
7663,107,165,30,21,0,2024-05-01
7664,107,165,8,11,8,2024-01-01
7665,107,165,21,6,1,2025-04-01
7666,107,165,44,22,6,2024-04-01
7667,107,165,17,7,2,2025-08-01
7668,107,117,0,11,15,2024-04-01
7669,107,117,24,7,5,2024-10-01
7670,107,117,6,2,7,2025-06-01
7671,107,117,23,12,2,2024-06-01
7672,107,117,34,17,9,2025-09-01
7673,107,117,17,24,24,2025-07-01
7674,107,117,29,7,0,2024-09-01
7675,107,117,20,14,7,2025-05-01
7676,107,104,11,10,5,2025-08-01
7677,107,104,8,19,20,2025-07-01
7678,107,104,26,4,0,2024-06-01
7679,107,104,18,20,2,2025-05-01
7680,107,104,32,14,1,2024-10-01
7681,107,104,46,23,7,2024-12-01
7682,107,104,26,20,4,2025-06-01
7683,107,104,11,8,7,2024-05-01
7684,107,104,30,5,2,2024-07-01
7685,107,146,23,14,6,2024-08-01
7686,107,146,11,17,21,2025-11-01
7687,107,146,38,25,17,2024-01-01
7688,107,146,33,10,0,2025-06-01
7689,107,146,27,21,3,2024-12-01
7690,107,146,36,18,1,2024-03-01
7691,107,142,35,22,8,2025-12-01
7692,107,142,22,3,3,2025-01-01
7693,107,142,24,21,4,2025-04-01
7694,107,142,7,4,9,2024-06-01
7695,107,142,29,7,2,2025-07-01
7696,107,142,35,15,4,2025-06-01
7697,107,142,8,10,10,2024-12-01
7698,107,125,44,18,3,2025-09-01
7699,107,125,27,9,0,2025-02-01
7700,107,125,9,6,1,2024-12-01
7701,107,125,3,15,17,2024-04-01
7702,107,125,34,20,6,2025-11-01
7703,107,125,27,7,6,2025-08-01
7704,107,125,3,16,18,2025-06-01
7705,107,156,4,6,9,2025-01-01
7706,107,156,9,10,8,2025-05-01
7707,107,156,11,15,6,2025-11-01
7708,107,156,23,14,0,2024-06-01
7709,107,156,9,2,0,2025-10-01
7710,107,156,24,16,14,2024-09-01
7711,107,156,20,4,6,2024-07-01
7712,107,116,32,21,1,2024-06-01
7713,107,116,26,9,3,2025-02-01
7714,107,116,23,8,6,2024-07-01
7715,107,116,32,3,1,2025-10-01
7716,107,116,18,7,8,2025-06-01
7717,107,116,4,19,16,2024-08-01
7718,107,116,12,15,6,2025-09-01
7719,107,116,13,11,13,2024-10-01
7720,107,116,16,7,12,2025-07-01
7721,107,116,25,3,2,2024-11-01
7722,107,116,34,19,5,2025-11-01
7723,107,116,19,6,1,2024-05-01
7724,107,164,31,22,1,2024-09-01
7725,107,164,26,22,6,2024-12-01
7726,107,164,31,14,12,2024-04-01
7727,107,164,6,14,10,2024-01-01
7728,107,164,19,10,2,2025-08-01
7729,107,164,7,10,11,2024-10-01
7730,107,164,24,19,10,2024-02-01
7731,107,164,17,6,1,2025-09-01
7732,107,164,16,2,0,2025-11-01
7733,107,164,17,13,16,2024-03-01
7734,108,142,23,4,7,2024-08-01
7735,108,142,6,15,13,2024-12-01
7736,108,142,29,14,11,2025-08-01
7737,108,142,40,15,1,2024-09-01
7738,108,142,6,4,2,2024-02-01
7739,108,142,12,24,15,2025-07-01
7740,108,154,2,19,23,2025-06-01
7741,108,154,23,4,1,2024-03-01
7742,108,154,10,24,16,2024-06-01
7743,108,154,19,25,7,2025-04-01
7744,108,154,20,8,3,2024-11-01
7745,108,154,14,7,10,2024-02-01
7746,108,154,8,6,5,2025-01-01
7747,108,154,35,14,4,2025-05-01
7748,108,154,28,2,2,2025-03-01
7749,108,154,29,24,11,2025-11-01
7750,108,154,21,20,2,2025-12-01
7751,108,143,29,3,0,2024-07-01
7752,108,143,30,25,5,2025-02-01
7753,108,143,21,22,26,2025-11-01
7754,108,143,11,14,17,2025-05-01
7755,108,143,27,5,4,2025-06-01
7756,108,143,10,2,0,2024-02-01
7757,108,143,36,18,0,2025-04-01
7758,108,143,22,3,6,2024-01-01
7759,108,143,31,12,8,2025-08-01
7760,108,143,25,25,3,2025-09-01
7761,108,143,26,6,1,2025-03-01
7762,108,113,3,6,3,2025-12-01
7763,108,113,0,19,23,2024-02-01
7764,108,113,6,24,27,2024-12-01
7765,108,113,14,15,2,2024-10-01
7766,108,113,17,6,11,2024-01-01
7767,108,113,3,24,23,2024-03-01
7768,108,162,21,11,12,2024-04-01
7769,108,162,23,3,3,2025-06-01
7770,108,162,5,6,10,2024-12-01
7771,108,162,10,9,9,2025-02-01
7772,108,162,7,11,11,2024-07-01
7773,108,162,5,5,6,2025-08-01
7774,108,162,9,4,0,2025-04-01
7775,108,162,13,8,7,2024-10-01
7776,108,162,21,2,2,2025-01-01
7777,108,159,28,4,4,2024-03-01
7778,108,159,23,20,20,2025-01-01
7779,108,159,7,7,9,2024-08-01
7780,108,159,34,9,1,2025-12-01
7781,108,159,0,14,16,2025-04-01
7782,108,159,30,11,5,2025-06-01
7783,108,166,17,8,7,2024-12-01
7784,108,166,24,18,16,2024-09-01
7785,108,166,22,13,3,2025-03-01
7786,108,166,0,3,8,2024-02-01
7787,108,166,21,17,6,2025-09-01
7788,108,166,48,24,3,2025-07-01
7789,108,166,23,19,16,2025-01-01
7790,108,166,1,6,8,2025-04-01
7791,108,166,5,18,13,2025-11-01
7792,108,119,10,11,8,2025-12-01
7793,108,119,14,4,0,2024-03-01
7794,108,119,18,11,5,2025-01-01
7795,108,119,21,22,5,2024-11-01
7796,108,119,14,4,1,2025-04-01
7797,108,119,44,15,0,2025-03-01
7798,108,119,3,3,5,2024-09-01
7799,108,119,9,20,16,2024-05-01
7800,108,119,34,4,0,2024-12-01
7801,108,182,15,6,0,2024-07-01
7802,108,182,18,17,1,2025-04-01
7803,108,182,16,10,10,2025-05-01
7804,108,182,26,10,10,2024-01-01
7805,108,182,44,17,2,2024-02-01
7806,108,182,25,19,4,2025-07-01
7807,108,182,11,9,9,2025-12-01
7808,108,182,17,17,0,2024-10-01
7809,108,182,10,18,16,2025-06-01
7810,108,182,13,5,1,2025-08-01
7811,108,182,26,24,4,2025-01-01
7812,108,182,33,10,7,2025-11-01
7813,109,184,12,17,18,2024-06-01
7814,109,184,6,16,17,2024-08-01
7815,109,184,20,8,13,2024-04-01
7816,109,184,5,12,15,2024-02-01
7817,109,184,19,20,19,2025-03-01
7818,109,184,30,3,1,2025-06-01
7819,109,178,28,22,13,2024-07-01
7820,109,178,15,21,8,2025-12-01
7821,109,178,4,19,21,2024-10-01
7822,109,178,8,12,16,2025-01-01
7823,109,178,13,10,5,2025-09-01
7824,109,178,7,20,17,2024-04-01
7825,109,178,11,5,0,2025-06-01
7826,109,178,8,5,5,2025-02-01
7827,109,115,5,4,6,2025-04-01
7828,109,115,27,10,4,2024-11-01
7829,109,115,38,15,3,2025-02-01
7830,109,115,29,19,20,2025-05-01
7831,109,115,20,10,14,2025-12-01
7832,109,115,27,12,5,2025-06-01
7833,109,115,0,8,13,2025-07-01
7834,109,115,8,2,4,2024-09-01
7835,109,115,23,25,25,2025-01-01
7836,109,129,21,6,4,2025-10-01
7837,109,129,13,4,4,2025-08-01
7838,109,129,38,8,0,2024-01-01
7839,109,129,22,24,15,2024-03-01
7840,109,129,8,15,17,2024-02-01
7841,109,129,33,7,3,2025-11-01
7842,109,129,23,2,3,2025-12-01
7843,109,129,13,25,12,2024-09-01
7844,109,129,18,18,13,2025-05-01
7845,109,129,23,14,5,2025-06-01
7846,109,129,16,15,5,2025-01-01
7847,109,129,24,22,25,2024-08-01
7848,109,142,31,8,4,2025-07-01
7849,109,142,26,12,7,2024-08-01
7850,109,142,0,9,11,2025-06-01
7851,109,142,21,13,4,2024-05-01
7852,109,142,27,21,20,2024-12-01
7853,109,142,0,25,29,2024-07-01
7854,109,142,23,22,20,2024-02-01
7855,109,142,25,22,8,2025-10-01
7856,109,142,48,19,0,2025-05-01
7857,109,159,33,24,5,2025-11-01
7858,109,159,25,9,5,2025-12-01
7859,109,159,6,13,13,2024-03-01
7860,109,159,18,23,14,2025-10-01
7861,109,159,24,20,21,2025-05-01
7862,109,159,25,13,15,2024-01-01
7863,109,159,14,7,10,2025-02-01
7864,109,159,26,20,5,2024-04-01
7865,109,159,26,13,5,2024-07-01
7866,109,159,21,25,11,2025-06-01
7867,109,159,32,25,19,2025-03-01
7868,109,159,23,9,7,2024-12-01
7869,109,138,25,6,3,2025-07-01
7870,109,138,24,5,1,2024-12-01
7871,109,138,22,15,5,2025-08-01
7872,109,138,29,3,0,2024-04-01
7873,109,138,37,17,0,2024-02-01
7874,109,138,26,15,16,2025-06-01
7875,109,138,13,7,11,2025-04-01
7876,109,138,26,24,8,2025-03-01
7877,109,138,6,14,13,2024-06-01
7878,109,138,19,4,1,2024-07-01
7879,109,138,25,2,1,2025-05-01
7880,109,156,0,19,23,2025-05-01
7881,109,156,8,14,8,2024-07-01
7882,109,156,31,8,2,2024-09-01
7883,109,156,0,10,15,2024-01-01
7884,109,156,14,2,6,2024-04-01
7885,109,156,20,25,12,2024-08-01
7886,109,158,9,8,5,2025-04-01
7887,109,158,14,21,8,2024-12-01
7888,109,158,22,3,1,2025-01-01
7889,109,158,49,25,1,2025-12-01
7890,109,158,19,7,3,2025-11-01
7891,109,158,35,21,13,2024-09-01
7892,109,158,41,23,0,2024-10-01
7893,109,158,34,8,4,2024-07-01
7894,109,158,42,21,5,2025-06-01
7895,109,158,23,21,9,2025-03-01
7896,109,158,17,22,8,2025-09-01
7897,109,158,24,5,6,2025-05-01
7898,109,123,27,10,11,2025-09-01
7899,109,123,16,24,21,2025-12-01
7900,109,123,16,6,0,2024-09-01
7901,109,123,13,7,2,2025-03-01
7902,109,123,1,7,7,2025-02-01
7903,109,123,31,3,1,2024-06-01
7904,109,123,20,6,7,2024-02-01
7905,109,123,10,7,6,2025-08-01
7906,109,123,10,4,1,2025-05-01
7907,110,131,1,15,17,2025-09-01
7908,110,131,6,20,14,2024-06-01
7909,110,131,26,3,6,2025-04-01
7910,110,131,21,7,10,2024-02-01
7911,110,131,11,8,4,2024-04-01
7912,110,131,3,3,2,2025-11-01
7913,110,131,14,7,12,2025-05-01
7914,110,131,50,24,2,2024-09-01
7915,110,131,37,17,3,2024-11-01
7916,110,149,14,18,11,2025-03-01
7917,110,149,18,16,0,2025-02-01
7918,110,149,5,19,18,2024-11-01
7919,110,149,14,11,1,2025-04-01
7920,110,149,17,15,6,2024-07-01
7921,110,149,17,8,2,2024-04-01
7922,110,149,10,18,14,2024-03-01
7923,110,149,14,15,18,2024-12-01
7924,110,159,16,19,16,2025-12-01
7925,110,159,23,15,0,2025-06-01
7926,110,159,2,3,8,2024-07-01
7927,110,159,12,9,3,2024-06-01
7928,110,159,42,19,4,2024-02-01
7929,110,159,16,12,2,2025-01-01
7930,110,159,52,25,0,2025-11-01
7931,110,159,11,10,2,2025-05-01
7932,110,159,35,24,18,2025-03-01
7933,110,159,17,10,3,2025-04-01
7934,110,156,25,3,3,2024-11-01
7935,110,156,9,6,8,2024-04-01
7936,110,156,27,11,12,2025-09-01
7937,110,156,0,7,7,2024-12-01
7938,110,156,19,18,10,2024-06-01
7939,110,156,31,8,1,2024-09-01
7940,110,183,23,20,17,2025-08-01
7941,110,183,0,4,4,2024-06-01
7942,110,183,6,11,9,2025-03-01
7943,110,183,11,19,24,2025-12-01
7944,110,183,9,14,16,2025-02-01
7945,110,183,25,16,12,2024-02-01
7946,110,183,25,9,13,2024-11-01
7947,110,183,2,13,13,2025-07-01
7948,110,183,8,14,9,2025-01-01
7949,110,183,21,10,12,2024-01-01
7950,110,183,6,25,25,2024-05-01
7951,110,183,23,24,11,2024-10-01
7952,110,151,27,24,8,2025-05-01
7953,110,151,31,16,13,2024-11-01
7954,110,151,22,5,8,2024-08-01
7955,110,151,4,2,0,2025-12-01
7956,110,151,28,7,8,2024-12-01
7957,110,151,15,7,6,2025-07-01
7958,110,151,10,9,14,2024-04-01
7959,110,162,25,5,6,2025-02-01
7960,110,162,19,24,20,2025-01-01
7961,110,162,34,25,20,2025-09-01
7962,110,162,14,17,7,2024-07-01
7963,110,162,16,11,12,2025-04-01
7964,110,162,28,5,6,2025-03-01
7965,110,162,23,11,8,2024-04-01
7966,110,162,19,2,4,2025-11-01
7967,110,162,46,25,9,2025-07-01
7968,110,125,18,2,7,2025-07-01
7969,110,125,7,17,12,2025-12-01
7970,110,125,17,9,1,2025-06-01
7971,110,125,1,17,22,2025-04-01
7972,110,125,26,11,8,2024-12-01
7973,110,125,20,21,14,2025-02-01
7974,110,125,1,8,13,2025-01-01
7975,110,125,5,2,0,2024-05-01
7976,110,125,41,25,2,2024-06-01
7977,110,125,12,22,14,2024-04-01
7978,110,125,22,19,19,2025-09-01
7979,110,141,30,24,7,2025-04-01
7980,110,141,8,10,5,2025-09-01
7981,110,141,44,16,2,2024-07-01
7982,110,141,25,5,7,2024-09-01
7983,110,141,7,5,7,2025-02-01
7984,110,141,13,11,15,2024-12-01
7985,110,141,17,7,6,2025-08-01
7986,110,141,28,25,5,2024-08-01
7987,110,141,10,9,3,2025-05-01
7988,110,141,7,14,16,2025-01-01
7989,110,141,20,23,25,2024-03-01
7990,110,130,18,7,8,2025-12-01
7991,110,130,11,16,11,2025-06-01
7992,110,130,11,2,0,2025-04-01
7993,110,130,25,20,4,2024-03-01
7994,110,130,15,24,19,2024-06-01
7995,110,130,4,4,7,2025-07-01
7996,110,130,19,8,1,2025-10-01
7997,110,130,39,19,6,2024-02-01
7998,110,130,19,10,15,2024-11-01
7999,111,179,33,6,2,2024-02-01
8000,111,179,51,22,0,2024-12-01
8001,111,179,6,4,5,2025-03-01
8002,111,179,21,13,13,2025-07-01
8003,111,179,24,23,16,2025-04-01
8004,111,179,17,22,5,2025-06-01
8005,111,162,29,9,9,2025-09-01
8006,111,162,1,9,10,2024-10-01
8007,111,162,14,21,11,2025-03-01
8008,111,162,20,10,4,2025-02-01
8009,111,162,3,2,2,2025-04-01
8010,111,162,13,6,7,2025-08-01
8011,111,162,1,21,20,2024-01-01
8012,111,162,37,9,1,2025-06-01
8013,111,162,27,11,0,2024-07-01
8014,111,121,28,16,4,2025-07-01
8015,111,121,38,25,2,2024-10-01
8016,111,121,17,7,10,2025-11-01
8017,111,121,2,13,13,2024-01-01
8018,111,121,7,19,24,2025-09-01
8019,111,121,5,13,9,2025-03-01
8020,111,121,21,22,18,2025-02-01
8021,111,121,20,21,8,2024-07-01
8022,111,121,24,6,5,2024-03-01
8023,111,121,11,5,10,2024-12-01
8024,111,121,7,10,14,2025-08-01
8025,111,118,8,10,15,2025-02-01
8026,111,118,27,5,4,2024-04-01
8027,111,118,20,22,16,2024-08-01
8028,111,118,14,18,8,2025-05-01
8029,111,118,20,8,2,2024-10-01
8030,111,118,22,16,3,2024-03-01
8031,111,131,9,12,6,2024-10-01
8032,111,131,22,17,11,2025-06-01
8033,111,131,0,7,10,2024-04-01
8034,111,131,14,10,11,2024-03-01
8035,111,131,34,21,3,2025-04-01
8036,111,131,20,24,11,2024-08-01
8037,111,120,7,17,10,2025-10-01
8038,111,120,9,3,2,2024-02-01
8039,111,120,12,7,2,2025-02-01
8040,111,120,6,3,5,2025-06-01
8041,111,120,2,4,7,2024-08-01
8042,111,120,15,2,4,2024-07-01
8043,112,117,27,10,9,2024-09-01
8044,112,117,18,5,5,2025-01-01
8045,112,117,5,4,5,2024-12-01
8046,112,117,11,16,18,2025-08-01
8047,112,117,23,8,4,2024-07-01
8048,112,117,12,14,19,2024-03-01
8049,112,117,48,25,0,2024-06-01
8050,112,117,24,10,9,2024-02-01
8051,112,117,7,6,6,2025-05-01
8052,112,117,20,23,21,2024-11-01
8053,112,117,8,20,17,2025-06-01
8054,112,176,17,21,8,2025-01-01
8055,112,176,21,17,0,2025-02-01
8056,112,176,18,18,5,2025-07-01
8057,112,176,14,2,2,2024-08-01
8058,112,176,15,22,9,2025-11-01
8059,112,176,25,22,17,2025-12-01
8060,112,176,3,22,20,2025-09-01
8061,112,176,27,17,4,2024-03-01
8062,112,176,31,14,2,2025-10-01
8063,112,176,13,4,9,2025-03-01
8064,112,176,15,13,3,2024-05-01
8065,112,107,14,19,19,2024-11-01
8066,112,107,12,6,0,2024-02-01
8067,112,107,5,2,0,2025-03-01
8068,112,107,17,10,1,2024-07-01
8069,112,107,26,3,4,2025-04-01
8070,112,107,8,4,7,2024-08-01
8071,112,140,31,24,16,2024-10-01
8072,112,140,22,3,6,2025-01-01
8073,112,140,8,2,3,2024-11-01
8074,112,140,21,9,2,2025-10-01
8075,112,140,22,5,8,2025-08-01
8076,112,140,1,3,3,2025-04-01
8077,112,140,23,7,0,2024-02-01
8078,112,140,2,7,9,2024-09-01
8079,112,140,12,24,18,2024-03-01
8080,112,140,22,16,6,2025-02-01
8081,112,140,21,14,1,2024-01-01
8082,112,140,35,16,1,2025-03-01
8083,112,119,3,9,12,2024-06-01
8084,112,119,19,20,10,2024-01-01
8085,112,119,18,3,4,2025-01-01
8086,112,119,21,9,9,2025-05-01
8087,112,119,29,12,4,2024-08-01
8088,112,119,19,7,1,2025-04-01
8089,112,120,23,7,3,2024-04-01
8090,112,120,6,8,11,2025-04-01
8091,112,120,33,8,4,2024-09-01
8092,112,120,36,17,1,2025-09-01
8093,112,120,7,6,0,2025-05-01
8094,112,120,52,24,1,2024-06-01
8095,112,120,25,11,14,2025-08-01
8096,112,120,26,9,11,2024-12-01
8097,112,120,12,9,8,2024-08-01
8098,112,120,17,14,6,2025-11-01
8099,112,146,23,14,18,2024-08-01
8100,112,146,6,13,16,2025-10-01
8101,112,146,27,19,8,2024-07-01
8102,112,146,14,17,9,2024-09-01
8103,112,146,23,16,19,2025-04-01
8104,112,146,23,21,17,2025-01-01
8105,112,146,25,20,20,2024-06-01
8106,112,146,2,22,24,2024-02-01
8107,112,146,8,20,21,2024-04-01
8108,112,146,29,19,3,2024-10-01
8109,112,146,37,18,3,2025-03-01
8110,112,146,15,23,12,2025-08-01
8111,112,136,21,19,2,2025-08-01
8112,112,136,22,2,2,2024-08-01
8113,112,136,12,4,7,2025-03-01
8114,112,136,26,19,1,2025-11-01
8115,112,136,28,16,13,2025-07-01
8116,112,136,9,17,13,2025-04-01
8117,113,146,6,4,6,2024-06-01
8118,113,146,33,5,1,2025-05-01
8119,113,146,2,2,4,2025-03-01
8120,113,146,23,11,1,2024-11-01
8121,113,146,21,21,6,2024-05-01
8122,113,146,23,8,5,2025-10-01
8123,113,146,8,21,19,2024-04-01
8124,113,146,29,11,0,2024-09-01
8125,113,146,9,6,4,2025-06-01
8126,113,146,16,12,1,2025-01-01
8127,113,146,30,21,19,2024-08-01
8128,113,146,12,11,0,2025-07-01
8129,113,139,12,21,13,2025-04-01
8130,113,139,25,7,8,2025-08-01
8131,113,139,29,15,13,2024-08-01
8132,113,139,28,23,6,2025-09-01
8133,113,139,21,8,10,2024-03-01
8134,113,139,19,16,18,2024-12-01
8135,113,139,30,8,0,2025-07-01
8136,113,139,9,21,21,2025-10-01
8137,113,139,21,22,16,2025-01-01
8138,113,111,29,24,4,2025-05-01
8139,113,111,41,18,6,2024-02-01
8140,113,111,16,16,5,2025-10-01
8141,113,111,14,16,18,2025-04-01
8142,113,111,10,17,18,2024-04-01
8143,113,111,24,11,15,2024-10-01
8144,113,111,27,14,5,2024-08-01
8145,113,111,32,16,13,2025-08-01
8146,113,111,26,25,10,2024-12-01
8147,113,167,0,2,7,2025-04-01
8148,113,167,17,22,11,2025-10-01
8149,113,167,9,5,4,2024-10-01
8150,113,167,13,20,22,2025-08-01
8151,113,167,31,24,20,2025-03-01
8152,113,167,23,12,5,2024-04-01
8153,113,167,32,24,15,2024-08-01
8154,113,167,18,6,10,2025-12-01
8155,113,167,33,5,2,2024-01-01
8156,113,167,31,22,18,2024-03-01
8157,113,167,40,12,0,2025-11-01
8158,113,138,27,6,1,2025-12-01
8159,113,138,9,10,4,2024-12-01
8160,113,138,34,5,0,2025-10-01
8161,113,138,3,8,11,2024-10-01
8162,113,138,9,3,3,2024-02-01
8163,113,138,2,5,3,2024-07-01
8164,113,138,15,17,18,2025-04-01
8165,113,138,24,2,7,2025-01-01
8166,113,106,15,2,4,2024-02-01
8167,113,106,3,13,18,2025-04-01
8168,113,106,12,9,7,2024-12-01
8169,113,106,33,12,6,2025-06-01
8170,113,106,3,16,20,2025-05-01
8171,113,106,33,14,2,2024-10-01
8172,113,106,20,11,0,2025-03-01
8173,113,106,3,5,5,2024-08-01
8174,113,106,22,11,3,2025-12-01
8175,113,106,21,17,16,2024-04-01
8176,113,151,32,22,12,2025-07-01
8177,113,151,38,16,1,2024-07-01
8178,113,151,13,19,17,2024-06-01
8179,113,151,27,25,20,2024-03-01
8180,113,151,30,17,0,2025-03-01
8181,113,151,18,19,17,2025-04-01
8182,113,151,14,15,10,2024-11-01
8183,113,151,8,24,29,2025-11-01
8184,113,151,20,17,4,2025-01-01
8185,113,151,22,25,5,2025-09-01
8186,113,151,10,9,5,2024-04-01
8187,113,151,37,19,6,2025-08-01
8188,113,113,15,19,22,2024-06-01
8189,113,113,14,11,11,2024-01-01
8190,113,113,29,15,4,2025-03-01
8191,113,113,10,10,3,2024-07-01
8192,113,113,26,6,9,2025-05-01
8193,113,113,14,7,6,2025-11-01
8194,113,113,31,25,23,2024-02-01
8195,113,132,2,24,24,2024-04-01
8196,113,132,37,21,7,2024-11-01
8197,113,132,9,13,5,2024-05-01
8198,113,132,7,10,14,2024-12-01
8199,113,132,11,22,20,2025-09-01
8200,113,132,12,17,6,2025-07-01
8201,113,177,8,13,14,2025-02-01
8202,113,177,14,8,6,2025-04-01
8203,113,177,0,16,17,2025-08-01
8204,113,177,13,5,2,2024-10-01
8205,113,177,21,25,7,2024-08-01
8206,113,177,33,25,17,2025-01-01
8207,113,177,9,19,18,2025-11-01
8208,114,124,33,10,0,2025-03-01
8209,114,124,16,13,13,2024-11-01
8210,114,124,22,13,10,2024-05-01
8211,114,124,30,25,15,2025-10-01
8212,114,124,8,11,6,2025-04-01
8213,114,124,19,13,1,2024-12-01
8214,114,124,28,11,9,2024-08-01
8215,114,124,15,25,10,2025-02-01
8216,114,153,1,10,12,2025-04-01
8217,114,153,12,2,4,2025-12-01
8218,114,153,10,6,8,2025-01-01
8219,114,153,27,2,0,2024-07-01
8220,114,153,30,21,18,2025-03-01
8221,114,153,48,19,1,2025-05-01
8222,114,153,15,3,8,2025-10-01
8223,114,153,21,15,6,2024-02-01
8224,114,153,17,9,5,2024-03-01
8225,114,153,20,3,3,2025-02-01
8226,114,153,39,24,11,2024-09-01
8227,114,112,11,8,10,2025-12-01
8228,114,112,29,20,14,2024-02-01
8229,114,112,18,11,5,2024-11-01
8230,114,112,18,20,16,2024-05-01
8231,114,112,33,21,10,2024-12-01
8232,114,112,3,8,6,2024-03-01
8233,114,112,37,18,1,2024-06-01
8234,114,112,0,11,16,2025-06-01
8235,114,108,28,19,9,2025-10-01
8236,114,108,3,5,3,2024-11-01
8237,114,108,19,10,1,2025-02-01
8238,114,108,22,21,10,2025-05-01
8239,114,108,21,16,2,2025-07-01
8240,114,108,5,9,5,2024-06-01
8241,114,108,36,24,7,2024-03-01
8242,114,108,16,10,8,2025-01-01
8243,114,108,11,7,9,2025-09-01
8244,114,108,11,7,2,2024-09-01
8245,114,108,38,20,4,2025-11-01
8246,114,133,21,22,18,2024-11-01
8247,114,133,12,17,19,2025-03-01
8248,114,133,12,4,5,2024-12-01
8249,114,133,17,8,11,2024-09-01
8250,114,133,0,14,19,2025-06-01
8251,114,133,26,24,1,2025-10-01
8252,114,133,24,12,6,2024-04-01
8253,114,113,9,11,11,2025-12-01
8254,114,113,26,16,19,2024-09-01
8255,114,113,31,21,18,2024-07-01
8256,114,113,20,6,8,2025-03-01
8257,114,113,4,6,9,2024-10-01
8258,114,113,22,13,5,2024-01-01
8259,114,113,19,22,7,2025-07-01
8260,114,113,14,14,11,2025-10-01
8261,114,113,25,24,5,2024-12-01
8262,114,186,39,20,3,2024-07-01
8263,114,186,25,20,17,2025-02-01
8264,114,186,31,23,3,2024-08-01
8265,114,186,27,11,6,2025-03-01
8266,114,186,26,23,19,2025-09-01
8267,114,186,3,9,13,2024-11-01
8268,114,186,15,21,22,2024-12-01
8269,114,128,5,11,12,2025-07-01
8270,114,128,32,21,11,2025-11-01
8271,114,128,22,10,7,2025-03-01
8272,114,128,22,17,13,2025-02-01
8273,114,128,26,2,6,2024-04-01
8274,114,128,25,22,17,2024-02-01
8275,114,128,10,4,6,2024-09-01
8276,114,128,14,8,11,2024-06-01
8277,114,128,13,6,11,2025-12-01
8278,114,151,32,7,1,2025-04-01
8279,114,151,11,14,7,2024-05-01
8280,114,151,22,11,8,2025-06-01
8281,114,151,11,11,9,2024-03-01
8282,114,151,21,6,4,2024-08-01
8283,114,151,20,21,20,2024-04-01
8284,114,151,22,22,16,2024-12-01
8285,114,151,27,5,3,2025-08-01
8286,114,151,30,25,11,2025-09-01
8287,114,151,15,17,9,2024-10-01
8288,114,151,11,7,5,2024-07-01
8289,114,151,30,7,7,2025-12-01
8290,115,157,24,21,14,2025-02-01
8291,115,157,31,25,11,2025-05-01
8292,115,157,22,10,3,2025-10-01
8293,115,157,0,15,18,2024-07-01
8294,115,157,35,10,4,2024-01-01
8295,115,157,20,15,7,2025-12-01
8296,115,157,5,10,14,2025-08-01
8297,115,157,21,22,20,2024-09-01
8298,115,157,20,3,0,2025-01-01
8299,115,157,17,7,7,2025-03-01
8300,115,157,0,16,21,2025-11-01
8301,115,157,26,14,1,2024-03-01
8302,115,156,31,13,9,2024-05-01
8303,115,156,8,13,18,2025-08-01
8304,115,156,31,10,1,2025-10-01
8305,115,156,11,14,9,2024-07-01
8306,115,156,12,21,25,2024-08-01
8307,115,156,20,2,6,2024-11-01
8308,115,138,45,19,4,2024-04-01
8309,115,138,29,20,18,2024-11-01
8310,115,138,31,9,1,2025-06-01
8311,115,138,10,10,12,2025-08-01
8312,115,138,13,22,12,2024-06-01
8313,115,138,14,25,29,2024-12-01
8314,115,138,22,19,20,2025-07-01
8315,115,138,3,8,9,2024-07-01
8316,115,138,26,11,4,2024-02-01
8317,115,138,32,13,4,2025-05-01
8318,115,138,7,16,16,2024-10-01
8319,115,119,17,2,2,2025-10-01
8320,115,119,19,15,9,2025-02-01
8321,115,119,17,10,13,2025-01-01
8322,115,119,17,19,14,2024-01-01
8323,115,119,10,13,10,2024-12-01
8324,115,119,23,23,12,2025-05-01
8325,115,119,22,11,7,2025-03-01
8326,115,128,39,23,0,2025-08-01
8327,115,128,31,6,2,2024-05-01
8328,115,128,18,4,7,2025-10-01
8329,115,128,0,2,7,2024-06-01
8330,115,128,10,18,12,2025-06-01
8331,115,128,9,13,6,2025-12-01
8332,115,128,22,22,20,2024-09-01
8333,115,128,26,7,5,2024-02-01
8334,115,128,34,18,0,2024-07-01
8335,115,128,32,16,8,2024-12-01
8336,115,128,39,22,11,2025-11-01
8337,115,128,4,5,2,2024-03-01
8338,115,145,34,20,6,2024-07-01
8339,115,145,1,6,6,2025-04-01
8340,115,145,0,21,23,2024-08-01
8341,115,145,17,24,19,2025-10-01
8342,115,145,38,18,6,2024-05-01
8343,115,145,29,2,0,2024-12-01
8344,115,145,20,2,1,2025-07-01
8345,115,169,8,10,6,2024-01-01
8346,115,169,14,9,9,2024-12-01
8347,115,169,7,7,9,2025-03-01
8348,115,169,20,5,3,2024-10-01
8349,115,169,25,24,11,2025-06-01
8350,115,169,26,23,18,2024-09-01
8351,115,169,12,21,13,2025-01-01
8352,115,169,20,24,29,2025-02-01
8353,115,169,38,15,1,2024-05-01
8354,115,169,7,7,0,2024-04-01
8355,115,176,23,10,8,2025-03-01
8356,115,176,27,3,4,2025-04-01
8357,115,176,19,3,3,2024-04-01
8358,115,176,23,8,7,2024-06-01
8359,115,176,6,3,8,2024-07-01
8360,115,176,22,16,14,2024-02-01
8361,115,176,43,17,3,2025-05-01
8362,115,176,9,18,9,2025-11-01
8363,115,176,11,8,2,2024-01-01
8364,115,140,32,9,7,2024-04-01
8365,115,140,25,4,3,2025-05-01
8366,115,140,10,4,5,2025-02-01
8367,115,140,18,5,2,2025-11-01
8368,115,140,10,11,1,2025-10-01
8369,115,140,1,21,26,2024-09-01
8370,115,140,32,10,8,2024-08-01
8371,115,153,6,3,6,2025-12-01
8372,115,153,0,10,13,2025-09-01
8373,115,153,33,8,3,2024-04-01
8374,115,153,31,25,10,2024-03-01
8375,115,153,29,21,3,2025-06-01
8376,115,153,10,10,13,2025-02-01
8377,115,153,15,17,3,2025-01-01
8378,115,153,20,2,4,2025-08-01
8379,115,153,14,10,14,2024-02-01
8380,115,153,6,5,1,2024-08-01
8381,115,153,14,9,9,2024-09-01
8382,116,124,16,7,12,2025-01-01
8383,116,124,26,7,7,2024-02-01
8384,116,124,16,21,21,2024-03-01
8385,116,124,16,10,9,2025-07-01
8386,116,124,32,25,19,2024-05-01
8387,116,124,24,11,14,2024-08-01
8388,116,124,18,12,0,2025-08-01
8389,116,124,0,23,25,2024-01-01
8390,116,124,31,16,4,2025-11-01
8391,116,124,18,23,14,2025-06-01
8392,116,124,23,14,1,2024-07-01
8393,116,162,20,11,13,2025-06-01
8394,116,162,18,12,9,2024-02-01
8395,116,162,0,2,5,2024-07-01
8396,116,162,13,20,23,2024-12-01
8397,116,162,15,9,8,2024-01-01
8398,116,162,33,14,2,2025-10-01
8399,116,162,15,18,3,2024-06-01
8400,116,162,15,9,5,2024-08-01
8401,116,162,20,5,10,2025-05-01
8402,116,162,15,11,14,2024-11-01
8403,116,162,6,23,19,2025-02-01
8404,116,161,22,25,27,2025-05-01
8405,116,161,8,19,20,2025-10-01
8406,116,161,22,7,0,2025-04-01
8407,116,161,18,7,12,2025-08-01
8408,116,161,17,18,20,2025-02-01
8409,116,161,3,4,5,2025-06-01
8410,116,129,4,4,7,2024-01-01
8411,116,129,15,2,7,2024-02-01
8412,116,129,20,12,8,2024-09-01
8413,116,129,19,5,1,2025-11-01
8414,116,129,13,6,3,2024-12-01
8415,116,129,26,22,14,2024-05-01
8416,116,129,28,19,16,2025-10-01
8417,116,129,2,19,21,2025-12-01
8418,116,159,11,11,12,2025-02-01
8419,116,159,7,7,12,2025-08-01
8420,116,159,14,3,2,2025-05-01
8421,116,159,24,17,4,2024-05-01
8422,116,159,0,17,21,2025-12-01
8423,116,159,19,7,12,2024-02-01
8424,116,159,16,25,13,2024-03-01
8425,116,106,5,19,16,2024-02-01
8426,116,106,20,19,10,2025-02-01
8427,116,106,12,23,20,2024-10-01
8428,116,106,0,15,15,2025-01-01
8429,116,106,22,20,3,2025-12-01
8430,116,106,12,23,22,2024-04-01
8431,116,106,36,17,0,2025-03-01
8432,116,106,12,2,5,2025-06-01
8433,116,106,19,13,0,2025-08-01
8434,116,106,11,16,13,2024-05-01
8435,116,106,24,10,7,2024-08-01
8436,116,171,14,17,9,2025-02-01
8437,116,171,27,7,5,2024-03-01
8438,116,171,26,2,2,2024-10-01
8439,116,171,16,20,24,2024-06-01
8440,116,171,22,2,4,2025-01-01
8441,116,171,30,23,9,2025-05-01
8442,116,171,4,18,20,2025-03-01
8443,116,171,19,13,6,2024-01-01
8444,116,171,7,3,5,2024-02-01
8445,116,180,13,8,0,2025-11-01
8446,116,180,7,2,4,2025-09-01
8447,116,180,6,25,28,2024-04-01
8448,116,180,1,5,4,2025-01-01
8449,116,180,29,3,2,2025-08-01
8450,116,180,20,10,8,2024-01-01
8451,116,180,13,20,21,2025-12-01
8452,116,180,11,19,22,2024-03-01
8453,116,180,42,24,10,2024-06-01
8454,116,180,17,19,21,2024-10-01
8455,117,180,14,24,11,2025-07-01
8456,117,180,15,17,14,2024-08-01
8457,117,180,26,24,12,2025-12-01
8458,117,180,36,13,1,2025-05-01
8459,117,180,11,4,7,2025-09-01
8460,117,180,14,19,10,2025-04-01
8461,117,180,26,3,0,2024-06-01
8462,117,180,24,7,2,2024-07-01
8463,117,180,14,25,27,2025-11-01
8464,117,133,23,6,4,2024-06-01
8465,117,133,20,11,15,2024-08-01
8466,117,133,5,24,28,2024-07-01
8467,117,133,7,7,10,2025-04-01
8468,117,133,21,11,14,2024-09-01
8469,117,133,22,3,2,2025-10-01
8470,117,133,15,6,11,2025-05-01
8471,117,134,21,9,2,2025-08-01
8472,117,134,36,15,7,2024-02-01
8473,117,134,28,5,5,2025-12-01
8474,117,134,42,25,6,2024-10-01
8475,117,134,14,2,7,2024-09-01
8476,117,134,20,23,9,2024-01-01
8477,117,134,6,4,9,2025-10-01
8478,117,134,9,4,3,2024-12-01
8479,117,134,0,18,22,2025-04-01
8480,117,134,41,17,5,2024-06-01
8481,117,134,17,11,14,2024-05-01
8482,117,163,20,8,13,2025-03-01
8483,117,163,1,13,13,2025-04-01
8484,117,163,22,18,13,2024-11-01
8485,117,163,14,17,5,2024-07-01
8486,117,163,20,3,5,2025-02-01
8487,117,163,25,12,7,2025-05-01
8488,117,163,6,18,13,2024-09-01
8489,117,148,28,25,8,2025-11-01
8490,117,148,37,16,6,2024-12-01
8491,117,148,17,25,30,2025-05-01
8492,117,148,14,14,8,2025-12-01
8493,117,148,38,13,2,2024-02-01
8494,117,148,41,16,5,2024-03-01
8495,117,114,30,11,3,2024-02-01
8496,117,114,0,3,4,2025-07-01
8497,117,114,22,4,3,2025-04-01
8498,117,114,20,16,10,2024-01-01
8499,117,114,19,4,0,2025-05-01
8500,117,114,25,8,4,2025-11-01
8501,117,114,11,7,8,2025-12-01
8502,117,114,23,11,13,2024-05-01
8503,117,114,27,21,9,2024-11-01
8504,117,114,6,3,8,2024-12-01
8505,117,114,16,23,9,2025-06-01
8506,117,110,27,15,12,2024-09-01
8507,117,110,37,7,0,2025-07-01
8508,117,110,8,9,13,2025-11-01
8509,117,110,5,23,19,2025-09-01
8510,117,110,11,17,15,2024-11-01
8511,117,110,31,15,13,2024-02-01
8512,117,110,4,14,17,2024-10-01
8513,117,173,23,13,8,2025-07-01
8514,117,173,11,9,0,2024-02-01
8515,117,173,20,6,8,2025-01-01
8516,117,173,25,16,21,2024-10-01
8517,117,173,27,13,0,2025-02-01
8518,117,173,15,14,6,2024-07-01
8519,117,173,8,21,25,2025-04-01
8520,117,173,4,18,19,2024-06-01
8521,117,173,40,25,9,2025-06-01
8522,117,173,11,15,16,2025-09-01
8523,117,154,10,22,24,2024-07-01
8524,117,154,28,8,4,2025-12-01
8525,117,154,17,13,14,2024-06-01
8526,117,154,8,13,7,2024-03-01
8527,117,154,9,8,9,2024-08-01
8528,117,154,29,21,8,2025-02-01
8529,117,154,11,16,6,2025-05-01
8530,117,154,28,8,10,2025-11-01
8531,117,154,17,14,3,2025-08-01
8532,117,154,25,4,6,2024-05-01
8533,117,154,7,21,18,2025-03-01
8534,117,154,2,21,21,2024-04-01
8535,118,177,16,20,19,2024-09-01
8536,118,177,13,6,5,2025-09-01
8537,118,177,19,18,15,2025-12-01
8538,118,177,0,14,19,2025-05-01
8539,118,177,22,21,21,2025-02-01
8540,118,177,28,20,14,2025-07-01
8541,118,177,9,19,20,2024-08-01
8542,118,177,19,8,2,2024-07-01
8543,118,177,18,5,9,2025-01-01
8544,118,177,5,12,10,2025-03-01
8545,118,177,20,15,17,2024-03-01
8546,118,177,32,12,4,2025-11-01
8547,118,139,6,18,21,2025-02-01
8548,118,139,16,13,13,2024-12-01
8549,118,139,13,6,5,2024-07-01
8550,118,139,35,24,12,2025-01-01
8551,118,139,40,22,10,2024-11-01
8552,118,139,23,13,13,2024-06-01
8553,118,139,20,19,17,2025-07-01
8554,118,139,8,7,1,2024-09-01
8555,118,139,8,15,9,2025-10-01
8556,118,139,5,13,8,2025-09-01
8557,118,153,0,6,8,2025-03-01
8558,118,153,19,8,0,2025-05-01
8559,118,153,28,5,2,2024-08-01
8560,118,153,17,19,10,2025-04-01
8561,118,153,23,14,16,2024-02-01
8562,118,153,33,8,1,2025-07-01
8563,118,153,17,16,9,2024-01-01
8564,118,153,16,16,3,2025-09-01
8565,118,153,28,21,7,2025-06-01
8566,118,153,29,25,13,2025-12-01
8567,118,122,5,2,7,2024-01-01
8568,118,122,14,25,25,2025-02-01
8569,118,122,2,25,24,2025-12-01
8570,118,122,14,6,9,2024-10-01
8571,118,122,26,16,0,2024-12-01
8572,118,122,33,14,3,2025-11-01
8573,118,122,28,14,1,2025-09-01
8574,118,122,9,12,14,2024-07-01
8575,118,122,19,18,18,2025-05-01
8576,118,122,20,11,10,2024-03-01
8577,118,165,19,2,3,2024-06-01
8578,118,165,41,14,1,2025-07-01
8579,118,165,27,9,2,2024-04-01
8580,118,165,38,14,5,2025-09-01
8581,118,165,24,2,0,2024-03-01
8582,118,165,19,4,8,2025-01-01
8583,118,165,32,12,3,2024-05-01
8584,118,165,22,6,0,2025-06-01
8585,118,165,8,20,17,2025-08-01
8586,118,165,25,16,17,2024-02-01
8587,118,165,7,13,9,2025-12-01
8588,118,111,11,10,10,2024-11-01
8589,118,111,19,14,1,2025-01-01
8590,118,111,20,6,1,2025-08-01
8591,118,111,14,7,8,2024-03-01
8592,118,111,8,12,8,2025-03-01
8593,118,111,8,10,13,2024-12-01
8594,118,167,15,6,0,2025-11-01
8595,118,167,16,8,10,2024-01-01
8596,118,167,45,21,6,2025-10-01
8597,118,167,22,4,1,2024-03-01
8598,118,167,33,9,0,2024-02-01
8599,118,167,15,16,13,2025-08-01
8600,118,167,1,13,15,2025-07-01
8601,118,167,16,24,28,2025-05-01
8602,118,167,12,15,3,2025-12-01
8603,118,186,13,3,7,2024-07-01
8604,118,186,23,16,14,2024-04-01
8605,118,186,32,22,7,2024-03-01
8606,118,186,4,2,6,2024-05-01
8607,118,186,14,17,18,2024-11-01
8608,118,186,10,8,3,2025-01-01
8609,118,186,28,16,14,2024-10-01
8610,118,186,41,24,4,2024-02-01
8611,118,186,8,24,20,2024-09-01
8612,118,155,25,8,11,2025-11-01
8613,118,155,30,14,12,2025-12-01
8614,118,155,44,22,1,2024-04-01
8615,118,155,21,21,21,2025-08-01
8616,118,155,12,10,12,2024-09-01
8617,118,155,27,14,6,2025-01-01
8618,118,155,22,7,9,2024-02-01
8619,118,155,16,16,3,2024-06-01
8620,118,155,17,24,27,2024-07-01
8621,118,155,0,6,7,2024-11-01
8622,119,131,33,19,1,2024-06-01
8623,119,131,4,2,1,2024-07-01
8624,119,131,25,13,1,2025-05-01
8625,119,131,22,13,11,2025-06-01
8626,119,131,30,19,16,2025-01-01
8627,119,131,4,5,3,2024-11-01
8628,119,131,16,16,17,2025-12-01
8629,119,131,22,14,19,2025-09-01
8630,119,131,25,5,7,2025-07-01
8631,119,131,15,21,22,2025-03-01
8632,119,131,23,23,3,2024-04-01
8633,119,179,4,14,16,2025-01-01
8634,119,179,10,25,19,2024-02-01
8635,119,179,18,5,9,2025-06-01
8636,119,179,28,6,6,2024-09-01
8637,119,179,12,24,14,2024-11-01
8638,119,179,10,11,13,2024-04-01
8639,119,187,19,18,0,2024-04-01
8640,119,187,16,20,18,2025-05-01
8641,119,187,31,22,3,2024-12-01
8642,119,187,25,2,2,2025-06-01
8643,119,187,18,20,15,2024-08-01
8644,119,187,15,4,0,2025-10-01
8645,119,160,12,2,2,2024-07-01
8646,119,160,32,10,3,2024-10-01
8647,119,160,28,12,12,2025-08-01
8648,119,160,3,2,7,2025-03-01
8649,119,160,1,21,20,2024-12-01
8650,119,160,12,24,28,2024-11-01
8651,119,160,44,17,0,2024-05-01
8652,119,160,12,18,20,2024-01-01
8653,119,160,20,25,24,2024-08-01
8654,119,136,5,3,6,2025-07-01
8655,119,136,16,2,4,2024-01-01
8656,119,136,13,25,17,2025-08-01
8657,119,136,5,5,10,2024-12-01
8658,119,136,0,10,15,2024-06-01
8659,119,136,22,20,13,2025-12-01
8660,119,136,7,19,19,2024-02-01
8661,119,178,14,11,16,2024-07-01
8662,119,178,22,12,0,2025-10-01
8663,119,178,34,19,12,2024-05-01
8664,119,178,21,16,1,2025-03-01
8665,119,178,39,12,1,2025-02-01
8666,119,178,23,6,9,2025-07-01
8667,119,178,40,18,6,2024-10-01
8668,119,178,30,8,0,2024-01-01
8669,119,178,23,18,5,2024-08-01
8670,119,178,38,24,13,2024-04-01
8671,119,178,17,5,9,2025-05-01
8672,120,125,19,7,7,2024-09-01
8673,120,125,19,2,0,2024-06-01
8674,120,125,22,5,10,2024-07-01
8675,120,125,33,22,0,2025-05-01
8676,120,125,28,22,16,2025-06-01
8677,120,125,33,11,1,2024-12-01
8678,120,148,7,6,5,2025-04-01
8679,120,148,8,11,7,2024-11-01
8680,120,148,26,2,6,2025-06-01
8681,120,148,7,12,10,2025-07-01
8682,120,148,20,22,25,2025-03-01
8683,120,148,28,24,13,2025-09-01
8684,120,148,36,21,2,2025-10-01
8685,120,148,4,6,7,2024-04-01
8686,120,148,23,10,13,2024-01-01
8687,120,148,20,24,10,2024-05-01
8688,120,148,7,2,6,2024-09-01
8689,120,186,9,25,22,2024-08-01
8690,120,186,28,13,10,2025-05-01
8691,120,186,5,16,16,2025-01-01
8692,120,186,4,4,0,2025-02-01
8693,120,186,26,21,8,2025-09-01
8694,120,186,30,4,3,2024-02-01
8695,120,186,23,2,5,2025-06-01
8696,120,138,21,18,2,2024-06-01
8697,120,138,26,19,9,2024-12-01
8698,120,138,22,17,3,2025-01-01
8699,120,138,18,7,7,2025-11-01
8700,120,138,46,24,6,2025-03-01
8701,120,138,22,14,8,2025-02-01
8702,120,138,8,21,22,2024-04-01
8703,120,138,39,16,7,2025-08-01
8704,120,147,29,18,18,2024-12-01
8705,120,147,21,24,24,2024-05-01
8706,120,147,37,20,12,2025-07-01
8707,120,147,26,15,7,2025-02-01
8708,120,147,16,12,6,2025-11-01
8709,120,147,12,13,13,2024-07-01
8710,120,147,21,10,4,2024-04-01
8711,120,147,30,4,4,2024-06-01
8712,120,147,28,5,2,2024-11-01
8713,120,147,39,20,5,2024-10-01
8714,120,147,22,19,9,2025-03-01
8715,120,128,10,19,20,2025-03-01
8716,120,128,14,15,4,2024-04-01
8717,120,128,8,7,1,2024-07-01
8718,120,128,13,23,28,2024-06-01
8719,120,128,24,8,6,2025-07-01
8720,120,128,44,22,0,2024-10-01
8721,120,128,34,17,7,2024-09-01
8722,120,128,20,2,5,2025-01-01
8723,120,128,18,3,6,2025-11-01
8724,120,128,43,23,8,2024-02-01
8725,120,128,31,24,8,2025-12-01
8726,120,171,25,17,7,2024-03-01
8727,120,171,10,13,13,2024-08-01
8728,120,171,3,16,18,2024-06-01
8729,120,171,12,9,12,2024-09-01
8730,120,171,25,2,3,2025-09-01
8731,120,171,29,4,5,2025-01-01
8732,120,171,19,9,5,2024-11-01
8733,120,171,14,11,0,2025-06-01
8734,120,171,20,23,11,2025-08-01
8735,120,171,13,21,8,2025-12-01
8736,120,171,10,5,6,2025-11-01
8737,120,149,3,3,8,2025-10-01
8738,120,149,19,3,0,2025-07-01
8739,120,149,21,10,13,2024-09-01
8740,120,149,26,5,3,2024-01-01
8741,120,149,14,18,10,2025-04-01
8742,120,149,8,9,6,2025-05-01
8743,120,149,21,17,0,2024-06-01
8744,120,149,17,25,29,2025-01-01
