financing_id,transaction_id,financing_company,down_payment,loan_amount,tenor_months,interest_rate,installment_amount
9001,500002,Mandiri Tunas Finance,242600000,625087000,60,9.23,15226000
9002,500003,Mandiri Tunas Finance,115600000,288773000,24,4.69,13160000
9003,500004,FIFGROUP,93000000,247992000,24,6.80,11738000
9004,500005,Mandiri Tunas Finance,110700000,298113000,48,3.66,7119000
9005,500006,BFI Finance,108200000,270532000,36,6.98,9088000
9006,500007,BFI Finance,204000000,604080000,48,8.34,16783000
9007,500008,Astra Credit,107500000,205409000,60,9.10,4981000
9008,500009,Mandiri Tunas Finance,155500000,547574000,60,5.14,11471000
9009,500010,Maybank Finance,59700000,133440000,60,3.74,2639000
9010,500011,Adira Finance,53200000,206762000,60,3.90,4118000
9011,500012,Maybank Finance,191900000,624283000,12,8.15,56263000
9012,500014,BFI Finance,53000000,141028000,36,7.30,4775000
9013,500015,Maybank Finance,74900000,246667000,60,7.85,5724000
9014,500016,FIFGROUP,79900000,189830000,36,9.48,6772000
9015,500017,FIFGROUP,104400000,387663000,48,7.17,10392000
9016,500021,FIFGROUP,353600000,1188301000,48,5.53,30232000
9017,500022,Adira Finance,45900000,176211000,60,5.99,3816000
9018,500023,Adira Finance,101300000,206170000,60,9.12,5003000
9019,500024,BFI Finance,49900000,161666000,48,7.63,4395000
9020,500027,FIFGROUP,68100000,150348000,48,6.39,3932000
9021,500028,Maybank Finance,127800000,481923000,60,8.97,11634000
9022,500029,Astra Credit,50000000,196531000,36,9.15,6957000
9023,500031,Astra Credit,59100000,138258000,36,3.77,4274000
9024,500032,FIFGROUP,73100000,146014000,60,7.59,3357000
9025,500033,Mandiri Tunas Finance,63600000,244980000,24,8.23,11887000
9026,500035,FIFGROUP,64900000,153659000,60,7.28,3493000
9027,500037,BFI Finance,64500000,143292000,12,6.89,12763000
9028,500038,Astra Credit,135900000,349503000,60,4.12,7025000
9029,500039,Adira Finance,47100000,142266000,48,5.81,3652000
9030,500041,Mandiri Tunas Finance,123600000,296202000,60,7.20,6713000
9031,500042,Maybank Finance,159000000,459048000,12,5.09,40201000
9032,500043,Adira Finance,204100000,606977000,60,7.94,14132000
9033,500046,FIFGROUP,84400000,191657000,48,5.19,4821000
9034,500047,Adira Finance,152600000,450685000,48,4.02,10899000
9035,500048,FIFGROUP,144800000,428404000,24,8.72,20963000
9036,500049,Mandiri Tunas Finance,58600000,118334000,24,7.68,5687000
9037,500050,Mandiri Tunas Finance,136600000,264776000,24,4.41,12005000
9038,500051,BFI Finance,113900000,299020000,60,8.66,7141000
9039,500052,Adira Finance,84800000,206686000,24,8.22,10027000
9040,500055,Maybank Finance,92300000,311962000,12,7.43,27928000
9041,500056,Adira Finance,407400000,1044369000,12,8.73,94628000
9042,500057,BCA Finance,146500000,289286000,36,6.41,9580000
9043,500058,Adira Finance,57200000,216859000,48,3.73,5191000
9044,500060,Mandiri Tunas Finance,86300000,175438000,60,8.84,4216000
9045,500061,BFI Finance,91500000,256818000,36,3.80,7947000
9046,500063,Astra Credit,76300000,152249000,24,3.66,6808000
9047,500064,FIFGROUP,78600000,164268000,48,7.24,4413000
9048,500065,BFI Finance,252100000,541439000,24,4.54,24608000
9049,500067,Maybank Finance,214100000,584323000,12,3.84,50563000
9050,500068,BCA Finance,74600000,220993000,36,7.39,7499000
9051,500070,Adira Finance,197700000,488613000,60,3.51,9572000
9052,500071,Adira Finance,54700000,132335000,24,9.43,6553000
9053,500073,Astra Credit,64100000,241816000,12,7.65,21692000
9054,500074,FIFGROUP,178000000,522188000,60,3.94,10417000
9055,500076,Mandiri Tunas Finance,52800000,120027000,60,8.20,2820000
9056,500078,Maybank Finance,55800000,126018000,60,9.08,3053000
9057,500083,Mandiri Tunas Finance,155000000,555178000,12,9.10,50474000
9058,500084,BFI Finance,84600000,217986000,12,7.49,19526000
9059,500086,Astra Credit,85600000,179690000,24,8.61,8776000
9060,500087,BCA Finance,129500000,463684000,48,5.40,11746000
9061,500088,BFI Finance,68300000,255820000,12,6.04,22605000
9062,500089,Adira Finance,197600000,640894000,48,5.85,16476000
9063,500092,Maybank Finance,65500000,151283000,48,6.76,4003000
9064,500093,BCA Finance,228300000,496974000,24,9.40,24600000
9065,500094,Mandiri Tunas Finance,110800000,207992000,60,6.31,4560000
9066,500095,BCA Finance,95000000,221905000,48,8.28,6154000
9067,500096,BCA Finance,138300000,379404000,12,7.93,34124000
9068,500098,BCA Finance,109600000,212078000,12,4.04,18387000
9069,500102,Mandiri Tunas Finance,142400000,304486000,48,7.42,8226000
9070,500104,BCA Finance,96900000,365193000,60,5.22,7675000
9071,500107,Adira Finance,64500000,123090000,12,4.27,10695000
9072,500108,BCA Finance,74400000,251718000,12,4.57,21935000
9073,500111,BFI Finance,165400000,333323000,60,4.73,6869000
9074,500112,Astra Credit,151100000,281467000,60,4.75,5805000
9075,500113,Mandiri Tunas Finance,84300000,232050000,36,9.41,8265000
9076,500114,Astra Credit,78500000,240736000,36,5.38,7766000
9077,500115,Astra Credit,45100000,150704000,36,6.81,5041000
9078,500116,BFI Finance,108900000,214665000,36,6.45,7116000
9079,500119,BFI Finance,67700000,249094000,12,9.44,22717000
9080,500120,Adira Finance,52000000,193865000,48,3.55,4612000
9081,500121,Mandiri Tunas Finance,72700000,142640000,60,4.28,2886000
9082,500122,Mandiri Tunas Finance,146700000,430833000,36,3.86,13353000
9083,500123,FIFGROUP,137600000,489661000,48,9.42,14045000
9084,500126,Adira Finance,98300000,365569000,48,5.08,9163000
9085,500127,Maybank Finance,163000000,347156000,36,3.56,10673000
9086,500128,Astra Credit,93800000,307798000,36,8.68,10776000
9087,500129,Astra Credit,64400000,178912000,36,6.61,5955000
9088,500130,BFI Finance,559600000,1444394000,24,5.27,66526000
9089,500131,Astra Credit,71900000,200827000,36,6.16,6609000
9090,500135,Adira Finance,427200000,1058535000,48,6.33,27636000
9091,500138,FIFGROUP,114500000,259348000,60,6.25,5673000
9092,500140,FIFGROUP,277900000,530846000,24,6.37,24936000
9093,500141,BFI Finance,80200000,252689000,24,5.60,11707000
9094,500142,FIFGROUP,85400000,238498000,48,8.02,6562000
9095,500143,BCA Finance,201600000,501363000,12,6.69,44575000
9096,500144,Maybank Finance,88800000,177378000,60,7.41,4051000
9097,500145,Mandiri Tunas Finance,239200000,927410000,48,8.58,25952000
9098,500146,Maybank Finance,170500000,410585000,60,5.42,8697000
9099,500147,Maybank Finance,65600000,196360000,48,5.84,5046000
9100,500149,BFI Finance,80800000,183269000,24,6.35,8606000
9101,500150,BFI Finance,60500000,196798000,48,8.37,5472000
9102,500151,BCA Finance,160900000,336602000,36,4.68,10662000
9103,500152,BCA Finance,116100000,364308000,12,6.02,32186000
9104,500153,Astra Credit,183900000,629730000,60,4.56,12888000
9105,500156,BFI Finance,56500000,163502000,60,7.33,3723000
9106,500157,BCA Finance,236400000,440922000,12,5.08,38610000
9107,500158,FIFGROUP,169100000,494014000,48,9.40,14161000
9108,500160,Adira Finance,52700000,126343000,36,3.82,3911000
9109,500163,BFI Finance,96100000,192722000,60,8.78,4622000
9110,500164,Maybank Finance,81800000,253309000,48,5.78,6497000
9111,500165,Astra Credit,240200000,626821000,24,3.61,28003000
9112,500167,Adira Finance,171900000,668814000,60,4.76,13799000
9113,500169,Astra Credit,58300000,154043000,24,3.54,6872000
9114,500170,BCA Finance,146300000,293482000,12,4.09,25457000
9115,500171,FIFGROUP,262600000,512180000,12,4.53,44615000
9116,500173,Maybank Finance,154700000,298291000,60,9.30,7283000
9117,500175,Adira Finance,84800000,228331000,12,8.52,20648000
9118,500176,BCA Finance,131700000,294318000,48,5.53,7487000
9119,500178,FIFGROUP,104000000,198808000,12,5.08,17408000
9120,500179,FIFGROUP,240000000,575295000,60,6.73,12814000
9121,500181,Mandiri Tunas Finance,100000000,202253000,12,6.17,17894000
9122,500182,FIFGROUP,98800000,229982000,24,7.08,10939000
9123,500183,Astra Credit,58100000,229723000,48,5.59,5856000
9124,500184,Astra Credit,130400000,313822000,48,6.39,8209000
9125,500185,FIFGROUP,60700000,218354000,24,3.56,9745000
9126,500186,BCA Finance,245400000,469995000,48,8.97,13304000
9127,500187,Maybank Finance,136400000,369316000,48,7.05,9863000
9128,500188,Maybank Finance,189500000,625906000,12,7.96,56310000
9129,500189,Mandiri Tunas Finance,167700000,642156000,48,7.81,17557000
9130,500191,BCA Finance,103900000,212672000,12,4.30,18484000
9131,500193,Astra Credit,59100000,113061000,60,6.49,2495000
9132,500195,Mandiri Tunas Finance,210000000,540138000,48,8.83,15227000
9133,500196,Maybank Finance,270900000,563931000,36,7.99,19419000
9134,500197,Maybank Finance,181200000,653853000,24,3.53,29167000
9135,500198,Adira Finance,119300000,365437000,48,4.46,8971000
9136,500199,BCA Finance,137300000,283501000,12,4.20,24617000
9137,500200,FIFGROUP,139700000,284098000,12,8.76,25748000
9138,500202,FIFGROUP,66500000,141292000,24,6.34,6633000
9139,500203,Astra Credit,104400000,214503000,60,3.79,4252000
9140,500204,FIFGROUP,57900000,119367000,60,4.02,2389000
9141,500207,Adira Finance,86300000,214732000,48,8.19,5939000
9142,500210,Mandiri Tunas Finance,112700000,294115000,48,3.74,7044000
9143,500211,Mandiri Tunas Finance,66500000,259174000,24,9.33,12813000
9144,500213,FIFGROUP,74300000,270577000,60,6.54,5984000
9145,500214,Astra Credit,56500000,158063000,60,5.82,3400000
9146,500215,FIFGROUP,101200000,205715000,36,4.53,6490000
9147,500216,BFI Finance,258100000,602927000,60,8.22,14178000
9148,500217,Astra Credit,62800000,124124000,48,6.81,3290000
9149,500219,FIFGROUP,90900000,203361000,36,3.84,6299000
9150,500220,Maybank Finance,181000000,468794000,36,7.74,16045000
9151,500221,FIFGROUP,259500000,556794000,36,6.42,18445000
9152,500223,Maybank Finance,83200000,212282000,48,4.86,5282000
9153,500224,Astra Credit,142800000,322068000,48,5.02,8057000
9154,500225,Adira Finance,123100000,374624000,48,5.56,9540000
9155,500226,FIFGROUP,51600000,196485000,48,4.47,4825000
9156,500227,FIFGROUP,73900000,204488000,24,6.84,9685000
9157,500228,Astra Credit,214000000,603293000,48,9.40,17294000
9158,500231,BFI Finance,87900000,340449000,12,3.54,29375000
9159,500232,Adira Finance,93100000,242120000,36,8.63,8466000
9160,500234,BFI Finance,41600000,151429000,48,3.85,3640000
9161,500236,Mandiri Tunas Finance,95100000,221472000,36,4.34,6952000
9162,500237,BCA Finance,164300000,571075000,36,7.71,19532000
9163,500240,FIFGROUP,266100000,575724000,24,4.87,26324000
9164,500242,Maybank Finance,155200000,332756000,60,4.77,6868000
9165,500243,BFI Finance,248900000,628000000,36,9.41,22369000
9166,500244,Astra Credit,146800000,280106000,48,9.32,8011000
9167,500245,Adira Finance,89900000,263857000,60,7.96,6147000
9168,500246,Adira Finance,268900000,582581000,48,8.62,16321000
9169,500247,FIFGROUP,72800000,230119000,36,7.22,7776000
9170,500248,BCA Finance,45100000,165578000,60,3.97,3307000
9171,500249,FIFGROUP,170900000,668038000,36,9.18,23667000
9172,500251,Maybank Finance,57400000,152612000,48,6.58,4016000
9173,500252,Maybank Finance,81500000,196555000,24,5.83,9144000
9174,500254,Mandiri Tunas Finance,1160200000,3530438000,60,5.38,74668000
9175,500255,Adira Finance,129000000,305343000,60,9.14,7414000
9176,500257,BCA Finance,217700000,666970000,60,8.13,15634000
9177,500258,BFI Finance,90800000,214450000,48,4.66,5300000
9178,500259,Mandiri Tunas Finance,150600000,297729000,24,7.75,14328000
9179,500260,Maybank Finance,288300000,579498000,24,7.51,27772000
9180,500261,Maybank Finance,78100000,184193000,36,8.36,6399000
9181,500262,Astra Credit,75300000,239385000,24,6.82,11334000
9182,500265,Maybank Finance,156100000,434198000,12,7.22,38795000
9183,500268,Astra Credit,64100000,255802000,60,5.45,5425000
9184,500269,Maybank Finance,66000000,201732000,48,7.32,5433000
9185,500270,BFI Finance,89400000,193317000,36,4.49,6093000
9186,500271,Astra Credit,53300000,202444000,12,8.65,18329000
9187,500272,FIFGROUP,80200000,218057000,60,7.34,4968000
9188,500273,BFI Finance,65200000,151472000,60,6.27,3315000
9189,500274,BFI Finance,70400000,215203000,48,6.21,5597000
9190,500275,BCA Finance,242900000,559075000,24,6.18,26174000
9191,500277,BFI Finance,125400000,279417000,12,5.16,24486000
9192,500279,Adira Finance,128500000,466904000,60,5.95,10096000
9193,500280,Astra Credit,51600000,167181000,60,8.32,3945000
9194,500282,BFI Finance,94500000,217632000,48,8.24,6028000
9195,500285,BCA Finance,138400000,370535000,60,9.35,9062000
9196,500287,Adira Finance,88400000,218182000,36,8.68,7638000
9197,500289,FIFGROUP,110300000,289522000,24,7.20,13800000
9198,500290,BFI Finance,38100000,136725000,36,6.36,4522000
9199,500291,Astra Credit,270900000,535959000,24,6.32,25154000
9200,500294,Adira Finance,67400000,174913000,36,8.19,6052000
9201,500295,FIFGROUP,213200000,469672000,60,4.64,9643000
9202,500296,Maybank Finance,66100000,250472000,36,6.73,8362000
9203,500300,FIFGROUP,222500000,493672000,12,8.29,44549000
9204,500301,BCA Finance,132100000,282485000,48,5.12,7090000
9205,500303,FIFGROUP,129800000,300769000,48,3.77,7210000
9206,500304,BFI Finance,57700000,216470000,24,9.35,10706000
9207,500306,BCA Finance,245000000,588721000,60,5.80,12657000
9208,500307,Maybank Finance,84500000,220639000,60,9.12,5354000
9209,500308,BFI Finance,118200000,381300000,48,6.57,10031000
9210,500309,FIFGROUP,78100000,262115000,48,8.65,7350000
9211,500312,FIFGROUP,115900000,314558000,60,4.05,6304000
9212,500313,Mandiri Tunas Finance,70500000,250179000,48,6.67,6602000
9213,500314,Astra Credit,159000000,335394000,12,5.99,29623000
9214,500315,Maybank Finance,209000000,685105000,12,3.61,59153000
9215,500316,Adira Finance,72000000,238245000,48,9.23,6795000
9216,500318,FIFGROUP,60800000,137446000,60,3.54,2696000
9217,500319,Maybank Finance,375300000,1133190000,12,3.71,97935000
9218,500322,BCA Finance,56200000,162248000,60,9.24,3953000
9219,500323,Mandiri Tunas Finance,99100000,361550000,24,7.59,17351000
9220,500325,Maybank Finance,41900000,145135000,12,6.51,12881000
9221,500326,Maybank Finance,89900000,219568000,48,7.96,6030000
9222,500328,FIFGROUP,55000000,143690000,36,9.45,5122000
9223,500330,BCA Finance,102700000,297788000,36,4.03,9271000
9224,500333,FIFGROUP,857300000,3254584000,60,4.20,65634000
9225,500334,Adira Finance,298200000,830892000,24,4.54,37764000
9226,500335,BCA Finance,62700000,193599000,12,6.45,17173000
9227,500336,BFI Finance,199000000,482540000,24,8.03,23334000
9228,500339,Adira Finance,66300000,261816000,60,6.97,5884000
9229,500341,Astra Credit,129800000,269911000,12,6.72,24004000
9230,500343,Maybank Finance,530800000,1508603000,24,7.68,72513000
9231,500344,FIFGROUP,90800000,242311000,36,5.59,7859000
9232,500345,BCA Finance,259200000,594390000,36,7.97,20458000
9233,500346,Mandiri Tunas Finance,71400000,245949000,36,9.19,8715000
9234,500348,BFI Finance,88400000,232057000,48,8.36,6451000
9235,500349,BFI Finance,72900000,234015000,24,6.27,10973000
9236,500351,Maybank Finance,71600000,238867000,48,6.73,6316000
9237,500354,Mandiri Tunas Finance,89300000,166555000,12,5.93,14702000
9238,500355,Adira Finance,78000000,176079000,60,6.66,3911000
9239,500357,Astra Credit,94700000,209440000,12,5.33,18383000
9240,500358,Mandiri Tunas Finance,97700000,218872000,24,6.87,10372000
9241,500359,Adira Finance,237000000,598386000,36,5.57,19399000
9242,500360,Astra Credit,93100000,219809000,24,6.52,10353000
9243,500361,Astra Credit,319300000,628418000,36,6.68,20954000
9244,500362,BFI Finance,75100000,182642000,24,7.11,8692000
9245,500363,FIFGROUP,61900000,188405000,48,7.04,5030000
9246,500364,Astra Credit,107100000,297495000,24,4.89,13607000
9247,500367,Maybank Finance,181600000,413249000,48,9.06,11729000
9248,500368,Mandiri Tunas Finance,64500000,193797000,12,7.74,17399000
9249,500369,FIFGROUP,281000000,536626000,48,5.93,13831000
9250,500370,BCA Finance,220800000,590499000,48,8.84,16652000
9251,500372,Astra Credit,109700000,324532000,48,6.48,8513000
9252,500373,Mandiri Tunas Finance,83600000,333427000,24,6.13,15596000
9253,500374,Maybank Finance,47700000,152655000,24,6.12,7139000
9254,500375,Astra Credit,1341600000,2801475000,48,9.01,79398000
9255,500376,Adira Finance,101500000,273569000,36,7.03,9201000
9256,500377,FIFGROUP,50400000,127755000,12,7.61,11456000
9257,500382,Adira Finance,492200000,914503000,48,3.63,21818000
9258,500383,Maybank Finance,59400000,128079000,12,6.58,11375000
9259,500384,FIFGROUP,58200000,185334000,12,4.33,16113000
9260,500387,Mandiri Tunas Finance,106500000,342384000,48,7.34,9227000
9261,500388,Mandiri Tunas Finance,39700000,129242000,48,6.23,3363000
9262,500389,BCA Finance,301100000,1119700000,48,6.33,29233000
9263,500390,Adira Finance,139700000,336157000,36,8.91,11833000
9264,500392,BCA Finance,84300000,235602000,60,8.98,5689000
9265,500393,Mandiri Tunas Finance,155300000,482395000,48,5.17,12128000
9266,500394,BCA Finance,140600000,382099000,24,6.80,18086000
9267,500395,Mandiri Tunas Finance,89200000,225263000,12,4.87,19686000
9268,500396,Maybank Finance,624900000,1557360000,60,4.79,32172000
9269,500399,Maybank Finance,157200000,623130000,24,4.35,28222000
9270,500400,BCA Finance,81300000,222396000,36,4.85,7076000
9271,500401,Maybank Finance,168700000,655697000,12,7.70,58848000
9272,500402,BCA Finance,605500000,1950497000,48,5.43,49461000
9273,500403,BCA Finance,66700000,245987000,36,4.30,7714000
9274,500404,Adira Finance,68900000,193726000,12,7.41,17340000
9275,500405,BCA Finance,48100000,176897000,36,5.04,5656000
9276,500409,BFI Finance,43600000,139106000,12,3.96,12051000
9277,500410,BCA Finance,197000000,397405000,36,8.45,13837000
9278,500412,FIFGROUP,118100000,372076000,12,6.52,33027000
9279,500413,BFI Finance,73200000,175773000,48,4.15,4269000
9280,500414,Maybank Finance,113700000,358272000,36,4.87,11405000
9281,500415,BCA Finance,235100000,463312000,24,4.14,20903000
9282,500416,FIFGROUP,151900000,332171000,24,9.17,16378000
9283,500418,BFI Finance,102500000,337837000,24,7.07,16066000
9284,500420,FIFGROUP,238900000,583277000,60,4.69,12000000
9285,500422,BFI Finance,137800000,274343000,24,6.19,12846000
9286,500423,Mandiri Tunas Finance,64700000,193042000,24,3.77,8649000
9287,500425,BFI Finance,257200000,613928000,60,6.40,13506000
9288,500426,BFI Finance,104900000,198907000,12,7.91,17886000
9289,500428,Astra Credit,64500000,148842000,24,3.57,6644000
9290,500429,FIFGROUP,62600000,235102000,48,8.76,6614000
9291,500430,FIFGROUP,96500000,319861000,36,5.79,10428000
9292,500431,BFI Finance,257600000,508744000,60,6.69,11315000
9293,500432,FIFGROUP,130200000,274839000,60,7.82,6371000
9294,500433,Adira Finance,99100000,217139000,48,7.06,5801000
9295,500434,Astra Credit,78700000,192251000,12,8.50,17382000
9296,500435,Adira Finance,37700000,150556000,36,8.54,5253000
9297,500436,Mandiri Tunas Finance,258100000,560525000,36,5.53,18153000
9298,500437,FIFGROUP,57300000,117414000,24,8.42,5716000
9299,500439,Maybank Finance,99600000,277467000,12,4.14,24079000
9300,500440,Mandiri Tunas Finance,46400000,124207000,12,4.10,10774000
9301,500441,BCA Finance,81500000,229411000,48,9.35,6566000
9302,500442,Mandiri Tunas Finance,161600000,462109000,48,6.66,12191000
9303,500443,Adira Finance,215000000,643918000,48,5.25,16232000
9304,500445,FIFGROUP,205000000,454562000,12,4.10,39433000
9305,500447,BCA Finance,200000000,380419000,60,9.36,9307000
9306,500449,BFI Finance,60000000,125259000,24,3.66,5601000
9307,500450,BFI Finance,248500000,569459000,60,6.49,12570000
9308,500451,BCA Finance,64100000,235600000,60,6.44,5191000
9309,500453,Mandiri Tunas Finance,121800000,315096000,24,5.77,14644000
9310,500454,BCA Finance,72400000,136169000,24,5.10,6252000
9311,500455,Maybank Finance,71200000,202637000,60,5.91,4375000
9312,500457,BCA Finance,200600000,424663000,48,5.06,10637000
9313,500458,BFI Finance,102900000,351201000,48,3.78,8422000
9314,500459,Mandiri Tunas Finance,162200000,338632000,60,6.72,7540000
9315,500460,Maybank Finance,69100000,146240000,12,4.12,12688000
9316,500462,Mandiri Tunas Finance,79700000,214228000,24,8.82,10500000
9317,500463,BFI Finance,133700000,308857000,36,5.13,9899000
9318,500464,BCA Finance,131500000,330260000,12,8.67,29907000
9319,500465,BFI Finance,88800000,316683000,48,7.34,8534000
9320,500466,FIFGROUP,41200000,163706000,60,6.76,3650000
9321,500467,FIFGROUP,189900000,661692000,48,8.69,18577000
9322,500468,FIFGROUP,63000000,140019000,24,4.73,6386000
9323,500469,Adira Finance,181400000,498808000,24,6.23,23373000
9324,500470,BFI Finance,93600000,212871000,48,4.70,5268000
9325,500471,BCA Finance,155900000,337495000,24,9.14,16632000
9326,500472,Astra Credit,58600000,123440000,12,8.82,11193000
9327,500474,FIFGROUP,197600000,485383000,60,7.19,10997000
9328,500476,Maybank Finance,278800000,559250000,24,9.42,27692000
9329,500477,Adira Finance,168800000,314716000,48,5.43,7980000
9330,500478,Maybank Finance,100500000,228948000,60,5.11,4790000
9331,500479,FIFGROUP,215900000,490948000,36,7.22,16591000
9332,500480,Maybank Finance,287100000,568488000,36,7.67,19424000
9333,500481,BFI Finance,68600000,221887000,12,9.16,20184000
9334,500482,BCA Finance,58000000,134807000,60,3.59,2650000
9335,500483,Maybank Finance,68100000,225384000,48,9.46,6472000
9336,500484,BCA Finance,97800000,247299000,48,8.76,6957000
9337,500485,BCA Finance,52200000,200436000,12,4.55,17462000
9338,500486,Mandiri Tunas Finance,242900000,583606000,60,5.22,12265000
9339,500487,Maybank Finance,76000000,185849000,36,7.39,6306000
9340,500488,Astra Credit,76100000,238585000,24,6.95,11322000
9341,500489,Mandiri Tunas Finance,91600000,238181000,12,7.78,21392000
9342,500490,BCA Finance,58000000,141911000,48,4.10,3441000
9343,500492,BCA Finance,115100000,313138000,36,9.31,11127000
9344,500494,BCA Finance,40100000,151486000,60,8.01,3535000
9345,500495,Maybank Finance,94200000,365229000,60,4.95,7593000
9346,500497,Maybank Finance,82000000,169970000,12,9.00,15438000
9347,500500,Adira Finance,149900000,354151000,48,9.32,10128000
9348,500501,BCA Finance,259300000,546893000,36,4.40,17196000
9349,500502,BCA Finance,136200000,321897000,48,9.04,9131000
9350,500503,Adira Finance,114700000,357494000,48,4.42,8764000
9351,500504,BCA Finance,204400000,669725000,12,3.53,57780000
9352,500506,Adira Finance,91300000,198077000,60,5.06,4136000
9353,500507,Maybank Finance,212800000,481283000,24,8.45,23442000
9354,500509,BFI Finance,81000000,174411000,60,7.07,3934000
9355,500511,Maybank Finance,652700000,2372827000,12,8.46,214464000
9356,500512,Maybank Finance,193200000,594900000,24,8.50,29001000
9357,500513,BCA Finance,132300000,287058000,36,9.08,10145000
9358,500514,Adira Finance,134600000,479230000,60,9.13,11633000
9359,500515,Mandiri Tunas Finance,191900000,626614000,24,7.12,29826000
9360,500517,Astra Credit,172900000,691457000,48,3.74,16560000
9361,500518,Mandiri Tunas Finance,96900000,200580000,24,6.03,9365000
9362,500519,FIFGROUP,81300000,222618000,48,4.67,5504000
9363,500521,Maybank Finance,183100000,642962000,12,8.13,57936000
9364,500522,BFI Finance,110300000,321490000,48,7.55,8720000
9365,500524,Astra Credit,288800000,557020000,36,8.23,19293000
9366,500525,Adira Finance,109600000,325964000,60,7.70,7524000
9367,500526,BFI Finance,60300000,121851000,12,6.85,10849000
9368,500527,FIFGROUP,65400000,206883000,24,7.94,9989000
9369,500529,Mandiri Tunas Finance,97900000,228329000,36,5.63,7413000
9370,500530,FIFGROUP,120500000,301744000,36,9.20,10695000
9371,500532,Astra Credit,112600000,348827000,24,5.29,16072000
9372,500533,FIFGROUP,82000000,309164000,48,6.70,8167000
9373,500534,Mandiri Tunas Finance,149200000,304568000,48,5.15,7652000
9374,500535,FIFGROUP,290200000,562169000,24,3.72,25166000
9375,500536,FIFGROUP,89600000,213208000,24,4.13,9617000
9376,500537,FIFGROUP,96200000,330595000,24,7.63,15876000
9377,500539,FIFGROUP,105900000,227433000,24,4.03,10240000
9378,500540,Astra Credit,91300000,329057000,60,4.87,6819000
9379,500541,BCA Finance,58000000,189641000,48,4.19,4613000
9380,500542,Astra Credit,130300000,473984000,48,9.28,13540000
9381,500543,BCA Finance,66100000,232379000,12,6.77,20675000
9382,500544,Astra Credit,86400000,166458000,24,5.95,7761000
9383,500547,Maybank Finance,66700000,215573000,48,7.25,5793000
9384,500549,Adira Finance,114000000,302139000,60,7.65,6961000
9385,500551,BCA Finance,576200000,1202797000,24,7.04,57172000
9386,500552,Maybank Finance,80800000,200030000,12,9.37,18231000
9387,500557,Mandiri Tunas Finance,90000000,321144000,24,6.01,14989000
9388,500559,FIFGROUP,64700000,178501000,60,8.50,4239000
9389,500561,BFI Finance,63100000,191312000,60,4.99,3984000
9390,500562,BCA Finance,106700000,204655000,24,8.13,9913000
9391,500563,Mandiri Tunas Finance,122300000,488755000,12,4.52,42570000
9392,500564,Adira Finance,534200000,1085734000,60,4.41,22085000
9393,500565,BCA Finance,233100000,615273000,48,5.06,15412000
9394,500566,Adira Finance,95700000,182910000,24,4.25,8269000
9395,500567,Adira Finance,453600000,1016151000,12,7.97,91428000
9396,500568,BFI Finance,117100000,333227000,36,8.74,11683000
9397,500569,Astra Credit,95900000,245536000,60,6.15,5350000
9398,500571,FIFGROUP,75500000,249397000,60,7.79,5775000
9399,500572,FIFGROUP,269200000,554198000,36,5.90,18119000
9400,500573,BFI Finance,82500000,239178000,48,8.74,6724000
9401,500575,Mandiri Tunas Finance,306100000,605765000,36,5.76,19734000
9402,500576,Adira Finance,161500000,529697000,60,7.76,12253000
9403,500577,Astra Credit,107900000,285595000,48,9.16,8129000
9404,500580,Maybank Finance,122700000,362037000,12,7.40,32402000
9405,500582,Astra Credit,52300000,164039000,36,8.09,5662000
9406,500586,FIFGROUP,230500000,473795000,36,9.06,16738000
9407,500587,Mandiri Tunas Finance,144400000,577877000,24,5.29,26625000
9408,500588,Adira Finance,124400000,366775000,48,9.28,10477000
9409,500589,BFI Finance,78300000,254811000,36,7.00,8564000
9410,500590,Astra Credit,93000000,214359000,60,5.07,4478000
9411,500593,Adira Finance,134800000,318635000,36,4.85,10138000
9412,500594,BFI Finance,61500000,122538000,36,8.42,4263000
9413,500595,Maybank Finance,98900000,379288000,48,5.90,9766000
9414,500596,Mandiri Tunas Finance,223500000,598011000,60,4.01,11965000
9415,500598,BCA Finance,119400000,333591000,12,6.05,29481000
9416,500599,FIFGROUP,66700000,235553000,36,6.29,7777000
9417,500601,BCA Finance,82400000,240055000,24,4.65,10932000
9418,500602,BCA Finance,328600000,1024379000,12,9.28,93286000
9419,500603,BFI Finance,55300000,149162000,48,9.35,4269000
9420,500604,BCA Finance,111800000,318436000,36,4.47,10031000
9421,500606,Maybank Finance,146300000,356974000,60,8.08,8353000
9422,500607,Adira Finance,41600000,156646000,36,8.31,5436000
9423,500609,Adira Finance,97000000,195707000,12,7.47,17527000
9424,500610,BFI Finance,68600000,241867000,60,5.27,5093000
9425,500613,BCA Finance,40100000,160477000,36,7.23,5424000
9426,500614,BCA Finance,65800000,147209000,12,3.54,12701000
9427,500616,FIFGROUP,51200000,127954000,60,7.29,2909000
9428,500617,Adira Finance,96900000,227664000,60,8.69,5443000
9429,500619,Maybank Finance,108700000,394463000,12,5.54,34693000
9430,500623,Astra Credit,78700000,229769000,60,4.09,4612000
9431,500625,Maybank Finance,95900000,305587000,60,3.58,6004000
9432,500627,FIFGROUP,236900000,449635000,60,5.96,9727000
9433,500628,FIFGROUP,146200000,276044000,60,5.59,5886000
9434,500629,BCA Finance,99000000,199479000,12,3.72,17241000
9435,500630,Mandiri Tunas Finance,103000000,310808000,24,7.70,14944000
9436,500632,Adira Finance,267200000,535885000,36,6.59,17828000
9437,500633,BFI Finance,107200000,308273000,48,9.48,8857000
9438,500634,BCA Finance,71900000,178738000,48,5.52,4545000
9439,500635,Mandiri Tunas Finance,66700000,244100000,24,5.34,11257000
9440,500636,BCA Finance,89100000,211932000,36,7.88,7278000
9441,500637,Mandiri Tunas Finance,57500000,196357000,12,7.70,17623000
9442,500638,BCA Finance,128600000,283543000,12,5.74,24984000
9443,500639,Maybank Finance,70100000,249913000,36,4.35,7847000
9444,500640,Adira Finance,110600000,336952000,12,7.42,30162000
9445,500641,BCA Finance,114500000,335605000,48,4.32,8199000
9446,500642,BCA Finance,99000000,276735000,36,4.61,8750000
9447,500643,Astra Credit,256000000,567842000,48,9.29,16226000
9448,500647,Astra Credit,246300000,494292000,48,8.39,13753000
9449,500651,BFI Finance,56000000,201742000,36,9.11,7135000
9450,500652,FIFGROUP,95400000,214179000,36,7.77,7336000
9451,500653,Maybank Finance,96200000,261886000,12,3.90,22674000
9452,500654,Mandiri Tunas Finance,166100000,570718000,36,9.12,20190000
9453,500656,BFI Finance,78900000,245553000,48,6.13,6370000
9454,500657,Mandiri Tunas Finance,94100000,199606000,60,4.13,4013000
9455,500658,FIFGROUP,71200000,150689000,48,7.11,4032000
9456,500660,Maybank Finance,217300000,635513000,24,5.46,29371000
9457,500662,Mandiri Tunas Finance,157400000,441889000,60,5.93,9548000
9458,500663,Astra Credit,82900000,315257000,24,9.45,15618000
9459,500664,Maybank Finance,78300000,196203000,12,7.54,17583000
9460,500665,Maybank Finance,340600000,1239929000,12,8.30,111903000
9461,500666,Maybank Finance,73300000,248600000,36,4.22,7779000
9462,500667,Adira Finance,44600000,165856000,36,7.57,5653000
9463,500668,BFI Finance,203400000,651078000,60,8.72,15582000
9464,500669,BFI Finance,266700000,534387000,48,7.51,14477000
9465,500671,Adira Finance,116000000,247303000,12,5.89,21822000
9466,500672,BCA Finance,62800000,228464000,36,5.45,7383000
9467,500677,Astra Credit,127600000,278993000,36,8.73,9779000
9468,500678,BFI Finance,222900000,487056000,12,8.39,43993000
9469,500679,BCA Finance,85300000,171776000,60,4.35,3485000
9470,500680,BCA Finance,192700000,667661000,36,8.68,23375000
9471,500681,Adira Finance,80500000,210320000,24,6.33,9872000
9472,500682,Mandiri Tunas Finance,107100000,206475000,48,7.03,5511000
9473,500683,Astra Credit,79500000,167586000,36,6.32,5537000
9474,500684,Adira Finance,154200000,526674000,60,4.87,10915000
9475,500687,BFI Finance,117100000,307364000,12,7.10,27432000
9476,500688,BCA Finance,99200000,353902000,48,5.66,9042000
9477,500689,Maybank Finance,131000000,500701000,12,5.85,44166000
9478,500691,BCA Finance,88100000,197725000,36,8.47,6887000
9479,500692,Mandiri Tunas Finance,278800000,548927000,24,7.45,26279000
9480,500693,Maybank Finance,124300000,290729000,60,5.54,6187000
9481,500695,Adira Finance,213900000,455097000,12,8.59,41182000
9482,500696,Adira Finance,49500000,156294000,36,4.39,4913000
9483,500697,Mandiri Tunas Finance,72700000,237212000,48,4.72,5874000
9484,500698,FIFGROUP,55600000,203141000,36,5.38,6553000
9485,500699,FIFGROUP,180700000,498953000,12,7.13,44544000
9486,500701,FIFGROUP,49600000,141542000,60,4.30,2866000
9487,500702,FIFGROUP,214600000,498131000,48,6.94,13258000
9488,500703,Adira Finance,362700000,809682000,36,4.10,25257000
9489,500705,Mandiri Tunas Finance,55400000,197902000,36,6.40,6552000
9490,500706,Mandiri Tunas Finance,132300000,529260000,48,7.23,14215000
9491,500707,Mandiri Tunas Finance,186400000,451295000,12,7.37,40379000
9492,500708,Adira Finance,260400000,561555000,12,7.15,50142000
9493,500709,FIFGROUP,76300000,236165000,24,6.75,11168000
9494,500710,Astra Credit,198000000,415719000,12,6.99,37064000
9495,500711,Adira Finance,236100000,611940000,24,4.20,27639000
9496,500714,Mandiri Tunas Finance,75100000,256790000,48,4.08,6222000
9497,500715,Mandiri Tunas Finance,68100000,215505000,36,8.34,7484000
9498,500716,BFI Finance,88200000,220380000,48,7.72,6009000
9499,500717,Astra Credit,78800000,156964000,12,5.08,13744000
9500,500718,Maybank Finance,40900000,130151000,36,3.64,4010000
9501,500719,Mandiri Tunas Finance,101800000,214439000,24,3.80,9614000
9502,500720,BCA Finance,173900000,378325000,12,7.23,33806000
9503,500721,BFI Finance,60800000,211927000,24,4.33,9594000
9504,500723,Mandiri Tunas Finance,72000000,174087000,36,7.18,5877000
9505,500724,BCA Finance,62300000,120295000,60,6.76,2682000
9506,500725,Maybank Finance,67500000,248961000,12,4.21,21620000
9507,500727,FIFGROUP,190400000,416548000,48,4.17,10125000
9508,500729,Maybank Finance,99500000,211300000,12,4.43,18388000
9509,500730,Mandiri Tunas Finance,62900000,126355000,24,8.19,6127000
9510,500731,Maybank Finance,73700000,185263000,48,4.48,4551000
9511,500732,Astra Credit,56900000,212830000,36,3.56,6543000
9512,500733,Maybank Finance,228400000,438488000,12,3.65,37874000
9513,500734,BFI Finance,96100000,366215000,24,7.65,17593000
9514,500736,Maybank Finance,330500000,1254580000,12,8.29,113215000
9515,500737,BFI Finance,131300000,283618000,60,9.13,6884000
9516,500738,Maybank Finance,259600000,566573000,12,9.42,51662000
9517,500739,BFI Finance,59600000,161845000,12,6.46,14358000
9518,500740,Adira Finance,81200000,209065000,60,4.55,4277000
9519,500742,BCA Finance,202800000,502716000,60,5.32,10607000
9520,500743,Mandiri Tunas Finance,98400000,222945000,24,5.59,10327000
9521,500744,BFI Finance,125800000,332741000,12,5.43,29234000
9522,500745,Adira Finance,78200000,227383000,12,5.38,19968000
9523,500746,BFI Finance,61300000,148379000,12,8.59,13427000
9524,500748,Adira Finance,123000000,292695000,24,4.58,13312000
9525,500750,Astra Credit,73400000,150709000,12,5.39,13236000
9526,500751,Maybank Finance,182300000,436081000,24,5.49,20165000
9527,500752,BCA Finance,89100000,226584000,48,7.41,6119000
9528,500753,Maybank Finance,95700000,233082000,24,4.76,10636000
9529,500754,FIFGROUP,81000000,166530000,60,7.43,3806000
9530,500755,Astra Credit,196200000,480345000,36,4.51,15148000
9531,500757,Adira Finance,81800000,163954000,60,3.79,3250000
9532,500758,FIFGROUP,69200000,137371000,48,4.06,3326000
9533,500759,Maybank Finance,72500000,209773000,60,5.38,4436000
9534,500761,Astra Credit,79700000,206680000,24,6.48,9727000
9535,500762,Maybank Finance,79900000,172514000,60,4.16,3473000
9536,500763,FIFGROUP,45200000,167365000,60,7.91,3892000
9537,500764,BFI Finance,127000000,285476000,24,8.28,13864000
9538,500765,BFI Finance,63900000,173085000,12,4.37,15054000
9539,500766,Astra Credit,47000000,176776000,24,4.54,8034000
9540,500767,BCA Finance,109700000,291232000,60,4.09,5846000
9541,500768,BFI Finance,155600000,569563000,12,7.74,51137000
9542,500770,Astra Credit,80200000,226826000,24,8.06,10974000
9543,500771,Mandiri Tunas Finance,74100000,253350000,12,5.81,22339000
9544,500772,Adira Finance,64900000,180410000,36,7.51,6140000
9545,500773,BFI Finance,103800000,203448000,60,5.46,4316000
9546,500774,BCA Finance,188500000,419225000,48,4.34,10250000
9547,500776,FIFGROUP,77100000,235920000,12,8.29,21289000
9548,500777,BCA Finance,71800000,181058000,24,8.87,8882000
9549,500778,Adira Finance,276800000,532057000,36,5.06,17022000
9550,500779,Adira Finance,224700000,465942000,24,5.04,21371000
9551,500781,BFI Finance,51100000,142262000,24,4.91,6509000
9552,500784,BFI Finance,136400000,296944000,60,7.73,6861000
9553,500787,Maybank Finance,50100000,198207000,12,8.47,17916000
9554,500788,Maybank Finance,166900000,652724000,12,7.58,58516000
9555,500790,BFI Finance,846800000,1669015000,24,5.69,77456000
9556,500791,BFI Finance,58100000,201085000,36,5.25,6465000
9557,500792,BFI Finance,37300000,137747000,60,6.28,3016000
9558,500793,Mandiri Tunas Finance,90200000,279097000,12,8.01,25121000
9559,500795,Maybank Finance,85000000,173741000,48,9.33,4970000
9560,500797,FIFGROUP,68400000,241401000,60,9.11,5855000
9561,500798,Adira Finance,51800000,160432000,24,7.56,7695000
9562,500800,Adira Finance,55300000,163148000,36,4.45,5136000
9563,500801,BFI Finance,40600000,151763000,36,7.36,5146000
9564,500802,Mandiri Tunas Finance,90300000,169218000,36,5.23,5438000
9565,500807,BCA Finance,96300000,208950000,48,5.06,5234000
9566,500808,Maybank Finance,77200000,204518000,60,5.47,4340000
9567,500809,BFI Finance,118900000,311003000,36,6.68,10370000
9568,500810,FIFGROUP,205700000,642784000,48,3.93,15496000
9569,500811,FIFGROUP,104900000,223660000,36,8.71,7836000
9570,500812,BCA Finance,62600000,233548000,12,3.89,20219000
9571,500813,Mandiri Tunas Finance,73600000,195131000,60,9.22,4751000
9572,500814,Mandiri Tunas Finance,81100000,260891000,48,3.67,6233000
9573,500816,Maybank Finance,81800000,232996000,60,8.97,5624000
9574,500817,Mandiri Tunas Finance,61500000,136080000,12,6.77,12107000
9575,500820,Astra Credit,136400000,354886000,48,8.56,9924000
9576,500821,BFI Finance,72700000,254528000,24,5.68,11810000
9577,500824,BCA Finance,147900000,297765000,36,4.35,9350000
9578,500825,Adira Finance,84700000,233537000,12,8.56,21127000
9579,500827,Maybank Finance,72500000,243961000,12,3.76,21094000
9580,500830,FIFGROUP,76900000,147986000,24,7.63,7107000
9581,500831,Maybank Finance,45300000,150171000,24,8.33,7299000
9582,500832,Adira Finance,79100000,242800000,36,7.39,8239000
9583,500834,Maybank Finance,215500000,605345000,24,9.42,29974000
9584,500835,BFI Finance,160900000,345149000,24,8.55,16840000
9585,500836,BCA Finance,226900000,618254000,12,4.10,53633000
9586,500837,BFI Finance,49500000,171501000,12,4.18,14889000
9587,500838,BFI Finance,41700000,163650000,48,8.42,4557000
9588,500839,Astra Credit,107500000,220283000,36,4.83,7005000
9589,500840,Maybank Finance,196100000,407185000,60,4.54,8326000
9590,500841,Maybank Finance,95600000,312658000,60,6.52,6909000
9591,500842,Maybank Finance,50300000,165706000,48,7.52,4490000
9592,500843,FIFGROUP,266600000,604084000,24,7.64,29016000
9593,500844,BFI Finance,220800000,445422000,24,8.28,21632000
9594,500845,FIFGROUP,73400000,143383000,36,5.54,4644000
9595,500846,BCA Finance,258200000,537781000,48,6.17,13968000
9596,500849,BFI Finance,214200000,450024000,24,5.37,20764000
9597,500850,Mandiri Tunas Finance,133300000,311255000,36,6.84,10420000
9598,500852,Maybank Finance,62200000,154250000,12,8.98,14008000
9599,500853,Maybank Finance,58000000,125261000,12,6.08,11073000
9600,500856,BFI Finance,189300000,387567000,48,6.61,10209000
9601,500857,Astra Credit,123000000,269385000,60,5.41,5704000
9602,500859,Astra Credit,77400000,228516000,12,4.70,19938000
9603,500862,Adira Finance,58000000,212174000,24,4.08,9561000
9604,500863,Astra Credit,103300000,298964000,12,6.22,26463000
9605,500864,FIFGROUP,109100000,321469000,60,9.12,7800000
9606,500865,Astra Credit,212900000,401263000,48,5.13,10075000
9607,500866,Maybank Finance,86000000,224578000,24,5.41,10369000
9608,500867,Adira Finance,140400000,345780000,60,7.29,7863000
9609,500868,BCA Finance,71000000,143341000,24,4.08,6459000
9610,500870,Maybank Finance,65500000,214997000,60,4.14,4325000
9611,500873,BCA Finance,71200000,197198000,48,7.26,5301000
9612,500874,Adira Finance,66400000,244067000,24,5.22,11231000
9613,500875,FIFGROUP,129800000,341062000,36,6.18,11230000
9614,500876,Astra Credit,80300000,194647000,60,7.46,4454000
9615,500879,BFI Finance,58900000,203393000,24,7.35,9720000
9616,500881,Adira Finance,122900000,469840000,24,8.85,23041000
9617,500884,Astra Credit,146300000,336661000,24,8.39,16381000
9618,500885,FIFGROUP,52000000,136367000,60,6.49,3010000
9619,500887,BFI Finance,57800000,117358000,12,9.09,10668000
9620,500889,Mandiri Tunas Finance,110200000,386525000,12,4.87,33779000
9621,500890,Maybank Finance,191000000,404293000,24,5.52,18705000
9622,500892,Mandiri Tunas Finance,395300000,1389580000,60,6.19,30327000
9623,500896,Adira Finance,69400000,184235000,24,4.81,8414000
9624,500897,Maybank Finance,82600000,172478000,24,8.57,8418000
9625,500898,Adira Finance,51000000,180768000,36,6.75,6038000
9626,500899,FIFGROUP,75700000,248531000,36,7.62,8481000
9627,500900,BCA Finance,98200000,280421000,24,6.39,13177000
9628,500901,FIFGROUP,44500000,129659000,48,6.27,3378000
9629,500902,Maybank Finance,82900000,239999000,48,3.51,5701000
9630,500903,Maybank Finance,81400000,243830000,48,6.53,6406000
9631,500906,Mandiri Tunas Finance,95200000,328043000,60,8.65,7832000
9632,500908,Adira Finance,70100000,184090000,24,4.27,8325000
9633,500910,Adira Finance,140500000,329696000,48,6.03,8525000
9634,500912,Maybank Finance,97700000,229972000,24,7.09,10940000
9635,500913,BFI Finance,98700000,207327000,60,6.57,4590000
9636,500914,FIFGROUP,159300000,313893000,48,5.59,8001000
9637,500915,BFI Finance,170700000,453342000,36,4.30,14217000
9638,500917,FIFGROUP,89100000,338694000,48,6.14,8789000
9639,500918,BFI Finance,445100000,1109011000,36,8.94,39067000
9640,500920,Astra Credit,169900000,438824000,36,8.18,15180000
9641,500922,FIFGROUP,82300000,319076000,48,4.34,7801000
9642,500923,FIFGROUP,153700000,324155000,60,6.07,7042000
9643,500925,Maybank Finance,222600000,474924000,24,9.45,23528000
9644,500926,Mandiri Tunas Finance,265400000,606061000,36,8.72,21239000
9645,500927,Maybank Finance,91700000,347194000,48,8.55,9706000
9646,500928,Astra Credit,62500000,158501000,60,7.56,3640000
9647,500931,Adira Finance,216100000,593312000,60,7.10,13398000
9648,500932,Astra Credit,190000000,414062000,60,5.72,8874000
9649,500933,Astra Credit,78200000,177766000,60,7.39,4057000
9650,500934,Maybank Finance,54500000,150517000,60,7.00,3386000
9651,500935,Astra Credit,93200000,273877000,12,6.51,24308000
9652,500937,Maybank Finance,62100000,125712000,60,9.16,3054000
9653,500938,Mandiri Tunas Finance,57600000,224784000,12,8.50,20324000
9654,500941,Adira Finance,130000000,275594000,60,7.70,6361000
9655,500942,Maybank Finance,117800000,238843000,12,7.66,21428000
9656,500946,Mandiri Tunas Finance,179000000,623863000,36,6.00,20448000
9657,500947,BCA Finance,82900000,186941000,60,6.95,4198000
9658,500948,FIFGROUP,175800000,578667000,60,9.42,14186000
9659,500951,Mandiri Tunas Finance,231000000,468966000,48,9.01,13291000
9660,500952,Maybank Finance,103000000,208244000,48,4.82,5174000
9661,500953,Adira Finance,68600000,145852000,12,8.51,13188000
9662,500954,Adira Finance,95600000,331306000,60,4.90,6874000
9663,500959,Astra Credit,160400000,430675000,60,7.27,9787000
9664,500961,BCA Finance,97600000,187670000,24,5.24,8639000
9665,500964,Mandiri Tunas Finance,36500000,136438000,48,4.87,3396000
9666,500965,BCA Finance,76600000,204785000,12,7.44,18335000
9667,500966,Astra Credit,166000000,442280000,24,5.80,20566000
9668,500968,Astra Credit,127200000,312915000,12,6.23,27700000
9669,500969,BFI Finance,132900000,391242000,12,7.54,35061000
9670,500971,BCA Finance,213500000,419089000,48,8.84,11818000
9671,500973,Mandiri Tunas Finance,242200000,586748000,48,5.28,14805000
9672,500974,Maybank Finance,475000000,1534766000,48,5.25,38688000
9673,500975,Adira Finance,76400000,224521000,36,8.81,7885000
9674,500976,Adira Finance,93100000,191060000,60,8.98,4614000
9675,500977,BCA Finance,288900000,586557000,36,4.56,18522000
9676,500980,BCA Finance,102400000,221165000,36,4.57,6985000
9677,500981,BFI Finance,261700000,591335000,24,7.21,28191000
9678,500982,Astra Credit,356500000,1145996000,36,4.54,36168000
9679,500983,FIFGROUP,50900000,127255000,60,8.36,3007000
9680,500984,Adira Finance,478100000,1117414000,12,3.73,96591000
9681,500985,BCA Finance,43500000,142758000,24,4.42,6474000
9682,500986,FIFGROUP,116800000,354506000,48,4.14,8608000
9683,500990,Mandiri Tunas Finance,83100000,227145000,60,7.88,5277000
9684,500991,Astra Credit,96500000,233725000,48,6.55,6145000
9685,500992,BFI Finance,159400000,526025000,60,9.20,12799000
9686,500994,Adira Finance,169500000,331665000,48,4.76,8225000
9687,500995,BFI Finance,130400000,275527000,60,5.71,5903000
9688,500996,BFI Finance,129000000,265494000,12,5.33,23303000
9689,500997,FIFGROUP,236800000,626669000,12,9.09,56969000
9690,500999,BFI Finance,168800000,615637000,36,7.74,21071000
9691,501001,FIFGROUP,120000000,355857000,12,7.72,31944000
9692,501002,FIFGROUP,230500000,630194000,36,7.65,21522000
9693,501003,FIFGROUP,54300000,139395000,12,6.22,12338000
9694,501005,Maybank Finance,91500000,327747000,36,8.80,11507000
9695,501006,FIFGROUP,120400000,387869000,12,8.49,35066000
9696,501007,Astra Credit,55300000,184904000,48,7.09,4944000
9697,501008,Astra Credit,90200000,333487000,24,3.71,14926000
9698,501010,Maybank Finance,204400000,669392000,36,9.42,23848000
9699,501011,FIFGROUP,89200000,185414000,12,9.48,16915000
9700,501012,Mandiri Tunas Finance,77300000,204418000,24,5.91,9524000
9701,501013,Maybank Finance,70300000,248048000,36,7.62,8465000
9702,501015,Adira Finance,65700000,125886000,36,4.03,3919000
9703,501017,Adira Finance,45700000,146663000,12,7.55,13144000
9704,501020,Adira Finance,70100000,150235000,24,4.74,6853000
9705,501021,Astra Credit,54300000,168033000,60,5.20,3528000
9706,501023,Maybank Finance,246200000,617824000,48,3.93,14894000
9707,501026,BCA Finance,107600000,350164000,60,7.25,7951000
9708,501027,Adira Finance,74600000,249076000,36,7.92,8562000
9709,501028,Adira Finance,58300000,127181000,48,9.02,3605000
9710,501029,Adira Finance,220400000,631747000,60,7.79,14630000
9711,501030,Astra Credit,138200000,463642000,48,4.43,11370000
9712,501031,Adira Finance,102000000,210465000,60,3.97,4204000
9713,501032,FIFGROUP,72000000,183078000,12,7.70,16431000
9714,501033,BCA Finance,468600000,894147000,12,8.71,81002000
9715,501035,Maybank Finance,266000000,553624000,60,7.95,12894000
9716,501037,Maybank Finance,69700000,156740000,24,5.66,7270000
9717,501040,Astra Credit,69400000,257939000,12,8.46,23313000
9718,501042,Mandiri Tunas Finance,95700000,351075000,60,7.00,7899000
9719,501043,Mandiri Tunas Finance,147700000,304847000,60,4.88,6320000
9720,501045,BCA Finance,42300000,137631000,36,8.06,4747000
9721,501047,Astra Credit,107800000,392588000,36,4.04,12226000
9722,501049,Adira Finance,63800000,247999000,60,6.63,5503000
9723,501050,Mandiri Tunas Finance,113700000,314094000,36,6.49,10423000
9724,501051,BCA Finance,80800000,320909000,36,7.01,10788000
9725,501052,Mandiri Tunas Finance,148600000,310829000,48,4.96,7760000
9726,501055,Maybank Finance,101800000,305348000,12,9.33,27819000
9727,501058,BFI Finance,77000000,155989000,60,8.29,3677000
9728,501060,Astra Credit,90600000,299121000,12,7.65,26833000
9729,501062,FIFGROUP,68800000,203372000,60,6.43,4479000
9730,501063,Maybank Finance,62200000,209861000,60,8.65,5010000
9731,501064,Mandiri Tunas Finance,152600000,541483000,60,8.96,13067000
9732,501066,FIFGROUP,236100000,460980000,60,7.87,10706000
9733,501067,Astra Credit,115500000,218388000,36,9.09,7720000
9734,501069,Mandiri Tunas Finance,965900000,2405059000,60,6.27,52650000
9735,501070,Maybank Finance,197800000,501611000,24,6.77,23730000
9736,501072,BCA Finance,72100000,233150000,36,8.16,8061000
9737,501074,Maybank Finance,122700000,301431000,36,4.21,9430000
9738,501076,BCA Finance,88200000,345255000,12,8.09,31098000
9739,501077,Astra Credit,204000000,565674000,24,3.63,25280000
9740,501078,FIFGROUP,57900000,131244000,12,9.30,11954000
9741,501080,BCA Finance,50800000,172088000,12,9.31,15675000
9742,501081,FIFGROUP,107100000,334236000,36,6.68,11144000
9743,501082,Adira Finance,74500000,240962000,48,6.73,6371000
9744,501083,Mandiri Tunas Finance,156700000,579230000,48,6.38,15146000
9745,501084,Astra Credit,195500000,656314000,48,7.45,17747000
9746,501085,BFI Finance,148600000,565130000,48,7.50,15305000
9747,501086,BCA Finance,87700000,184028000,36,6.32,6081000
9748,501087,Astra Credit,68800000,248327000,24,4.02,11178000
9749,501090,BCA Finance,217500000,625101000,12,7.93,56222000
9750,501091,Astra Credit,647200000,1381214000,24,9.02,67932000
9751,501092,BFI Finance,65600000,248530000,12,7.98,22363000
9752,501093,Adira Finance,131700000,312300000,24,6.86,14797000
9753,501094,Mandiri Tunas Finance,87300000,228051000,12,6.65,20268000
9754,501095,Adira Finance,161600000,569002000,12,8.90,51636000
9755,501096,Astra Credit,44900000,170107000,48,9.08,4831000
9756,501098,Astra Credit,175700000,550462000,24,7.62,26431000
9757,501099,Astra Credit,79800000,281838000,24,9.25,13915000
9758,501100,Adira Finance,63700000,183053000,36,4.49,5769000
9759,501101,BCA Finance,67500000,151281000,12,6.35,13407000
9760,501102,Maybank Finance,144900000,345831000,12,8.16,31170000
9761,501103,Mandiri Tunas Finance,71400000,212649000,24,3.96,9562000
9762,501105,Maybank Finance,99600000,315540000,24,9.04,15524000
9763,501107,Maybank Finance,40900000,148244000,48,8.30,4113000
9764,501111,BFI Finance,140600000,486106000,60,9.23,11840000
9765,501112,BFI Finance,147300000,348426000,36,6.97,11702000
9766,501113,Astra Credit,58000000,204071000,60,5.50,4336000
9767,501114,FIFGROUP,141300000,264627000,36,4.91,8433000
9768,501115,Astra Credit,139500000,286629000,12,8.51,25918000
9769,501117,Adira Finance,88400000,199090000,12,4.60,17354000
9770,501118,FIFGROUP,187900000,415940000,12,9.10,37815000
9771,501119,Maybank Finance,191400000,491028000,48,6.30,12807000
9772,501120,Astra Credit,108100000,209804000,12,8.52,18973000
9773,501121,Maybank Finance,42200000,144058000,24,4.38,6528000
9774,501123,FIFGROUP,49600000,139100000,48,3.97,3358000
9775,501124,Adira Finance,96800000,212779000,60,4.79,4395000
9776,501126,Maybank Finance,104400000,200961000,24,4.16,9070000
9777,501128,FIFGROUP,75300000,182220000,24,9.21,8991000
9778,501130,Astra Credit,44100000,163581000,48,6.97,4358000
9779,501132,FIFGROUP,178900000,508190000,12,4.01,44047000
9780,501133,Adira Finance,95200000,288527000,24,7.65,13861000
9781,501134,Adira Finance,77700000,235875000,48,6.77,6244000
9782,501136,BCA Finance,64200000,243381000,60,8.16,5711000
9783,501137,Astra Credit,110000000,207127000,60,4.94,4304000
9784,501138,FIFGROUP,64600000,247865000,60,8.51,5888000
9785,501139,Mandiri Tunas Finance,59200000,227513000,12,9.29,20720000
9786,501140,Maybank Finance,51400000,162164000,60,3.53,3179000
9787,501141,Astra Credit,84000000,213924000,12,5.03,18723000
9788,501142,Adira Finance,103200000,224250000,24,5.10,10296000
9789,501143,FIFGROUP,86900000,217240000,12,5.74,19142000
9790,501145,Mandiri Tunas Finance,108700000,209648000,24,8.56,10230000
9791,501149,Adira Finance,67000000,157664000,24,8.18,7644000
9792,501150,Mandiri Tunas Finance,86700000,228873000,36,6.19,7538000
9793,501152,Astra Credit,606900000,1290645000,60,6.65,28663000
9794,501153,FIFGROUP,385600000,1274405000,12,6.13,112710000
9795,501155,BFI Finance,253900000,577379000,24,5.26,26588000
9796,501157,BCA Finance,252600000,570465000,24,8.58,27848000
9797,501158,BFI Finance,54100000,171341000,36,7.79,5871000
9798,501159,BFI Finance,62300000,213646000,24,4.13,9637000
9799,501160,BCA Finance,86500000,267701000,48,8.89,7560000
9800,501162,BCA Finance,41000000,137710000,60,5.97,2980000
9801,501164,FIFGROUP,83200000,171545000,48,6.41,4490000
9802,501165,Astra Credit,84900000,210471000,36,4.80,6688000
9803,501166,Adira Finance,109700000,244501000,36,4.09,7625000
9804,501168,BFI Finance,403800000,1401282000,12,5.67,123394000
9805,501169,BFI Finance,76500000,232635000,24,4.30,10526000
9806,501170,Adira Finance,92300000,187087000,60,4.18,3769000
9807,501173,BCA Finance,224800000,610808000,24,7.81,29425000
9808,501175,Mandiri Tunas Finance,103300000,217823000,12,5.90,19222000
9809,501177,FIFGROUP,104700000,212094000,24,5.86,9872000
9810,501178,BCA Finance,85700000,229984000,60,3.54,4511000
9811,501183,Astra Credit,840400000,2588612000,48,6.16,67217000
9812,501184,Maybank Finance,235000000,611153000,24,3.53,27262000
9813,501185,Astra Credit,59900000,213271000,24,7.26,10176000
9814,501187,Maybank Finance,217600000,425090000,24,8.56,20744000
9815,501188,BCA Finance,45900000,178320000,24,8.54,8699000
9816,501190,Astra Credit,158600000,332131000,24,9.23,16393000
9817,501191,BCA Finance,249800000,601681000,48,9.30,17198000
9818,501192,BCA Finance,92900000,247204000,48,4.25,6025000
9819,501193,FIFGROUP,161300000,527122000,24,9.41,26096000
9820,501195,Astra Credit,35700000,137349000,12,7.10,12258000
9821,501196,Astra Credit,92600000,179905000,24,4.71,8202000
9822,501197,BFI Finance,244700000,476467000,36,7.50,16213000
9823,501199,Mandiri Tunas Finance,131700000,353814000,24,5.86,16470000
9824,501201,BFI Finance,102500000,295657000,36,9.29,10501000
9825,501204,Mandiri Tunas Finance,92700000,186909000,12,9.24,17014000
9826,501205,Mandiri Tunas Finance,184900000,498416000,24,5.84,23192000
9827,501207,Maybank Finance,257800000,546284000,36,7.13,18420000
9828,501208,Maybank Finance,91600000,225305000,12,6.65,20023000
9829,501209,BFI Finance,67700000,237328000,48,6.60,6249000
9830,501210,Mandiri Tunas Finance,87800000,189700000,12,6.29,16802000
9831,501211,Astra Credit,129900000,467835000,48,6.28,12194000
9832,501212,Maybank Finance,96400000,219950000,12,3.87,19038000
9833,501213,Maybank Finance,110400000,207171000,60,7.49,4745000
9834,501217,Adira Finance,47000000,145474000,12,9.30,13250000
9835,501218,Astra Credit,107400000,199737000,36,5.71,6498000
9836,501219,Maybank Finance,93900000,175386000,48,4.22,4270000
9837,501221,Maybank Finance,126500000,297631000,36,9.13,10532000
9838,501222,Maybank Finance,48800000,147670000,24,3.76,6615000
9839,501225,Adira Finance,199100000,619969000,24,4.16,27981000
9840,501227,Maybank Finance,44000000,153136000,12,8.49,13844000
9841,501230,Astra Credit,209300000,622978000,48,6.21,16202000
9842,501231,Maybank Finance,114200000,216802000,36,5.78,7066000
9843,501234,Astra Credit,128800000,290891000,12,7.87,26148000
9844,501235,Astra Credit,146300000,306691000,24,7.39,14667000
9845,501236,Maybank Finance,56900000,189076000,24,4.31,8557000
9846,501237,Mandiri Tunas Finance,124700000,318079000,12,6.45,28216000
9847,501238,Mandiri Tunas Finance,160800000,555261000,60,4.10,11151000
9848,501240,Maybank Finance,78200000,247807000,36,7.31,8393000
9849,501241,Adira Finance,282700000,535370000,12,7.70,48049000
9850,501242,Adira Finance,75100000,251018000,60,4.01,5022000
9851,501243,FIFGROUP,155600000,470995000,36,7.94,16199000
9852,501244,Adira Finance,243600000,469686000,48,6.87,12474000
9853,501245,Maybank Finance,253900000,533423000,12,8.06,48034000
9854,501247,Astra Credit,128000000,335092000,36,4.06,10441000
9855,501250,BCA Finance,190700000,607723000,24,4.96,27833000
9856,501252,Astra Credit,89400000,223176000,60,7.77,5164000
9857,501254,BFI Finance,67400000,209656000,12,7.50,18781000
9858,501256,BCA Finance,165400000,530237000,24,6.09,24784000
9859,501257,Astra Credit,66500000,245854000,60,4.55,5029000
9860,501258,Maybank Finance,106000000,223892000,60,8.54,5324000
9861,501264,BFI Finance,105000000,343773000,48,6.34,8978000
9862,501265,Mandiri Tunas Finance,150300000,302136000,36,6.84,10114000
9863,501267,Astra Credit,87800000,216895000,24,4.30,9814000
9864,501270,BCA Finance,109400000,303631000,24,8.17,14718000
9865,501271,Mandiri Tunas Finance,246900000,463833000,12,4.07,40225000
9866,501272,FIFGROUP,70000000,213272000,24,5.14,9799000
9867,501273,Maybank Finance,117000000,267948000,36,6.93,8990000
9868,501275,FIFGROUP,67500000,253956000,36,5.43,8203000
9869,501276,FIFGROUP,211100000,635275000,24,7.56,30472000
9870,501277,FIFGROUP,69700000,136538000,12,6.40,12106000
9871,501280,Adira Finance,286200000,555846000,24,6.20,26032000
9872,501283,FIFGROUP,155600000,382750000,60,3.55,7511000
9873,501285,Adira Finance,200900000,380407000,24,7.80,18322000
9874,501286,FIFGROUP,43000000,142259000,60,9.10,3449000
9875,501287,Maybank Finance,71000000,242686000,36,6.05,7964000
9876,501288,FIFGROUP,343000000,814064000,48,9.12,23146000
9877,501290,BCA Finance,469000000,1244396000,60,8.66,29720000
9878,501291,FIFGROUP,90800000,213229000,60,4.98,4438000
9879,501295,FIFGROUP,52800000,184074000,12,6.27,16301000
9880,501297,Mandiri Tunas Finance,88100000,210157000,36,7.66,7179000
9881,501298,BFI Finance,54500000,133201000,60,8.24,3134000
9882,501299,BFI Finance,271600000,936524000,36,9.40,33350000
9883,501303,BFI Finance,243800000,604351000,48,6.65,15939000
9884,501305,FIFGROUP,112700000,301996000,48,7.39,8151000
9885,501306,Mandiri Tunas Finance,154600000,532934000,24,5.44,24621000
9886,501307,Maybank Finance,42600000,151650000,48,9.06,4304000
9887,501309,Mandiri Tunas Finance,99800000,218770000,60,6.14,4765000
9888,501311,Mandiri Tunas Finance,86100000,240018000,36,8.04,8275000
9889,501312,Astra Credit,266000000,523099000,60,8.96,12624000
9890,501313,FIFGROUP,162500000,305920000,48,4.72,7576000
9891,501314,Adira Finance,240200000,577981000,24,7.25,27574000
9892,501315,BCA Finance,139000000,273587000,60,8.52,6502000
9893,501317,FIFGROUP,199100000,416839000,24,5.40,19244000
9894,501319,Mandiri Tunas Finance,91400000,341278000,24,9.26,16853000
9895,501321,BFI Finance,167900000,645508000,24,4.62,29381000
9896,501322,Astra Credit,384300000,757113000,48,6.58,19924000
9897,501323,BCA Finance,110000000,309358000,60,9.17,7519000
9898,501324,BCA Finance,130100000,313234000,12,6.55,27812000
9899,501325,BFI Finance,514100000,1128145000,36,7.30,38200000
9900,501327,Maybank Finance,162300000,521793000,12,7.47,46730000
9901,501328,BCA Finance,92800000,298697000,12,6.22,26439000
9902,501329,Astra Credit,230000000,578413000,48,5.42,14662000
9903,501331,FIFGROUP,61600000,243095000,48,3.91,5856000
9904,501332,BCA Finance,66400000,261161000,36,7.98,8991000
9905,501333,Astra Credit,277500000,574980000,24,9.35,28437000
9906,501334,FIFGROUP,71500000,229310000,12,6.35,20322000
9907,501335,Astra Credit,165200000,321757000,12,8.78,29167000
9908,501336,Astra Credit,221400000,631635000,24,6.03,29492000
9909,501337,Mandiri Tunas Finance,117000000,306021000,12,6.06,27047000
9910,501338,Adira Finance,106400000,327166000,48,4.66,8086000
9911,501339,Maybank Finance,77600000,221545000,60,8.12,5191000
9912,501340,BCA Finance,55400000,190909000,48,7.74,5208000
9913,501342,Astra Credit,538400000,1008607000,60,4.40,20508000
9914,501344,BCA Finance,97300000,206618000,24,7.42,9886000
9915,501347,Maybank Finance,101000000,399277000,60,8.45,9466000
9916,501349,Astra Credit,148700000,278761000,24,9.36,13789000
9917,501350,Mandiri Tunas Finance,136700000,534628000,12,8.08,48152000
9918,501351,FIFGROUP,80200000,233042000,60,4.20,4699000
9919,501353,FIFGROUP,516300000,1874751000,36,6.87,62809000
9920,501354,BCA Finance,78600000,225207000,24,8.37,10954000
9921,501355,FIFGROUP,137500000,291737000,12,5.08,25546000
9922,501356,FIFGROUP,197300000,493231000,36,5.13,15809000
9923,501357,FIFGROUP,43300000,167378000,24,6.53,7884000
9924,501358,Astra Credit,73300000,140264000,12,8.33,12662000
9925,501359,BCA Finance,121200000,369753000,24,5.58,17125000
9926,501363,FIFGROUP,63100000,193865000,24,7.69,9320000
9927,501365,FIFGROUP,65800000,169853000,48,4.91,4233000
9928,501367,Astra Credit,144200000,381607000,12,8.38,34465000
9929,501368,Astra Credit,136600000,272213000,24,8.42,13252000
9930,501370,BCA Finance,77500000,226640000,48,8.55,6336000
9931,501372,FIFGROUP,44700000,140781000,60,6.20,3073000
9932,501373,FIFGROUP,204900000,637035000,24,6.60,30046000
9933,501375,BCA Finance,428500000,1170011000,48,9.45,33589000
9934,501376,BFI Finance,109600000,247820000,60,9.06,6001000
9935,501377,BCA Finance,117800000,332749000,60,3.63,6552000
9936,501378,Astra Credit,67200000,191430000,60,8.74,4584000
9937,501380,Astra Credit,38400000,145638000,12,5.75,12834000
9938,501382,FIFGROUP,79000000,179408000,12,9.14,16317000
9939,501384,FIFGROUP,114100000,246983000,12,7.92,22212000
9940,501386,Adira Finance,66000000,159663000,12,6.78,14207000
9941,501390,BFI Finance,106400000,213613000,60,5.16,4478000
9942,501392,BFI Finance,65800000,207926000,12,7.77,18673000
9943,501393,Maybank Finance,121800000,342513000,36,5.27,11018000
9944,501394,FIFGROUP,101200000,330923000,24,5.53,15313000
9945,501395,Maybank Finance,178500000,618036000,36,8.59,21591000
9946,501396,Mandiri Tunas Finance,119500000,382553000,12,4.82,33416000
9947,501397,Astra Credit,98600000,227740000,24,9.37,11267000
9948,501398,BFI Finance,172800000,360444000,48,7.34,9713000
9949,501399,BCA Finance,57500000,192916000,48,5.99,4982000
9950,501400,Astra Credit,99700000,228305000,36,8.61,7979000
9951,501401,Maybank Finance,88100000,233800000,36,6.99,7856000
9952,501403,BCA Finance,54900000,218493000,36,7.56,7445000
9953,501406,BFI Finance,70200000,244374000,24,8.58,11929000
9954,501408,Adira Finance,74900000,216031000,24,6.56,10182000
9955,501409,Adira Finance,68300000,236839000,12,6.62,21043000
9956,501411,Adira Finance,47000000,150802000,12,7.48,13506000
9957,501412,BCA Finance,107000000,205354000,12,5.60,18071000
9958,501413,BCA Finance,68400000,243288000,48,5.36,6155000
9959,501414,Adira Finance,36400000,141644000,12,3.80,12252000
9960,501415,BCA Finance,56100000,122832000,24,6.75,5808000
9961,501416,BCA Finance,224300000,621409000,48,8.54,17368000
9962,501418,Maybank Finance,141400000,271853000,12,6.73,24179000
9963,501419,Astra Credit,92400000,184101000,24,8.04,8904000
9964,501420,BFI Finance,106700000,343960000,60,8.27,8103000
9965,501422,Astra Credit,309100000,616751000,36,5.93,20179000
9966,501423,Mandiri Tunas Finance,147500000,481204000,24,5.34,22191000
9967,501424,BFI Finance,125700000,364032000,12,4.99,31849000
9968,501425,BFI Finance,162300000,307230000,24,8.69,15026000
9969,501426,Astra Credit,135900000,260037000,12,7.64,23325000
9970,501427,Astra Credit,182400000,613359000,60,7.50,14056000
9971,501429,BFI Finance,152500000,457223000,48,8.50,12764000
9972,501430,Adira Finance,91300000,189974000,60,4.28,3843000
9973,501431,FIFGROUP,91900000,233330000,36,3.80,7220000
9974,501432,BFI Finance,163600000,416930000,24,8.14,20200000
9975,501434,BFI Finance,92200000,218711000,12,5.89,19299000
9976,501436,Mandiri Tunas Finance,64600000,138197000,12,9.01,12554000
9977,501438,BCA Finance,60700000,188384000,36,7.09,6345000
9978,501439,Astra Credit,92100000,219144000,12,3.83,18961000
9979,501441,Astra Credit,138300000,337002000,48,4.72,8346000
9980,501443,Maybank Finance,69700000,196145000,12,5.31,17213000
9981,501448,Adira Finance,59700000,152643000,48,5.49,3878000
9982,501450,Maybank Finance,447200000,1577218000,36,8.33,54760000
9983,501452,FIFGROUP,159500000,475531000,36,4.82,15119000
9984,501453,Adira Finance,67400000,189010000,36,7.84,6485000
9985,501454,BFI Finance,251600000,934324000,12,5.66,82267000
9986,501457,BFI Finance,236400000,483768000,24,3.56,21592000
9987,501458,Maybank Finance,67700000,197479000,24,8.65,9651000
9988,501459,BFI Finance,69600000,220665000,48,7.04,5891000
9989,501460,FIFGROUP,141200000,313789000,60,7.85,7282000
9990,501461,Maybank Finance,58400000,138181000,24,8.60,6747000
9991,501462,Astra Credit,70000000,149336000,24,5.03,6848000
9992,501463,Adira Finance,64500000,211113000,12,7.33,18882000
9993,501464,FIFGROUP,146000000,477376000,12,7.27,42673000
9994,501465,Mandiri Tunas Finance,150800000,338599000,36,8.75,11874000
9995,501466,BCA Finance,68800000,140657000,24,3.53,6274000
9996,501467,BFI Finance,96400000,299648000,36,7.24,10131000
9997,501468,Astra Credit,71400000,227079000,12,4.36,19748000
9998,501469,Adira Finance,52300000,131072000,60,8.26,3086000
9999,501470,BCA Finance,111800000,218092000,48,9.33,6239000
10000,501471,BCA Finance,70400000,191782000,12,6.99,17098000
10001,501472,Mandiri Tunas Finance,181100000,539401000,24,6.70,25486000
10002,501473,Adira Finance,64100000,122491000,24,4.70,5583000
10003,501477,Astra Credit,74400000,237288000,36,6.48,7872000
10004,501478,Adira Finance,188900000,615628000,36,5.06,19696000
10005,501479,BCA Finance,66000000,205173000,60,4.22,4141000
10006,501480,Mandiri Tunas Finance,70200000,248814000,24,7.21,11862000
10007,501483,Adira Finance,128200000,264074000,24,5.74,12266000
10008,501484,Maybank Finance,47800000,159326000,12,5.04,13946000
10009,501486,BFI Finance,202500000,625116000,24,8.97,30719000
10010,501490,Mandiri Tunas Finance,88400000,201199000,48,7.40,5432000
10011,501491,Mandiri Tunas Finance,276900000,908913000,48,7.89,24911000
10012,501492,Mandiri Tunas Finance,182100000,518199000,12,3.73,44793000
10013,501493,Adira Finance,164100000,547410000,36,8.68,19165000
10014,501494,Adira Finance,102700000,209432000,60,6.36,4600000
10015,501495,Astra Credit,86300000,171442000,60,5.56,3651000
10016,501497,BFI Finance,111900000,307680000,24,6.92,14594000
10017,501498,Astra Credit,452000000,1315009000,48,4.93,32798000
10018,501502,Adira Finance,131500000,467567000,60,3.66,9218000
10019,501504,FIFGROUP,40800000,137133000,60,4.55,2805000
10020,501505,BCA Finance,112500000,329391000,48,9.35,9428000
10021,501506,Maybank Finance,115300000,319820000,48,7.63,8696000
10022,501507,Astra Credit,205900000,414479000,12,7.86,37254000
10023,501508,Adira Finance,89000000,174625000,48,5.35,4416000
10024,501510,Astra Credit,456100000,960815000,12,6.96,85640000
10025,501511,BCA Finance,91900000,207245000,60,4.82,4286000
10026,501512,Astra Credit,243300000,543246000,24,7.77,26152000
10027,501513,FIFGROUP,238300000,574553000,48,3.73,13755000
10028,501514,Adira Finance,72300000,274353000,12,7.44,24563000
10029,501515,Mandiri Tunas Finance,69700000,254642000,48,8.28,7062000
10030,501517,Astra Credit,232300000,606194000,12,5.02,53052000
10031,501518,Maybank Finance,203000000,625171000,12,8.43,56489000
10032,501519,BCA Finance,143200000,490388000,24,9.13,24163000
10033,501520,FIFGROUP,217300000,586784000,48,4.82,14581000
10034,501521,Adira Finance,56600000,198145000,60,6.25,4334000
10035,501522,BCA Finance,195000000,585885000,48,6.62,15438000
10036,501523,FIFGROUP,133700000,437617000,24,5.80,20349000
10037,501524,BCA Finance,155400000,313131000,12,5.02,27404000
10038,501525,Adira Finance,72200000,196753000,36,5.51,6368000
10039,501527,FIFGROUP,157900000,442832000,36,7.81,15182000
10040,501528,Adira Finance,68000000,263557000,60,8.06,6162000
10041,501530,BCA Finance,45900000,152124000,36,7.26,5146000
10042,501531,FIFGROUP,50400000,150954000,60,8.63,3601000
10043,501532,FIFGROUP,139300000,339554000,60,5.23,7139000
10044,501533,BCA Finance,118100000,282055000,60,5.34,5956000
10045,501534,BCA Finance,245500000,469673000,60,8.77,11260000
10046,501535,BCA Finance,54300000,135399000,36,4.90,4313000
10047,501536,BCA Finance,74700000,220005000,60,6.56,4869000
10048,501539,BFI Finance,96600000,223746000,48,4.89,5573000
10049,501540,FIFGROUP,222700000,682061000,24,7.31,32574000
10050,501541,Astra Credit,87700000,177479000,36,4.70,5625000
10051,501543,BCA Finance,67200000,217182000,24,3.71,9720000
10052,501544,BCA Finance,116300000,300949000,12,3.90,26057000
10053,501545,Mandiri Tunas Finance,85900000,207362000,36,8.30,7194000
10054,501546,Maybank Finance,1512400000,3272810000,24,7.25,156140000
10055,501548,BCA Finance,202500000,490917000,36,5.93,16062000
10056,501549,Maybank Finance,85500000,221748000,48,4.00,5358000
10057,501551,Mandiri Tunas Finance,183100000,663719000,24,7.66,31891000
10058,501552,Astra Credit,164700000,327030000,48,9.33,9355000
10059,501553,Maybank Finance,154600000,507515000,48,7.87,13901000
10060,501554,FIFGROUP,131000000,284140000,12,4.30,24696000
10061,501555,Maybank Finance,128000000,313336000,36,7.45,10649000
10062,501556,Mandiri Tunas Finance,63900000,253338000,12,6.85,22557000
10063,501557,Mandiri Tunas Finance,98200000,340361000,48,3.95,8211000
10064,501561,Astra Credit,163200000,534657000,12,4.48,46550000
10065,501563,BFI Finance,78700000,171605000,12,5.74,15121000
10066,501564,Astra Credit,111400000,387656000,36,8.46,13501000
10067,501570,Maybank Finance,102600000,210975000,48,3.66,5038000
10068,501571,BFI Finance,99800000,195349000,12,4.40,16995000
10069,501574,BCA Finance,242900000,629782000,12,8.45,56916000
10070,501576,Mandiri Tunas Finance,371900000,1287328000,48,8.74,36195000
10071,501578,Mandiri Tunas Finance,92600000,238402000,12,7.55,21366000
10072,501582,Astra Credit,44000000,148252000,60,6.50,3273000
10073,501585,FIFGROUP,40200000,154938000,48,7.34,4175000
10074,501586,Adira Finance,94600000,201104000,60,4.59,4120000
10075,501587,Astra Credit,79900000,303605000,60,7.45,6944000
10076,501588,Astra Credit,50100000,129831000,48,7.35,3500000
10077,501589,Mandiri Tunas Finance,165800000,526063000,36,6.54,17479000
10078,501590,Adira Finance,68400000,193782000,24,4.50,8800000
10079,501592,Maybank Finance,60900000,193179000,12,8.04,17392000
10080,501593,Mandiri Tunas Finance,197100000,614976000,12,7.52,55101000
10081,501595,Maybank Finance,81000000,272868000,12,5.85,24069000
10082,501596,BFI Finance,60200000,217189000,24,8.57,10600000
10083,501597,Astra Credit,63000000,128697000,60,9.15,3126000
10084,501598,Mandiri Tunas Finance,287000000,578689000,36,8.71,20275000
10085,501600,BCA Finance,84500000,170689000,36,8.25,5914000
10086,501601,BCA Finance,79100000,194959000,48,7.71,5314000
10087,501602,FIFGROUP,42400000,139862000,12,8.27,12619000
10088,501603,Astra Credit,57800000,162868000,48,9.14,4633000
10089,501605,Mandiri Tunas Finance,81400000,318311000,24,8.24,15448000
10090,501606,Adira Finance,105700000,212093000,12,7.87,19065000
10091,501608,Maybank Finance,62000000,159556000,12,6.80,14200000
10092,501610,Adira Finance,89200000,223820000,60,6.33,4910000
10093,501611,FIFGROUP,131100000,305352000,60,8.88,7348000
10094,501612,Adira Finance,180100000,488675000,36,4.40,15366000
10095,501613,Astra Credit,77400000,248496000,36,8.35,8631000
10096,501615,BFI Finance,73300000,188216000,24,3.98,8466000
10097,501620,Astra Credit,83900000,194821000,48,5.22,4906000
10098,501621,Maybank Finance,90700000,354854000,48,3.89,8543000
10099,501623,Astra Credit,139000000,258602000,24,7.63,12419000
10100,501624,Astra Credit,150200000,350743000,36,8.99,12370000
10101,501625,BFI Finance,44600000,147097000,36,4.24,4605000
10102,501628,Mandiri Tunas Finance,70300000,223073000,48,9.11,6340000
10103,501629,Adira Finance,56100000,194205000,24,5.88,9043000
10104,501630,Astra Credit,80400000,179895000,12,9.02,16343000
10105,501631,Maybank Finance,90500000,324196000,12,3.96,28086000
10106,501634,Adira Finance,137000000,280027000,24,8.43,13634000
10107,501635,BFI Finance,60100000,213404000,12,4.21,18532000
10108,501636,Mandiri Tunas Finance,144100000,286025000,60,4.03,5727000
10109,501639,BCA Finance,173700000,688548000,24,7.87,33205000
10110,501640,Maybank Finance,44900000,161005000,24,7.30,7687000
10111,501641,Mandiri Tunas Finance,82300000,217844000,36,4.09,6793000
10112,501642,Astra Credit,41600000,140218000,48,7.72,3823000
10113,501644,Mandiri Tunas Finance,84200000,161776000,12,7.38,14476000
10114,501646,BFI Finance,159800000,326380000,48,7.97,8967000
10115,501648,Astra Credit,146700000,506424000,36,4.52,15974000
10116,501651,BFI Finance,114100000,283946000,60,8.96,6852000
10117,501652,BCA Finance,43700000,130459000,36,5.12,4180000
10118,501653,Mandiri Tunas Finance,224900000,567973000,48,7.88,15562000
10119,501657,BCA Finance,94400000,239488000,48,6.79,6344000
10120,501658,BFI Finance,109400000,416851000,36,4.56,13163000
10121,501659,BFI Finance,57600000,182160000,36,8.01,6275000
10122,501660,Adira Finance,131400000,370986000,48,8.97,10501000
10123,501662,FIFGROUP,163000000,350486000,12,7.69,31453000
10124,501663,Maybank Finance,100900000,201908000,48,7.94,5542000
10125,501664,Adira Finance,190400000,529546000,60,5.29,11160000
10126,501665,Astra Credit,58000000,124262000,60,7.98,2897000
10127,501666,BCA Finance,192400000,610019000,24,6.59,28767000
10128,501668,BFI Finance,217300000,751286000,12,8.98,68229000
10129,501669,Astra Credit,120100000,458987000,12,7.26,41025000
10130,501670,Astra Credit,47800000,134795000,48,8.07,3714000
10131,501671,Mandiri Tunas Finance,41500000,138986000,36,7.44,4722000
10132,501672,Maybank Finance,241000000,597161000,12,3.54,51525000
10133,501674,Mandiri Tunas Finance,291200000,572935000,12,8.32,51716000
10134,501675,BCA Finance,43300000,158498000,60,5.36,3349000
10135,501676,Mandiri Tunas Finance,124800000,292893000,36,9.40,10430000
10136,501678,Maybank Finance,144900000,535419000,36,7.37,18161000
10137,501680,Maybank Finance,136600000,269438000,48,8.77,7582000
10138,501681,Adira Finance,113700000,218634000,36,4.26,6849000
10139,501682,Mandiri Tunas Finance,152700000,325266000,60,6.66,7226000
10140,501684,FIFGROUP,127000000,263831000,12,9.46,24065000
10141,501685,BCA Finance,45400000,149405000,36,6.13,4913000
10142,501686,BCA Finance,90200000,359239000,48,5.53,9139000
10143,501687,FIFGROUP,108200000,204709000,36,5.51,6626000
10144,501689,BCA Finance,68800000,195269000,36,3.99,6073000
10145,501692,FIFGROUP,240300000,453339000,60,6.26,9920000
10146,501694,BFI Finance,149100000,283578000,36,4.38,8912000
10147,501697,Mandiri Tunas Finance,74400000,148155000,48,6.22,3854000
10148,501700,BFI Finance,83700000,186585000,12,4.54,16254000
10149,501703,Maybank Finance,76300000,259586000,48,4.28,6333000
10150,501704,BCA Finance,147200000,487387000,12,4.94,42621000
10151,501705,BFI Finance,89400000,246486000,12,5.17,21602000
10152,501706,BFI Finance,138500000,266428000,24,6.21,12479000
10153,501707,BFI Finance,564000000,1939605000,24,6.97,92082000
10154,501709,Astra Credit,244400000,576112000,36,8.40,20035000
10155,501710,Adira Finance,196200000,500325000,24,8.16,24249000
10156,501712,BCA Finance,72000000,182412000,60,9.26,4447000
10157,501713,BCA Finance,150100000,284465000,36,4.49,8966000
10158,501714,Maybank Finance,67100000,196858000,60,6.77,4391000
10159,501715,Astra Credit,105500000,385342000,36,7.72,13182000
10160,501716,Adira Finance,117400000,277427000,24,5.95,12935000
10161,501717,BCA Finance,60600000,234993000,60,4.28,4754000
10162,501718,FIFGROUP,53900000,134578000,48,7.97,3697000
10163,501719,BCA Finance,94700000,251509000,48,8.99,7123000
10164,501720,FIFGROUP,224400000,621198000,48,4.70,15374000
10165,501721,BFI Finance,110500000,305750000,48,8.43,8517000
10166,501722,Mandiri Tunas Finance,193700000,427345000,36,4.36,13423000
10167,501723,BCA Finance,157600000,316370000,12,8.26,28541000
10168,501726,Mandiri Tunas Finance,129600000,367569000,36,6.01,12051000
10169,501728,BCA Finance,75300000,222513000,24,8.73,10890000
10170,501729,BFI Finance,772600000,1863095000,12,5.51,163812000
10171,501730,Adira Finance,106800000,211326000,48,5.98,5455000
10172,501731,FIFGROUP,82600000,243074000,60,5.49,5163000
10173,501732,Astra Credit,102100000,315371000,24,7.63,15145000
10174,501734,Astra Credit,43800000,130914000,24,5.77,6084000
10175,501735,BCA Finance,88100000,226030000,48,3.92,5447000
10176,501737,Maybank Finance,189400000,678509000,24,6.77,32099000
10177,501738,Maybank Finance,69800000,253432000,12,4.72,22116000
10178,501739,Astra Credit,97100000,185173000,48,9.34,5299000
10179,501740,BFI Finance,62100000,185208000,60,5.15,3881000
10180,501741,Adira Finance,187500000,627018000,24,5.72,29114000
10181,501743,Mandiri Tunas Finance,66000000,232590000,36,8.10,8030000
10182,501745,Mandiri Tunas Finance,182800000,518609000,24,7.64,24910000
10183,501748,Astra Credit,127700000,345937000,36,6.26,11413000
10184,501751,Mandiri Tunas Finance,178100000,644854000,24,7.01,30635000
10185,501753,FIFGROUP,95100000,290625000,60,4.18,5856000
10186,501754,FIFGROUP,124100000,311686000,36,7.13,10509000
10187,501755,Maybank Finance,214700000,399463000,36,3.76,12347000
10188,501756,BCA Finance,91400000,232831000,60,5.05,4860000
10189,501759,Mandiri Tunas Finance,65100000,250473000,24,4.66,11409000
10190,501762,Maybank Finance,70400000,229300000,36,7.07,7720000
10191,501763,FIFGROUP,98600000,263482000,12,4.59,22964000
10192,501764,Maybank Finance,244300000,460772000,48,9.10,13093000
10193,501765,Maybank Finance,126100000,368627000,24,6.24,17276000
10194,501767,FIFGROUP,78600000,294804000,36,7.64,10065000
10195,501768,FIFGROUP,187300000,605018000,60,6.06,13138000
10196,501769,BFI Finance,114600000,375243000,12,6.69,33362000
10197,501770,BCA Finance,103100000,206812000,12,3.56,17847000
10198,501772,FIFGROUP,658300000,1542386000,36,3.80,47728000
10199,501773,Maybank Finance,51800000,155659000,36,7.28,5268000
10200,501776,FIFGROUP,58100000,123718000,48,8.21,3423000
10201,501777,Astra Credit,170100000,647970000,36,7.80,22210000
10202,501778,BFI Finance,106500000,329952000,36,3.74,10193000
10203,501779,BCA Finance,85600000,169700000,36,4.44,5341000
10204,501781,Mandiri Tunas Finance,79200000,239814000,12,7.80,21543000
10205,501783,FIFGROUP,65700000,144867000,36,8.41,5039000
10206,501784,Adira Finance,113900000,365953000,12,7.91,32908000
10207,501786,BFI Finance,145900000,548627000,60,3.94,10945000
10208,501787,Maybank Finance,109000000,345212000,36,5.03,11036000
10209,501788,BCA Finance,76100000,145456000,12,3.55,12551000
10210,501789,Maybank Finance,44900000,138472000,48,4.54,3408000
10211,501792,BFI Finance,107600000,291889000,12,7.05,26038000
10212,501793,BCA Finance,414200000,873955000,48,9.40,25053000
10213,501794,Mandiri Tunas Finance,239300000,597196000,12,7.49,53493000
10214,501795,BFI Finance,277300000,524453000,12,6.65,46610000
10215,501796,Astra Credit,151300000,459755000,48,9.46,13202000
10216,501797,Maybank Finance,206600000,652096000,48,5.79,16731000
10217,501798,Maybank Finance,101300000,276322000,24,4.20,12480000
10218,501799,Astra Credit,75200000,238486000,60,6.88,5342000
10219,501800,BFI Finance,105300000,237357000,48,9.48,6820000
10220,501801,Mandiri Tunas Finance,77300000,256588000,60,8.17,6023000
10221,501805,Mandiri Tunas Finance,254100000,581841000,60,8.10,13624000
10222,501806,Adira Finance,149200000,521573000,12,6.36,46228000
10223,501808,BFI Finance,64600000,138419000,36,8.05,4773000
10224,501809,Astra Credit,95600000,233626000,36,4.35,7336000
10225,501813,BFI Finance,228800000,559522000,24,3.55,24968000
10226,501814,FIFGROUP,86200000,178535000,12,6.11,15786000
10227,501815,Mandiri Tunas Finance,128700000,328953000,36,4.66,10415000
10228,501817,BFI Finance,208500000,488913000,48,8.75,13750000
10229,501818,Adira Finance,83900000,202036000,24,8.24,9805000
10230,501819,FIFGROUP,287100000,544179000,36,6.11,17886000
10231,501824,Astra Credit,130100000,475405000,24,4.15,21452000
10232,501827,Maybank Finance,85300000,208850000,12,4.63,18209000
10233,501828,BFI Finance,112300000,220034000,60,7.32,5009000
10234,501829,Maybank Finance,159900000,468915000,60,6.65,10413000
10235,501830,BFI Finance,48600000,153198000,24,7.44,7333000
10236,501834,BCA Finance,126100000,271946000,36,6.73,9079000
10237,501836,Mandiri Tunas Finance,123800000,262258000,36,5.34,8451000
10238,501837,BFI Finance,91900000,215792000,36,8.87,7589000
10239,501838,Astra Credit,79500000,185013000,36,4.79,5877000
10240,501840,BFI Finance,215800000,598496000,12,7.31,53520000
10241,501841,BCA Finance,93200000,260557000,36,4.79,8277000
10242,501844,Maybank Finance,73600000,221105000,60,8.57,5264000
10243,501845,Adira Finance,114400000,298631000,60,5.19,6268000
10244,501846,Astra Credit,81600000,281814000,24,7.96,13611000
10245,501848,FIFGROUP,40400000,146635000,36,6.65,4885000
10246,501849,Maybank Finance,250400000,557458000,60,8.29,13142000
10247,501850,BCA Finance,106500000,325290000,48,4.61,8026000
10248,501851,FIFGROUP,141100000,476393000,48,6.58,12537000
10249,501852,Astra Credit,174200000,407440000,12,5.13,35695000
10250,501854,Astra Credit,75900000,299502000,24,3.91,13455000
10251,501858,Maybank Finance,62700000,235113000,12,4.15,20405000
10252,501864,Maybank Finance,81700000,317456000,60,5.92,6857000
10253,501865,BCA Finance,79300000,211520000,12,8.45,19116000
10254,501866,Maybank Finance,58500000,201462000,12,4.92,17614000
10255,501869,Astra Credit,53800000,207827000,48,8.56,5812000
10256,501870,Astra Credit,148100000,279361000,36,8.54,9748000
10257,501871,FIFGROUP,88800000,347319000,24,4.57,15794000
10258,501874,Maybank Finance,235800000,437970000,24,8.38,21307000
10259,501876,Maybank Finance,72100000,214169000,24,7.89,10331000
10260,501877,Astra Credit,75600000,224544000,24,7.39,10738000
10261,501879,Astra Credit,202300000,598787000,48,7.21,16072000
10262,501880,Mandiri Tunas Finance,52700000,172630000,36,9.36,6141000
10263,501881,Maybank Finance,132400000,444245000,48,6.84,11787000
10264,501882,BCA Finance,250300000,572654000,60,7.71,13223000
10265,501883,FIFGROUP,102200000,386977000,36,8.28,13419000
10266,501885,Adira Finance,221900000,602608000,12,8.56,54515000
10267,501886,FIFGROUP,87700000,270941000,24,3.63,12108000
10268,501888,FIFGROUP,430000000,1102910000,36,6.12,36261000
10269,501889,FIFGROUP,225500000,455152000,36,8.70,15942000
10270,501890,BFI Finance,330000000,1207239000,48,8.83,34034000
10271,501892,BFI Finance,130100000,278380000,36,9.33,9897000
10272,501894,Mandiri Tunas Finance,90400000,169784000,12,6.10,15011000
10273,501895,BFI Finance,91000000,210587000,24,4.72,9602000
10274,501896,BCA Finance,211400000,600232000,36,8.60,20974000
10275,501899,Astra Credit,188800000,563336000,48,4.19,13703000
10276,501900,BCA Finance,83800000,237434000,24,4.86,10854000
10277,501901,BCA Finance,128100000,277938000,48,6.18,7221000
10278,501903,FIFGROUP,183000000,419841000,12,6.07,37110000
10279,501904,BFI Finance,76400000,199768000,36,5.79,6512000
10280,501906,Mandiri Tunas Finance,66900000,160650000,12,6.24,14222000
10281,501907,Mandiri Tunas Finance,85800000,228330000,24,6.49,10748000
10282,501908,Mandiri Tunas Finance,93500000,214414000,48,7.27,5765000
10283,501909,BCA Finance,280400000,551323000,36,8.39,19169000
10284,501910,BFI Finance,126600000,327834000,12,3.65,28316000
10285,501911,BCA Finance,62100000,245925000,24,7.99,11884000
10286,501915,Mandiri Tunas Finance,128800000,298883000,24,8.30,14520000
10287,501916,Astra Credit,106700000,278470000,12,6.59,24735000
10288,501917,Astra Credit,76400000,166690000,24,6.51,7849000
10289,501919,Astra Credit,81500000,180016000,36,4.29,5644000
10290,501920,Astra Credit,123900000,364500000,24,6.60,17192000
10291,501921,Mandiri Tunas Finance,74900000,221470000,60,7.28,5034000
10292,501922,Maybank Finance,109100000,247765000,36,4.73,7858000
10293,501923,Adira Finance,93800000,179038000,12,8.15,16135000
10294,501924,Maybank Finance,77100000,198735000,48,8.10,5481000
10295,501927,Mandiri Tunas Finance,76300000,223511000,48,9.02,6336000
10296,501929,Mandiri Tunas Finance,83400000,230286000,12,6.75,20485000
10297,501930,BCA Finance,210300000,469242000,12,5.15,41117000
10298,501931,FIFGROUP,104300000,219709000,36,8.24,7611000
10299,501934,Astra Credit,235900000,483824000,36,7.53,16475000
10300,501935,BFI Finance,166800000,639171000,36,4.90,20364000
10301,501936,Mandiri Tunas Finance,165100000,332846000,60,8.06,7783000
10302,501939,FIFGROUP,117300000,281301000,36,7.29,9522000
10303,501940,Astra Credit,109700000,204208000,48,6.47,5355000
10304,501941,BFI Finance,208700000,608149000,24,9.17,29986000
10305,501943,FIFGROUP,120400000,377657000,12,5.81,33299000
10306,501947,BFI Finance,69100000,217502000,60,6.97,4888000
10307,501948,Maybank Finance,265100000,586603000,24,8.24,28469000
10308,501950,BFI Finance,98500000,310757000,48,9.04,8815000
10309,501952,Adira Finance,45300000,151725000,36,7.19,5123000
10310,501953,BFI Finance,136500000,300951000,12,6.90,26809000
10311,501956,FIFGROUP,116500000,306632000,48,9.06,8703000
10312,501958,FIFGROUP,43500000,147531000,24,9.28,7288000
10313,501960,BCA Finance,80900000,188830000,48,8.40,5255000
10314,501961,Astra Credit,145400000,291496000,48,3.66,6961000
10315,501963,BCA Finance,73100000,136801000,12,6.04,12088000
10316,501964,BCA Finance,165400000,631247000,36,9.33,22442000
10317,501965,Astra Credit,66900000,153990000,48,4.06,3729000
10318,501967,BCA Finance,189500000,615805000,24,6.30,28891000
10319,501968,Mandiri Tunas Finance,104000000,398053000,12,5.05,34846000
10320,501970,BFI Finance,88300000,302753000,48,8.28,8396000
10321,501971,Adira Finance,115400000,326824000,24,9.49,16202000
10322,501973,FIFGROUP,167800000,660371000,12,7.03,58899000
10323,501974,BFI Finance,140100000,276816000,36,6.18,9114000
10324,501976,Astra Credit,57100000,130268000,48,5.42,3302000
10325,501977,Adira Finance,120400000,371885000,36,5.61,12068000
10326,501979,BCA Finance,52600000,165515000,36,8.01,5702000
10327,501980,Adira Finance,84800000,167503000,60,8.74,4011000
10328,501982,Maybank Finance,62700000,186495000,60,5.74,4000000
10329,501985,Astra Credit,232300000,550028000,12,6.77,48938000
10330,501986,BCA Finance,171200000,676729000,12,4.96,59191000
10331,501988,Mandiri Tunas Finance,184100000,464917000,60,6.65,10325000
10332,501989,BFI Finance,114500000,252799000,60,6.67,5618000
10333,501990,FIFGROUP,259300000,556883000,60,7.62,12817000
10334,501991,BCA Finance,521900000,1201486000,12,7.62,107753000
10335,501993,Maybank Finance,118000000,285596000,60,4.94,5935000
10336,501994,BCA Finance,97400000,214177000,12,4.56,18661000
10337,501995,Mandiri Tunas Finance,96600000,207873000,12,7.70,18656000
10338,501996,Astra Credit,46500000,153411000,36,4.33,4814000
10339,501998,Astra Credit,63300000,225633000,12,3.86,19528000
10340,502001,Maybank Finance,70600000,243308000,60,6.23,5318000
10341,502002,BFI Finance,112000000,309356000,60,4.07,6205000
10342,502003,Mandiri Tunas Finance,236200000,438902000,48,5.41,11122000
10343,502005,FIFGROUP,48000000,163233000,24,7.60,7835000
10344,502006,FIFGROUP,81600000,240522000,48,4.65,5942000
10345,502007,Mandiri Tunas Finance,65300000,241726000,12,6.16,21384000
10346,502008,Adira Finance,59500000,130088000,24,3.63,5813000
10347,502010,Astra Credit,198300000,631314000,48,5.46,16024000
10348,502012,Adira Finance,132100000,276269000,60,8.78,6625000
10349,502013,BCA Finance,143300000,267289000,48,4.03,6466000
10350,502015,Astra Credit,195100000,485330000,60,8.62,11575000
10351,502016,Astra Credit,115700000,236614000,24,7.30,11298000
10352,502017,FIFGROUP,480500000,931087000,24,8.39,45305000
10353,502018,BCA Finance,100500000,201753000,60,3.66,3977000
10354,502019,Adira Finance,51100000,128276000,12,5.47,11274000
10355,502020,Adira Finance,71300000,207643000,36,3.77,6420000
10356,502021,FIFGROUP,105000000,220008000,12,5.44,19331000
10357,502023,Mandiri Tunas Finance,86200000,232148000,36,7.77,7951000
10358,502024,BCA Finance,85000000,174629000,48,4.97,4361000
10359,502025,Mandiri Tunas Finance,217400000,424846000,60,3.97,8486000
10360,502030,Astra Credit,213100000,638825000,36,7.06,21503000
10361,502031,Mandiri Tunas Finance,168900000,348693000,60,3.91,6947000
10362,502033,Mandiri Tunas Finance,40900000,145358000,60,9.02,3515000
10363,502034,Adira Finance,99100000,223688000,60,9.04,5413000
10364,502035,Mandiri Tunas Finance,264500000,606406000,48,6.68,16009000
10365,502039,Mandiri Tunas Finance,190200000,407979000,60,4.46,8315000
10366,502040,Mandiri Tunas Finance,70900000,207377000,24,4.63,9440000
10367,502041,Astra Credit,99000000,340560000,36,5.49,11018000
10368,502042,FIFGROUP,126600000,360024000,36,3.91,11173000
10369,502044,FIFGROUP,264000000,609681000,36,9.31,21665000
10370,502045,BFI Finance,133600000,336818000,36,4.35,10577000
10371,502046,BCA Finance,89500000,223076000,60,6.38,4903000
10372,502047,Maybank Finance,170200000,535205000,36,7.60,18256000
10373,502049,BCA Finance,202500000,466608000,24,3.92,20966000
10374,502050,Astra Credit,123300000,371982000,60,3.62,7321000
10375,502051,Mandiri Tunas Finance,358000000,910730000,36,4.06,28379000
10376,502052,Adira Finance,210100000,434366000,24,7.07,20657000
10377,502056,Adira Finance,269200000,582836000,24,4.58,26509000
10378,502059,Mandiri Tunas Finance,109200000,205374000,36,8.36,7135000
10379,502060,BFI Finance,59700000,231342000,12,8.43,20903000
10380,502061,BFI Finance,94500000,295221000,36,4.35,9270000
10381,502062,BCA Finance,68100000,225828000,48,7.54,6123000
10382,502063,Astra Credit,369100000,728690000,48,5.48,18508000
10383,502067,Mandiri Tunas Finance,96300000,341817000,12,9.36,31150000
10384,502070,Astra Credit,253100000,552538000,60,8.19,12980000
10385,502071,FIFGROUP,83300000,229609000,24,4.27,10384000
10386,502072,Maybank Finance,109800000,212655000,12,8.59,19243000
10387,502075,Astra Credit,102200000,253111000,12,6.66,22497000
10388,502078,Mandiri Tunas Finance,49300000,129965000,24,4.93,5949000
10389,502079,BCA Finance,135100000,507479000,12,3.74,43871000
10390,502080,Maybank Finance,91100000,207934000,60,6.13,4527000
10391,502081,Adira Finance,93100000,347459000,36,4.34,10908000
10392,502082,Maybank Finance,106900000,206231000,24,4.68,9397000
10393,502083,Maybank Finance,126300000,468549000,36,7.98,16131000
10394,502085,Mandiri Tunas Finance,43800000,142014000,24,7.10,6757000
10395,502086,Adira Finance,311700000,810066000,24,9.44,40125000
10396,502088,Mandiri Tunas Finance,159300000,457083000,36,8.03,15755000
10397,502089,BFI Finance,56900000,221821000,36,4.91,7069000
10398,502090,Mandiri Tunas Finance,251900000,548188000,24,8.46,26705000
10399,502091,BCA Finance,107200000,205709000,48,4.19,5003000
10400,502092,FIFGROUP,58000000,161003000,60,7.57,3699000
10401,502094,Mandiri Tunas Finance,166100000,635986000,24,6.44,29912000
10402,502095,FIFGROUP,108200000,316375000,36,4.45,9961000
10403,502098,Mandiri Tunas Finance,110200000,321257000,12,9.07,29199000
10404,502099,Mandiri Tunas Finance,107900000,299914000,48,8.85,8460000
10405,502101,Maybank Finance,266600000,674902000,48,9.15,19206000
10406,502102,FIFGROUP,140100000,296574000,48,5.89,7634000
10407,502104,Mandiri Tunas Finance,37800000,147237000,24,6.32,6910000
10408,502105,Astra Credit,69600000,220221000,48,7.36,5938000
10409,502106,Adira Finance,124400000,357229000,36,7.21,12069000
10410,502107,FIFGROUP,83500000,180236000,60,8.97,4351000
10411,502108,Astra Credit,268400000,636250000,48,8.76,17899000
10412,502111,Mandiri Tunas Finance,111900000,211110000,60,4.16,4250000
10413,502112,FIFGROUP,65200000,149696000,48,3.60,3567000
10414,502113,Mandiri Tunas Finance,582300000,1146081000,60,8.85,27553000
10415,502114,Astra Credit,93300000,216723000,12,4.60,18891000
10416,502117,Adira Finance,40900000,148133000,36,4.57,4678000
10417,502119,Adira Finance,70400000,249613000,48,9.23,7120000
10418,502120,Adira Finance,224600000,501562000,36,3.90,15562000
10419,502121,Astra Credit,162500000,519484000,12,6.30,46017000
10420,502122,BCA Finance,137000000,331864000,12,9.21,30202000
10421,502124,BFI Finance,55300000,129737000,36,8.45,4517000
10422,502126,Maybank Finance,90400000,336284000,60,6.21,7345000
10423,502127,Maybank Finance,234000000,573747000,60,4.68,11800000
10424,502128,Adira Finance,112700000,240391000,48,4.95,5999000
10425,502130,Adira Finance,198500000,622012000,12,3.80,53804000
10426,502131,FIFGROUP,71300000,214414000,24,7.57,10286000
10427,502133,BFI Finance,118700000,294553000,48,8.28,8168000
10428,502134,Maybank Finance,103800000,216102000,60,4.44,4401000
10429,502136,Adira Finance,61900000,163874000,24,7.39,7837000
10430,502137,BFI Finance,68700000,201807000,12,3.68,17436000
10431,502138,Astra Credit,286200000,1144923000,36,8.95,40342000
10432,502139,Mandiri Tunas Finance,55500000,149073000,36,7.16,5030000
10433,502140,FIFGROUP,44700000,153435000,24,8.85,7524000
10434,502142,Maybank Finance,124500000,386988000,36,5.88,12645000
10435,502143,Adira Finance,121700000,276679000,36,8.59,9666000
10436,502144,Maybank Finance,60000000,170325000,24,8.19,8259000
10437,502145,BCA Finance,70800000,137325000,60,8.67,3280000
10438,502147,BFI Finance,128400000,258213000,60,5.19,5420000
10439,502148,BFI Finance,43300000,154169000,60,3.84,3062000
10440,502149,Astra Credit,55200000,194661000,60,5.72,4172000
10441,502150,FIFGROUP,109100000,222124000,24,8.27,10785000
10442,502151,Maybank Finance,68500000,134963000,48,4.38,3304000
10443,502152,BFI Finance,96700000,185906000,48,5.24,4684000
10444,502154,Adira Finance,133800000,285669000,36,5.37,9213000
10445,502156,Astra Credit,148900000,321740000,12,8.05,28970000
10446,502158,Maybank Finance,423400000,808700000,48,4.00,19543000
10447,502159,Mandiri Tunas Finance,184300000,675839000,60,8.34,15961000
10448,502160,BFI Finance,205900000,583865000,12,6.97,52046000
10449,502161,Astra Credit,179800000,509288000,36,6.98,17109000
10450,502163,BCA Finance,78500000,196891000,24,6.82,9322000
10451,502164,Mandiri Tunas Finance,213100000,416270000,12,4.27,36170000
10452,502172,FIFGROUP,165800000,528283000,60,7.78,12229000
10453,502173,BFI Finance,90000000,177510000,12,7.85,15953000
10454,502174,Astra Credit,97100000,362440000,36,8.27,12565000
10455,502175,Adira Finance,85400000,243271000,24,7.59,11674000
10456,502176,BCA Finance,78700000,221000000,24,6.39,10385000
10457,502178,BCA Finance,142800000,316185000,48,6.20,8220000
10458,502180,BFI Finance,100000000,216350000,24,4.08,9750000
10459,502181,Astra Credit,63400000,197117000,36,3.98,6129000
10460,502182,BFI Finance,131100000,296250000,48,8.76,8334000
10461,502185,BCA Finance,94000000,217577000,60,6.29,4766000
10462,502186,Adira Finance,53700000,154647000,36,7.46,5257000
10463,502187,Adira Finance,82000000,187064000,48,4.11,4537000
10464,502188,Maybank Finance,47100000,166908000,36,4.22,5223000
10465,502189,Adira Finance,92800000,188474000,60,3.52,3694000
10466,502190,BCA Finance,136600000,294080000,12,8.67,26631000
10467,502191,BFI Finance,65500000,249851000,36,4.32,7839000
10468,502194,Mandiri Tunas Finance,83200000,210062000,48,9.17,5981000
10469,502196,BFI Finance,573400000,1199381000,36,5.96,39273000
10470,502197,Adira Finance,119600000,270343000,60,9.31,6603000
10471,502198,Astra Credit,208000000,499181000,60,7.62,11489000
10472,502199,BCA Finance,86000000,168079000,36,5.67,5463000
10473,502201,BFI Finance,128200000,286940000,12,7.02,25590000
10474,502203,Mandiri Tunas Finance,137500000,450356000,24,5.16,20701000
10475,502205,BCA Finance,66500000,257620000,24,5.05,11818000
10476,502206,FIFGROUP,75800000,194929000,24,9.28,9629000
10477,502207,FIFGROUP,67000000,200732000,60,7.24,4556000
10478,502209,Maybank Finance,442900000,914519000,24,7.74,44003000
10479,502210,Maybank Finance,179200000,488465000,36,5.94,15986000
10480,502213,Mandiri Tunas Finance,115700000,321085000,60,8.81,7708000
10481,502214,Maybank Finance,64300000,208094000,60,6.73,4635000
10482,502216,BCA Finance,82900000,242108000,24,6.55,11409000
10483,502217,BCA Finance,111400000,217826000,36,5.49,7047000
10484,502218,Adira Finance,108600000,384018000,12,8.90,34849000
10485,502221,FIFGROUP,80100000,199176000,60,8.95,4805000
10486,502222,BCA Finance,87000000,185727000,48,9.28,5305000
10487,502223,Adira Finance,181100000,625648000,48,5.29,15792000
10488,502226,BCA Finance,96500000,300325000,36,4.95,9581000
10489,502227,BFI Finance,165700000,423821000,36,9.41,15096000
10490,502228,FIFGROUP,79000000,234020000,60,5.51,4974000
10491,502232,BCA Finance,109700000,217861000,36,5.03,6964000
10492,502233,Mandiri Tunas Finance,162800000,334924000,60,4.99,6974000
10493,502234,Adira Finance,105200000,309385000,60,8.93,7458000
10494,502236,Adira Finance,93300000,220386000,48,4.38,5395000
10495,502237,Adira Finance,527400000,1021605000,60,6.57,22620000
10496,502238,Astra Credit,164000000,430738000,48,4.73,10671000
10497,502239,Maybank Finance,281800000,753830000,24,6.15,35272000
10498,502240,Astra Credit,90000000,207480000,36,8.46,7226000
10499,502242,Mandiri Tunas Finance,85700000,270499000,48,8.27,7499000
10500,502243,FIFGROUP,119100000,308028000,60,8.99,7441000
10501,502246,BFI Finance,63200000,178558000,24,6.32,8380000
10502,502247,Mandiri Tunas Finance,68800000,143987000,60,7.91,3348000
10503,502248,Mandiri Tunas Finance,62200000,158246000,12,9.10,14387000
10504,502249,Mandiri Tunas Finance,75800000,198259000,12,7.55,17768000
10505,502251,FIFGROUP,153600000,318261000,12,8.89,28879000
10506,502252,Adira Finance,52900000,138353000,60,6.82,3092000
10507,502253,Adira Finance,62100000,120717000,36,6.00,3956000
10508,502254,Maybank Finance,278500000,545120000,36,7.35,18481000
10509,502255,BCA Finance,127800000,378360000,24,7.34,18079000
10510,502256,Maybank Finance,149000000,282679000,12,6.48,25083000
10511,502257,BFI Finance,103500000,203637000,48,7.16,5457000
10512,502258,Maybank Finance,99700000,225419000,60,4.61,4622000
10513,502259,BFI Finance,749200000,2111492000,48,8.85,59561000
10514,502261,Mandiri Tunas Finance,94800000,328443000,48,5.68,8397000
10515,502262,Astra Credit,73900000,171299000,12,5.20,15017000
10516,502263,Astra Credit,405200000,1444726000,36,5.02,46175000
10517,502264,Maybank Finance,261200000,703945000,60,8.43,16677000
10518,502267,Adira Finance,142500000,569232000,60,6.34,12494000
10519,502270,Maybank Finance,171800000,429598000,24,4.13,19378000
10520,502271,Mandiri Tunas Finance,64900000,121802000,48,4.00,2943000
10521,502273,BCA Finance,246000000,464955000,24,5.83,21632000
10522,502275,Astra Credit,183600000,441552000,36,8.23,15293000
10523,502276,Astra Credit,70300000,193325000,24,8.53,9429000
10524,502277,Mandiri Tunas Finance,129800000,324523000,60,5.63,6931000
10525,502278,FIFGROUP,94500000,347169000,36,7.79,11897000
10526,502280,Maybank Finance,67500000,212775000,36,8.98,7502000
10527,502281,Astra Credit,153100000,299114000,36,7.88,10272000
10528,502282,Maybank Finance,62100000,237267000,48,7.37,6400000
10529,502283,Adira Finance,74200000,217508000,48,3.89,5236000
10530,502286,Mandiri Tunas Finance,93400000,324515000,48,8.65,9099000
10531,502287,Adira Finance,109600000,217517000,24,4.98,9965000
10532,502289,Astra Credit,212400000,637638000,48,7.67,17359000
10533,502290,Maybank Finance,193600000,392702000,12,6.90,34983000
10534,502291,BCA Finance,111500000,212176000,24,8.55,10352000
10535,502292,Maybank Finance,204000000,615624000,60,3.85,12235000
10536,502294,Mandiri Tunas Finance,51900000,200736000,24,5.85,9342000
10537,502296,Adira Finance,237000000,630243000,60,6.93,14143000
10538,502298,Astra Credit,256900000,675278000,24,6.43,31754000
10539,502299,BFI Finance,438700000,1578281000,60,6.55,34919000
10540,502302,BFI Finance,59700000,125115000,24,3.75,5604000
10541,502304,Astra Credit,62400000,221871000,60,7.06,5003000
10542,502307,BCA Finance,114000000,311574000,60,4.77,6431000
10543,502308,BFI Finance,114600000,312195000,60,6.43,6876000
10544,502309,Maybank Finance,86700000,168045000,48,5.72,4301000
10545,502310,Adira Finance,43500000,153969000,12,7.35,13773000
10546,502311,BCA Finance,83900000,313480000,48,6.40,8202000
10547,502312,Astra Credit,59200000,194990000,12,4.26,16941000
10548,502314,BFI Finance,62500000,158057000,24,6.92,7497000
10549,502315,FIFGROUP,66900000,183294000,36,3.69,5655000
10550,502316,Astra Credit,79300000,223064000,12,4.19,19367000
10551,502317,BCA Finance,77000000,185737000,36,8.74,6512000
10552,502318,Astra Credit,53500000,208793000,12,6.83,18587000
10553,502319,Adira Finance,141300000,289713000,36,4.82,9211000
10554,502320,Adira Finance,83700000,220218000,36,4.27,6900000
10555,502323,Adira Finance,97400000,211069000,24,8.86,10352000
10556,502325,Maybank Finance,100700000,297901000,12,6.04,26324000
10557,502327,Mandiri Tunas Finance,70400000,137725000,36,4.37,4327000
10558,502328,Adira Finance,179000000,659827000,36,9.23,23403000
10559,502331,BFI Finance,207400000,489236000,24,9.18,24127000
10560,502332,BFI Finance,53800000,139118000,60,6.44,3065000
10561,502335,Maybank Finance,147500000,338014000,48,5.91,8706000
10562,502338,Mandiri Tunas Finance,64000000,140351000,60,8.15,3292000
10563,502339,Astra Credit,59000000,119932000,60,7.17,2715000
10564,502340,Adira Finance,94000000,208364000,12,8.24,18794000
10565,502342,Mandiri Tunas Finance,78500000,310444000,48,5.87,7986000
10566,502345,FIFGROUP,80100000,193404000,12,5.88,17064000
10567,502346,Astra Credit,225600000,460269000,48,7.51,12469000
10568,502350,Adira Finance,61000000,171545000,36,4.55,5415000
10569,502352,Mandiri Tunas Finance,50600000,160633000,48,6.04,4155000
10570,502353,Maybank Finance,44100000,169353000,48,8.44,4719000
10571,502354,Astra Credit,60500000,192358000,36,8.92,6773000
10572,502355,BCA Finance,118200000,287505000,24,5.49,13294000
10573,502358,FIFGROUP,51200000,149155000,36,8.01,5138000
10574,502359,Mandiri Tunas Finance,87200000,220381000,36,4.01,6858000
10575,502360,BCA Finance,194000000,432373000,60,4.69,8896000
10576,502361,Astra Credit,58500000,158505000,60,5.91,3422000
10577,502365,Maybank Finance,70300000,253154000,12,6.53,22473000
10578,502366,Maybank Finance,126300000,314481000,36,7.32,10653000
10579,502369,FIFGROUP,85600000,236744000,12,8.22,21350000
10580,502370,BFI Finance,81000000,259215000,12,3.99,22463000
10581,502371,Mandiri Tunas Finance,1134000000,4091436000,24,9.23,201946000
10582,502373,Maybank Finance,187200000,597237000,60,7.86,13865000
10583,502374,Adira Finance,80300000,211630000,60,4.00,4232000
10584,502375,Astra Credit,154200000,290799000,24,3.93,13068000
10585,502376,BFI Finance,68200000,127049000,36,7.51,4324000
10586,502377,Astra Credit,160400000,305800000,48,6.24,7960000
10587,502378,Adira Finance,46000000,141035000,48,5.37,3569000
10588,502380,Mandiri Tunas Finance,135900000,291783000,60,4.83,6037000
10589,502384,Adira Finance,66300000,138495000,36,7.38,4698000
10590,502385,BFI Finance,106300000,214490000,24,7.82,10334000
10591,502386,Adira Finance,635300000,1731442000,36,8.37,60172000
10592,502387,FIFGROUP,63600000,250752000,36,7.26,8482000
10593,502388,Adira Finance,128200000,271844000,60,7.98,6338000
10594,502389,Astra Credit,70600000,227990000,36,8.52,7951000
10595,502390,BFI Finance,86300000,220948000,12,7.25,19747000
10596,502391,Astra Credit,102400000,339824000,12,8.22,30646000
10597,502396,FIFGROUP,125400000,281304000,60,7.81,6519000
10598,502397,BFI Finance,153100000,308216000,24,9.02,15159000
10599,502398,FIFGROUP,89300000,260794000,48,8.40,7258000
10600,502399,Maybank Finance,162400000,547556000,12,5.05,47933000
10601,502401,Mandiri Tunas Finance,74000000,197284000,48,3.87,4746000
10602,502403,Mandiri Tunas Finance,276200000,586048000,60,8.76,14045000
10603,502404,Maybank Finance,147100000,342299000,60,7.98,7981000
10604,502405,Adira Finance,109500000,289101000,60,6.97,6497000
10605,502407,Astra Credit,146000000,365488000,36,8.55,12756000
10606,502408,Maybank Finance,84600000,334869000,24,7.20,15962000
10607,502409,Mandiri Tunas Finance,130000000,318662000,60,6.71,7092000
10608,502410,Astra Credit,76200000,160341000,48,9.48,4607000
10609,502412,Astra Credit,122200000,249650000,48,8.41,6950000
10610,502413,Mandiri Tunas Finance,249200000,464641000,48,7.02,12398000
10611,502415,BFI Finance,43500000,149973000,60,8.27,3533000
10612,502416,Maybank Finance,65200000,211856000,12,7.25,18934000
10613,502417,Mandiri Tunas Finance,175100000,613888000,60,8.72,14692000
10614,502418,Mandiri Tunas Finance,103900000,198908000,36,3.78,6151000
10615,502420,BFI Finance,266600000,537928000,24,7.57,25807000
10616,502421,BCA Finance,149400000,554895000,12,7.66,49783000
10617,502422,Mandiri Tunas Finance,114500000,290872000,60,8.67,6949000
10618,502423,Mandiri Tunas Finance,55600000,195593000,60,3.89,3893000
10619,502424,FIFGROUP,94800000,237534000,48,6.24,6183000
10620,502425,FIFGROUP,86600000,215209000,60,5.96,4655000
10621,502428,Mandiri Tunas Finance,65800000,122900000,60,8.93,2962000
10622,502429,Astra Credit,59700000,142431000,24,6.09,6657000
10623,502431,Adira Finance,75900000,194829000,48,7.56,5286000
10624,502432,Adira Finance,113600000,219511000,60,3.83,4359000
10625,502433,BCA Finance,74400000,186339000,48,3.92,4490000
10626,502434,BFI Finance,114200000,245440000,12,8.13,22116000
10627,502435,BCA Finance,124800000,366264000,24,4.59,16661000
10628,502436,Maybank Finance,78000000,309612000,60,6.62,6868000
10629,502437,Mandiri Tunas Finance,39400000,129209000,36,7.98,4448000
10630,502438,FIFGROUP,57800000,165421000,48,6.18,4298000
10631,502439,FIFGROUP,278100000,548184000,60,7.09,12375000
10632,502440,FIFGROUP,40000000,128387000,48,5.80,3295000
10633,502442,Mandiri Tunas Finance,313600000,812606000,48,3.86,19543000
10634,502444,Astra Credit,141600000,266547000,12,7.74,23931000
10635,502446,FIFGROUP,129700000,329618000,60,4.17,6639000
10636,502450,BCA Finance,91500000,196545000,12,4.77,17160000
10637,502451,Astra Credit,52500000,174717000,48,9.44,5014000
10638,502452,BCA Finance,226100000,622939000,36,8.41,21669000
10639,502454,BCA Finance,171000000,660057000,24,6.19,30907000
10640,502457,FIFGROUP,48200000,160924000,48,4.22,3918000
10641,502458,Adira Finance,102600000,217857000,48,5.87,5604000
10642,502459,Maybank Finance,63500000,189025000,24,7.31,9027000
10643,502460,Adira Finance,92800000,222329000,60,7.63,5119000
10644,502462,Astra Credit,95900000,287050000,48,5.62,7324000
10645,502464,Mandiri Tunas Finance,124000000,264278000,12,4.63,23042000
10646,502465,Maybank Finance,91300000,181871000,48,6.68,4801000
10647,502466,Mandiri Tunas Finance,156000000,314862000,60,4.10,6323000
10648,502467,Adira Finance,110300000,297292000,12,3.62,25671000
10649,502469,Adira Finance,52800000,129018000,36,4.37,4053000
10650,502472,BCA Finance,60500000,142963000,48,9.19,4073000
10651,502473,Maybank Finance,81200000,171769000,60,6.43,3783000
10652,502474,Mandiri Tunas Finance,99100000,214364000,60,5.28,4515000
10653,502475,BCA Finance,131600000,377002000,48,7.73,10282000
10654,502478,BFI Finance,57100000,203195000,48,4.31,4963000
10655,502479,FIFGROUP,64200000,138597000,60,4.92,2878000
10656,502480,FIFGROUP,262600000,522392000,36,7.14,17619000
10657,502481,BFI Finance,129100000,442439000,24,4.14,19961000
10658,502482,Mandiri Tunas Finance,190500000,592494000,24,7.23,28257000
10659,502483,Astra Credit,84300000,182988000,36,4.42,5757000
10660,502484,BFI Finance,99300000,208725000,12,5.09,18279000
10661,502486,Maybank Finance,90100000,219479000,48,6.41,5744000
10662,502487,Maybank Finance,204400000,625103000,36,4.99,19963000
10663,502488,BFI Finance,81500000,159814000,12,6.59,14195000
10664,502489,Adira Finance,210200000,592996000,24,6.51,27925000
10665,502490,Maybank Finance,96500000,244603000,36,7.75,8374000
10666,502491,FIFGROUP,70600000,229100000,36,7.87,7866000
10667,502492,FIFGROUP,108000000,229662000,48,6.95,6114000
10668,502493,Mandiri Tunas Finance,145400000,335008000,48,8.12,9246000
10669,502494,BCA Finance,84100000,172754000,48,4.29,4216000
10670,502495,Mandiri Tunas Finance,155500000,313697000,36,5.77,10222000
10671,502496,FIFGROUP,56800000,130013000,36,3.53,3993000
10672,502499,FIFGROUP,158200000,487376000,60,5.36,10299000
10673,502500,BFI Finance,187100000,407083000,12,5.00,35619000
10674,502501,Adira Finance,109300000,303953000,60,8.60,7244000
10675,502503,BFI Finance,106200000,210039000,24,5.19,9660000
10676,502505,FIFGROUP,99300000,380331000,48,4.30,9286000
10677,502507,Maybank Finance,159500000,471979000,24,5.56,21852000
10678,502508,BFI Finance,258100000,577286000,60,8.90,13902000
10679,502511,Astra Credit,132400000,465668000,48,9.49,13384000
10680,502512,Maybank Finance,64500000,152172000,60,9.30,3715000
10681,502513,Maybank Finance,79900000,312596000,24,8.02,15114000
10682,502514,BFI Finance,122400000,440259000,60,8.39,10415000
10683,502515,Mandiri Tunas Finance,93400000,302426000,60,6.76,6744000
10684,502517,Mandiri Tunas Finance,138300000,331785000,12,6.67,29492000
10685,502518,Mandiri Tunas Finance,89000000,203707000,48,7.97,5596000
10686,502520,BFI Finance,236400000,574899000,48,3.93,13859000
10687,502521,Mandiri Tunas Finance,50800000,197840000,36,6.39,6549000
10688,502522,Maybank Finance,287800000,951626000,48,5.18,23933000
10689,502523,FIFGROUP,219400000,559154000,24,5.40,25814000
10690,502525,FIFGROUP,49200000,178794000,36,9.16,6331000
10691,502526,Mandiri Tunas Finance,60400000,218432000,48,7.08,5839000
10692,502527,BFI Finance,149900000,432850000,36,8.78,15190000
10693,502530,Astra Credit,199800000,528138000,24,6.29,24774000
10694,502531,Maybank Finance,84600000,163263000,48,6.78,4323000
10695,502532,BFI Finance,191300000,680605000,36,6.06,22342000
10696,502534,BFI Finance,51100000,194432000,24,8.75,9519000
10697,502535,BCA Finance,317900000,739930000,36,7.63,25258000
10698,502537,FIFGROUP,139000000,321539000,60,9.32,7856000
10699,502539,Maybank Finance,144400000,350105000,24,9.03,17222000
10700,502541,Maybank Finance,64700000,141649000,36,4.35,4448000
10701,502542,Adira Finance,129700000,299204000,12,7.72,26858000
10702,502544,Maybank Finance,224800000,590939000,60,5.69,12651000
10703,502545,Maybank Finance,53600000,189934000,48,4.44,4659000
10704,502547,Maybank Finance,138000000,314214000,60,6.84,7027000
10705,502548,FIFGROUP,138700000,272333000,24,6.31,12779000
10706,502549,BFI Finance,179800000,656141000,36,5.24,21091000
10707,502550,Maybank Finance,61200000,203202000,24,4.44,9218000
10708,502552,BFI Finance,79800000,179274000,24,6.50,8440000
10709,502556,Mandiri Tunas Finance,769200000,1591659000,12,3.96,137890000
10710,502557,Astra Credit,89900000,185047000,24,5.95,8627000
10711,502560,FIFGROUP,88200000,350028000,48,9.22,9981000
10712,502562,BFI Finance,165700000,514508000,60,4.96,10701000
10713,502563,Mandiri Tunas Finance,135400000,315149000,24,7.92,15211000
10714,502564,Astra Credit,209800000,490055000,24,8.23,23779000
10715,502565,BFI Finance,88500000,306549000,12,4.74,26756000
10716,502566,Maybank Finance,57500000,162169000,12,8.09,14607000
10717,502567,Adira Finance,78500000,225085000,24,7.15,10719000
10718,502568,Adira Finance,112300000,384425000,36,5.66,12491000
10719,502571,Maybank Finance,145700000,294637000,12,8.70,26689000
10720,502572,Adira Finance,249000000,632451000,24,8.74,30958000
10721,502573,FIFGROUP,103400000,219832000,24,7.26,10489000
10722,502574,BFI Finance,265000000,564170000,36,7.24,19075000
10723,502577,Astra Credit,62900000,195841000,12,5.08,17149000
10724,502578,BCA Finance,42500000,168400000,12,4.96,14729000
10725,502581,Adira Finance,181600000,526580000,12,6.52,46742000
10726,502582,Astra Credit,124500000,367674000,48,5.65,9391000
10727,502584,BCA Finance,101800000,194126000,12,6.24,17186000
10728,502585,Maybank Finance,91000000,203705000,36,4.15,6362000
10729,502587,Adira Finance,71600000,225991000,36,5.40,7294000
10730,502589,Adira Finance,97000000,204365000,48,5.41,5178000
10731,502590,Astra Credit,106800000,208107000,60,5.59,4437000
10732,502591,BFI Finance,60800000,138778000,12,8.96,12601000
10733,502594,Adira Finance,127500000,244017000,12,6.87,21731000
10734,502597,Adira Finance,98200000,201722000,48,4.23,4913000
10735,502598,BFI Finance,135900000,288675000,24,6.36,13558000
10736,502600,Mandiri Tunas Finance,103700000,374932000,48,7.44,10135000
10737,502602,BFI Finance,259900000,533195000,24,6.51,25109000
10738,502605,FIFGROUP,551700000,1051695000,36,6.00,34472000
10739,502607,BCA Finance,109500000,294318000,12,5.49,25873000
10740,502608,Astra Credit,72000000,244461000,12,7.26,21850000
10741,502610,FIFGROUP,84100000,235691000,12,8.69,21347000
10742,502611,BCA Finance,206500000,493244000,36,4.46,15534000
10743,502612,Astra Credit,76700000,289822000,36,7.00,9741000
10744,502614,Adira Finance,92300000,177763000,60,4.76,3667000
10745,502616,Mandiri Tunas Finance,241100000,581632000,24,6.49,27380000
10746,502618,Astra Credit,42500000,146755000,12,7.66,13166000
10747,502619,Astra Credit,65300000,242170000,12,7.40,21674000
10748,502620,Mandiri Tunas Finance,187700000,470086000,60,5.01,9797000
10749,502621,FIFGROUP,445100000,1454554000,24,6.30,68242000
10750,502623,Astra Credit,217300000,488993000,24,3.95,21984000
10751,502624,FIFGROUP,140600000,372442000,12,6.54,33066000
10752,502627,BCA Finance,77400000,305661000,60,6.16,6663000
10753,502629,Mandiri Tunas Finance,100900000,211565000,24,7.32,10105000
10754,502631,Adira Finance,108600000,210636000,12,5.76,18564000
10755,502632,Adira Finance,68200000,245375000,36,8.20,8492000
10756,502633,FIFGROUP,56500000,193916000,48,3.51,4607000
10757,502634,Mandiri Tunas Finance,213800000,464410000,12,5.91,40988000
10758,502635,BFI Finance,51800000,142006000,48,7.74,3874000
10759,502636,BCA Finance,92000000,223351000,36,8.05,7702000
10760,502638,Adira Finance,167500000,639692000,48,7.69,17426000
10761,502639,Adira Finance,236200000,593525000,60,4.52,12127000
10762,502641,BCA Finance,212200000,631400000,24,7.50,30254000
10763,502644,Mandiri Tunas Finance,111000000,345099000,48,6.57,9078000
10764,502647,BFI Finance,198200000,375337000,24,3.94,16871000
10765,502648,BCA Finance,74400000,198105000,12,3.77,17131000
10766,502649,Maybank Finance,104600000,224737000,12,5.97,19846000
10767,502650,BFI Finance,142700000,346144000,36,4.97,11048000
10768,502651,BCA Finance,248900000,474709000,36,3.88,14721000
10769,502652,Maybank Finance,115000000,221996000,36,5.82,7243000
10770,502653,Maybank Finance,72100000,255572000,60,7.38,5831000
10771,502654,BFI Finance,98000000,309814000,48,4.12,7518000
10772,502657,Astra Credit,141200000,328663000,48,6.03,8498000
10773,502658,BCA Finance,52000000,156458000,36,5.05,5004000
10774,502659,BCA Finance,157400000,543454000,60,4.84,11249000
10775,502660,FIFGROUP,113300000,283636000,60,3.82,5630000
10776,502661,Astra Credit,245300000,573880000,24,7.67,27579000
10777,502662,Astra Credit,62900000,194731000,36,8.03,6712000
10778,502663,Astra Credit,44100000,171795000,12,3.56,14825000
10779,502664,BCA Finance,72200000,230719000,60,5.76,4952000
10780,502665,BCA Finance,196000000,413945000,60,4.90,8589000
10781,502667,Mandiri Tunas Finance,151100000,563074000,36,5.34,18146000
10782,502668,Adira Finance,37100000,140944000,12,8.35,12726000
10783,502669,FIFGROUP,140600000,284086000,24,8.28,13797000
10784,502670,BCA Finance,61800000,238899000,48,8.91,6750000
10785,502671,FIFGROUP,128700000,450498000,36,6.81,15070000
10786,502672,Adira Finance,82600000,216212000,48,4.68,5347000
10787,502673,Astra Credit,131100000,323556000,12,7.24,28915000
10788,502674,Maybank Finance,177700000,639371000,60,5.23,13442000
10789,502675,BCA Finance,84800000,200137000,36,9.35,7118000
10790,502676,Adira Finance,155900000,456265000,48,5.95,11767000
10791,502677,BCA Finance,106200000,321372000,60,7.12,7263000
10792,502679,FIFGROUP,86900000,173284000,12,3.76,14983000
10793,502680,BCA Finance,61100000,204856000,48,7.82,5602000
10794,502686,FIFGROUP,237200000,558781000,24,5.13,25671000
10795,502688,Maybank Finance,69800000,181171000,60,6.10,3940000
10796,502690,BFI Finance,148400000,373633000,60,4.04,7485000
10797,502691,Adira Finance,87600000,207327000,24,8.55,10115000
10798,502692,Mandiri Tunas Finance,770300000,2741518000,48,4.87,68240000
10799,502693,FIFGROUP,56900000,113152000,48,6.01,2924000
10800,502696,FIFGROUP,113500000,298421000,12,7.38,26703000
10801,502697,Maybank Finance,57800000,117913000,36,3.55,3624000
10802,502698,Maybank Finance,68400000,254277000,24,8.78,12455000
10803,502699,Astra Credit,70000000,247682000,48,6.04,6406000
10804,502700,BFI Finance,93800000,299473000,24,8.94,14709000
10805,502702,Astra Credit,67200000,177555000,24,9.25,8766000
10806,502703,FIFGROUP,271700000,524170000,36,9.48,18701000
10807,502705,BFI Finance,255800000,943111000,24,6.34,44279000
10808,502706,Adira Finance,72600000,184920000,48,6.59,4868000
10809,502708,Astra Credit,72500000,217210000,36,5.14,6963000
10810,502709,Maybank Finance,359400000,909552000,24,8.30,44189000
10811,502710,FIFGROUP,106400000,326611000,36,6.52,10847000
10812,502711,FIFGROUP,653500000,1406327000,48,4.64,34736000
10813,502713,BCA Finance,88400000,346720000,24,6.07,16200000
10814,502715,Mandiri Tunas Finance,93400000,215957000,60,4.64,4434000
10815,502717,Maybank Finance,321700000,1176134000,12,8.18,106028000
10816,502718,FIFGROUP,73100000,170323000,36,5.30,5483000
10817,502720,Astra Credit,126300000,276297000,36,6.26,9116000
10818,502721,BFI Finance,141100000,311558000,36,8.61,10889000
10819,502722,BCA Finance,284400000,591168000,60,5.65,12636000
10820,502723,FIFGROUP,87200000,324055000,48,8.31,8995000
10821,502725,Mandiri Tunas Finance,185000000,550930000,12,3.51,47522000
10822,502726,BCA Finance,132600000,521190000,48,7.32,14037000
10823,502727,BFI Finance,65400000,248064000,36,4.95,7913000
10824,502729,Astra Credit,128600000,333715000,36,4.28,10460000
10825,502730,BCA Finance,71200000,239822000,48,5.59,6113000
10826,502731,FIFGROUP,354800000,1278010000,12,7.11,114073000
10827,502732,Astra Credit,53700000,207594000,12,8.47,18764000
10828,502733,BCA Finance,56900000,130468000,60,8.19,3064000
10829,502734,Adira Finance,85300000,223280000,48,9.11,6346000
10830,502735,FIFGROUP,64100000,125932000,48,4.46,3091000
10831,502736,Astra Credit,119800000,300113000,12,7.17,26802000
10832,502737,BFI Finance,131200000,325343000,48,7.81,8895000
10833,502738,Maybank Finance,150800000,305410000,12,8.93,27723000
10834,502739,BCA Finance,59700000,132663000,12,4.53,11556000
10835,502740,BCA Finance,91600000,225416000,60,4.83,4664000
10836,502741,Adira Finance,287600000,577090000,12,8.56,52207000
10837,502742,Mandiri Tunas Finance,205100000,638722000,48,4.09,15483000
10838,502743,BCA Finance,75100000,193409000,36,5.26,6220000
10839,502745,Mandiri Tunas Finance,83100000,204612000,36,5.06,6546000
10840,502746,Astra Credit,37600000,136115000,36,8.64,4761000
10841,502747,FIFGROUP,113900000,362623000,60,7.28,8243000
10842,502748,FIFGROUP,106900000,248855000,36,7.16,8397000
10843,502752,Adira Finance,62800000,144770000,48,6.21,3765000
10844,502753,BCA Finance,59400000,185688000,24,4.31,8403000
10845,502755,Astra Credit,82800000,204912000,36,6.40,6784000
10846,502756,FIFGROUP,86900000,208138000,48,4.71,5153000
10847,502760,Maybank Finance,123900000,275589000,48,8.16,7615000
10848,502762,Astra Credit,59500000,158060000,24,7.18,7531000
10849,502763,Astra Credit,62400000,127410000,12,9.34,11609000
10850,502764,Adira Finance,98900000,299923000,36,8.98,10575000
10851,502767,BFI Finance,72900000,266427000,12,6.28,23596000
10852,502768,BCA Finance,103400000,206290000,12,8.84,18710000
10853,502769,Maybank Finance,60500000,221551000,36,4.04,6900000
10854,502771,Adira Finance,120800000,342292000,36,9.05,12089000
10855,502772,Astra Credit,54600000,161961000,24,8.04,7833000
10856,502773,Maybank Finance,104500000,380681000,12,7.73,34175000
10857,502774,BCA Finance,187500000,645777000,12,8.02,58130000
10858,502776,Astra Credit,114200000,324583000,60,4.44,6610000
10859,502777,BFI Finance,65900000,160540000,60,5.08,3355000
10860,502778,Mandiri Tunas Finance,99900000,228882000,36,7.57,7801000
10861,502779,FIFGROUP,71900000,171967000,48,6.16,4465000
10862,502780,FIFGROUP,82800000,162732000,12,6.83,14487000
10863,502781,Mandiri Tunas Finance,101300000,299299000,12,4.26,26004000
10864,502782,FIFGROUP,214700000,598375000,48,3.54,14231000
10865,502783,Mandiri Tunas Finance,76200000,292320000,60,6.16,6372000
10866,502784,FIFGROUP,64800000,230682000,12,6.77,20524000
10867,502785,Maybank Finance,46900000,184202000,36,6.24,6074000
10868,502786,BCA Finance,285300000,592044000,48,3.79,14204000
10869,502788,FIFGROUP,132500000,356011000,60,9.09,8630000
10870,502790,FIFGROUP,109200000,283074000,36,4.13,8837000
10871,502791,BFI Finance,123000000,284148000,24,5.46,13132000
10872,502792,BFI Finance,108400000,313400000,24,8.34,15236000
10873,502793,BFI Finance,139600000,441707000,12,7.07,39411000
10874,502795,Mandiri Tunas Finance,212000000,591751000,12,7.12,52823000
10875,502798,BFI Finance,87400000,334289000,36,8.68,11703000
10876,502799,BCA Finance,173700000,563451000,48,4.90,14039000
10877,502801,Maybank Finance,125700000,489684000,24,8.42,23839000
10878,502802,Mandiri Tunas Finance,44100000,152037000,12,6.34,13473000
10879,502803,Astra Credit,57900000,224817000,12,6.70,19989000
10880,502804,BFI Finance,137500000,546149000,48,8.50,15246000
10881,502805,FIFGROUP,59400000,169260000,36,3.71,5224000
10882,502806,Astra Credit,201500000,659305000,36,8.20,22819000
10883,502807,Mandiri Tunas Finance,67400000,137617000,24,7.63,6609000
10884,502808,BFI Finance,104800000,377051000,36,7.86,12943000
10885,502809,Mandiri Tunas Finance,73300000,163907000,48,7.56,4447000
10886,502810,Mandiri Tunas Finance,180900000,669138000,36,5.51,21659000
10887,502811,Adira Finance,55200000,189888000,48,7.70,5174000
10888,502812,FIFGROUP,184900000,433592000,60,7.97,10106000
10889,502813,Maybank Finance,66500000,259063000,48,5.64,6614000
10890,502814,FIFGROUP,170300000,522007000,60,8.14,12241000
10891,502815,BCA Finance,91100000,306946000,60,5.51,6525000
10892,502816,Maybank Finance,56400000,133743000,12,6.18,11834000
10893,502817,Mandiri Tunas Finance,68900000,181516000,60,5.42,3845000
10894,502819,BFI Finance,82400000,227956000,24,6.99,10826000
10895,502821,BFI Finance,95700000,227865000,36,6.42,7548000
10896,502822,Astra Credit,115400000,346471000,36,6.28,11437000
10897,502823,BFI Finance,398800000,1028327000,24,4.27,46506000
10898,502825,Mandiri Tunas Finance,71400000,220863000,48,7.27,5939000
10899,502828,FIFGROUP,209800000,593729000,24,5.17,27296000
10900,502830,BFI Finance,149000000,369481000,12,5.62,32520000
10901,502832,FIFGROUP,76200000,243702000,60,9.06,5901000
10902,502833,Adira Finance,166600000,407270000,60,8.21,9574000
10903,502835,Mandiri Tunas Finance,709400000,2206459000,24,8.07,106774000
10904,502836,BFI Finance,148600000,368549000,36,4.20,11527000
10905,502837,BCA Finance,70500000,193125000,60,9.32,4718000
10906,502838,BCA Finance,369700000,1170869000,36,4.27,36690000
10907,502839,Astra Credit,135900000,311652000,36,8.67,10908000
10908,502840,Mandiri Tunas Finance,83500000,326978000,24,7.74,15733000
10909,502845,FIFGROUP,49100000,124171000,36,5.57,4025000
10910,502846,FIFGROUP,51500000,120439000,60,4.05,2413000
10911,502849,Mandiri Tunas Finance,438200000,824536000,36,6.79,27569000
10912,502850,FIFGROUP,91500000,214305000,12,5.14,18776000
10913,502851,Adira Finance,225400000,501539000,12,9.44,45740000
10914,502854,Mandiri Tunas Finance,172300000,332195000,60,4.71,6840000
10915,502855,FIFGROUP,207900000,479967000,48,8.74,13495000
10916,502856,BCA Finance,92000000,212473000,48,8.39,5912000
10917,502858,Astra Credit,75800000,192265000,36,6.19,6332000
10918,502859,Maybank Finance,508500000,1214331000,60,9.40,29751000
10919,502860,Mandiri Tunas Finance,276700000,553025000,60,4.40,11244000
10920,502861,BCA Finance,129400000,464894000,36,9.10,16439000
10921,502863,BFI Finance,326100000,811428000,48,4.81,20157000
10922,502864,Astra Credit,57400000,197900000,48,8.93,5595000
10923,502865,Mandiri Tunas Finance,90100000,195614000,60,3.76,3873000
10924,502866,BFI Finance,109500000,207738000,48,7.00,5539000
10925,502867,BFI Finance,253000000,766202000,60,5.93,16556000
10926,502870,Astra Credit,250500000,618297000,48,4.90,15405000
10927,502871,FIFGROUP,329400000,1057989000,24,6.84,50113000
10928,502876,BCA Finance,246400000,564011000,12,8.55,51019000
10929,502879,Maybank Finance,106700000,214867000,12,6.60,19087000
10930,502880,Mandiri Tunas Finance,75300000,212745000,24,3.62,9506000
10931,502881,Adira Finance,197700000,635466000,60,6.62,14096000
10932,502882,Maybank Finance,383000000,1217065000,48,9.30,34787000
10933,502883,Astra Credit,80700000,224550000,36,8.29,7788000
10934,502884,Maybank Finance,61900000,118142000,36,3.73,3648000
10935,502887,Mandiri Tunas Finance,42900000,154458000,24,9.10,7607000
10936,502889,Maybank Finance,68400000,260160000,36,5.79,8481000
10937,502892,BFI Finance,80600000,234085000,48,5.39,5928000
10938,502893,BFI Finance,199400000,389344000,60,9.08,9435000
10939,502895,Mandiri Tunas Finance,158800000,311396000,60,9.10,7551000
10940,502897,Mandiri Tunas Finance,52500000,193143000,36,7.95,6644000
10941,502900,BFI Finance,148500000,330465000,36,4.78,10495000
10942,502901,BCA Finance,120400000,292298000,60,5.57,6228000
10943,502903,BCA Finance,108700000,345401000,60,7.95,8044000
10944,502904,FIFGROUP,111700000,215972000,60,3.91,4303000
10945,502905,Mandiri Tunas Finance,43300000,164381000,24,5.98,7668000
10946,502906,FIFGROUP,120600000,282996000,60,5.53,6020000
10947,502909,BFI Finance,42000000,166347000,12,4.16,14438000
10948,502910,Astra Credit,100000000,363536000,12,8.84,32972000
10949,502911,FIFGROUP,52800000,165204000,24,7.07,7856000
10950,502912,FIFGROUP,95500000,183998000,12,5.66,16201000
10951,502913,Maybank Finance,123200000,299488000,24,4.59,13624000
10952,502915,Astra Credit,92900000,207688000,48,6.25,5408000
10953,502916,Maybank Finance,252300000,572763000,12,5.73,50465000
10954,502917,FIFGROUP,92300000,300196000,36,9.22,10645000
10955,502918,FIFGROUP,197600000,596383000,48,6.98,15893000
10956,502919,FIFGROUP,97200000,355347000,12,6.04,31400000
10957,502921,Adira Finance,73000000,221483000,48,4.92,5522000
10958,502923,FIFGROUP,142600000,295295000,60,6.88,6614000
10959,502924,Maybank Finance,106500000,259911000,60,8.31,6131000
10960,502926,Maybank Finance,76900000,171962000,12,4.77,15013000
10961,502928,BCA Finance,190100000,519856000,48,7.40,14036000
10962,502931,Astra Credit,50000000,129043000,36,4.17,4032000
10963,502932,Mandiri Tunas Finance,111200000,285292000,12,4.99,24960000
10964,502933,Astra Credit,108000000,226554000,48,9.00,6419000
10965,502937,Astra Credit,210400000,622433000,24,8.70,30447000
10966,502939,FIFGROUP,278900000,549604000,36,5.15,17625000
10967,502940,Adira Finance,162400000,321449000,48,7.90,8813000
10968,502942,FIFGROUP,122400000,282195000,36,8.87,9924000
10969,502943,Astra Credit,69100000,251912000,24,7.88,12150000
10970,502944,Mandiri Tunas Finance,50000000,156682000,12,4.79,13682000
10971,502945,Mandiri Tunas Finance,77000000,183184000,48,8.33,5087000
10972,502946,Mandiri Tunas Finance,72800000,233782000,12,5.35,20524000
10973,502948,FIFGROUP,103100000,215248000,24,8.10,10421000
10974,502950,BFI Finance,238800000,789393000,48,5.19,19859000
10975,502951,Astra Credit,188300000,425974000,12,8.86,38642000
10976,502952,Maybank Finance,62600000,244648000,24,8.88,12004000
10977,502953,FIFGROUP,117400000,274541000,36,6.54,9122000
10978,502954,Adira Finance,95400000,304200000,24,4.22,13744000
10979,502957,BCA Finance,64700000,155635000,36,4.86,4953000
10980,502958,Astra Credit,230100000,554892000,12,6.38,49191000
10981,502961,BFI Finance,135300000,313473000,60,3.80,6217000
10982,502962,FIFGROUP,72000000,227256000,12,7.18,20297000
10983,502963,FIFGROUP,131900000,285571000,12,6.41,25323000
10984,502967,Adira Finance,73300000,232172000,12,4.86,20287000
10985,502968,FIFGROUP,409100000,1449928000,12,5.21,127122000
10986,502969,Maybank Finance,163100000,637765000,48,7.47,17256000
10987,502970,Astra Credit,65500000,216218000,24,5.78,10050000
10988,502971,Maybank Finance,77300000,180664000,12,7.03,16113000
10989,502972,BCA Finance,146200000,273824000,36,5.05,8758000
10990,502975,Maybank Finance,41800000,144458000,24,7.00,6861000
10991,502976,FIFGROUP,123500000,354910000,48,7.09,9490000
10992,502978,Astra Credit,63600000,147300000,12,7.17,13155000
10993,502980,FIFGROUP,178100000,662947000,24,7.99,32036000
10994,502982,Mandiri Tunas Finance,130400000,291733000,12,7.61,26161000
10995,502983,Adira Finance,90000000,329469000,12,3.64,28455000
10996,502985,Mandiri Tunas Finance,96300000,206730000,12,3.74,17871000
10997,502988,Maybank Finance,468000000,908289000,60,9.20,22101000
10998,502989,Mandiri Tunas Finance,70600000,261845000,48,7.01,6984000
10999,502990,BCA Finance,277400000,554323000,48,7.57,15045000
11000,502992,Adira Finance,161800000,525401000,36,3.81,16262000
11001,502994,Astra Credit,195600000,543549000,24,4.99,24908000
11002,502998,Maybank Finance,137500000,355895000,24,4.36,16122000
11003,502999,FIFGROUP,57600000,213684000,12,8.19,19265000
11004,503001,Maybank Finance,147200000,336649000,24,5.60,15598000
11005,503002,Adira Finance,161500000,313913000,24,9.46,15554000
11006,503003,Astra Credit,136900000,519221000,48,6.63,13685000
11007,503006,BFI Finance,105900000,207342000,48,7.74,5656000
11008,503007,BCA Finance,109000000,386837000,12,3.87,33483000
11009,503010,BCA Finance,153300000,350529000,24,4.82,16013000
11010,503011,Maybank Finance,256300000,936617000,60,6.42,20621000
11011,503012,BCA Finance,97200000,218595000,36,6.82,7314000
11012,503013,Maybank Finance,156800000,622753000,24,5.00,28542000
11013,503014,BFI Finance,107000000,398161000,60,4.32,8069000
11014,503015,FIFGROUP,49300000,195566000,24,8.46,9527000
11015,503016,BFI Finance,108200000,277303000,48,6.59,7300000
11016,503020,Maybank Finance,894800000,3433867000,36,4.75,108977000
11017,503021,Maybank Finance,167500000,326006000,36,8.06,11245000
11018,503022,FIFGROUP,99400000,202964000,48,6.93,5400000
11019,503023,FIFGROUP,81100000,225482000,12,6.57,20024000
11020,503026,Adira Finance,121300000,356999000,60,4.13,7178000
11021,503030,FIFGROUP,109800000,210435000,24,5.89,9801000
11022,503031,Maybank Finance,77200000,181097000,60,8.31,4272000
11023,503032,BCA Finance,63500000,122536000,36,8.90,4312000
11024,503033,BCA Finance,146200000,573857000,36,4.37,18030000
11025,503035,Astra Credit,143100000,352959000,48,5.13,8862000
11026,503036,BFI Finance,198400000,584594000,48,3.83,14044000
11027,503037,Adira Finance,57000000,131700000,60,5.24,2770000
11028,503038,BCA Finance,159800000,593113000,24,8.09,28711000
11029,503039,BCA Finance,92100000,192615000,48,4.89,4797000
11030,503040,FIFGROUP,200100000,737073000,36,4.76,23397000
11031,503041,Adira Finance,57800000,222697000,36,8.55,7772000
11032,503042,Adira Finance,190400000,394792000,60,6.62,8757000
11033,503043,Mandiri Tunas Finance,50600000,130108000,60,7.83,3017000
11034,503044,Adira Finance,37700000,138790000,12,4.80,12120000
11035,503047,BFI Finance,185300000,384907000,48,8.80,10841000
11036,503048,FIFGROUP,116500000,342929000,60,7.92,7978000
11037,503049,BFI Finance,121300000,339905000,36,6.17,11189000
11038,503050,BFI Finance,66400000,242291000,24,4.28,10959000
11039,503051,BCA Finance,102000000,332565000,24,8.88,16317000
11040,503052,BFI Finance,63100000,232604000,12,4.52,20259000
11041,503053,Mandiri Tunas Finance,119200000,361319000,60,9.32,8828000
11042,503055,Astra Credit,120400000,283196000,48,8.13,7818000
11043,503056,Astra Credit,254600000,597658000,48,9.20,17033000
11044,503057,BFI Finance,122300000,386080000,60,7.77,8934000
11045,503058,Astra Credit,212500000,642311000,48,8.22,17781000
11046,503059,Astra Credit,87600000,212877000,12,8.32,19215000
11047,503060,Maybank Finance,51700000,180290000,60,8.91,4343000
11048,503061,Astra Credit,119500000,379112000,12,6.93,33782000
11049,503066,FIFGROUP,252600000,471897000,48,6.31,12312000
11050,503067,Maybank Finance,177200000,691597000,48,8.01,19024000
11051,503069,BCA Finance,634100000,1329268000,36,7.44,45165000
11052,503071,BFI Finance,398000000,1347919000,12,5.31,118291000
11053,503073,BFI Finance,96800000,333325000,12,5.09,29190000
11054,503076,Mandiri Tunas Finance,74300000,245047000,60,7.39,5593000
11055,503078,Adira Finance,90200000,210832000,48,6.06,5457000
11056,503079,Maybank Finance,253900000,576047000,36,8.45,20057000
11057,503080,Astra Credit,208200000,496428000,24,6.14,23224000
11058,503081,BFI Finance,59700000,236337000,24,4.44,10721000
11059,503082,FIFGROUP,63700000,193931000,12,8.48,17531000
11060,503083,BFI Finance,132800000,296437000,48,9.12,8428000
11061,503085,BCA Finance,225100000,481970000,36,5.52,15605000
11062,503088,Astra Credit,78400000,229847000,36,6.24,7579000
11063,503089,Astra Credit,72200000,249478000,60,7.55,5727000
11064,503090,Adira Finance,175600000,652460000,60,7.01,14685000
11065,503091,Maybank Finance,60300000,122961000,48,3.64,2934000
11066,503093,BCA Finance,734900000,1564021000,24,5.45,72270000
11067,503095,FIFGROUP,214700000,414226000,60,8.95,9993000
11068,503096,Adira Finance,139600000,338144000,60,5.45,7171000
11069,503097,Mandiri Tunas Finance,82400000,207421000,48,6.98,5527000
11070,503098,Maybank Finance,97800000,373839000,36,9.38,13306000
11071,503099,FIFGROUP,53900000,128029000,60,4.77,2642000
11072,503101,Adira Finance,137100000,329322000,24,6.11,15398000
11073,503102,BFI Finance,89600000,228970000,24,5.26,10544000
11074,503103,BCA Finance,90900000,237993000,36,5.48,7697000
11075,503104,FIFGROUP,156100000,351503000,36,6.30,11609000
11076,503105,Maybank Finance,200600000,620578000,12,8.93,56332000
11077,503106,Maybank Finance,492500000,1567438000,24,5.81,72898000
11078,503107,Adira Finance,272100000,545526000,36,7.60,18608000
11079,503110,BCA Finance,41100000,161475000,24,3.83,7243000
11080,503112,BFI Finance,61400000,242962000,12,8.35,21937000
11081,503113,Astra Credit,242000000,596605000,36,9.40,21245000
11082,503114,Mandiri Tunas Finance,94900000,309917000,12,6.29,27450000
11083,503116,Adira Finance,68500000,245297000,48,4.60,6050000
11084,503118,Adira Finance,103700000,310663000,24,5.41,14344000
11085,503120,Adira Finance,99200000,379765000,24,3.97,17079000
11086,503121,Maybank Finance,94200000,340143000,24,9.27,16800000
11087,503124,BFI Finance,226900000,573077000,12,6.85,51027000
11088,503125,Astra Credit,63800000,140995000,24,4.27,6376000
11089,503126,Maybank Finance,56000000,139138000,12,6.20,12313000
11090,503127,Astra Credit,134900000,335740000,12,4.44,29220000
11091,503131,Maybank Finance,47200000,152378000,36,4.69,4828000
11092,503132,Maybank Finance,151800000,556380000,60,4.58,11396000
11093,503133,FIFGROUP,57200000,134719000,60,5.53,2866000
11094,503134,Maybank Finance,43700000,148996000,24,8.98,7323000
11095,503137,BFI Finance,732800000,1725628000,60,4.25,34872000
11096,503140,BCA Finance,49300000,167705000,24,7.29,8006000
11097,503144,BCA Finance,679400000,1362334000,48,3.98,32900000
11098,503145,Adira Finance,57700000,130001000,48,6.25,3385000
11099,503147,Astra Credit,56700000,182394000,36,7.92,6270000
11100,503148,Adira Finance,95600000,223858000,24,6.86,10607000
11101,503149,Adira Finance,45200000,147607000,36,7.86,5067000
11102,503150,Astra Credit,208800000,409137000,60,9.42,10030000
11103,503151,Maybank Finance,157700000,550036000,60,3.76,10890000
11104,503152,BFI Finance,75700000,236765000,60,7.01,5329000
11105,503153,Mandiri Tunas Finance,282700000,594311000,60,4.47,12118000
11106,503156,Maybank Finance,69900000,197721000,12,7.81,17763000
11107,503157,Astra Credit,103700000,348736000,12,5.48,30653000
11108,503160,Maybank Finance,91400000,350158000,48,3.92,8438000
11109,503161,FIFGROUP,227200000,482312000,48,5.59,12294000
11110,503162,Astra Credit,102500000,315193000,12,9.15,28669000
11111,503163,Maybank Finance,153700000,339140000,24,9.02,16680000
11112,503164,Astra Credit,79400000,171460000,36,6.88,5745000
11113,503165,BFI Finance,203100000,589107000,12,5.61,51846000
11114,503169,Maybank Finance,93900000,183489000,60,5.66,3923000
11115,503170,BFI Finance,177900000,612975000,36,3.79,18963000
11116,503174,Maybank Finance,148600000,445028000,48,7.97,12227000
11117,503176,Maybank Finance,205000000,511727000,60,5.66,10942000
11118,503177,BFI Finance,94400000,221284000,12,9.04,20107000
11119,503178,BFI Finance,213000000,636039000,36,8.49,22167000
11120,503179,Astra Credit,100400000,227494000,48,8.66,6381000
11121,503180,Adira Finance,62900000,184963000,12,6.33,16389000
11122,503183,Maybank Finance,244900000,537095000,12,3.63,46382000
11123,503184,BCA Finance,103700000,207766000,24,5.86,9671000
11124,503186,Astra Credit,84900000,228231000,24,9.26,11270000
11125,503189,FIFGROUP,198500000,387913000,36,7.71,13267000
11126,503191,Astra Credit,177600000,657120000,12,8.58,59458000
11127,503192,Mandiri Tunas Finance,209900000,505273000,48,3.82,12134000
11128,503193,BFI Finance,47300000,165598000,36,7.62,5651000
11129,503194,Mandiri Tunas Finance,67500000,165267000,60,5.63,3529000
11130,503195,Maybank Finance,56600000,175834000,60,6.22,3841000
11131,503197,BFI Finance,65100000,216285000,24,7.89,10433000
11132,503198,BCA Finance,63000000,178980000,48,6.70,4728000
11133,503200,FIFGROUP,204300000,601005000,24,7.61,28853000
11134,503201,Adira Finance,198000000,516063000,36,8.45,17969000
11135,503202,Mandiri Tunas Finance,74000000,247234000,48,6.27,6442000
11136,503204,BFI Finance,121600000,301754000,60,5.75,6475000
11137,503206,Adira Finance,189900000,632166000,60,7.94,14718000
11138,503207,Astra Credit,68700000,235773000,24,8.23,11440000
11139,503208,FIFGROUP,170800000,615413000,36,5.97,20156000
11140,503209,Maybank Finance,260600000,550810000,36,3.89,17085000
11141,503210,BFI Finance,64600000,246866000,24,5.71,11460000
11142,503211,FIFGROUP,109300000,205052000,24,9.43,10155000
11143,503213,FIFGROUP,53900000,207949000,60,6.43,4580000
11144,503214,Adira Finance,82100000,317389000,12,7.24,28363000
11145,503217,BFI Finance,177300000,542535000,60,9.33,13260000
11146,503218,BCA Finance,55400000,200455000,24,8.94,9845000
11147,503219,Astra Credit,204100000,470447000,36,5.38,15177000
11148,503221,Maybank Finance,179000000,463357000,12,4.93,40516000
11149,503223,Maybank Finance,270000000,536082000,12,8.56,48497000
11150,503224,BFI Finance,77200000,241925000,36,7.11,8153000
11151,503225,Maybank Finance,70200000,239046000,36,8.29,8291000
11152,503227,BCA Finance,225200000,631609000,60,8.78,15148000
11153,503228,BFI Finance,109300000,306728000,24,6.98,14564000
11154,503229,FIFGROUP,78800000,196591000,24,4.63,8949000
11155,503231,BFI Finance,218800000,608483000,12,7.93,54727000
11156,503232,BCA Finance,108300000,304287000,60,3.97,6078000
11157,503233,BFI Finance,37400000,139423000,36,6.81,4664000
11158,503234,Astra Credit,110400000,348474000,36,7.92,11979000
11159,503235,Maybank Finance,124900000,289463000,12,8.50,26172000
11160,503236,BFI Finance,592800000,1131252000,36,7.61,38597000
11161,503237,BCA Finance,180700000,555341000,60,9.46,13633000
11162,503239,BCA Finance,95800000,329330000,12,3.87,28506000
11163,503240,Astra Credit,71200000,232385000,36,3.82,7194000
11164,503245,Maybank Finance,63700000,244325000,48,7.95,6708000
11165,503247,FIFGROUP,124300000,267752000,12,6.53,23769000
11166,503248,Maybank Finance,97300000,229706000,12,4.84,20068000
11167,503249,FIFGROUP,139500000,321705000,12,8.51,29090000
11168,503251,Adira Finance,71900000,136003000,12,8.11,12252000
11169,503252,Astra Credit,133200000,271950000,24,4.82,12423000
11170,503254,Adira Finance,182400000,405789000,48,4.00,9806000
11171,503256,Astra Credit,654600000,1354500000,48,3.94,32666000
11172,503257,Adira Finance,48100000,177785000,60,5.72,3810000
11173,503258,Maybank Finance,275800000,585671000,48,6.09,15173000
11174,503260,FIFGROUP,70800000,211695000,48,7.70,5768000
11175,503261,Adira Finance,124800000,273801000,36,4.38,8604000
11176,503263,Adira Finance,92900000,226447000,48,7.46,6125000
11177,503264,Astra Credit,531100000,1065524000,60,8.90,25661000
11178,503266,Maybank Finance,59500000,207677000,24,8.51,10125000
11179,503269,FIFGROUP,180000000,409854000,12,6.82,36483000
11180,503272,Maybank Finance,180800000,629611000,24,4.68,28689000
11181,503273,BCA Finance,114200000,217579000,48,7.81,5948000
11182,503275,FIFGROUP,76800000,239328000,12,7.43,21425000
11183,503277,Maybank Finance,98500000,367367000,60,5.86,7916000
11184,503278,Maybank Finance,55700000,149095000,48,7.97,4096000
11185,503280,FIFGROUP,140300000,271066000,36,5.96,8875000
11186,503281,BFI Finance,223800000,555198000,60,4.80,11474000
11187,503282,Astra Credit,84100000,239132000,24,4.79,10918000
11188,503283,FIFGROUP,148500000,278628000,48,6.97,7423000
11189,503285,Astra Credit,86800000,219005000,60,5.31,4619000
11190,503286,Mandiri Tunas Finance,82700000,234538000,36,6.31,7748000
11191,503287,FIFGROUP,59800000,226580000,12,4.50,19731000
11192,503288,BCA Finance,266900000,558052000,48,4.31,13630000
11193,503289,Mandiri Tunas Finance,171100000,651521000,48,8.85,18378000
11194,503290,BCA Finance,172100000,431407000,24,7.59,20703000
11195,503292,BFI Finance,64900000,249785000,36,9.31,8876000
11196,503293,Maybank Finance,88900000,179609000,12,8.83,16289000
11197,503294,Mandiri Tunas Finance,91800000,239535000,36,3.72,7396000
11198,503295,Mandiri Tunas Finance,39100000,139055000,48,5.97,3588000
11199,503296,Maybank Finance,98100000,218583000,12,6.78,19450000
11200,503297,FIFGROUP,37500000,138435000,48,6.28,3608000
11201,503300,BCA Finance,87900000,229116000,24,5.46,10588000
11202,503302,Adira Finance,72700000,236213000,60,8.33,5576000
11203,503303,FIFGROUP,245100000,581628000,36,3.78,17988000
11204,503304,FIFGROUP,45300000,147729000,60,4.65,3034000
11205,503308,BCA Finance,91700000,216436000,60,7.36,4934000
11206,503310,FIFGROUP,292400000,560524000,24,3.71,25088000
11207,503311,BFI Finance,489500000,1085368000,36,4.20,33947000
11208,503313,FIFGROUP,583800000,2130927000,60,6.97,47892000
11209,503315,BCA Finance,77700000,197358000,48,7.27,5307000
11210,503316,BCA Finance,104500000,345938000,36,5.05,11065000
11211,503317,BFI Finance,96700000,199448000,24,6.25,9349000
11212,503318,BFI Finance,135000000,284247000,36,8.12,9819000
11213,503319,Mandiri Tunas Finance,253600000,953858000,60,8.81,22900000
11214,503320,Astra Credit,86100000,183408000,12,8.59,16596000
11215,503321,Adira Finance,67500000,190797000,24,5.02,8748000
11216,503323,Astra Credit,236700000,611562000,48,4.29,14927000
11217,503326,Adira Finance,141600000,323046000,60,7.75,7470000
11218,503327,Astra Credit,155700000,351126000,24,4.69,16002000
11219,503329,Maybank Finance,247300000,584534000,48,4.51,14374000
11220,503331,BCA Finance,106300000,202946000,36,4.63,6420000
11221,503332,BCA Finance,131200000,325232000,48,3.70,7778000
11222,503333,Astra Credit,161400000,614490000,36,6.49,20392000
11223,503336,Mandiri Tunas Finance,148200000,534894000,36,8.27,18544000
11224,503338,Adira Finance,92900000,297154000,48,8.59,8317000
11225,503339,Adira Finance,64600000,184928000,24,7.06,8793000
11226,503340,Mandiri Tunas Finance,116900000,359512000,60,3.99,7187000
11227,503341,BFI Finance,123800000,460060000,60,3.75,9105000
11228,503343,Adira Finance,39000000,151920000,36,6.82,5083000
11229,503344,Maybank Finance,112300000,315494000,24,7.52,15122000
11230,503345,BCA Finance,292600000,600839000,36,7.05,20219000
11231,503346,Astra Credit,245900000,545530000,36,3.57,16776000
11232,503347,Astra Credit,108400000,329384000,36,4.44,10368000
11233,503348,Maybank Finance,92800000,186476000,60,6.28,4083000
11234,503349,FIFGROUP,128800000,308984000,12,4.38,26876000
11235,503350,Adira Finance,73800000,228786000,36,7.13,7714000
11236,503353,Mandiri Tunas Finance,65700000,183384000,48,8.41,5105000
11237,503354,Maybank Finance,93200000,315502000,24,5.98,14718000
11238,503356,Maybank Finance,101500000,196313000,60,8.60,4678000
11239,503358,Astra Credit,115800000,298563000,60,3.78,5916000
11240,503359,FIFGROUP,395500000,807962000,36,5.96,26456000
11241,503362,FIFGROUP,74900000,237787000,12,4.59,20725000
11242,503365,Mandiri Tunas Finance,148700000,329710000,48,7.82,9017000
11243,503367,Astra Credit,107600000,361597000,12,5.36,31748000
11244,503368,FIFGROUP,109300000,287525000,12,4.09,24940000
11245,503369,FIFGROUP,65000000,130027000,24,7.52,6232000
11246,503370,FIFGROUP,260900000,572599000,48,7.06,15297000
11247,503371,Mandiri Tunas Finance,117500000,322060000,24,4.68,14675000
11248,503372,Astra Credit,88800000,296148000,60,6.10,6441000
11249,503373,Adira Finance,111000000,285492000,60,5.98,6180000
11250,503374,BCA Finance,244400000,584437000,48,4.78,14503000
11251,503376,Adira Finance,222800000,508912000,60,9.48,12502000
11252,503377,FIFGROUP,114300000,371991000,12,8.56,33652000
11253,503378,BFI Finance,71200000,235715000,60,7.26,5354000
11254,503379,Mandiri Tunas Finance,128400000,293955000,24,6.11,13744000
11255,503383,Maybank Finance,71800000,219242000,48,8.41,6104000
11256,503385,Maybank Finance,283700000,535813000,12,9.04,48687000
11257,503387,Adira Finance,71900000,244450000,36,4.40,7686000
11258,503388,FIFGROUP,109800000,293130000,24,7.30,13996000
11259,503389,BFI Finance,62000000,144793000,36,7.71,4952000
11260,503390,Maybank Finance,121000000,276602000,12,6.59,24569000
11261,503391,Maybank Finance,131900000,356056000,12,8.84,32294000
11262,503394,Mandiri Tunas Finance,89800000,171605000,60,3.52,3363000
11263,503397,Astra Credit,99500000,351271000,48,5.19,8837000
11264,503399,Adira Finance,56900000,208945000,60,8.20,4910000
11265,503400,Astra Credit,125600000,273556000,60,9.14,6642000
11266,503403,Astra Credit,558700000,1058792000,36,8.71,37095000
11267,503404,Mandiri Tunas Finance,91700000,244852000,12,6.98,21828000
11268,503405,FIFGROUP,87500000,170686000,12,7.43,15280000
11269,503407,FIFGROUP,85300000,168890000,24,4.21,7629000
11270,503408,Adira Finance,51000000,142029000,36,8.16,4911000
11271,503410,Mandiri Tunas Finance,436500000,980082000,36,7.98,33742000
11272,503411,Maybank Finance,863500000,1663859000,60,4.91,34538000
11273,503415,FIFGROUP,67000000,242579000,24,7.41,11605000
11274,503417,BFI Finance,73000000,235136000,36,7.04,7911000
11275,503419,BFI Finance,98000000,230782000,36,6.35,7631000
11276,503420,Astra Credit,84600000,162708000,36,8.81,5714000
11277,503423,BFI Finance,96600000,208761000,36,6.38,6908000
11278,503424,Adira Finance,84200000,229930000,12,7.41,20580000
11279,503427,BFI Finance,64400000,227752000,12,8.54,20600000
11280,503428,FIFGROUP,121300000,284738000,36,3.64,8773000
11281,503429,FIFGROUP,161500000,343550000,12,7.26,30707000
11282,503430,Maybank Finance,102600000,224739000,60,6.74,5007000
11283,503431,Astra Credit,94900000,368636000,36,7.47,12534000
11284,503432,FIFGROUP,313400000,623884000,48,6.07,16153000
11285,503433,BCA Finance,53100000,202089000,36,6.92,6778000
11286,503435,Mandiri Tunas Finance,358300000,1413704000,24,7.10,67268000
11287,503436,BCA Finance,126600000,352143000,36,4.36,11061000
11288,503437,Mandiri Tunas Finance,128600000,305743000,60,5.19,6418000
11289,503440,Adira Finance,61300000,149045000,24,6.38,7002000
11290,503441,Mandiri Tunas Finance,499100000,1156354000,60,8.75,27704000
11291,503448,Astra Credit,41600000,137776000,60,4.25,2784000
11292,503449,FIFGROUP,72000000,260778000,24,4.30,11800000
11293,503452,Mandiri Tunas Finance,92600000,211984000,12,6.23,18765000
11294,503454,BCA Finance,531000000,1198269000,36,3.51,36790000
11295,503457,Maybank Finance,74600000,201679000,12,3.52,17398000
11296,503458,FIFGROUP,80500000,234629000,12,4.50,20432000
11297,503461,BFI Finance,263600000,570121000,48,7.34,15364000
11298,503462,Adira Finance,225600000,645306000,48,8.87,18213000
11299,503463,Maybank Finance,81200000,241033000,60,3.83,4786000
11300,503464,BCA Finance,55700000,204928000,60,5.83,4411000
11301,503466,Adira Finance,55800000,204162000,36,7.73,6986000
11302,503468,Maybank Finance,150300000,477294000,12,9.17,43421000
11303,503471,Adira Finance,68200000,143366000,48,8.26,3973000
11304,503474,Adira Finance,87500000,210202000,12,8.18,18949000
11305,503476,Astra Credit,84900000,225789000,24,9.35,11167000
11306,503477,Astra Credit,148500000,278406000,60,4.03,5575000
11307,503478,Mandiri Tunas Finance,79500000,193338000,24,6.44,9093000
11308,503480,Adira Finance,84200000,218497000,60,7.64,5032000
11309,503481,FIFGROUP,72100000,165440000,36,5.95,5415000
11310,503482,Mandiri Tunas Finance,73400000,226078000,24,8.63,11045000
11311,503485,Maybank Finance,81900000,213804000,36,6.64,7122000
11312,503487,BFI Finance,143400000,272739000,24,4.77,12448000
11313,503488,BCA Finance,392100000,1309641000,24,5.38,60439000
11314,503490,Maybank Finance,106500000,290991000,60,7.60,6692000
11315,503492,FIFGROUP,80000000,162646000,12,8.79,14745000
11316,503493,Adira Finance,105100000,221795000,24,6.51,10444000
11317,503494,Maybank Finance,82000000,226691000,36,4.70,7184000
11318,503496,FIFGROUP,90900000,243987000,12,6.50,21653000
11319,503497,Mandiri Tunas Finance,97500000,200535000,48,9.42,5752000
11320,503498,Astra Credit,92500000,347504000,12,7.54,31142000
11321,503499,FIFGROUP,69600000,244308000,48,3.86,5875000
11322,503500,Adira Finance,199000000,677012000,48,8.55,18928000
11323,503503,Astra Credit,55000000,204962000,12,6.58,18204000
11324,503505,Maybank Finance,211500000,624663000,24,8.17,30280000
11325,503506,Astra Credit,96500000,328630000,36,9.50,11730000
11326,503507,BFI Finance,66100000,244145000,60,7.75,5645000
11327,503508,BFI Finance,88900000,172949000,12,8.26,15602000
11328,503510,FIFGROUP,190500000,526893000,60,5.74,11301000
11329,503511,FIFGROUP,122200000,337784000,48,4.58,8326000
11330,503513,FIFGROUP,172200000,654639000,24,9.25,32322000
11331,503514,FIFGROUP,153700000,565580000,60,5.39,11966000
11332,503515,BFI Finance,101300000,304405000,36,4.65,9635000
11333,503518,FIFGROUP,100300000,310955000,12,5.02,27213000
11334,503519,FIFGROUP,472800000,1111836000,24,6.34,52200000
11335,503520,Maybank Finance,275000000,528640000,24,8.46,25753000
11336,503521,Maybank Finance,170200000,449513000,48,4.41,11016000
11337,503523,Mandiri Tunas Finance,245800000,597356000,48,7.82,16337000
11338,503525,BCA Finance,157400000,526693000,24,7.87,25399000
11339,503526,Mandiri Tunas Finance,59800000,119909000,60,5.90,2588000
11340,503527,Astra Credit,56300000,219868000,12,7.03,19610000
11341,503528,Adira Finance,346300000,1160747000,36,6.58,38607000
11342,503532,BCA Finance,90900000,266298000,24,8.70,13026000
11343,503534,BCA Finance,77400000,213864000,24,5.29,9853000
11344,503537,BFI Finance,128500000,389204000,48,3.67,9298000
11345,503538,BFI Finance,205900000,724502000,12,4.29,62965000
11346,503539,Adira Finance,270400000,539900000,24,5.33,24893000
11347,503540,Maybank Finance,83600000,212104000,24,9.00,10428000
11348,503542,Mandiri Tunas Finance,130000000,325766000,60,6.21,7115000
11349,503543,BCA Finance,78800000,182272000,48,4.51,4482000
11350,503546,BFI Finance,138400000,351110000,36,9.36,12491000
11351,503548,Astra Credit,189300000,674835000,36,5.95,22091000
11352,503551,FIFGROUP,52700000,138109000,60,8.31,3258000
11353,503552,Adira Finance,257700000,531177000,24,8.66,25965000
11354,503553,Maybank Finance,148900000,299984000,36,3.89,9305000
11355,503555,Astra Credit,109500000,218505000,24,4.31,9889000
11356,503556,BFI Finance,268200000,563190000,48,8.13,15548000
11357,503558,BCA Finance,127600000,270113000,36,6.77,9027000
11358,503559,BCA Finance,58700000,223462000,60,6.45,4925000
11359,503560,Adira Finance,142100000,270265000,24,4.23,12213000
11360,503561,Maybank Finance,148700000,345250000,12,7.52,30934000
11361,503562,BCA Finance,75900000,143436000,24,5.04,6578000
11362,503563,FIFGROUP,164900000,309958000,60,9.36,7583000
11363,503564,Adira Finance,218700000,789735000,12,4.14,68535000
11364,503565,Mandiri Tunas Finance,94200000,219042000,48,4.98,5472000
11365,503566,FIFGROUP,68300000,180673000,48,7.29,4861000
11366,503567,Maybank Finance,113200000,218135000,36,5.36,7033000
11367,503568,BCA Finance,64500000,256623000,48,4.87,6387000
11368,503570,FIFGROUP,125200000,380960000,12,8.93,34581000
11369,503571,Adira Finance,213800000,641455000,48,5.45,16276000
11370,503572,FIFGROUP,79600000,228203000,48,6.62,6013000
11371,503575,Mandiri Tunas Finance,217800000,610260000,48,5.02,15266000
11372,503576,FIFGROUP,273700000,561242000,48,5.70,14358000
11373,503578,FIFGROUP,69400000,229079000,60,6.53,5064000
11374,503579,BCA Finance,128700000,268902000,24,5.45,12425000
11375,503581,BCA Finance,190800000,620388000,60,9.48,15240000
11376,503583,Astra Credit,130300000,356102000,36,3.80,11019000
11377,503584,Maybank Finance,83000000,203047000,36,7.46,6902000
11378,503585,BCA Finance,151300000,456647000,12,5.41,40112000
11379,503586,BFI Finance,94300000,227267000,48,7.30,6117000
11380,503589,Adira Finance,317300000,886717000,36,5.28,28532000
11381,503590,Astra Credit,95200000,212159000,60,3.78,4204000
11382,503591,Mandiri Tunas Finance,78200000,175657000,12,5.94,15507000
11383,503594,Mandiri Tunas Finance,211000000,500510000,48,4.59,12341000
11384,503595,Adira Finance,77700000,226662000,24,5.50,10483000
11385,503596,Maybank Finance,141100000,307118000,12,9.06,27911000
11386,503597,Mandiri Tunas Finance,80400000,240723000,12,6.22,21307000
11387,503598,BCA Finance,49000000,195311000,12,7.45,17488000
11388,503599,Mandiri Tunas Finance,105900000,202236000,12,7.95,18192000
11389,503601,Mandiri Tunas Finance,87600000,247620000,36,6.41,8201000
11390,503604,Maybank Finance,104900000,344095000,60,3.78,6818000
11391,503606,Astra Credit,74700000,228330000,60,6.07,4960000
11392,503610,Mandiri Tunas Finance,74000000,243349000,48,7.99,6690000
11393,503611,BFI Finance,63400000,212213000,48,9.13,6035000
11394,503613,BCA Finance,70400000,234739000,60,5.33,4954000
11395,503615,FIFGROUP,146500000,335129000,36,8.35,11641000
11396,503616,BCA Finance,121600000,293762000,48,4.15,7135000
11397,503618,BFI Finance,155400000,325341000,36,6.41,10775000
11398,503619,Mandiri Tunas Finance,227300000,619297000,36,6.49,20552000
11399,503620,BCA Finance,125700000,373689000,48,8.77,10516000
11400,503622,BFI Finance,189200000,534298000,60,7.47,12230000
11401,503623,Maybank Finance,206500000,518774000,48,5.33,13112000
11402,503626,Mandiri Tunas Finance,58000000,194969000,48,8.04,5368000
11403,503629,Adira Finance,59900000,132352000,48,4.55,3259000
11404,503630,FIFGROUP,56000000,129925000,12,4.73,11339000
11405,503632,FIFGROUP,217300000,641174000,24,5.68,29750000
11406,503634,BFI Finance,40400000,161287000,60,8.28,3800000
11407,503636,Maybank Finance,44200000,166700000,36,8.29,5782000
11408,503637,Astra Credit,95300000,208618000,12,6.36,18490000
11409,503638,Adira Finance,42900000,142692000,36,6.40,4724000
11410,503639,FIFGROUP,142900000,536864000,48,7.88,14710000
11411,503640,Astra Credit,153800000,360019000,48,6.82,9546000
11412,503642,BFI Finance,112100000,296380000,24,8.38,14418000
11413,503643,BFI Finance,112600000,273902000,60,8.42,6486000
11414,503644,Adira Finance,65800000,218138000,12,5.37,19154000
11415,503645,Astra Credit,101900000,219223000,24,8.06,10606000
11416,503647,Mandiri Tunas Finance,126600000,301305000,12,8.44,27227000
11417,503650,Mandiri Tunas Finance,296600000,860464000,60,4.38,17481000
11418,503651,Mandiri Tunas Finance,174400000,607817000,12,9.27,55346000
11419,503652,FIFGROUP,62100000,117165000,12,7.83,10528000
11420,503653,Astra Credit,57000000,121821000,60,5.16,2554000
11421,503654,BFI Finance,783500000,1540507000,36,5.87,50327000
11422,503657,BCA Finance,2485300000,5287586000,60,5.29,111435000
11423,503658,Mandiri Tunas Finance,148900000,301316000,12,8.03,27125000
11424,503660,BCA Finance,93400000,214292000,48,7.68,5835000
11425,503662,BFI Finance,37300000,145184000,12,4.06,12589000
11426,503663,Maybank Finance,92500000,191438000,12,6.68,17018000
11427,503666,FIFGROUP,85500000,240174000,12,5.35,21085000
11428,503668,FIFGROUP,76500000,242847000,60,7.62,5589000
11429,503669,FIFGROUP,79900000,181172000,36,6.23,5973000
11430,503670,Adira Finance,131700000,268122000,60,3.80,5317000
11431,503674,BCA Finance,152900000,291100000,60,8.72,6966000
11432,503676,Maybank Finance,94200000,190959000,12,3.56,16479000
11433,503677,Mandiri Tunas Finance,51900000,127365000,60,7.07,2873000
11434,503678,Mandiri Tunas Finance,142200000,324222000,12,9.47,29577000
11435,503680,Mandiri Tunas Finance,67500000,152058000,60,5.37,3214000
11436,503681,Adira Finance,143500000,558020000,24,5.61,25859000
11437,503682,Adira Finance,122100000,363969000,24,9.00,17895000
11438,503683,BCA Finance,255600000,544599000,24,6.10,25460000
11439,503686,BCA Finance,187500000,635898000,48,7.34,17137000
11440,503688,Maybank Finance,72300000,247824000,36,5.19,7955000
11441,503690,FIFGROUP,99800000,224098000,36,5.91,7328000
11442,503691,Adira Finance,75300000,235167000,24,7.64,11295000
11443,503692,Maybank Finance,177900000,617193000,36,7.51,21006000
11444,503693,Adira Finance,185400000,426210000,12,8.49,38532000
11445,503694,FIFGROUP,150100000,303446000,24,8.59,14815000
11446,503696,Adira Finance,235100000,599731000,12,5.78,52866000
11447,503697,FIFGROUP,90200000,184414000,12,5.05,16143000
11448,503700,Adira Finance,216700000,456848000,48,5.85,11744000
11449,503701,Adira Finance,113200000,318368000,24,8.33,15475000
11450,503702,Astra Credit,152300000,285040000,60,5.38,6028000
11451,503703,FIFGROUP,108100000,208805000,24,4.60,9500000
11452,503704,Astra Credit,99600000,209868000,48,4.40,5141000
11453,503706,Astra Credit,80200000,170105000,12,6.98,15164000
11454,503707,Maybank Finance,76400000,228850000,24,6.61,10795000
11455,503708,Maybank Finance,415400000,1340398000,48,9.36,38380000
11456,503709,FIFGROUP,239600000,449932000,24,8.10,21784000
11457,503710,BCA Finance,72400000,154373000,48,6.70,4078000
11458,503712,Maybank Finance,72400000,186119000,12,5.92,16428000
11459,503713,FIFGROUP,140400000,378081000,60,6.57,8371000
11460,503714,BCA Finance,539700000,2041494000,12,5.50,179481000
11461,503716,Maybank Finance,67000000,244799000,12,9.29,22295000
11462,503717,Adira Finance,122600000,380563000,60,4.72,7839000
11463,503719,FIFGROUP,156600000,344898000,12,4.28,29971000
11464,503721,BFI Finance,103600000,211196000,24,7.23,10072000
11465,503722,Adira Finance,113000000,299698000,12,5.30,26298000
11466,503723,FIFGROUP,44100000,128727000,48,5.33,3253000
11467,503724,BFI Finance,138400000,294167000,24,5.25,13543000
11468,503725,BFI Finance,99300000,322167000,60,3.85,6403000
11469,503729,Astra Credit,45700000,176633000,12,6.30,15646000
11470,503730,Adira Finance,77100000,165546000,12,5.10,14499000
11471,503731,Mandiri Tunas Finance,87300000,195972000,48,7.95,5381000
11472,503732,Astra Credit,212600000,592261000,24,8.33,28788000
11473,503733,BFI Finance,91100000,267763000,24,5.57,12399000
11474,503735,Mandiri Tunas Finance,161000000,530974000,24,5.41,24517000
11475,503736,BFI Finance,45100000,138938000,36,7.48,4725000
11476,503739,FIFGROUP,520400000,1187446000,12,4.03,102941000
11477,503741,BCA Finance,39200000,143284000,48,5.70,3665000
11478,503742,Mandiri Tunas Finance,131300000,261418000,48,8.52,7302000
11479,503743,BCA Finance,124000000,267608000,60,8.62,6382000
11480,503744,BFI Finance,56800000,216815000,36,6.67,7227000
11481,503745,Mandiri Tunas Finance,631000000,1445921000,24,3.93,64982000
11482,503747,Astra Credit,84000000,170856000,48,8.14,4718000
11483,503748,Astra Credit,48000000,154131000,12,4.18,13381000
11484,503751,BFI Finance,128500000,291302000,60,5.84,6272000
11485,503753,BFI Finance,102000000,259860000,60,7.63,5983000
11486,503754,Maybank Finance,355200000,1071705000,36,3.65,33029000
11487,503755,Maybank Finance,224200000,432920000,36,9.39,15413000
11488,503756,BFI Finance,77400000,211755000,60,8.72,5068000
11489,503757,Adira Finance,178700000,490186000,12,3.85,42421000
11490,503758,FIFGROUP,59500000,183812000,48,7.97,5050000
11491,503760,Adira Finance,108400000,322724000,48,4.91,8043000
11492,503762,BFI Finance,90100000,298067000,48,5.72,7630000
11493,503763,Adira Finance,100500000,261915000,12,5.13,22945000
11494,503764,FIFGROUP,96700000,249620000,36,9.30,8868000
11495,503765,Adira Finance,123600000,242478000,36,3.65,7473000
11496,503766,Adira Finance,75700000,226997000,60,9.08,5500000
11497,503768,Astra Credit,65000000,144457000,60,4.94,3002000
11498,503769,FIFGROUP,96000000,263085000,36,7.50,8952000
11499,503770,Adira Finance,82600000,187685000,60,8.15,4402000
11500,503771,Mandiri Tunas Finance,60400000,121085000,24,9.09,5962000
11501,503773,Maybank Finance,48100000,134495000,60,3.61,2646000
11502,503774,FIFGROUP,117000000,362298000,48,9.19,10322000
11503,503775,BFI Finance,69000000,247794000,12,6.10,21909000
11504,503776,Mandiri Tunas Finance,156700000,368996000,48,4.79,9160000
11505,503778,FIFGROUP,123700000,248039000,36,9.27,8806000
11506,503781,Maybank Finance,75400000,186560000,60,7.47,4270000
11507,503782,FIFGROUP,74000000,175084000,60,5.00,3647000
11508,503784,BCA Finance,149500000,340232000,60,5.54,7241000
11509,503786,Mandiri Tunas Finance,79000000,168197000,12,7.08,15008000
11510,503787,FIFGROUP,62200000,124724000,48,3.74,2987000
11511,503788,FIFGROUP,241900000,572507000,12,8.62,51821000
11512,503790,FIFGROUP,225600000,441066000,12,4.15,38280000
11513,503792,FIFGROUP,122100000,288489000,24,7.20,13751000
11514,503793,Astra Credit,139100000,259723000,60,8.76,6224000
11515,503794,BFI Finance,52800000,204165000,36,6.74,6817000
11516,503795,BCA Finance,98400000,211623000,36,4.08,6597000
11517,503796,Adira Finance,47700000,167529000,24,8.00,8097000
11518,503797,Mandiri Tunas Finance,125800000,393569000,36,8.21,13625000
11519,503798,Adira Finance,45200000,171694000,60,5.74,3682000
11520,503800,Maybank Finance,125400000,242565000,60,8.28,5716000
11521,503801,BCA Finance,193600000,658658000,24,5.38,30397000
11522,503802,FIFGROUP,147000000,300885000,36,8.47,10481000
11523,503803,BCA Finance,99900000,298479000,48,4.92,7442000
11524,503806,Adira Finance,126200000,304369000,36,4.65,9634000
11525,503807,BCA Finance,99500000,185770000,60,7.63,4277000
11526,503809,FIFGROUP,45400000,168386000,48,7.14,4509000
11527,503811,BFI Finance,75400000,224744000,24,7.81,10827000
11528,503812,FIFGROUP,75900000,186837000,24,7.23,8910000
11529,503813,BCA Finance,59900000,213382000,48,6.28,5562000
11530,503815,BFI Finance,184700000,659677000,60,6.39,14507000
11531,503816,BFI Finance,111400000,286313000,24,8.40,13933000
11532,503817,Adira Finance,100000000,207359000,36,7.46,7049000
11533,503819,Maybank Finance,52900000,145346000,24,7.07,6912000
11534,503822,Adira Finance,424400000,1240600000,12,6.15,109741000
11535,503823,FIFGROUP,189300000,510888000,12,5.16,44770000
11536,503824,FIFGROUP,108100000,367646000,12,6.82,32726000
11537,503827,BFI Finance,257000000,559849000,60,8.49,13291000
11538,503828,Astra Credit,135900000,474489000,60,4.58,9719000
11539,503829,FIFGROUP,168800000,532720000,36,9.37,18957000
11540,503830,FIFGROUP,72600000,205011000,36,7.35,6950000
11541,503831,Adira Finance,218700000,457068000,24,7.73,21988000
11542,503832,FIFGROUP,132700000,316517000,60,4.04,6340000
11543,503833,BFI Finance,69800000,229567000,24,9.43,11369000
11544,503834,BCA Finance,203500000,591038000,36,4.40,18584000
11545,503835,Astra Credit,109900000,306905000,48,7.18,8230000
11546,503838,BFI Finance,93400000,226724000,60,4.01,4536000
11547,503839,Adira Finance,166500000,455322000,12,7.27,40701000
11548,503840,Mandiri Tunas Finance,146200000,328991000,24,4.89,15048000
11549,503841,Astra Credit,52300000,206441000,12,6.40,18304000
11550,503842,BFI Finance,99400000,367022000,12,8.08,33056000
11551,503846,Mandiri Tunas Finance,93200000,284533000,48,3.66,6795000
11552,503850,BFI Finance,58100000,161569000,36,7.21,5458000
11553,503851,Maybank Finance,108200000,301501000,36,7.08,10153000
11554,503852,Mandiri Tunas Finance,67000000,131912000,12,6.66,11724000
11555,503853,BFI Finance,136000000,346406000,24,9.22,17095000
11556,503854,FIFGROUP,118300000,285962000,24,7.77,13766000
11557,503855,BFI Finance,73700000,246979000,60,6.58,5470000
11558,503856,BFI Finance,51300000,129852000,12,9.10,11805000
11559,503857,BCA Finance,114700000,345173000,36,8.80,12119000
11560,503858,Adira Finance,99200000,225475000,48,4.09,5465000
11561,503859,BFI Finance,205300000,505988000,36,6.36,16736000
11562,503861,Maybank Finance,142100000,268711000,24,5.98,12535000
11563,503862,Maybank Finance,133100000,480286000,60,7.37,10954000
11564,503863,Mandiri Tunas Finance,61300000,243839000,60,5.50,5181000
11565,503864,Adira Finance,65100000,122712000,24,4.47,5570000
11566,503865,FIFGROUP,80300000,201307000,36,7.09,6781000
11567,503866,Adira Finance,155100000,350283000,12,5.39,30763000
11568,503867,Adira Finance,77900000,208258000,36,5.09,6668000
11569,503868,Astra Credit,56900000,214939000,12,5.74,18939000
11570,503869,FIFGROUP,191500000,628679000,24,3.94,28259000
11571,503870,Maybank Finance,78100000,198734000,36,6.15,6538000
11572,503874,FIFGROUP,55900000,120590000,24,6.78,5705000
11573,503876,BFI Finance,71600000,200461000,12,6.41,17775000
11574,503877,FIFGROUP,265900000,549506000,36,9.03,19399000
11575,503879,FIFGROUP,144500000,298723000,12,7.44,26745000
11576,503882,BFI Finance,472500000,1092378000,24,4.13,49275000
11577,503885,FIFGROUP,39200000,136957000,12,4.60,11938000
11578,503888,Mandiri Tunas Finance,103300000,289418000,12,6.63,25717000
11579,503889,Adira Finance,54000000,188979000,36,8.44,6578000
11580,503890,Adira Finance,82300000,229166000,12,6.62,20361000
11581,503891,BCA Finance,84100000,243461000,24,6.98,11560000
11582,503896,Astra Credit,60400000,113426000,60,7.34,2584000
11583,503897,FIFGROUP,453100000,1264514000,24,8.65,61803000
11584,503898,Maybank Finance,111800000,219535000,60,3.83,4359000
11585,503899,Adira Finance,43000000,133379000,12,8.61,12071000
11586,503900,Mandiri Tunas Finance,71200000,185432000,60,4.79,3830000
11587,503902,BFI Finance,63800000,247999000,36,8.75,8697000
11588,503903,Astra Credit,77000000,148108000,24,5.39,6836000
11589,503904,Maybank Finance,50700000,190725000,60,5.69,4083000
11590,503905,Adira Finance,566300000,1297723000,36,8.95,45726000
11591,503907,Adira Finance,80000000,184846000,48,8.12,5101000
11592,503909,Mandiri Tunas Finance,128100000,253962000,60,4.21,5123000
11593,503910,Astra Credit,70300000,236060000,36,8.74,8276000
11594,503912,Maybank Finance,240500000,611536000,60,4.21,12337000
11595,503914,Adira Finance,77200000,229604000,12,6.00,20281000
11596,503916,BCA Finance,458900000,987985000,12,4.71,86209000
11597,503918,Adira Finance,45600000,132555000,36,5.09,4244000
11598,503919,BFI Finance,93400000,226946000,48,4.41,5562000
11599,503920,Astra Credit,145600000,316715000,12,6.65,28148000
11600,503921,Astra Credit,89000000,197380000,12,3.55,17032000
11601,503924,Maybank Finance,84600000,220095000,36,6.56,7316000
11602,503925,Astra Credit,163700000,642382000,12,4.43,55903000
11603,503926,Mandiri Tunas Finance,150800000,534070000,60,6.86,11954000
11604,503927,Astra Credit,43200000,125964000,60,8.98,3042000
11605,503928,Astra Credit,124600000,284657000,36,9.41,10139000
11606,503929,Maybank Finance,63700000,251540000,12,8.58,22760000
11607,503931,Astra Credit,74000000,227254000,12,4.06,19706000
11608,503932,BFI Finance,61900000,127799000,60,3.86,2541000
11609,503933,Adira Finance,66500000,252070000,48,5.89,6488000
11610,503934,Maybank Finance,85300000,219728000,60,9.07,5322000
11611,503935,Maybank Finance,137900000,281014000,36,7.22,9496000
11612,503939,Adira Finance,77200000,186092000,36,8.00,6409000
11613,503940,Astra Credit,187900000,644600000,60,4.09,12940000
11614,503941,Adira Finance,171100000,318299000,12,5.13,27885000
11615,503942,Mandiri Tunas Finance,117500000,277105000,48,9.07,7867000
11616,503944,Adira Finance,61900000,214490000,36,7.68,7330000
11617,503945,FIFGROUP,59200000,123062000,36,6.05,4038000
11618,503949,FIFGROUP,53300000,132181000,24,8.34,6426000
11619,503950,Adira Finance,62700000,167070000,60,5.73,3582000
11620,503952,BFI Finance,65700000,250983000,24,9.21,12383000
11621,503953,Astra Credit,79200000,243588000,12,9.46,22219000
11622,503954,BCA Finance,97400000,295651000,48,8.96,8366000
11623,503955,BCA Finance,72800000,236779000,24,5.18,10887000
11624,503956,Adira Finance,44400000,143856000,36,9.10,5086000
11625,503957,Astra Credit,142200000,532680000,24,4.53,24205000
11626,503958,BCA Finance,163200000,541650000,48,5.47,13753000
11627,503960,Astra Credit,46900000,144797000,60,4.22,2922000
11628,503961,BCA Finance,48700000,126569000,24,4.50,5748000
11629,503962,BCA Finance,59900000,117256000,12,7.45,10499000
11630,503966,Astra Credit,352800000,1400889000,36,4.77,44482000
11631,503967,BCA Finance,84100000,245792000,24,4.83,11230000
11632,503969,Adira Finance,370100000,812716000,36,5.51,26307000
11633,503971,BFI Finance,60600000,120330000,60,7.16,2723000
11634,503972,Mandiri Tunas Finance,66200000,222844000,24,8.09,10787000
11635,503973,BCA Finance,73000000,230807000,48,4.10,5597000
11636,503974,Maybank Finance,71900000,208930000,24,3.65,9340000
11637,503975,Astra Credit,226300000,691892000,48,5.07,17337000
11638,503976,BCA Finance,77600000,189244000,24,9.23,9340000
11639,503977,BCA Finance,80400000,164910000,60,7.58,3790000
11640,503979,Adira Finance,86200000,167213000,36,8.15,5780000
11641,503980,BFI Finance,90100000,217814000,48,3.90,5245000
11642,503981,BFI Finance,255900000,552180000,24,8.26,26808000
11643,503982,Maybank Finance,140900000,294997000,60,7.68,6804000
11644,503983,Astra Credit,73200000,180324000,60,5.81,3878000
11645,503985,BFI Finance,210400000,490676000,48,6.13,12728000
11646,503986,Adira Finance,133700000,311965000,60,5.46,6618000
11647,503987,Mandiri Tunas Finance,218700000,563406000,12,5.93,49734000
11648,503990,BCA Finance,356800000,921032000,60,4.26,18620000
11649,503993,Astra Credit,93300000,181314000,36,5.39,5850000
11650,503994,Mandiri Tunas Finance,52100000,161686000,12,3.94,14004000
11651,503995,BCA Finance,93800000,218332000,60,6.00,4730000
11652,503996,Adira Finance,428600000,1644658000,12,5.48,144565000
11653,503997,Adira Finance,448700000,1227955000,24,7.11,58440000
11654,503998,BFI Finance,125900000,315769000,12,8.62,28582000
11655,503999,Adira Finance,246300000,581871000,36,5.94,19043000
11656,504000,Mandiri Tunas Finance,79700000,241867000,36,8.54,8439000
11657,504001,BFI Finance,85400000,235501000,60,4.28,4764000
11658,504006,Mandiri Tunas Finance,142300000,319016000,24,7.84,15376000
11659,504008,FIFGROUP,272000000,558835000,12,9.37,50933000
11660,504009,Adira Finance,49200000,148380000,60,5.44,3145000
11661,504010,Adira Finance,81700000,187919000,36,8.92,6616000
11662,504011,Maybank Finance,107800000,218207000,24,8.83,10697000
11663,504012,BCA Finance,74000000,179968000,48,8.74,5060000
11664,504014,Maybank Finance,153200000,300568000,48,5.84,7724000
11665,504015,FIFGROUP,69900000,179406000,36,9.29,6372000
11666,504016,Mandiri Tunas Finance,43900000,140249000,12,6.85,12488000
11667,504017,BFI Finance,90600000,209766000,36,7.87,7202000
11668,504020,Mandiri Tunas Finance,199000000,409946000,12,6.34,36328000
11669,504021,FIFGROUP,63300000,189336000,60,6.60,4196000
11670,504022,BCA Finance,93000000,313704000,36,5.77,10222000
11671,504023,BFI Finance,88800000,231879000,60,9.15,5632000
11672,504025,Astra Credit,64800000,200934000,48,7.52,5445000
11673,504026,Maybank Finance,222200000,621622000,12,5.16,54474000
11674,504028,Astra Credit,134500000,374546000,60,9.30,9145000
11675,504030,Adira Finance,70600000,215669000,24,5.68,10007000
11676,504035,BCA Finance,126500000,326602000,48,7.91,8957000
11677,504037,FIFGROUP,101100000,214251000,48,5.71,5483000
11678,504038,Astra Credit,86100000,342249000,48,7.43,9249000
11679,504039,BFI Finance,78200000,170551000,60,4.47,3477000
11680,504040,Astra Credit,96300000,215499000,36,6.94,7232000
11681,504042,Mandiri Tunas Finance,77600000,245632000,24,6.21,11505000
11682,504043,Maybank Finance,56300000,218425000,60,7.82,5063000
11683,504044,Maybank Finance,73500000,199116000,12,5.37,17484000
11684,504045,FIFGROUP,239500000,623636000,24,9.36,30849000
11685,504046,BCA Finance,87100000,203387000,12,5.93,17953000
11686,504047,FIFGROUP,66500000,242524000,24,5.24,11164000
11687,504049,Adira Finance,146200000,506369000,48,4.05,12258000
11688,504050,FIFGROUP,66100000,236153000,12,7.81,21216000
11689,504051,Adira Finance,75700000,219449000,24,7.52,10518000
11690,504053,BFI Finance,44900000,162337000,36,5.34,5231000
11691,504054,FIFGROUP,143500000,305384000,60,5.96,6606000
11692,504055,Adira Finance,112200000,352224000,24,4.08,15873000
11693,504057,FIFGROUP,102400000,204848000,36,8.24,7096000
11694,504059,Adira Finance,177200000,597691000,12,3.56,51580000
11695,504060,Mandiri Tunas Finance,86900000,244435000,12,3.82,21147000
11696,504061,Maybank Finance,92800000,359414000,12,5.16,31496000
11697,504063,Astra Credit,126800000,279460000,48,8.29,7752000
11698,504064,Maybank Finance,61300000,192002000,48,4.86,4777000
11699,504065,BCA Finance,204900000,615279000,12,7.67,55205000
11700,504067,Adira Finance,57200000,226960000,48,9.46,6517000
11701,504068,Adira Finance,124100000,289819000,12,7.40,25938000
11702,504071,Adira Finance,112200000,333021000,12,5.97,29408000
11703,504072,Maybank Finance,114000000,344541000,24,6.09,16104000
11704,504073,Mandiri Tunas Finance,89900000,202474000,48,6.90,5382000
11705,504076,Maybank Finance,213700000,511574000,60,5.85,11020000
11706,504077,Adira Finance,81600000,185910000,36,4.24,5821000
11707,504078,Maybank Finance,55500000,113220000,24,3.84,5079000
11708,504079,FIFGROUP,60400000,188573000,48,8.76,5305000
11709,504081,BFI Finance,187600000,625586000,36,7.23,21146000
11710,504082,Maybank Finance,130700000,346600000,48,7.37,9349000
11711,504084,Maybank Finance,213700000,614027000,24,7.91,29631000
11712,504085,Maybank Finance,172500000,520806000,36,3.85,16137000
11713,504086,Astra Credit,59800000,195389000,36,4.87,6220000
11714,504088,FIFGROUP,194700000,491613000,24,5.21,22618000
11715,504090,FIFGROUP,50500000,158957000,48,6.70,4199000
11716,504092,FIFGROUP,115900000,379826000,12,3.67,32813000
11717,504094,BCA Finance,88500000,227628000,36,3.52,6990000
11718,504095,FIFGROUP,85100000,196174000,48,8.34,5450000
11719,504096,Adira Finance,239400000,459123000,12,6.21,40636000
11720,504097,Mandiri Tunas Finance,114800000,372601000,48,6.31,9721000
11721,504099,BFI Finance,51300000,129741000,12,6.30,11492000
11722,504100,Astra Credit,91400000,226504000,48,5.78,5809000
11723,504103,BFI Finance,87200000,178756000,36,5.16,5734000
11724,504104,Adira Finance,500100000,1544631000,12,7.78,138733000
11725,504106,FIFGROUP,116600000,281446000,60,9.29,6869000
11726,504107,Astra Credit,74600000,143848000,24,7.93,6944000
11727,504111,Adira Finance,82200000,233817000,36,6.46,7753000
11728,504112,Maybank Finance,200000000,633166000,48,7.58,17190000
11729,504113,Astra Credit,64800000,208260000,12,9.23,18956000
11730,504114,FIFGROUP,117600000,319629000,48,6.36,8352000
11731,504115,Adira Finance,56300000,132622000,48,8.32,3682000
11732,504116,BFI Finance,574700000,1113499000,60,5.78,23921000
11733,504118,Astra Credit,100500000,388011000,36,8.15,13413000
11734,504119,FIFGROUP,136400000,267307000,12,9.14,24311000
11735,504120,BCA Finance,51800000,126799000,60,9.24,3089000
11736,504122,FIFGROUP,99400000,217283000,24,8.62,10614000
11737,504123,Astra Credit,189200000,431956000,12,7.93,38850000
11738,504124,Adira Finance,112200000,300165000,48,6.25,7816000
11739,504125,FIFGROUP,84300000,240375000,24,6.53,11323000
11740,504127,BFI Finance,182000000,646171000,36,8.56,22558000
11741,504132,BCA Finance,276400000,545555000,60,3.57,10715000
11742,504133,Maybank Finance,68100000,218946000,60,5.06,4572000
11743,504134,BCA Finance,99700000,231302000,48,4.86,5755000
11744,504135,Astra Credit,138600000,453141000,12,7.31,40522000
11745,504137,Maybank Finance,183900000,480657000,48,4.51,11820000
11746,504138,Maybank Finance,86600000,219649000,36,3.89,6813000
11747,504141,Mandiri Tunas Finance,193600000,553541000,48,5.09,13880000
11748,504143,Maybank Finance,257400000,570660000,36,7.33,19337000
11749,504145,BFI Finance,84500000,190114000,36,6.16,6256000
11750,504147,BCA Finance,192400000,580049000,36,6.91,19452000
11751,504148,BFI Finance,121600000,302198000,60,4.13,6076000
11752,504149,BFI Finance,210200000,600655000,12,9.02,54569000
11753,504151,Mandiri Tunas Finance,163800000,604764000,36,4.50,19066000
11754,504153,FIFGROUP,583800000,1129374000,48,4.74,27989000
11755,504154,BFI Finance,123900000,461847000,24,8.44,22491000
11756,504155,BCA Finance,152300000,299914000,48,5.01,7500000
11757,504157,Mandiri Tunas Finance,332700000,1052913000,36,7.97,36240000
11758,504159,BCA Finance,1395700000,3548129000,60,6.49,78324000
11759,504161,BCA Finance,86000000,184285000,12,4.70,16078000
11760,504162,Mandiri Tunas Finance,61300000,175685000,24,5.39,8109000
11761,504166,FIFGROUP,87600000,208104000,60,4.63,4271000
11762,504167,BCA Finance,67300000,197324000,36,5.89,6449000
11763,504169,BFI Finance,98700000,272706000,48,7.35,7351000
11764,504170,FIFGROUP,44400000,125985000,36,4.55,3977000
11765,504173,Mandiri Tunas Finance,151100000,334969000,60,4.94,6961000
11766,504175,Astra Credit,329200000,1097816000,12,3.89,95043000
11767,504176,BFI Finance,58300000,126626000,24,8.72,6196000
11768,504177,Adira Finance,74300000,223513000,36,8.30,7754000
11769,504179,FIFGROUP,120000000,307461000,24,5.79,14294000
11770,504180,BFI Finance,217700000,620128000,12,5.04,54281000
11771,504181,Adira Finance,247900000,655418000,36,7.76,22444000
11772,504183,FIFGROUP,61000000,184754000,36,4.38,5806000
11773,504184,Astra Credit,124100000,381283000,60,9.34,9322000
11774,504185,Maybank Finance,168700000,463112000,60,7.88,10759000
11775,504187,BFI Finance,216200000,786241000,60,6.50,17362000
11776,504188,Maybank Finance,96600000,224745000,12,4.98,19661000
11777,504189,Astra Credit,153100000,509459000,24,8.12,24674000
11778,504191,Maybank Finance,122300000,403507000,12,4.01,34973000
11779,504192,Adira Finance,185100000,666048000,12,7.33,59572000
11780,504193,FIFGROUP,90600000,222642000,60,6.55,4925000
11781,504194,Adira Finance,70300000,152255000,36,8.86,5353000
11782,504195,Maybank Finance,100100000,207037000,12,8.13,18655000
11783,504198,Maybank Finance,260400000,572100000,12,6.70,50869000
11784,504200,BFI Finance,85400000,226177000,24,8.44,11014000
11785,504202,FIFGROUP,137200000,363743000,24,7.76,17508000
11786,504206,Adira Finance,190000000,504416000,48,7.02,13459000
11787,504207,FIFGROUP,103900000,209564000,60,5.44,4442000
11788,504208,FIFGROUP,170900000,642619000,12,6.40,56978000
11789,504211,FIFGROUP,72700000,192812000,12,5.09,16885000
11790,504212,Astra Credit,108700000,336632000,24,6.32,15799000
11791,504215,Mandiri Tunas Finance,109000000,303143000,48,5.79,7778000
11792,504216,FIFGROUP,54000000,187647000,48,4.62,4631000
11793,504217,FIFGROUP,74700000,225999000,48,3.73,5410000
11794,504220,BCA Finance,105800000,201448000,36,4.19,6299000
11795,504221,Astra Credit,132600000,378000000,24,6.60,17829000
11796,504224,FIFGROUP,83700000,212892000,12,5.79,18768000
11797,504226,Astra Credit,221300000,576013000,36,6.07,18914000
11798,504227,BCA Finance,174800000,527941000,24,6.03,24650000
11799,504228,Astra Credit,81800000,244096000,48,5.76,6256000
11800,504229,Adira Finance,144000000,284016000,24,8.35,13810000
11801,504230,Maybank Finance,112000000,311021000,12,6.76,27670000
11802,504231,Adira Finance,59300000,167251000,12,5.67,14727000
11803,504233,BFI Finance,105100000,340565000,60,6.17,7427000
11804,504234,Astra Credit,106900000,307019000,36,5.70,9986000
11805,504235,Astra Credit,64300000,254936000,12,5.73,22461000
11806,504236,Mandiri Tunas Finance,112200000,301053000,48,4.53,7408000
11807,504238,BCA Finance,70700000,230998000,36,6.29,7627000
11808,504240,BFI Finance,129500000,310282000,36,7.32,10511000
11809,504243,BCA Finance,67000000,222599000,48,8.04,6128000
11810,504244,Astra Credit,91400000,216625000,24,7.49,10378000
11811,504246,Maybank Finance,102100000,210254000,36,6.43,6966000
11812,504247,BCA Finance,88500000,217860000,36,4.70,6904000
11813,504248,Mandiri Tunas Finance,126300000,458670000,36,5.81,14961000
11814,504249,BCA Finance,124100000,288043000,60,3.64,5674000
11815,504250,Adira Finance,92000000,187831000,12,8.84,17036000
11816,504251,FIFGROUP,137300000,256417000,60,5.65,5480000
11817,504254,FIFGROUP,91200000,310398000,36,6.52,10308000
11818,504256,BCA Finance,74000000,195286000,60,3.66,3850000
11819,504258,Adira Finance,81500000,241843000,48,6.17,6281000
11820,504260,Astra Credit,83500000,228743000,12,6.60,20320000
11821,504262,Maybank Finance,88000000,317927000,36,4.03,9899000
11822,504265,Adira Finance,82500000,220863000,48,4.60,5447000
11823,504266,Astra Credit,67600000,192140000,48,5.54,4889000
11824,504267,Mandiri Tunas Finance,81000000,241788000,24,7.25,11535000
11825,504269,BCA Finance,273900000,695907000,12,7.55,62370000
11826,504270,Adira Finance,43400000,147409000,24,4.98,6753000
11827,504272,Maybank Finance,82800000,264741000,24,4.43,12008000
11828,504273,Mandiri Tunas Finance,105400000,219719000,12,9.23,19999000
11829,504275,Mandiri Tunas Finance,165800000,418615000,12,9.06,38045000
11830,504277,Maybank Finance,100200000,285192000,36,8.88,10032000
11831,504278,FIFGROUP,47900000,190417000,60,4.14,3830000
11832,504279,Astra Credit,61700000,228121000,60,5.42,4832000
11833,504280,FIFGROUP,171200000,531763000,48,6.90,14136000
11834,504282,Mandiri Tunas Finance,127500000,323493000,48,3.54,7693000
11835,504283,FIFGROUP,61100000,116611000,24,4.01,5248000
11836,504284,Adira Finance,225100000,609176000,48,8.56,17036000
11837,504287,BCA Finance,148700000,317389000,60,5.74,6807000
11838,504288,Mandiri Tunas Finance,176900000,413287000,36,5.44,13353000
11839,504289,Astra Credit,131900000,295561000,60,4.37,6002000
11840,504290,BCA Finance,54300000,206217000,12,4.50,17958000
11841,504292,FIFGROUP,60800000,190060000,48,5.96,4903000
11842,504293,BFI Finance,101100000,194271000,12,7.46,17396000
11843,504295,BCA Finance,149900000,328066000,60,7.17,7427000
11844,504297,BCA Finance,146500000,356996000,48,9.45,10248000
11845,504299,BFI Finance,45300000,170817000,12,8.73,15477000
11846,504300,Astra Credit,253900000,578378000,12,4.98,50598000
11847,504301,BCA Finance,82400000,176119000,12,5.83,15532000
11848,504302,Astra Credit,97200000,261663000,12,7.36,23410000
11849,504305,Adira Finance,157100000,300553000,48,8.62,8420000
11850,504307,Astra Credit,95200000,228365000,48,9.05,6479000
11851,504308,Maybank Finance,98400000,228162000,48,6.94,6072000
11852,504311,Mandiri Tunas Finance,83400000,253929000,48,8.43,7074000
11853,504312,BFI Finance,48500000,132430000,36,5.13,4244000
11854,504313,Maybank Finance,407000000,1354459000,60,5.79,29109000
11855,504314,BFI Finance,153100000,566735000,12,6.26,50184000
11856,504315,Mandiri Tunas Finance,173000000,477571000,24,5.60,22127000
11857,504316,Astra Credit,97400000,369910000,36,3.91,11480000
11858,504317,BFI Finance,66000000,245355000,24,4.41,11124000
11859,504320,Astra Credit,96700000,186350000,36,6.63,6205000
11860,504323,Mandiri Tunas Finance,188200000,539960000,60,3.99,10794000
11861,504324,Maybank Finance,179300000,507013000,60,3.67,10000000
11862,504325,Maybank Finance,91200000,216825000,36,8.19,7502000
11863,504326,Maybank Finance,52700000,202378000,36,6.29,6682000
11864,504327,BFI Finance,96500000,218851000,36,5.13,7014000
11865,504328,Astra Credit,69200000,131821000,24,5.47,6093000
11866,504329,Maybank Finance,57600000,193149000,12,4.85,16876000
11867,504330,BCA Finance,128500000,486551000,60,7.13,11000000
11868,504331,Maybank Finance,131900000,507460000,12,3.69,43848000
11869,504332,Astra Credit,197500000,523445000,12,8.13,47166000
11870,504333,BCA Finance,95100000,195165000,48,7.44,5275000
11871,504334,Mandiri Tunas Finance,56200000,148928000,12,6.37,13201000
11872,504335,FIFGROUP,177300000,626229000,24,3.72,28034000
11873,504338,Adira Finance,94900000,189815000,48,8.60,5314000
11874,504339,BFI Finance,101200000,232022000,36,4.31,7278000
11875,504340,Mandiri Tunas Finance,51000000,150354000,60,6.23,3286000
11876,504342,Mandiri Tunas Finance,69400000,260381000,12,5.18,22822000
11877,504345,Adira Finance,64600000,209459000,24,9.14,10322000
11878,504346,FIFGROUP,92600000,176353000,24,4.21,7966000
11879,504347,Mandiri Tunas Finance,176100000,457932000,36,3.92,14216000
11880,504348,Astra Credit,124900000,345185000,36,6.01,11317000
11881,504351,FIFGROUP,136300000,267518000,24,3.82,11998000
11882,504352,FIFGROUP,67300000,216083000,24,7.00,10263000
11883,504353,Maybank Finance,104600000,346060000,24,7.95,16711000
11884,504356,BFI Finance,92000000,181282000,36,3.84,5615000
11885,504358,Adira Finance,78600000,188577000,60,5.13,3949000
11886,504359,FIFGROUP,691100000,1698619000,60,4.17,34213000
11887,504364,Adira Finance,226900000,434216000,24,5.85,20209000
11888,504367,Astra Credit,139900000,284342000,24,4.49,12911000
11889,504368,Adira Finance,53600000,203254000,24,3.87,9124000
11890,504369,Maybank Finance,218200000,574562000,60,4.03,11505000
11891,504371,Maybank Finance,62800000,219695000,60,5.00,4576000
11892,504372,FIFGROUP,112800000,334308000,12,7.74,30015000
11893,504373,BCA Finance,57100000,213518000,12,5.40,18753000
11894,504374,BFI Finance,233900000,640114000,24,6.93,30368000
11895,504377,Adira Finance,92200000,200063000,60,4.41,4069000
11896,504378,Maybank Finance,127600000,291092000,24,5.82,13540000
11897,504380,Mandiri Tunas Finance,93900000,227445000,24,8.15,11021000
11898,504381,Mandiri Tunas Finance,84600000,227532000,24,4.51,10335000
11899,504382,BFI Finance,69700000,188375000,24,4.25,8516000
11900,504383,Maybank Finance,268100000,542533000,48,7.01,14472000
11901,504384,BFI Finance,102400000,216725000,12,7.29,19377000
11902,504385,Adira Finance,143600000,276535000,48,5.64,7060000
11903,504387,BCA Finance,247300000,882347000,24,4.87,40345000
11904,504388,Astra Credit,104200000,218477000,48,8.53,6104000
11905,504389,BCA Finance,268700000,579007000,60,8.71,13852000
11906,504391,Adira Finance,268200000,526671000,60,7.85,12223000
11907,504394,Mandiri Tunas Finance,610800000,1251225000,12,5.30,109794000
11908,504397,Maybank Finance,91900000,314360000,12,9.42,28664000
11909,504398,BFI Finance,157500000,435795000,48,7.43,11777000
11910,504399,BFI Finance,49400000,129865000,48,4.46,3188000
11911,504400,FIFGROUP,76900000,223355000,48,3.93,5384000
11912,504405,FIFGROUP,74700000,156957000,24,5.22,7222000
11913,504406,BCA Finance,57600000,128547000,48,6.09,3330000
11914,504407,Adira Finance,68900000,249226000,24,7.12,11863000
11915,504408,BFI Finance,86000000,242338000,60,6.15,5280000
11916,504409,Maybank Finance,65600000,205351000,48,4.42,5034000
11917,504410,Maybank Finance,51600000,159189000,48,8.67,4466000
11918,504411,Mandiri Tunas Finance,136300000,291605000,60,9.00,7047000
11919,504412,BFI Finance,94700000,304234000,24,7.13,14484000
11920,504413,Astra Credit,84700000,194354000,48,8.07,5356000
11921,504414,BCA Finance,50100000,193656000,36,8.11,6688000
11922,504415,BCA Finance,115100000,326680000,24,6.51,15383000
11923,504416,BFI Finance,135700000,360914000,24,5.95,16827000
11924,504417,Maybank Finance,426700000,1707053000,36,8.00,58798000
11925,504419,FIFGROUP,70400000,141499000,12,6.00,12499000
11926,504420,FIFGROUP,79600000,193682000,48,8.83,5460000
11927,504421,Astra Credit,178200000,352824000,36,4.36,11082000
11928,504422,FIFGROUP,90600000,206769000,36,6.52,6867000
11929,504424,Adira Finance,72300000,145815000,24,5.75,6774000
11930,504425,Astra Credit,132100000,258953000,36,7.63,8839000
11931,504426,Mandiri Tunas Finance,274700000,561130000,36,5.41,18116000
11932,504429,Mandiri Tunas Finance,135900000,256263000,36,4.68,8117000
11933,504430,Maybank Finance,171900000,330708000,12,7.24,29554000
11934,504431,Adira Finance,419500000,1181231000,48,5.88,30397000
11935,504434,Mandiri Tunas Finance,409200000,1142469000,60,6.93,25638000
11936,504435,BFI Finance,135800000,275011000,48,4.47,6753000
11937,504438,BFI Finance,114100000,284945000,36,3.91,8843000
11938,504439,FIFGROUP,75300000,174006000,48,4.36,4257000
11939,504442,FIFGROUP,62000000,209173000,24,4.07,9424000
11940,504443,Astra Credit,100100000,210256000,60,6.27,4602000
11941,504445,Adira Finance,66000000,194961000,48,7.29,5246000
11942,504447,Maybank Finance,87200000,168766000,60,9.25,4113000
11943,504448,Mandiri Tunas Finance,141700000,380000000,12,6.59,33753000
11944,504449,BFI Finance,86200000,234368000,12,9.23,21333000
11945,504450,BFI Finance,79900000,181616000,48,8.72,5103000
11946,504451,Adira Finance,72800000,205588000,24,8.79,10072000
11947,504452,Maybank Finance,55600000,123554000,60,7.38,2819000
11948,504453,Mandiri Tunas Finance,59300000,117967000,12,8.32,10648000
11949,504454,Astra Credit,72300000,182223000,48,6.73,4818000
11950,504457,FIFGROUP,104700000,307554000,12,4.35,26744000
11951,504458,BCA Finance,50700000,134559000,12,4.64,11733000
11952,504460,Mandiri Tunas Finance,259900000,510995000,24,4.78,23326000
11953,504461,FIFGROUP,103100000,206701000,36,6.87,6925000
11954,504464,Adira Finance,193600000,532673000,48,8.44,14843000
11955,504468,Mandiri Tunas Finance,42900000,143913000,48,7.49,3896000
11956,504470,BFI Finance,152100000,318762000,24,7.08,15162000
11957,504472,Adira Finance,62400000,248955000,12,7.84,22372000
11958,504477,FIFGROUP,100100000,294394000,36,3.60,9060000
11959,504478,Astra Credit,66100000,231269000,12,5.37,20307000
11960,504479,Mandiri Tunas Finance,149700000,303735000,48,6.08,7866000
11961,504480,Astra Credit,76000000,226919000,36,8.56,7921000
11962,504481,FIFGROUP,51000000,202413000,48,6.39,5294000
11963,504482,BFI Finance,72000000,164430000,24,5.12,7552000
11964,504483,Astra Credit,172000000,641852000,24,3.95,28856000
11965,504484,BCA Finance,121100000,329560000,60,4.34,6684000
11966,504486,Mandiri Tunas Finance,55500000,143301000,48,5.01,3583000
11967,504487,BCA Finance,81600000,192459000,36,7.87,6608000
11968,504491,Mandiri Tunas Finance,63100000,245924000,48,3.72,5885000
11969,504492,Adira Finance,68000000,171538000,36,8.25,5944000
11970,504493,BFI Finance,127600000,397319000,36,7.44,13500000
11971,504494,BFI Finance,108500000,322402000,60,4.62,6614000
11972,504495,BCA Finance,84600000,241407000,36,4.01,7512000
11973,504496,Mandiri Tunas Finance,293300000,858214000,24,5.54,39721000
11974,504499,BFI Finance,35800000,143465000,12,6.37,12716000
11975,504501,Maybank Finance,201100000,580340000,36,7.00,19505000
11976,504502,Astra Credit,50400000,198018000,12,7.86,17798000
11977,504504,BFI Finance,176200000,533090000,60,4.49,10879000
11978,504505,Astra Credit,231300000,629727000,36,4.78,20000000
11979,504506,BCA Finance,63300000,252495000,36,8.17,8732000
11980,504510,Maybank Finance,54000000,166002000,12,5.97,14659000
11981,504511,Astra Credit,80100000,236361000,60,8.90,5692000
11982,504512,Mandiri Tunas Finance,46200000,139392000,24,4.97,6385000
11983,504514,Adira Finance,168900000,542721000,12,4.43,47230000
11984,504515,Astra Credit,184200000,623436000,24,7.86,30060000
11985,504517,Astra Credit,453300000,1612299000,24,8.03,77968000
11986,504519,FIFGROUP,69500000,236194000,24,5.23,10870000
11987,504520,Astra Credit,82900000,162743000,48,8.02,4478000
11988,504522,Astra Credit,102300000,317724000,36,6.18,10461000
11989,504523,Mandiri Tunas Finance,145700000,300076000,24,6.05,14016000
11990,504525,Mandiri Tunas Finance,43000000,160241000,24,7.49,7676000
11991,504528,Astra Credit,48400000,131642000,24,4.38,5965000
11992,504529,Mandiri Tunas Finance,55000000,133145000,48,8.40,3705000
11993,504534,Mandiri Tunas Finance,91200000,220044000,36,3.86,6820000
11994,504536,Maybank Finance,205800000,410139000,24,4.74,18709000
11995,504537,Adira Finance,81800000,239989000,36,7.63,8192000
11996,504538,BCA Finance,60500000,123649000,60,6.40,2720000
11997,504539,Adira Finance,510100000,1118048000,60,7.96,26050000
11998,504542,Adira Finance,101900000,206125000,24,5.72,9571000
11999,504543,FIFGROUP,58200000,195768000,48,9.38,5608000
12000,504544,Astra Credit,391500000,950823000,48,4.58,23437000
12001,504545,Adira Finance,270200000,512794000,60,4.78,10589000
12002,504546,Adira Finance,170500000,664442000,60,9.24,16190000
12003,504547,Adira Finance,69000000,142566000,60,6.00,3088000
12004,504548,Mandiri Tunas Finance,94200000,216267000,36,4.50,6818000
12005,504549,BCA Finance,102300000,287532000,36,8.53,10030000
12006,504550,Adira Finance,56200000,165911000,60,5.65,3546000
12007,504552,BFI Finance,246700000,595346000,36,9.25,21126000
12008,504554,Mandiri Tunas Finance,68600000,199132000,48,7.48,5389000
12009,504555,Maybank Finance,96000000,318252000,48,5.53,8096000
12010,504556,Adira Finance,143800000,267677000,12,8.63,24231000
12011,504557,Mandiri Tunas Finance,61200000,214746000,24,5.73,9973000
12012,504558,Mandiri Tunas Finance,55700000,139882000,12,7.26,12503000
12013,504559,Adira Finance,69400000,228080000,48,7.31,6141000
12014,504560,Adira Finance,77100000,166878000,12,9.21,15187000
12015,504565,Mandiri Tunas Finance,89200000,171095000,60,6.64,3798000
12016,504566,Mandiri Tunas Finance,228100000,564329000,24,9.21,27844000
12017,504567,FIFGROUP,255400000,538916000,12,4.75,47042000
12018,504570,Adira Finance,95300000,208618000,36,8.04,7192000
12019,504571,FIFGROUP,299600000,1108879000,48,5.58,28257000
12020,504572,Maybank Finance,85400000,239719000,48,9.09,6810000
12021,504573,Astra Credit,104300000,324604000,48,9.13,9232000
12022,504574,Mandiri Tunas Finance,53300000,137731000,24,9.24,6799000
12023,504575,FIFGROUP,125800000,280793000,48,7.03,7494000
12024,504577,Astra Credit,131900000,291343000,24,4.76,13294000
12025,504578,BFI Finance,101200000,198833000,48,7.80,5434000
12026,504579,Maybank Finance,143400000,338007000,24,8.13,16373000
12027,504580,Maybank Finance,99800000,327883000,24,8.59,16008000
12028,504581,Maybank Finance,88800000,262182000,48,6.17,6810000
12029,504582,Adira Finance,279800000,540601000,12,7.08,48239000
12030,504583,Maybank Finance,187900000,613964000,12,5.86,54161000
12031,504585,Maybank Finance,41800000,142793000,60,7.46,3267000
12032,504586,BCA Finance,108500000,220282000,12,8.57,19930000
12033,504587,Adira Finance,71500000,196565000,36,5.65,6385000
12034,504588,BCA Finance,78800000,164401000,36,3.75,5080000
12035,504589,BCA Finance,137500000,328478000,12,8.21,29620000
12036,504591,Adira Finance,137100000,532563000,12,5.75,46932000
12037,504593,BCA Finance,74000000,248233000,24,8.83,12169000
12038,504594,Maybank Finance,45400000,137861000,60,7.01,3103000
12039,504595,Adira Finance,116900000,295909000,36,3.67,9124000
12040,504596,BFI Finance,248900000,556516000,24,9.00,27362000
12041,504597,BFI Finance,64500000,248409000,48,9.47,7135000
12042,504598,FIFGROUP,91700000,266275000,48,4.04,6443000
12043,504599,FIFGROUP,78900000,241002000,36,6.64,8028000
12044,504602,Adira Finance,183800000,651031000,48,6.70,17198000
12045,504603,BFI Finance,88600000,194228000,24,9.43,9619000
12046,504605,Maybank Finance,79500000,172137000,12,7.66,15443000
12047,504607,BCA Finance,96400000,233714000,24,6.73,11048000
12048,504608,BCA Finance,188700000,532134000,24,6.79,25183000
12049,504609,Mandiri Tunas Finance,54500000,149296000,48,8.55,4174000
12050,504610,Adira Finance,85200000,183198000,12,4.08,15889000
12051,504612,BFI Finance,233500000,624974000,60,4.97,13004000
12052,504613,FIFGROUP,193400000,497797000,36,6.95,16710000
12053,504614,BCA Finance,124100000,308578000,36,6.71,10297000
12054,504616,Mandiri Tunas Finance,86600000,209215000,12,6.06,18491000
12055,504617,Maybank Finance,233600000,563047000,12,3.88,48741000
12056,504618,Maybank Finance,164600000,539806000,12,7.75,48470000
12057,504619,Astra Credit,70900000,203603000,24,8.50,9925000
12058,504620,Astra Credit,120200000,318028000,12,8.39,28725000
12059,504621,Astra Credit,74400000,247389000,36,8.92,8710000
12060,504625,Maybank Finance,282500000,547003000,48,4.53,13460000
12061,504626,Maybank Finance,122400000,316272000,24,6.18,14806000
12062,504628,Maybank Finance,127200000,300705000,12,7.27,26880000
12063,504629,Adira Finance,71500000,167816000,36,4.13,5239000
12064,504630,Adira Finance,61400000,202447000,12,3.68,17491000
12065,504633,Adira Finance,50600000,198595000,60,8.65,4741000
12066,504634,Adira Finance,69200000,242044000,60,7.38,5522000
12067,504639,BCA Finance,89400000,225063000,24,9.20,11103000
12068,504641,Adira Finance,233400000,636396000,60,6.92,14276000
12069,504642,Maybank Finance,135800000,503449000,24,5.94,23469000
12070,504643,FIFGROUP,178900000,634175000,12,4.34,55141000
12071,504644,Astra Credit,107100000,401280000,36,5.68,13046000
12072,504645,BCA Finance,133200000,357087000,36,4.41,11231000
12073,504646,FIFGROUP,118200000,356325000,12,8.80,32306000
12074,504647,Astra Credit,441900000,923622000,48,9.44,26507000
12075,504648,BCA Finance,179700000,555231000,24,5.42,25642000
12076,504649,Astra Credit,95200000,341141000,24,8.72,16693000
12077,504651,Adira Finance,166300000,424664000,12,5.68,37398000
12078,504653,FIFGROUP,68500000,243188000,48,4.67,6012000
12079,504655,Adira Finance,66500000,263725000,12,8.74,23897000
12080,504656,Adira Finance,105900000,209562000,60,6.59,4643000
12081,504657,Mandiri Tunas Finance,126000000,471735000,60,6.43,10389000
12082,504658,FIFGROUP,55900000,184082000,48,5.87,4735000
12083,504659,FIFGROUP,259500000,627168000,12,9.23,57087000
12084,504660,FIFGROUP,49800000,186186000,24,5.44,8601000
12085,504662,Maybank Finance,97700000,328318000,36,7.09,11059000
12086,504663,Adira Finance,102400000,204293000,12,6.98,18212000
12087,504664,FIFGROUP,53600000,193597000,24,4.02,8715000
12088,504666,Maybank Finance,83000000,222472000,60,6.49,4911000
12089,504667,Astra Credit,140600000,318385000,24,8.76,15590000
12090,504669,BFI Finance,102300000,215160000,24,4.03,9687000
12091,504670,Maybank Finance,506600000,1225888000,48,4.94,30585000
12092,504671,BCA Finance,57600000,208023000,60,3.81,4127000
12093,504672,BCA Finance,534800000,1516147000,36,6.44,50251000
12094,504673,Maybank Finance,142500000,330915000,24,4.71,15086000
12095,504676,Astra Credit,98000000,203254000,24,7.62,9759000
12096,504677,Adira Finance,138200000,339100000,12,5.69,29866000
12097,504678,BCA Finance,106100000,212137000,24,9.45,10509000
12098,504679,Adira Finance,59600000,222673000,60,5.00,4639000
12099,504680,Maybank Finance,85600000,164594000,60,3.71,3252000
12100,504681,Astra Credit,76500000,246732000,24,8.19,11964000
12101,504683,Maybank Finance,129700000,344603000,12,7.45,30856000
12102,504684,Adira Finance,183600000,415578000,60,4.53,8495000
12103,504685,Adira Finance,179800000,336128000,36,5.25,10807000
12104,504687,Astra Credit,129200000,353983000,24,4.30,16017000
12105,504688,Astra Credit,87700000,239750000,36,8.35,8327000
12106,504689,Adira Finance,127100000,271501000,48,9.23,7744000
12107,504691,Maybank Finance,108800000,324766000,48,4.75,8051000
12108,504695,BCA Finance,64100000,148909000,36,5.27,4790000
12109,504696,Astra Credit,95000000,181390000,60,3.54,3558000
12110,504698,BCA Finance,101500000,237716000,60,8.19,5584000
12111,504699,FIFGROUP,190100000,473902000,60,7.50,10860000
12112,504701,BFI Finance,68800000,156530000,36,9.02,5524000
12113,504702,Astra Credit,52700000,128119000,24,4.71,5841000
12114,504703,Adira Finance,265600000,674681000,60,5.85,14533000
12115,504706,FIFGROUP,133800000,328848000,24,6.48,15477000
12116,504707,Astra Credit,153700000,289523000,12,8.09,26078000
12117,504708,Maybank Finance,97100000,349120000,12,3.67,30161000
12118,504710,BFI Finance,201800000,612718000,36,6.35,20262000
12119,504711,Adira Finance,266200000,568853000,12,6.59,50528000
12120,504712,Maybank Finance,63100000,192311000,12,7.52,17231000
12121,504714,Adira Finance,219700000,608249000,24,5.65,28207000
12122,504715,Adira Finance,113700000,387798000,24,6.87,18378000
12123,504717,Astra Credit,93200000,213382000,12,5.52,18763000
12124,504719,Adira Finance,171900000,612648000,24,7.62,29417000
12125,504720,Mandiri Tunas Finance,203100000,525504000,36,8.03,18113000
12126,504721,BFI Finance,66000000,257010000,12,4.73,22430000
12127,504722,Mandiri Tunas Finance,212900000,501718000,24,9.47,24864000
12128,504724,Mandiri Tunas Finance,98700000,352626000,24,5.37,16270000
12129,504726,BFI Finance,108500000,213955000,12,8.64,19370000
12130,504727,FIFGROUP,582400000,1994798000,48,8.07,54973000
12131,504730,Mandiri Tunas Finance,56700000,180951000,24,9.39,8955000
12132,504733,Astra Credit,197400000,440961000,24,3.58,19688000
12133,504734,Adira Finance,60200000,160357000,60,6.69,3566000
12134,504741,Mandiri Tunas Finance,60600000,192813000,48,5.33,4873000
12135,504742,Astra Credit,111300000,264324000,24,8.05,12786000
12136,504743,Astra Credit,206900000,486850000,24,8.86,23879000
12137,504744,Adira Finance,114800000,265264000,60,3.58,5212000
12138,504746,FIFGROUP,95300000,206287000,12,3.58,17806000
12139,504747,BCA Finance,107300000,220261000,24,5.05,10104000
12140,504749,FIFGROUP,237100000,582746000,48,9.44,16724000
12141,504750,Mandiri Tunas Finance,207200000,646057000,24,6.70,30526000
12142,504752,BFI Finance,67700000,246652000,12,3.74,21323000
12143,504753,BFI Finance,221700000,589266000,12,6.18,52140000
12144,504754,Maybank Finance,106500000,299427000,12,4.62,26105000
12145,504756,Maybank Finance,142700000,473017000,24,6.85,22409000
12146,504761,Astra Credit,128700000,354261000,36,4.87,11278000
12147,504763,Mandiri Tunas Finance,176000000,634078000,36,9.41,22585000
12148,504765,Maybank Finance,86200000,185972000,48,8.03,5118000
12149,504766,Adira Finance,57300000,165921000,24,5.83,7719000
12150,504769,Astra Credit,175900000,434156000,12,5.03,37999000
12151,504773,Adira Finance,241500000,457245000,60,4.51,9339000
12152,504775,Adira Finance,79800000,179274000,36,9.20,6354000
12153,504779,Adira Finance,180500000,659770000,36,7.26,22318000
12154,504780,Mandiri Tunas Finance,187000000,407516000,36,7.30,13798000
12155,504782,Adira Finance,98800000,255845000,24,6.55,12056000
12156,504784,Maybank Finance,81600000,230865000,24,5.96,10766000
12157,504785,Maybank Finance,74000000,182077000,24,9.39,9011000
12158,504786,Mandiri Tunas Finance,96000000,193044000,48,4.80,4793000
12159,504787,BCA Finance,100700000,239626000,12,4.22,20811000
12160,504788,Mandiri Tunas Finance,174700000,552128000,24,8.70,27008000
12161,504789,Astra Credit,190200000,619878000,12,3.66,53547000
12162,504791,Adira Finance,58500000,185700000,24,6.00,8666000
12163,504793,Maybank Finance,65100000,202965000,48,6.09,5258000
12164,504794,FIFGROUP,208600000,392576000,48,8.04,10808000
12165,504795,Astra Credit,184500000,473841000,60,3.61,9322000
12166,504797,Astra Credit,192300000,503337000,48,6.32,13137000
12167,504799,FIFGROUP,106000000,322349000,12,6.21,28530000
12168,504800,BCA Finance,107300000,324934000,48,4.43,7969000
12169,504802,Maybank Finance,104600000,194545000,48,9.38,5573000
12170,504803,Adira Finance,68400000,222420000,48,4.47,5462000
12171,504804,Maybank Finance,190900000,629612000,36,7.59,21471000
12172,504805,BFI Finance,159900000,329388000,60,7.08,7433000
12173,504807,BFI Finance,106600000,321749000,36,8.36,11178000
12174,504808,BFI Finance,614700000,1391736000,24,5.70,64599000
12175,504810,Maybank Finance,69800000,221020000,24,5.69,10257000
12176,504811,Maybank Finance,209600000,619237000,36,8.16,21411000
12177,504814,BCA Finance,98900000,379621000,12,3.52,32748000
12178,504815,Mandiri Tunas Finance,56900000,139681000,48,8.55,3905000
12179,504817,Mandiri Tunas Finance,79000000,202829000,12,5.89,17897000
12180,504818,BFI Finance,222300000,471783000,60,4.40,9592000
12181,504820,BFI Finance,89000000,222577000,12,8.30,20087000
12182,504822,Maybank Finance,98100000,323367000,12,5.57,28448000
12183,504823,Maybank Finance,43600000,142325000,60,6.59,3153000
12184,504824,Adira Finance,93000000,214470000,36,4.27,6720000
12185,504825,Astra Credit,199200000,535620000,48,7.87,14671000
12186,504826,BCA Finance,215700000,473721000,24,4.80,21633000
12187,504827,Mandiri Tunas Finance,401100000,1545285000,48,5.98,39894000
12188,504828,Adira Finance,142300000,372851000,48,4.36,9122000
12189,504829,BCA Finance,87200000,228817000,60,9.00,5529000
12190,504830,FIFGROUP,131700000,332058000,12,3.96,28767000
12191,504831,BFI Finance,57600000,153300000,12,8.58,13871000
12192,504832,Adira Finance,89400000,314862000,60,4.21,6352000
12193,504834,BFI Finance,420300000,1628649000,36,4.02,50696000
12194,504835,Mandiri Tunas Finance,86600000,167368000,24,6.99,7948000
12195,504838,Astra Credit,100500000,225507000,48,8.48,6291000
12196,504841,BCA Finance,167800000,668363000,24,7.16,31836000
12197,504843,Maybank Finance,88000000,319814000,12,8.91,29025000
12198,504844,Adira Finance,62700000,178836000,60,4.20,3606000
12199,504845,Mandiri Tunas Finance,130200000,300369000,24,5.42,13872000
12200,504846,Mandiri Tunas Finance,51500000,205798000,60,4.60,4218000
12201,504847,FIFGROUP,60500000,230542000,48,4.73,5711000
12202,504848,BFI Finance,69500000,218767000,12,6.13,19348000
12203,504852,Astra Credit,146100000,345186000,24,4.73,15743000
12204,504856,Mandiri Tunas Finance,87300000,332613000,36,4.70,10541000
12205,504858,Adira Finance,65900000,189955000,60,5.42,4023000
12206,504859,BFI Finance,178100000,510766000,12,7.33,45683000
12207,504862,Maybank Finance,70000000,237803000,24,6.92,11279000
12208,504865,FIFGROUP,206500000,476594000,24,4.54,21661000
12209,504866,FIFGROUP,118200000,292389000,24,8.55,14266000
12210,504867,Maybank Finance,40600000,148544000,60,8.19,3489000
12211,504869,Astra Credit,63000000,151674000,60,9.34,3708000
12212,504870,FIFGROUP,54500000,214231000,24,9.21,10570000
12213,504871,BFI Finance,71300000,269803000,48,7.80,7374000
12214,504873,Maybank Finance,193600000,511472000,12,6.88,45555000
12215,504874,Astra Credit,103000000,288053000,24,3.51,12844000
12216,504875,FIFGROUP,182600000,648457000,60,7.59,14909000
12217,504877,Mandiri Tunas Finance,63000000,156780000,12,5.73,13813000
12218,504878,BFI Finance,49500000,158070000,24,9.50,7837000
12219,504881,Astra Credit,226300000,613304000,24,8.83,30067000
12220,504883,BCA Finance,55900000,215051000,48,8.41,5987000
12221,504884,Adira Finance,56500000,222332000,60,4.86,4605000
12222,504885,Adira Finance,91400000,352822000,24,7.68,16958000
12223,504886,Maybank Finance,146500000,291395000,12,5.23,25552000
12224,504888,BCA Finance,139600000,280646000,24,6.89,13304000
12225,504890,Mandiri Tunas Finance,64000000,232037000,24,8.80,11369000
12226,504891,FIFGROUP,385600000,980810000,60,4.03,19640000
12227,504892,Adira Finance,448100000,929188000,12,9.20,84556000
12228,504895,FIFGROUP,55200000,213864000,24,7.18,10190000
12229,504896,Adira Finance,91800000,333663000,48,8.44,9298000
12230,504897,BFI Finance,160700000,485653000,48,5.06,12165000
12231,504898,Astra Credit,93600000,303669000,48,6.86,8062000
12232,504901,FIFGROUP,87600000,169143000,24,4.52,7684000
12233,504903,Maybank Finance,294700000,669446000,60,8.68,15999000
12234,504904,Maybank Finance,62500000,234092000,24,7.30,11177000
12235,504909,Maybank Finance,43000000,143369000,12,3.99,12424000
12236,504910,FIFGROUP,201900000,650358000,48,4.80,16150000
12237,504911,Astra Credit,284400000,540330000,12,7.15,48246000
12238,504912,Maybank Finance,64900000,187514000,36,6.38,6205000
12239,504914,Adira Finance,192500000,496366000,12,9.35,45231000
12240,504915,BFI Finance,207500000,404776000,48,4.48,9943000
12241,504916,BCA Finance,70300000,186332000,48,8.19,5153000
12242,504919,BCA Finance,77100000,180087000,36,6.80,6022000
12243,504920,FIFGROUP,90000000,216138000,60,6.11,4702000
12244,504922,Adira Finance,198900000,464658000,12,7.37,41575000
12245,504923,Adira Finance,68500000,128192000,60,4.80,2649000
12246,504928,BCA Finance,60000000,120708000,60,5.60,2575000
12247,504929,FIFGROUP,92800000,318566000,60,8.32,7518000
12248,504931,FIFGROUP,150700000,303623000,60,6.33,6661000
12249,504932,Mandiri Tunas Finance,73200000,193977000,48,6.17,5038000
12250,504933,BCA Finance,102900000,214893000,36,4.73,6816000
12251,504934,Astra Credit,220400000,585571000,48,8.13,16166000
12252,504936,Maybank Finance,68200000,215516000,36,3.73,6656000
12253,504937,Adira Finance,142000000,474272000,36,7.71,16221000
12254,504938,Astra Credit,37300000,139634000,60,9.38,3418000
12255,504940,Maybank Finance,140000000,327310000,36,4.89,10425000
12256,504942,Maybank Finance,135800000,273457000,36,5.62,8876000
12257,504943,BFI Finance,57100000,181883000,12,6.75,16180000
12258,504945,Maybank Finance,131800000,328850000,36,5.01,10507000
12259,504948,BCA Finance,89300000,199744000,60,7.41,4562000
12260,504950,FIFGROUP,98700000,201444000,36,5.38,6498000
12261,504952,Maybank Finance,65400000,149052000,36,5.49,4822000
12262,504953,Mandiri Tunas Finance,90900000,289941000,60,4.17,5839000
12263,504954,BFI Finance,192000000,624405000,48,5.57,15906000
12264,504956,Adira Finance,150400000,487961000,24,7.48,23373000
12265,504957,BCA Finance,225500000,567484000,36,8.42,19745000
12266,504958,Astra Credit,161400000,352641000,12,5.29,30941000
12267,504960,Maybank Finance,64300000,120959000,36,4.17,3780000
12268,504961,Mandiri Tunas Finance,489300000,1500708000,36,8.39,52178000
12269,504962,Mandiri Tunas Finance,84800000,191701000,12,5.28,16818000
12270,504963,Maybank Finance,657600000,1580493000,12,4.64,137818000
12271,504964,BFI Finance,55700000,187279000,48,5.06,4691000
12272,504965,Maybank Finance,88900000,178055000,36,8.41,6193000
12273,504969,Maybank Finance,95600000,181678000,48,5.52,4620000
12274,504971,Maybank Finance,50600000,127777000,48,8.36,3552000
12275,504972,BCA Finance,99900000,222666000,60,4.16,4483000
12276,504973,Mandiri Tunas Finance,174500000,652894000,60,8.26,15375000
12277,504975,BFI Finance,78600000,172482000,12,7.40,15437000
12278,504977,BCA Finance,140900000,335734000,48,4.48,8247000
12279,504978,Astra Credit,129200000,306142000,24,9.28,15123000
12280,504981,FIFGROUP,182500000,513914000,12,5.49,45177000
12281,504983,Maybank Finance,268000000,536528000,24,6.17,25113000
12282,504984,BCA Finance,226500000,462477000,12,7.57,41457000
12283,504985,Astra Credit,293000000,922783000,24,3.95,41486000
12284,504986,Mandiri Tunas Finance,64400000,119971000,36,5.66,3898000
12285,504987,FIFGROUP,164100000,623001000,12,6.87,55483000
12286,504988,Adira Finance,64200000,121170000,60,7.21,2747000
12287,504990,Mandiri Tunas Finance,137100000,266385000,48,5.23,6710000
12288,504996,Adira Finance,209100000,628173000,48,5.43,15929000
12289,504997,Astra Credit,73400000,245281000,36,5.42,7921000
12290,504998,Adira Finance,78900000,234342000,60,4.69,4821000
12291,504999,BCA Finance,103000000,343886000,36,4.21,10758000
12292,505002,Astra Credit,230800000,441971000,60,5.78,9495000
12293,505004,Maybank Finance,102500000,218623000,60,4.80,4518000
12294,505005,BFI Finance,87900000,238662000,36,9.42,8502000
12295,505006,BCA Finance,186700000,491399000,48,3.66,11736000
12296,505009,Adira Finance,96200000,333259000,36,3.98,10362000
12297,505010,Mandiri Tunas Finance,65800000,251438000,48,7.25,6757000
12298,505011,Astra Credit,43100000,135277000,24,7.17,6444000
12299,505012,BCA Finance,58200000,124395000,48,6.98,3315000
12300,505013,FIFGROUP,145800000,298644000,12,5.36,26220000
12301,505014,Astra Credit,92500000,222518000,48,6.67,5872000
12302,505015,FIFGROUP,243100000,553991000,60,6.35,12164000
12303,505016,BCA Finance,91100000,186178000,12,9.13,16931000
12304,505017,Maybank Finance,188400000,413997000,48,9.35,11850000
12305,505018,Adira Finance,101800000,314117000,60,4.12,6313000
12306,505020,Adira Finance,62800000,234125000,24,4.97,10724000
12307,505022,Mandiri Tunas Finance,70700000,157738000,24,7.08,7503000
12308,505023,BCA Finance,80500000,226748000,60,5.60,4837000
12309,505026,Astra Credit,98000000,235000000,24,9.33,11618000
12310,505028,FIFGROUP,59900000,169759000,12,5.74,14958000
12311,505029,Mandiri Tunas Finance,61000000,119930000,36,6.18,3949000
12312,505031,Adira Finance,140200000,334991000,48,8.58,9374000
12313,505032,BFI Finance,44100000,134943000,36,7.64,4607000
12314,505035,Mandiri Tunas Finance,78900000,235341000,60,6.30,5157000
12315,505037,Adira Finance,82800000,190149000,60,4.90,3945000
12316,505038,Maybank Finance,68300000,239614000,12,9.11,21786000
12317,505039,Astra Credit,234100000,582194000,24,5.63,26989000
12318,505041,Astra Credit,263300000,543448000,36,3.93,16875000
12319,505042,Mandiri Tunas Finance,107700000,361608000,48,6.25,9416000
12320,505043,BCA Finance,69000000,240801000,48,4.35,5889000
12321,505044,FIFGROUP,157500000,441234000,12,5.61,38832000
12322,505046,BCA Finance,155500000,335675000,12,8.26,30283000
12323,505047,BCA Finance,95700000,309117000,36,6.91,10366000
12324,505048,Adira Finance,48500000,175831000,48,4.75,4359000
12325,505049,BCA Finance,77900000,198157000,12,4.58,17269000
12326,505050,Maybank Finance,807600000,2728749000,48,8.88,77041000
12327,505051,BFI Finance,71500000,194123000,60,8.07,4540000
12328,505053,Astra Credit,48600000,123783000,12,3.69,10695000
12329,505055,FIFGROUP,51400000,141629000,48,4.03,3426000
12330,505056,Maybank Finance,150800000,302302000,48,4.14,7340000
12331,505057,Mandiri Tunas Finance,102000000,271293000,36,5.39,8754000
12332,505060,Mandiri Tunas Finance,83400000,241053000,24,9.48,11948000
12333,505061,Astra Credit,139700000,318508000,48,5.87,8193000
12334,505062,FIFGROUP,43300000,173261000,12,5.00,15160000
12335,505063,Mandiri Tunas Finance,55500000,135531000,48,4.37,3317000
12336,505068,Mandiri Tunas Finance,494000000,1344493000,48,7.16,36032000
12337,505072,Maybank Finance,88400000,276679000,48,4.58,6820000
12338,505073,FIFGROUP,79700000,232987000,24,9.05,11464000
12339,505074,FIFGROUP,84300000,246258000,60,8.21,5789000
12340,505078,Astra Credit,53200000,154259000,12,6.76,13723000
12341,505079,BFI Finance,592900000,1195532000,60,3.84,23751000
12342,505080,Mandiri Tunas Finance,161800000,403079000,24,3.90,18104000
12343,505084,BFI Finance,43000000,149474000,48,7.34,4028000
12344,505085,Astra Credit,91900000,219566000,24,5.11,10083000
12345,505087,BFI Finance,90400000,225617000,60,6.75,5029000
12346,505090,BFI Finance,91200000,212829000,12,4.70,18569000
12347,505091,Mandiri Tunas Finance,145000000,464834000,24,5.50,21498000
12348,505092,Astra Credit,192500000,617467000,36,8.63,21592000
12349,505093,BCA Finance,103000000,372191000,24,4.35,16857000
12350,505094,BCA Finance,119400000,331482000,24,8.65,16201000
12351,505095,Astra Credit,106800000,343527000,60,5.66,7345000
12352,505097,BCA Finance,171800000,620296000,12,7.76,55702000
12353,505101,Mandiri Tunas Finance,85400000,324634000,60,3.63,6392000
12354,505102,Mandiri Tunas Finance,75300000,178890000,60,9.43,4387000
12355,505106,Mandiri Tunas Finance,132000000,310002000,24,8.59,15135000
12356,505108,BFI Finance,79600000,228203000,24,3.80,10231000
12357,505109,Maybank Finance,176400000,440205000,48,8.43,12263000
12358,505110,BCA Finance,48600000,168738000,36,6.96,5665000
12359,505115,Maybank Finance,52300000,155936000,48,4.30,3807000
12360,505116,BFI Finance,138800000,319741000,60,6.72,7119000
12361,505117,FIFGROUP,236000000,921397000,24,6.36,43274000
12362,505118,Astra Credit,289900000,551924000,36,7.43,18748000
12363,505121,BCA Finance,75600000,162051000,24,6.28,7600000
12364,505122,Mandiri Tunas Finance,195700000,407807000,36,8.42,14189000
12365,505123,Mandiri Tunas Finance,101900000,195136000,24,3.64,8722000
12366,505124,Astra Credit,277300000,569741000,36,6.37,18850000
12367,505126,BFI Finance,264000000,502566000,36,6.49,16678000
12368,505128,Maybank Finance,97100000,309271000,48,9.32,8845000
12369,505130,BFI Finance,135700000,273335000,48,5.90,7038000
12370,505133,Maybank Finance,97500000,221070000,36,9.06,7809000
12371,505134,Mandiri Tunas Finance,122400000,334920000,36,5.27,10774000
12372,505135,Adira Finance,116700000,328743000,12,6.14,29077000
12373,505140,Adira Finance,117500000,362797000,60,4.75,7482000
12374,505141,Astra Credit,100900000,210233000,12,8.96,19089000
12375,505143,Astra Credit,119600000,339607000,60,7.82,7873000
12376,505144,BCA Finance,621100000,1871627000,48,6.38,48943000
12377,505148,BCA Finance,74400000,169023000,24,8.40,8225000
12378,505152,BFI Finance,136700000,314737000,12,6.00,27801000
12379,505153,Astra Credit,85200000,260565000,36,8.19,9016000
12380,505155,Mandiri Tunas Finance,101200000,370550000,60,7.67,8544000
12381,505156,Adira Finance,225600000,605457000,60,7.15,13698000
12382,505157,BCA Finance,63500000,118429000,48,9.25,3380000
12383,505158,Adira Finance,53600000,202255000,24,4.59,9200000
12384,505159,Mandiri Tunas Finance,110900000,315340000,48,7.46,8529000
12385,505161,Maybank Finance,63100000,238043000,36,3.75,7356000
12386,505162,BFI Finance,73100000,241030000,60,5.79,5180000
12387,505165,FIFGROUP,107500000,200636000,12,6.56,17816000
12388,505166,Adira Finance,204800000,652675000,60,5.00,13597000
12389,505167,Maybank Finance,258100000,543986000,24,3.89,24429000
12390,505169,Adira Finance,92300000,219055000,48,4.55,5394000
12391,505170,BCA Finance,78800000,203140000,48,6.51,5334000
12392,505172,Astra Credit,57900000,213495000,48,8.69,5993000
12393,505175,BFI Finance,210600000,607470000,36,9.36,21612000
12394,505176,Astra Credit,43200000,151272000,24,5.58,7006000
12395,505177,Maybank Finance,41300000,131416000,60,6.73,2927000
12396,505180,FIFGROUP,264900000,506772000,24,6.00,23649000
12397,505181,Adira Finance,67400000,265489000,60,4.31,5378000
12398,505182,BCA Finance,69700000,244097000,48,5.36,6175000
12399,505184,FIFGROUP,58600000,119666000,60,9.23,2914000
12400,505185,Mandiri Tunas Finance,184400000,505243000,60,5.55,10757000
12401,505186,BCA Finance,73800000,245658000,48,6.28,6403000
12402,505187,BFI Finance,446200000,1270526000,60,5.93,27453000
12403,505188,FIFGROUP,82900000,230009000,12,3.85,19905000
12404,505189,FIFGROUP,88100000,206605000,12,6.93,18410000
12405,505191,Astra Credit,88300000,178766000,24,5.89,8326000
12406,505193,Adira Finance,58200000,117402000,36,7.36,3981000
12407,505194,Adira Finance,96600000,338853000,60,5.06,7076000
12408,505195,Astra Credit,227400000,566472000,24,3.90,25444000
12409,505196,Mandiri Tunas Finance,71700000,250311000,60,8.69,5984000
12410,505197,Astra Credit,153500000,563560000,36,6.85,18871000
12411,505198,FIFGROUP,147800000,305746000,12,8.81,27723000
12412,505199,FIFGROUP,205200000,496098000,48,5.00,12402000
12413,505201,BCA Finance,100800000,232311000,12,6.14,20547000
12414,505202,Astra Credit,88500000,234510000,60,8.40,5550000
12415,505203,BFI Finance,246700000,537071000,60,8.77,12876000
12416,505204,Adira Finance,98400000,295095000,12,8.24,26617000
12417,505205,Astra Credit,121400000,290743000,12,8.09,26188000
12418,505206,Maybank Finance,166800000,631401000,60,3.51,12370000
12419,505207,FIFGROUP,247000000,493370000,60,6.34,10829000
12420,505208,Astra Credit,86100000,202056000,36,9.31,7180000
12421,505209,BCA Finance,77000000,231025000,24,3.88,10373000
12422,505211,BFI Finance,183800000,615733000,60,4.68,12663000
12423,505212,Adira Finance,109400000,297526000,12,4.46,25899000
12424,505216,Mandiri Tunas Finance,89500000,333410000,36,4.38,10478000
12425,505217,FIFGROUP,142700000,320503000,60,8.77,7684000
12426,505218,BCA Finance,69900000,199386000,24,6.60,9404000
12427,505219,Mandiri Tunas Finance,139800000,293544000,36,6.73,9800000
12428,505220,Maybank Finance,94700000,221428000,24,4.66,10086000
12429,505221,Mandiri Tunas Finance,46700000,126571000,48,4.83,3146000
12430,505222,Astra Credit,83000000,238678000,12,9.39,21757000
12431,505223,Adira Finance,64500000,193464000,36,4.22,6054000
12432,505225,BCA Finance,85600000,171365000,60,5.53,3645000
12433,505228,FIFGROUP,155100000,363603000,36,5.38,11730000
12434,505230,BFI Finance,67500000,229980000,24,9.24,11353000
12435,505231,BCA Finance,128000000,294244000,12,7.62,26388000
12436,505232,Adira Finance,170400000,669093000,12,6.01,59108000
12437,505233,FIFGROUP,62700000,241551000,48,7.73,6588000
12438,505235,Astra Credit,53800000,139784000,12,4.37,12157000
12439,505236,Astra Credit,64600000,188480000,24,4.25,8520000
12440,505237,Astra Credit,95800000,237977000,12,4.38,20700000
12441,505238,FIFGROUP,171000000,634083000,24,6.74,29981000
12442,505239,Mandiri Tunas Finance,90500000,340180000,60,6.27,7447000
12443,505244,BFI Finance,175300000,634223000,12,9.31,57772000
12444,505245,Adira Finance,55700000,124786000,12,5.15,10934000
12445,505247,Adira Finance,59300000,156151000,36,7.91,5366000
12446,505248,Mandiri Tunas Finance,88700000,189910000,36,5.06,6076000
12447,505252,Mandiri Tunas Finance,67100000,244144000,36,7.47,8301000
12448,505254,BCA Finance,105000000,228444000,24,4.52,10378000
12449,505258,Astra Credit,90700000,319556000,36,5.07,10226000
12450,505259,Adira Finance,145000000,275801000,60,9.03,6672000
12451,505260,BCA Finance,104300000,233362000,60,7.76,5398000
12452,505262,BFI Finance,70000000,241355000,12,8.24,21770000
12453,505263,Mandiri Tunas Finance,213600000,633663000,12,6.08,56015000
12454,505264,Maybank Finance,179800000,656585000,36,6.45,21767000
12455,505268,Astra Credit,68500000,242744000,60,8.57,5779000
12456,505269,BFI Finance,68800000,209921000,24,6.91,9955000
12457,505270,FIFGROUP,41900000,154570000,12,7.78,13882000
12458,505271,Adira Finance,79900000,223352000,24,8.93,10968000
12459,505272,FIFGROUP,483400000,1043627000,12,9.31,95065000
12460,505274,Mandiri Tunas Finance,71500000,257171000,36,8.32,8926000
12461,505275,FIFGROUP,38400000,138201000,24,8.83,6775000
12462,505277,Mandiri Tunas Finance,121600000,329282000,36,5.42,10633000
12463,505279,BFI Finance,62200000,201092000,36,6.91,6743000
12464,505280,BFI Finance,191400000,618456000,60,3.79,12260000
12465,505281,BFI Finance,88600000,339860000,36,6.80,11366000
12466,505283,BFI Finance,64900000,256001000,12,9.49,23357000
12467,505284,BCA Finance,39500000,154084000,36,5.19,4946000
12468,505285,Mandiri Tunas Finance,1030000000,3759650000,60,3.82,74629000
12469,505286,Adira Finance,99000000,346221000,60,3.76,6855000
12470,505287,Astra Credit,73700000,199804000,12,7.41,17884000
12471,505288,BFI Finance,282500000,879448000,60,8.01,20527000
12472,505289,Mandiri Tunas Finance,80400000,187443000,12,8.81,16996000
12473,505290,Maybank Finance,107900000,322558000,24,6.10,15079000
12474,505293,Adira Finance,80700000,200130000,48,5.71,5121000
12475,505294,Maybank Finance,132100000,341537000,48,4.12,8287000
12476,505296,Mandiri Tunas Finance,236900000,622462000,36,5.19,19982000
12477,505297,BFI Finance,109800000,277257000,36,4.43,8725000
12478,505298,BFI Finance,166600000,592085000,48,7.29,15932000
12479,505299,Astra Credit,63700000,173840000,60,4.45,3541000
12480,505300,Mandiri Tunas Finance,383100000,971988000,12,3.98,84222000
12481,505302,Astra Credit,243200000,572428000,60,5.22,12030000
12482,505303,BFI Finance,43000000,168899000,48,5.96,4357000
12483,505304,Maybank Finance,220600000,464714000,60,9.05,11249000
12484,505305,FIFGROUP,83900000,227011000,48,5.09,5692000
12485,505307,BFI Finance,138800000,314413000,36,6.88,10536000
12486,505309,BFI Finance,258000000,518334000,60,6.32,11368000
12487,505312,Maybank Finance,171800000,550699000,60,8.22,12950000
12488,505313,Maybank Finance,209700000,408570000,36,6.24,13473000
12489,505317,Astra Credit,160700000,354118000,60,4.81,7321000
12490,505318,Astra Credit,125200000,315914000,24,4.42,14326000
12491,505321,Maybank Finance,250900000,514556000,24,8.72,25178000
12492,505322,Adira Finance,101700000,233298000,12,6.20,20646000
12493,505323,Mandiri Tunas Finance,93300000,244251000,48,8.31,6780000
12494,505326,Maybank Finance,210300000,504762000,12,7.32,45142000
12495,505328,BFI Finance,233700000,540525000,12,4.55,47093000
12496,505329,Maybank Finance,228200000,483199000,24,6.99,22947000
12497,505330,Astra Credit,176100000,489456000,60,5.69,10478000
12498,505331,BFI Finance,171800000,522394000,48,6.49,13708000
12499,505333,BCA Finance,58200000,139158000,12,5.00,12176000
12500,505335,Maybank Finance,89900000,174280000,36,8.17,6027000
12501,505336,BFI Finance,89200000,174647000,60,6.58,3868000
12502,505338,Mandiri Tunas Finance,100200000,310500000,24,8.66,15178000
12503,505339,Adira Finance,127700000,438844000,24,6.57,20687000
12504,505340,BFI Finance,107100000,235668000,12,5.20,20660000
12505,505341,Mandiri Tunas Finance,629900000,2033989000,48,5.97,52493000
12506,505342,Maybank Finance,148900000,449390000,60,4.80,9287000
12507,505343,FIFGROUP,142900000,340727000,36,5.08,10907000
12508,505345,Mandiri Tunas Finance,97600000,199991000,60,5.53,4254000
12509,505346,BFI Finance,51200000,135169000,36,5.57,4382000
12510,505347,BFI Finance,182000000,449812000,24,4.22,20324000
12511,505349,Maybank Finance,158900000,351034000,36,5.03,11222000
12512,505351,Mandiri Tunas Finance,94900000,334004000,12,7.37,29885000
12513,505352,BCA Finance,81500000,174577000,24,6.74,8254000
12514,505353,Astra Credit,475800000,919359000,60,8.41,21765000
12515,505354,BCA Finance,228400000,478670000,48,6.02,12373000
12516,505355,BFI Finance,64000000,215942000,24,8.55,10536000
12517,505356,Mandiri Tunas Finance,75000000,146556000,60,3.68,2892000
12518,505358,BFI Finance,52900000,191300000,36,9.09,6762000
12519,505360,Astra Credit,156600000,345453000,60,5.64,7381000
12520,505361,FIFGROUP,34700000,133798000,36,6.53,4444000
12521,505363,Astra Credit,176600000,438562000,12,7.89,39430000
12522,505367,Mandiri Tunas Finance,62800000,127787000,24,6.21,5985000
12523,505368,Mandiri Tunas Finance,194600000,630574000,12,5.75,55569000
12524,505369,Mandiri Tunas Finance,64700000,243325000,60,3.93,4852000
12525,505370,BCA Finance,79600000,203228000,24,6.25,9526000
12526,505371,BFI Finance,119800000,292787000,24,7.94,14136000
12527,505372,Mandiri Tunas Finance,91800000,223329000,36,5.62,7249000
12528,505375,BCA Finance,460500000,1159212000,36,8.44,40353000
12529,505376,FIFGROUP,71000000,251566000,48,4.09,6098000
12530,505379,Astra Credit,124500000,480561000,12,4.68,41920000
12531,505380,Astra Credit,176600000,617716000,12,8.59,55898000
12532,505381,Mandiri Tunas Finance,51600000,137877000,60,4.78,2847000
12533,505382,Maybank Finance,229100000,450997000,60,8.82,10831000
12534,505383,Astra Credit,62100000,136368000,12,3.59,11771000
12535,505384,BCA Finance,56300000,207769000,60,8.01,4849000
12536,505386,Mandiri Tunas Finance,71800000,204146000,12,8.53,18463000
12537,505387,FIFGROUP,238300000,617066000,36,4.78,19598000
12538,505388,Adira Finance,220400000,616873000,12,6.50,54747000
12539,505389,Astra Credit,287100000,572040000,24,3.66,25579000
12540,505391,Adira Finance,81900000,194823000,60,3.91,3881000
12541,505393,Mandiri Tunas Finance,102100000,288953000,48,7.56,7840000
12542,505394,BCA Finance,57100000,218846000,12,5.43,19227000
12543,505395,Astra Credit,149100000,528111000,24,4.23,23866000
12544,505396,FIFGROUP,150400000,333338000,24,5.34,15372000
12545,505397,Maybank Finance,90300000,223386000,36,4.71,7081000
12546,505398,FIFGROUP,187200000,665391000,60,4.00,13307000
12547,505399,BFI Finance,99000000,333345000,12,6.06,29462000
12548,505400,Astra Credit,130100000,312790000,12,5.85,27590000
12549,505401,Astra Credit,52300000,144947000,24,4.30,6558000
12550,505404,Mandiri Tunas Finance,103300000,232142000,12,8.95,21076000
12551,505405,Maybank Finance,74000000,205498000,60,9.16,4993000
12552,505406,BFI Finance,149100000,280470000,12,4.69,24468000
12553,505409,Maybank Finance,64700000,211246000,24,8.15,10236000
12554,505410,BCA Finance,77600000,176035000,12,8.94,15981000
12555,505411,BFI Finance,56900000,113707000,60,4.65,2335000
12556,505413,Adira Finance,65700000,127995000,48,6.51,3360000
12557,505415,Mandiri Tunas Finance,89300000,235153000,60,5.21,4940000
12558,505416,Mandiri Tunas Finance,67300000,249494000,48,9.38,7148000
12559,505418,BFI Finance,74800000,168179000,12,5.49,14784000
12560,505419,Astra Credit,55300000,220646000,60,3.92,4398000
12561,505420,Mandiri Tunas Finance,51800000,162874000,60,5.78,3499000
12562,505421,BCA Finance,49600000,129665000,36,5.49,4195000
12563,505422,Adira Finance,120800000,357499000,48,4.97,8928000
12564,505423,FIFGROUP,80100000,193626000,60,3.84,3846000
12565,505424,Astra Credit,59100000,201528000,36,6.23,6644000
12566,505426,Adira Finance,79000000,214040000,36,8.13,7395000
12567,505427,FIFGROUP,178400000,331645000,48,5.41,8404000
12568,505428,BCA Finance,263600000,564127000,48,3.97,13618000
12569,505429,FIFGROUP,78000000,290520000,48,6.75,7686000
12570,505430,BCA Finance,124900000,474944000,48,3.90,11438000
12571,505431,BCA Finance,53600000,126886000,12,5.78,11185000
12572,505432,Adira Finance,82000000,232574000,60,9.05,5630000
12573,505435,Adira Finance,190200000,512430000,12,4.54,44641000
12574,505436,BFI Finance,113100000,289497000,24,6.64,13664000
12575,505437,Astra Credit,85800000,311358000,36,6.53,10343000
12576,505439,FIFGROUP,94400000,352597000,48,4.77,8747000
12577,505442,BFI Finance,55100000,136153000,48,8.02,3746000
12578,505445,BCA Finance,234500000,567142000,48,7.80,15501000
12579,505446,Astra Credit,396200000,1062451000,36,8.03,36622000
12580,505447,BFI Finance,100800000,215661000,36,8.22,7467000
12581,505450,Adira Finance,96000000,179724000,48,4.30,4388000
12582,505453,BFI Finance,53300000,134512000,12,6.43,11930000
12583,505454,Mandiri Tunas Finance,110000000,281053000,36,5.76,9156000
12584,505455,BFI Finance,268200000,604704000,36,5.50,19568000
12585,505456,Adira Finance,100000000,224897000,60,7.70,5191000
12586,505457,Adira Finance,253400000,534589000,12,4.68,46633000
12587,505458,Astra Credit,44900000,128815000,36,4.14,4022000
12588,505459,Maybank Finance,108900000,306129000,48,5.71,7834000
12589,505462,Mandiri Tunas Finance,122800000,356387000,60,7.92,8291000
12590,505463,Mandiri Tunas Finance,98600000,218638000,24,9.03,10755000
12591,505465,BFI Finance,94500000,181890000,36,5.49,5884000
12592,505467,Maybank Finance,85900000,197594000,36,3.50,6065000
12593,505468,Astra Credit,180500000,439768000,60,8.32,10378000
12594,505469,BFI Finance,161200000,546980000,60,4.12,10994000
12595,505470,FIFGROUP,76700000,207016000,36,5.01,6614000
12596,505471,FIFGROUP,103000000,210464000,12,9.19,19150000
12597,505473,Adira Finance,100900000,207569000,60,6.43,4571000
12598,505476,Maybank Finance,222200000,467221000,48,7.14,12513000
12599,505479,Astra Credit,101800000,196457000,24,4.59,8937000
12600,505481,Astra Credit,159200000,542209000,12,9.30,49386000
12601,505483,Astra Credit,258100000,552644000,60,7.33,12586000
12602,505484,Mandiri Tunas Finance,138000000,495033000,60,9.46,12153000
12603,505487,Mandiri Tunas Finance,165000000,641304000,60,4.10,12879000
12604,505488,Mandiri Tunas Finance,51400000,139631000,48,4.59,3443000
12605,505489,Adira Finance,139100000,259057000,24,4.20,11700000
12606,505490,Adira Finance,118700000,274351000,48,3.85,6595000
12607,505491,BFI Finance,211500000,482694000,36,7.50,16425000
12608,505492,BFI Finance,81200000,315958000,24,3.95,14204000
12609,505494,Adira Finance,83000000,213481000,36,7.33,7234000
12610,505496,FIFGROUP,94300000,329387000,12,4.13,28582000
12611,505497,Mandiri Tunas Finance,97000000,224345000,48,4.41,5498000
12612,505500,BCA Finance,195500000,515899000,12,9.38,47024000
12613,505501,FIFGROUP,258100000,553643000,36,6.23,18253000
12614,505503,Maybank Finance,116800000,397241000,24,8.36,19319000
12615,505504,BCA Finance,210100000,617516000,24,4.48,28035000
12616,505505,Mandiri Tunas Finance,123900000,271149000,24,8.59,13238000
12617,505507,BCA Finance,283700000,549022000,12,6.78,48853000
12618,505510,Astra Credit,40000000,137045000,12,6.69,12184000
12619,505511,BFI Finance,66900000,254334000,12,7.94,22877000
12620,505513,Adira Finance,57500000,150847000,24,8.38,7338000
12621,505515,Mandiri Tunas Finance,71200000,236603000,60,7.49,5420000
12622,505517,Mandiri Tunas Finance,128400000,511848000,12,7.38,45801000
12623,505518,Mandiri Tunas Finance,112400000,298078000,24,3.99,13411000
12624,505519,Adira Finance,118700000,426088000,24,4.73,19433000
12625,505520,Adira Finance,86300000,255691000,48,5.76,6554000
12626,505522,Mandiri Tunas Finance,143200000,337652000,48,7.38,9110000
12627,505524,BFI Finance,111300000,271317000,48,7.74,7402000
12628,505525,Adira Finance,98700000,195894000,24,4.88,8958000
12629,505526,BFI Finance,68600000,204904000,60,4.06,4108000
12630,505527,FIFGROUP,109400000,327607000,48,4.02,7922000
12631,505528,BCA Finance,144500000,339238000,24,6.28,15910000
12632,505530,BCA Finance,46200000,139503000,12,7.26,12469000
12633,505531,Maybank Finance,53300000,185128000,24,5.04,8491000
12634,505532,BFI Finance,160300000,305234000,36,6.14,10040000
12635,505534,BFI Finance,118500000,293310000,12,8.52,26525000
12636,505535,Maybank Finance,64700000,256756000,12,7.55,23011000
12637,505536,BCA Finance,207500000,506563000,24,6.47,23838000
12638,505539,Mandiri Tunas Finance,46500000,135429000,36,7.82,4644000
12639,505540,FIFGROUP,501300000,1832475000,24,4.85,83759000
12640,505541,Mandiri Tunas Finance,52800000,179079000,48,8.24,4960000
12641,505545,FIFGROUP,101900000,196579000,36,5.76,6404000
12642,505546,Maybank Finance,216000000,428022000,60,3.75,8471000
12643,505547,BFI Finance,112400000,233920000,36,5.23,7517000
12644,505549,Adira Finance,90200000,315616000,12,8.39,28508000
12645,505550,FIFGROUP,127400000,332029000,12,4.37,28878000
12646,505551,Mandiri Tunas Finance,188900000,626617000,24,9.12,30871000
12647,505554,Mandiri Tunas Finance,244800000,595581000,12,8.98,54088000
12648,505555,Astra Credit,231800000,581275000,36,7.67,19861000
12649,505556,FIFGROUP,97300000,227819000,12,9.37,20763000
12650,505557,BFI Finance,101100000,194160000,12,3.75,16786000
12651,505558,Astra Credit,73200000,232938000,60,3.64,4588000
12652,505559,Astra Credit,1103500000,3215399000,12,7.51,288072000
12653,505563,Maybank Finance,106700000,304444000,36,8.64,10648000
12654,505564,Astra Credit,185000000,415288000,48,4.93,10357000
12655,505566,Maybank Finance,102600000,199875000,60,8.34,4720000
12656,505567,Astra Credit,53500000,154181000,60,3.77,3054000
12657,505569,FIFGROUP,67000000,141902000,36,6.26,4681000
12658,505571,FIFGROUP,136300000,333674000,60,5.07,6971000
12659,505573,FIFGROUP,157700000,328480000,12,7.08,29311000
12660,505574,BFI Finance,288500000,547774000,60,8.80,13146000
12661,505575,FIFGROUP,87400000,175892000,48,5.61,4486000
12662,505578,Mandiri Tunas Finance,99000000,332457000,48,3.65,7937000
12663,505579,Mandiri Tunas Finance,471300000,1120218000,48,4.96,27968000
12664,505582,Astra Credit,81400000,233618000,12,3.77,20202000
12665,505583,Adira Finance,91400000,209854000,60,9.37,5136000
12666,505585,Adira Finance,290200000,788609000,12,5.33,69220000
12667,505586,Adira Finance,153900000,434067000,48,6.39,11354000
12668,505588,Astra Credit,103900000,209231000,24,7.72,10064000
12669,505589,Astra Credit,97100000,233347000,48,6.63,6150000
12670,505590,FIFGROUP,180000000,396756000,12,4.59,34580000
12671,505593,Mandiri Tunas Finance,58800000,221364000,60,8.10,5183000
12672,505594,Maybank Finance,142600000,301955000,12,7.18,26969000
12673,505595,Astra Credit,400100000,1429291000,48,9.47,41056000
12674,505597,FIFGROUP,233100000,582306000,12,7.73,52276000
12675,505601,Astra Credit,79900000,188720000,48,5.64,4818000
12676,505605,Astra Credit,77100000,167322000,48,8.91,4728000
12677,505606,Mandiri Tunas Finance,57200000,111520000,60,6.73,2484000
12678,505610,BFI Finance,65900000,255334000,60,9.34,6242000
12679,505611,Adira Finance,56800000,177077000,24,4.70,8071000
12680,505612,BFI Finance,275600000,896227000,48,7.09,23966000
12681,505615,BCA Finance,80900000,233896000,36,5.66,7600000
12682,505617,Astra Credit,64200000,211968000,36,6.20,6983000
12683,505619,Maybank Finance,35800000,142577000,12,9.27,12982000
12684,505621,BFI Finance,100300000,295859000,48,5.35,7482000
12685,505622,Adira Finance,272900000,538510000,12,3.84,46599000
12686,505623,Adira Finance,133200000,302808000,12,7.97,27245000
12687,505624,Adira Finance,66500000,184138000,48,9.30,5263000
12688,505625,Adira Finance,128500000,292634000,60,5.31,6172000
12689,505626,BCA Finance,112600000,378686000,12,9.43,34533000
12690,505630,Mandiri Tunas Finance,157500000,332343000,60,7.02,7483000
12691,505631,Maybank Finance,64000000,245024000,48,7.19,6572000
12692,505632,BCA Finance,126400000,323261000,36,4.96,10315000
12693,505634,Maybank Finance,258500000,568339000,60,4.61,11655000
12694,505636,BCA Finance,64100000,149020000,36,6.31,4923000
12695,505637,Mandiri Tunas Finance,153200000,328984000,48,7.27,8846000
12696,505638,Astra Credit,272000000,518098000,12,7.60,46456000
12697,505639,FIFGROUP,59500000,193580000,12,5.82,17070000
12698,505640,Mandiri Tunas Finance,142500000,356112000,48,5.23,8971000
12699,505641,FIFGROUP,101500000,358817000,12,7.06,32012000
12700,505642,BFI Finance,110600000,310312000,12,7.29,27744000
12701,505643,Adira Finance,176900000,422611000,24,6.64,19947000
12702,505644,Maybank Finance,130200000,300591000,48,6.67,7933000
12703,505647,Maybank Finance,235700000,617779000,36,7.28,20908000
12704,505648,Adira Finance,199700000,652891000,48,8.50,18226000
12705,505649,Adira Finance,86200000,246245000,48,3.60,5868000
12706,505652,Maybank Finance,85800000,213345000,24,5.02,9781000
12707,505653,Astra Credit,62300000,226633000,60,8.21,5327000
12708,505654,BFI Finance,64700000,138652000,12,6.81,12341000
12709,505655,Maybank Finance,370600000,1304501000,36,3.66,40214000
12710,505659,BCA Finance,71500000,235526000,60,5.29,4963000
12711,505662,Adira Finance,121500000,287646000,48,6.39,7524000
12712,505664,Astra Credit,75800000,189046000,60,4.04,3787000
12713,505665,Astra Credit,82100000,268438000,12,5.72,23649000
12714,505666,Astra Credit,65600000,180043000,60,8.07,4211000
12715,505669,Maybank Finance,131800000,353159000,48,4.06,8552000
12716,505670,BCA Finance,80100000,218379000,12,8.68,19777000
12717,505671,Mandiri Tunas Finance,82200000,242697000,48,8.11,6696000
12718,505673,BFI Finance,214300000,633740000,12,5.83,55890000
12719,505675,Maybank Finance,82900000,171179000,12,4.28,14875000
12720,505676,Astra Credit,63400000,187571000,12,9.09,17051000
12721,505678,BCA Finance,190300000,393560000,60,9.00,9511000
12722,505679,Astra Credit,89000000,182173000,48,5.43,4619000
12723,505680,BCA Finance,69100000,198743000,48,8.67,5576000
12724,505682,BCA Finance,158400000,337437000,24,4.47,15316000
12725,505685,FIFGROUP,100200000,224697000,48,5.56,5722000
12726,505686,BCA Finance,121200000,290610000,60,9.28,7090000
12727,505687,Mandiri Tunas Finance,591100000,1142498000,36,6.96,38362000
12728,505688,Astra Credit,59800000,151655000,24,4.21,6851000
12729,505689,Mandiri Tunas Finance,61800000,118131000,12,8.80,10710000
12730,505690,BCA Finance,199900000,635486000,24,7.61,30508000
12731,505694,Mandiri Tunas Finance,161000000,529309000,12,9.27,48197000
12732,505695,BFI Finance,93900000,208575000,24,3.56,9309000
12733,505696,Mandiri Tunas Finance,61500000,178815000,36,4.56,5646000
12734,505697,Maybank Finance,193600000,533450000,60,6.81,11918000
12735,505698,Maybank Finance,39400000,138644000,36,6.58,4611000
12736,505699,Adira Finance,243500000,586780000,48,9.27,16757000
12737,505700,FIFGROUP,183200000,410539000,36,4.69,13008000
12738,505701,BCA Finance,182100000,476019000,36,4.68,15079000
12739,505703,BCA Finance,88100000,168532000,60,5.00,3511000
12740,505704,FIFGROUP,85200000,214833000,12,8.45,19415000
12741,505706,BCA Finance,90700000,268385000,48,6.10,6955000
12742,505707,Astra Credit,62300000,116410000,12,3.85,10074000
12743,505709,Astra Credit,52000000,136256000,60,7.66,3140000
12744,505712,Mandiri Tunas Finance,222700000,623453000,60,8.93,15030000
12745,505713,Maybank Finance,208000000,668900000,12,6.92,59598000
12746,505720,BCA Finance,138100000,356627000,12,6.71,31713000
12747,505721,BCA Finance,55400000,127750000,48,4.44,3134000
12748,505722,FIFGROUP,113900000,230533000,36,4.16,7202000
12749,505725,Astra Credit,276900000,577800000,60,6.03,12533000
12750,505726,BFI Finance,180100000,484346000,24,5.17,22267000
12751,505727,Maybank Finance,375900000,776058000,60,5.30,16361000
12752,505729,Adira Finance,106200000,214923000,12,8.73,19473000
12753,505730,Maybank Finance,100600000,316982000,60,6.50,7000000
12754,505731,Astra Credit,105400000,240365000,24,8.77,11771000
12755,505732,BCA Finance,170000000,443608000,60,9.27,10820000
12756,505733,FIFGROUP,106700000,416776000,60,4.53,8519000
12757,505734,Mandiri Tunas Finance,69400000,176243000,12,8.52,15938000
12758,505735,Maybank Finance,178800000,539481000,48,6.23,14039000
12759,505736,BFI Finance,298600000,580964000,60,5.47,12330000
12760,505737,Maybank Finance,99700000,221423000,60,9.44,5432000
12761,505738,BFI Finance,81200000,204070000,12,4.18,17716000
12762,505739,Mandiri Tunas Finance,62200000,211637000,48,6.00,5467000
12763,505740,BCA Finance,72700000,138089000,36,4.31,4331000
12764,505743,Adira Finance,52900000,191189000,24,5.38,8823000
12765,505745,Adira Finance,194200000,609107000,12,8.28,54961000
12766,505747,BCA Finance,260900000,544516000,36,4.79,17298000
12767,505750,BCA Finance,74300000,229840000,12,3.54,19831000
12768,505753,Adira Finance,175700000,502177000,12,6.78,44685000
12769,505755,Mandiri Tunas Finance,196300000,594131000,24,8.56,28993000
12770,505758,FIFGROUP,128400000,455127000,24,9.06,22399000
12771,505759,Maybank Finance,141900000,500124000,48,8.41,13924000
12772,505761,Adira Finance,40500000,154527000,48,8.32,4290000
12773,505762,Adira Finance,66400000,257609000,60,7.94,5997000
12774,505764,BFI Finance,65900000,223255000,12,6.54,19821000
12775,505765,Mandiri Tunas Finance,1082700000,2295030000,24,6.19,107464000
12776,505766,BCA Finance,72100000,172100000,48,5.48,4371000
12777,505769,BFI Finance,79700000,185368000,36,5.04,5927000
12778,505770,BFI Finance,173000000,507208000,12,4.14,44017000
12779,505771,Maybank Finance,80100000,221820000,36,8.38,7710000
12780,505773,BFI Finance,110400000,232701000,12,8.95,21127000
12781,505774,FIFGROUP,109700000,212533000,12,8.59,19232000
12782,505776,Maybank Finance,108100000,226232000,60,4.54,4626000
12783,505777,Maybank Finance,69200000,237493000,60,3.62,4674000
12784,505778,FIFGROUP,72800000,197374000,48,8.68,5539000
12785,505779,Mandiri Tunas Finance,90600000,303339000,48,5.98,7831000
12786,505782,Mandiri Tunas Finance,59700000,132330000,48,3.58,3151000
12787,505785,BFI Finance,238200000,484632000,12,7.50,43414000
12788,505786,BCA Finance,549300000,1039443000,36,4.85,33074000
12789,505787,BFI Finance,161700000,323703000,36,5.64,10513000
12790,505789,Maybank Finance,92500000,209975000,36,5.22,6746000
12791,505790,Mandiri Tunas Finance,128800000,319085000,24,8.26,15491000
12792,505791,Maybank Finance,206400000,641307000,60,6.57,14199000
12793,505792,BFI Finance,64100000,149020000,60,4.35,3023000
12794,505793,BCA Finance,205200000,404301000,60,7.13,9140000
12795,505794,Astra Credit,171700000,634049000,24,6.89,30059000
12796,505795,Adira Finance,701600000,2683900000,36,6.07,88128000
12797,505796,BFI Finance,239000000,457081000,48,9.35,13083000
12798,505802,Maybank Finance,183000000,597774000,60,5.37,12637000
12799,505803,Maybank Finance,206800000,650120000,60,8.31,15337000
12800,505805,FIFGROUP,59400000,200673000,60,3.81,3981000
12801,505806,FIFGROUP,88700000,166267000,36,9.16,5887000
12802,505807,FIFGROUP,187300000,596804000,24,7.20,28447000
12803,505810,Maybank Finance,194200000,428510000,12,5.22,37573000
12804,505814,Mandiri Tunas Finance,73900000,172742000,36,8.69,6049000
12805,505815,BCA Finance,90700000,180029000,60,4.87,3731000
12806,505817,Adira Finance,52100000,125611000,48,7.35,3386000
12807,505818,Adira Finance,292200000,557061000,12,8.31,50279000
12808,505819,Adira Finance,54400000,190799000,24,5.44,8814000
12809,505821,Maybank Finance,81900000,236337000,12,3.98,20478000
12810,505822,BFI Finance,95900000,327787000,12,8.70,29692000
12811,505823,Adira Finance,108100000,295829000,24,3.89,13285000
12812,505825,FIFGROUP,198800000,635254000,60,5.91,13716000
12813,505828,Adira Finance,86200000,236477000,24,6.26,11086000
12814,505830,BFI Finance,129600000,293532000,48,5.25,7399000
12815,505831,BFI Finance,235200000,649470000,36,5.07,20784000
12816,505832,BFI Finance,98400000,212622000,12,7.40,19029000
12817,505834,Astra Credit,131000000,272485000,36,7.04,9167000
12818,505837,Maybank Finance,138800000,301981000,48,6.33,7884000
12819,505838,Mandiri Tunas Finance,188700000,512265000,48,9.43,14697000
12820,505839,Maybank Finance,109000000,205574000,60,7.73,4750000
12821,505840,FIFGROUP,144100000,293240000,60,4.74,6045000
12822,505842,Astra Credit,136600000,341255000,48,4.12,8281000
12823,505843,Astra Credit,134600000,335152000,60,7.92,7797000
12824,505844,FIFGROUP,98000000,234112000,36,7.45,7956000
12825,505845,Mandiri Tunas Finance,42800000,146455000,24,6.95,6950000
12826,505846,Mandiri Tunas Finance,109700000,210313000,48,7.41,5680000
12827,505847,Astra Credit,67500000,135963000,36,5.67,4419000
12828,505848,BFI Finance,194500000,474941000,60,6.98,10678000
12829,505850,Maybank Finance,263100000,539985000,48,9.43,15493000
12830,505853,Mandiri Tunas Finance,51100000,171011000,24,5.31,7882000
12831,505854,Astra Credit,81200000,231154000,36,7.65,7894000
12832,505855,BCA Finance,174600000,632925000,24,6.58,29842000
12833,505856,BFI Finance,147200000,555874000,24,3.70,24875000
12834,505857,FIFGROUP,187000000,402965000,24,3.76,18052000
12835,505858,Mandiri Tunas Finance,120400000,303731000,12,5.43,26685000
12836,505859,BCA Finance,147300000,354198000,12,7.89,31845000
12837,505860,Mandiri Tunas Finance,92500000,315536000,12,7.27,28206000
12838,505861,Astra Credit,47100000,171681000,24,5.16,7891000
12839,505862,Maybank Finance,1795200000,3637362000,24,3.59,162438000
12840,505863,Mandiri Tunas Finance,90500000,351613000,12,4.97,30757000
12841,505864,Mandiri Tunas Finance,275500000,527030000,48,6.05,13636000
12842,505866,FIFGROUP,100700000,293794000,12,5.19,25753000
12843,505867,Maybank Finance,243200000,469975000,48,8.68,13190000
12844,505869,FIFGROUP,73500000,177360000,24,5.73,8236000
12845,505870,Mandiri Tunas Finance,223700000,609355000,24,5.92,28395000
12846,505871,Maybank Finance,73800000,142872000,36,8.06,4928000
12847,505872,FIFGROUP,97300000,335156000,36,5.74,10913000
12848,505874,Maybank Finance,219700000,561185000,12,6.64,49870000
12849,505875,BCA Finance,101700000,307779000,36,6.38,10185000
12850,505877,Mandiri Tunas Finance,117500000,286984000,12,7.15,25625000
12851,505879,Adira Finance,247100000,568417000,48,9.19,16195000
12852,505882,Maybank Finance,305900000,826300000,48,3.93,19920000
12853,505884,BCA Finance,73300000,224069000,48,7.80,6124000
12854,505885,BFI Finance,50200000,131174000,24,4.07,5910000
12855,505886,Mandiri Tunas Finance,157400000,519367000,12,8.06,46768000
12856,505887,Mandiri Tunas Finance,253000000,575504000,36,5.25,18504000
12857,505888,BCA Finance,97200000,341916000,60,6.79,7633000
12858,505889,FIFGROUP,173300000,473497000,12,4.10,41075000
12859,505890,BCA Finance,96100000,258434000,12,9.38,23556000
12860,505891,FIFGROUP,83100000,271656000,12,6.83,24184000
12861,505892,Adira Finance,192800000,495289000,48,8.49,13822000
12862,505893,Maybank Finance,98600000,215308000,12,4.07,18672000
12863,505894,BFI Finance,167700000,463002000,48,5.41,11733000
12864,505895,Maybank Finance,109200000,308049000,36,5.97,10089000
12865,505897,Adira Finance,120900000,229638000,36,6.01,7528000
12866,505898,FIFGROUP,90300000,213285000,24,5.20,9811000
12867,505899,BCA Finance,98900000,212011000,12,8.85,19231000
12868,505902,Maybank Finance,50800000,162653000,24,7.57,7803000
12869,505903,BFI Finance,69200000,140368000,60,6.67,3119000
12870,505904,BFI Finance,61100000,196198000,60,5.93,4239000
12871,505905,BFI Finance,72200000,233494000,60,3.56,4584000
12872,505906,FIFGROUP,173500000,638687000,12,9.08,58056000
12873,505908,Mandiri Tunas Finance,106500000,364251000,36,5.48,11781000
12874,505909,BFI Finance,95100000,359445000,36,3.91,11155000
12875,505911,Astra Credit,240100000,760232000,60,7.89,17669000
12876,505913,Adira Finance,65700000,141093000,48,8.48,3936000
12877,505914,Astra Credit,101700000,191895000,36,8.59,6704000
12878,505916,Adira Finance,133800000,327627000,24,8.16,15878000
12879,505917,Maybank Finance,170800000,322484000,12,6.96,28744000
12880,505918,Adira Finance,88900000,195149000,48,7.70,5317000
12881,505920,BCA Finance,137300000,285832000,60,7.13,6462000
12882,505921,Adira Finance,125800000,289784000,12,7.11,25865000
12883,505923,Adira Finance,65100000,195306000,48,7.36,5266000
12884,505925,Maybank Finance,280700000,566119000,12,6.76,50365000
12885,505929,Astra Credit,64200000,247044000,36,3.85,7654000
12886,505930,Adira Finance,90500000,177232000,48,7.49,4798000
12887,505932,Adira Finance,525900000,1270302000,12,5.70,111892000
12888,505934,Adira Finance,60200000,162133000,48,8.97,4589000
12889,505935,Maybank Finance,236400000,618189000,60,7.25,14038000
12890,505936,BFI Finance,51400000,172820000,48,4.71,4278000
12891,505938,Mandiri Tunas Finance,537700000,1150277000,12,3.82,99518000
12892,505941,BFI Finance,452200000,1594196000,24,4.97,73027000
12893,505942,BFI Finance,52500000,128208000,36,3.81,3968000
12894,505943,FIFGROUP,58900000,159881000,36,6.32,5283000
12895,505945,Maybank Finance,132100000,329549000,12,7.73,29585000
12896,505946,Mandiri Tunas Finance,85900000,231893000,48,4.60,5720000
12897,505947,Mandiri Tunas Finance,710500000,1463546000,36,4.92,46654000
12898,505948,Astra Credit,55700000,131890000,12,3.67,11394000
12899,505951,Mandiri Tunas Finance,90300000,218169000,60,5.17,4576000
12900,505952,Mandiri Tunas Finance,46600000,165632000,48,5.83,4255000
12901,505953,Astra Credit,96300000,302967000,36,3.67,9342000
12902,505954,BFI Finance,83900000,194932000,60,6.19,4254000
12903,505957,FIFGROUP,208400000,531970000,60,7.63,12248000
12904,505958,Mandiri Tunas Finance,303300000,616668000,36,6.28,20356000
12905,505959,Adira Finance,55200000,186225000,60,8.63,4443000
12906,505960,Astra Credit,103600000,399785000,24,8.93,19632000
12907,505961,Astra Credit,110700000,235620000,60,6.98,5297000
12908,505964,Adira Finance,110800000,309113000,36,8.73,10835000
12909,505965,BCA Finance,73100000,185974000,60,8.81,4464000
12910,505968,Astra Credit,79500000,211986000,48,3.94,5112000
12911,505969,FIFGROUP,143500000,347453000,24,8.50,16938000
12912,505973,Maybank Finance,69100000,211730000,24,6.83,10027000
12913,505974,FIFGROUP,82400000,198097000,36,6.88,6638000
12914,505975,Astra Credit,92300000,368017000,12,5.57,32376000
12915,505976,Mandiri Tunas Finance,98500000,204863000,60,7.83,4751000
12916,505978,BCA Finance,70300000,237614000,12,8.42,21468000
12917,505980,Maybank Finance,94400000,215401000,60,5.19,4521000
12918,505982,FIFGROUP,145000000,363602000,48,7.46,9835000
12919,505983,Adira Finance,110900000,295360000,12,7.45,26447000
12920,505985,BCA Finance,61400000,236968000,36,8.70,8300000
12921,505986,Adira Finance,128700000,268569000,36,8.47,9355000
12922,505987,BCA Finance,122000000,356077000,60,5.07,7439000
12923,505988,Maybank Finance,38400000,133983000,24,5.27,6171000
12924,505989,Adira Finance,146600000,298621000,36,8.72,10465000
12925,505990,Adira Finance,94600000,237290000,48,9.04,6731000
12926,505992,BCA Finance,158900000,322618000,12,3.91,27936000
12927,505993,BCA Finance,64900000,238352000,12,8.09,21469000
12928,505996,BFI Finance,80600000,312007000,36,4.82,9920000
12929,505997,Maybank Finance,67200000,246819000,12,6.24,21851000
12930,505998,Maybank Finance,246000000,553866000,48,8.49,15457000
12931,505999,BFI Finance,203200000,610874000,24,4.83,27911000
12932,506000,BCA Finance,74000000,204832000,24,5.19,9420000
12933,506002,Maybank Finance,61500000,219108000,12,5.48,19259000
12934,506003,Adira Finance,56000000,222499000,48,4.15,5404000
12935,506004,Mandiri Tunas Finance,165900000,585570000,24,8.09,28346000
12936,506005,Mandiri Tunas Finance,99700000,192452000,36,5.07,6158000
12937,506007,Astra Credit,156900000,306192000,48,5.53,7790000
12938,506009,Astra Credit,126100000,235316000,48,8.85,6637000
12939,506010,FIFGROUP,126200000,273067000,48,7.67,7434000
12940,506011,Mandiri Tunas Finance,62800000,240341000,12,4.89,21007000
12941,506012,Maybank Finance,260100000,596931000,48,6.21,15525000
12942,506013,Astra Credit,449200000,1649810000,48,8.96,46689000
12943,506014,FIFGROUP,49700000,156205000,12,3.91,13526000
12944,506015,Astra Credit,76500000,229971000,48,6.80,6094000
12945,506016,BCA Finance,101300000,320833000,12,9.20,29195000
12946,506017,Maybank Finance,81400000,232508000,36,4.73,7375000
12947,506018,Astra Credit,82600000,167816000,48,3.81,4028000
12948,506019,BCA Finance,125900000,317545000,24,5.84,14776000
12949,506020,Mandiri Tunas Finance,53600000,199702000,24,4.25,9028000
12950,506021,Maybank Finance,68300000,177565000,24,5.05,8145000
12951,506022,Maybank Finance,109600000,376025000,48,5.02,9406000
12952,506023,Mandiri Tunas Finance,64900000,259109000,36,4.25,8115000
12953,506024,BCA Finance,167300000,556087000,36,7.94,19126000
12954,506025,BCA Finance,134100000,298467000,12,4.07,25884000
12955,506027,Adira Finance,102000000,255309000,12,3.86,22096000
12956,506028,FIFGROUP,39800000,133804000,48,6.79,3544000
12957,506029,Maybank Finance,71600000,207898000,60,7.68,4795000
12958,506032,Astra Credit,109700000,323644000,48,7.08,8652000
12959,506033,FIFGROUP,106500000,199083000,60,3.51,3900000
12960,506034,Maybank Finance,76800000,230337000,48,5.77,5906000
12961,506039,Astra Credit,223000000,619379000,36,4.73,19646000
12962,506040,BCA Finance,136200000,302361000,12,7.22,27015000
12963,506041,Adira Finance,75100000,246023000,24,3.80,11030000
12964,506042,BFI Finance,98700000,215319000,24,7.17,10258000
12965,506045,FIFGROUP,49300000,197009000,48,4.93,4913000
12966,506046,Mandiri Tunas Finance,50500000,154739000,48,6.93,4117000
12967,506048,FIFGROUP,46800000,159327000,36,6.02,5225000
12968,506049,Adira Finance,191400000,606135000,48,9.18,17264000
12969,506050,BCA Finance,84000000,217698000,12,7.22,19451000
12970,506051,FIFGROUP,236600000,603781000,24,8.47,29419000
12971,506052,FIFGROUP,148000000,486920000,36,6.41,16126000
12972,506055,BFI Finance,104900000,328222000,12,6.30,29074000
12973,506058,BFI Finance,95900000,206686000,36,9.30,7343000
12974,506060,Mandiri Tunas Finance,139800000,264795000,48,8.40,7370000
12975,506061,Mandiri Tunas Finance,98300000,205063000,48,7.55,5562000
12976,506062,BFI Finance,66000000,214275000,36,3.96,6659000
12977,506065,BCA Finance,211000000,619502000,24,6.60,29219000
12978,506067,Adira Finance,67400000,191119000,60,7.42,4367000
12979,506068,Mandiri Tunas Finance,65800000,196826000,60,9.39,4820000
12980,506069,Astra Credit,98200000,227807000,48,5.99,5883000
12981,506070,Adira Finance,119100000,310581000,24,6.90,14726000
12982,506071,Adira Finance,131600000,304408000,48,4.47,7475000
12983,506074,Maybank Finance,135500000,259771000,24,6.69,12272000
12984,506075,Astra Credit,45300000,145065000,48,7.35,3910000
12985,506077,Astra Credit,76900000,251438000,12,7.19,22459000
12986,506078,Maybank Finance,1600600000,3316367000,48,7.16,88878000
12987,506079,BCA Finance,103200000,309276000,12,5.15,27100000
12988,506081,Adira Finance,103200000,207822000,24,4.34,9410000
12989,506082,BFI Finance,94800000,224880000,36,5.28,7236000
12990,506085,BCA Finance,93700000,221096000,24,5.80,10280000
12991,506087,BCA Finance,97100000,293176000,36,7.43,9959000
12992,506088,BFI Finance,71100000,243696000,60,7.81,5647000
12993,506090,Astra Credit,96100000,218585000,48,8.06,6022000
12994,506091,Astra Credit,92400000,304092000,60,4.72,6264000
12995,506093,BCA Finance,109500000,356367000,60,8.96,8600000
12996,506096,BFI Finance,196500000,770643000,24,5.33,35533000
12997,506097,Maybank Finance,71600000,145627000,60,6.49,3214000
12998,506101,Astra Credit,220200000,463449000,24,6.02,21635000
12999,506102,Mandiri Tunas Finance,155900000,310189000,60,6.95,6966000
13000,506103,BCA Finance,270100000,540644000,36,4.87,17212000
13001,506104,BFI Finance,96100000,211481000,12,8.18,19065000
13002,506106,BCA Finance,288000000,559152000,12,4.79,48827000
13003,506107,Maybank Finance,139300000,550454000,12,5.44,48366000
13004,506108,FIFGROUP,185900000,528607000,12,4.52,46041000
13005,506109,Adira Finance,306300000,1053783000,36,9.26,37403000
13006,506110,Maybank Finance,100800000,317226000,60,8.27,7473000
13007,506112,FIFGROUP,178600000,409700000,24,7.47,19621000
13008,506114,Mandiri Tunas Finance,88100000,335809000,24,4.59,15276000
13009,506117,Maybank Finance,79400000,236506000,48,3.74,5664000
13010,506118,BFI Finance,68800000,239114000,48,5.61,6099000
13011,506119,Astra Credit,90900000,346107000,36,4.74,10981000
13012,506122,BCA Finance,132100000,371507000,36,8.25,12873000
13013,506123,Adira Finance,76700000,198802000,24,5.74,9234000
13014,506124,BFI Finance,63400000,249953000,48,9.31,7146000
13015,506125,Astra Credit,84900000,201036000,12,8.03,18098000
13016,506126,Maybank Finance,95900000,202357000,36,5.44,6538000
13017,506127,Maybank Finance,117900000,315222000,36,7.83,10812000
13018,506128,FIFGROUP,63200000,193099000,60,8.34,4560000
13019,506129,Mandiri Tunas Finance,205700000,662542000,12,5.73,58375000
13020,506133,BFI Finance,235300000,584546000,60,4.86,12109000
13021,506134,Adira Finance,153200000,301900000,36,3.76,9332000
13022,506135,Mandiri Tunas Finance,314600000,676186000,60,4.49,13799000
13023,506136,Adira Finance,173800000,639941000,60,9.14,15539000
13024,506137,BCA Finance,264500000,542803000,24,4.68,24733000
13025,506138,BCA Finance,147400000,329567000,48,6.78,8728000
13026,506140,Adira Finance,220400000,563593000,24,5.63,26127000
13027,506141,BCA Finance,94800000,202236000,36,3.63,6229000
13028,506144,Adira Finance,1728800000,4355443000,60,6.34,95601000
13029,506145,BCA Finance,164600000,418150000,12,6.83,37225000
13030,506146,BFI Finance,118200000,376638000,36,9.11,13321000
13031,506151,BCA Finance,83100000,187518000,12,9.41,17096000
13032,506152,Mandiri Tunas Finance,118600000,240041000,60,6.13,5226000
13033,506153,BCA Finance,94300000,207176000,48,4.99,5177000
13034,506154,Astra Credit,232200000,632601000,12,5.64,55689000
13035,506155,FIFGROUP,131200000,272729000,36,4.96,8703000
13036,506157,BCA Finance,201200000,512530000,36,3.63,15787000
13037,506158,Astra Credit,69200000,244153000,24,6.74,11544000
13038,506159,FIFGROUP,249900000,561954000,36,7.72,19225000
13039,506160,BFI Finance,100200000,224364000,36,8.91,7898000
13040,506162,FIFGROUP,70000000,216713000,60,5.59,4621000
13041,506163,Astra Credit,108600000,219738000,36,6.74,7338000
13042,506164,BCA Finance,84900000,237333000,24,7.52,11376000
13043,506166,Mandiri Tunas Finance,56300000,152047000,12,4.98,13301000
13044,506167,Maybank Finance,84300000,162564000,60,4.64,3337000
13045,506169,Adira Finance,423500000,902839000,12,5.74,79555000
13046,506170,Maybank Finance,73200000,233271000,12,7.77,20949000
13047,506173,Mandiri Tunas Finance,110700000,352170000,24,7.01,16731000
13048,506174,BCA Finance,545800000,1077131000,36,8.50,37549000
13049,506177,BFI Finance,198000000,614742000,24,3.75,27535000
13050,506178,Astra Credit,167300000,649882000,60,8.87,15635000
13051,506179,Maybank Finance,183700000,511160000,24,8.93,25102000
13052,506180,Astra Credit,228700000,450842000,36,8.27,15630000
13053,506181,Adira Finance,136500000,276087000,48,4.82,6860000
13054,506183,FIFGROUP,81500000,164698000,36,7.06,5543000
13055,506184,Mandiri Tunas Finance,80100000,238470000,48,5.10,5981000
13056,506185,Maybank Finance,77000000,175858000,48,7.78,4803000
13057,506186,Maybank Finance,134800000,347717000,48,6.18,9034000
13058,506187,BFI Finance,64200000,189435000,24,7.65,9100000
13059,506188,Maybank Finance,185200000,596573000,24,3.87,26781000
13060,506189,Mandiri Tunas Finance,135500000,360004000,48,6.25,9375000
13061,506190,FIFGROUP,107600000,209416000,48,4.12,5081000
13062,506191,Adira Finance,197600000,540217000,36,3.55,16604000
13063,506192,BCA Finance,167500000,324563000,24,5.73,15073000
13064,506193,BFI Finance,239400000,568791000,48,7.72,15509000
13065,506194,Adira Finance,136400000,485311000,12,9.39,44240000
13066,506195,Adira Finance,472800000,933459000,12,6.97,83210000
13067,506196,BCA Finance,68500000,182360000,48,8.93,5156000
13068,506198,BFI Finance,72500000,246070000,48,4.05,5956000
13069,506199,Adira Finance,115600000,326180000,60,8.43,7727000
13070,506201,Maybank Finance,132400000,311711000,60,9.21,7587000
13071,506203,BCA Finance,184300000,670733000,48,7.26,18031000
13072,506204,Adira Finance,49600000,160079000,48,7.69,4360000
13073,506206,Mandiri Tunas Finance,86000000,309271000,12,7.17,27620000
13074,506207,BFI Finance,260800000,550277000,24,5.43,25418000
13075,506208,BCA Finance,657000000,2298597000,24,4.69,104758000
13076,506209,Adira Finance,87400000,230060000,48,7.71,6271000
13077,506215,Adira Finance,62700000,145647000,36,8.16,5036000
13078,506216,Adira Finance,144300000,303030000,36,8.25,10500000
13079,506217,Maybank Finance,104000000,347770000,36,5.20,11167000
13080,506219,Astra Credit,99400000,231158000,12,4.35,20101000
13081,506221,Maybank Finance,105900000,235980000,60,7.13,5335000
13082,506222,Adira Finance,84100000,165206000,60,5.66,3532000
13083,506223,BFI Finance,91700000,224872000,36,3.91,6979000
13084,506224,Adira Finance,57700000,122786000,36,9.00,4331000
13085,506225,FIFGROUP,82600000,235082000,60,5.83,5060000
13086,506227,Adira Finance,134300000,292273000,12,3.61,25235000
13087,506228,Maybank Finance,203000000,460114000,24,3.68,20582000
13088,506229,Adira Finance,108300000,252228000,48,5.85,6484000
13089,506231,BCA Finance,48500000,128101000,36,8.52,4467000
13090,506233,Astra Credit,46400000,150514000,24,6.03,7027000
13091,506234,FIFGROUP,151800000,511314000,24,4.97,23422000
13092,506237,Maybank Finance,66200000,160684000,60,4.89,3332000
13093,506238,BCA Finance,156500000,594082000,36,5.80,19373000
13094,506243,Mandiri Tunas Finance,155900000,339271000,12,7.30,30336000
13095,506244,FIFGROUP,75700000,202244000,12,7.46,18110000
13096,506245,Maybank Finance,170200000,319754000,12,4.36,27807000
13097,506246,Maybank Finance,86500000,225077000,48,7.93,6176000
13098,506248,BFI Finance,201800000,648238000,60,4.85,13423000
13099,506251,Adira Finance,43200000,141504000,36,3.76,4374000
13100,506254,Maybank Finance,98300000,220381000,36,4.11,6876000
13101,506255,Mandiri Tunas Finance,81700000,161501000,36,7.72,5525000
13102,506256,BFI Finance,47900000,122152000,12,4.17,10603000
13103,506257,Mandiri Tunas Finance,77600000,238639000,48,9.16,6793000
13104,506258,BCA Finance,69700000,227447000,24,5.37,10494000
13105,506260,Mandiri Tunas Finance,245400000,536040000,12,7.68,48100000
13106,506262,Mandiri Tunas Finance,155000000,332179000,12,8.24,29962000
13107,506263,Adira Finance,108900000,304797000,36,5.28,9807000
13108,506264,Maybank Finance,100800000,221544000,60,4.20,4467000
13109,506265,FIFGROUP,58600000,221009000,24,5.84,10284000
13110,506266,FIFGROUP,117700000,268358000,60,5.61,5727000
13111,506267,Mandiri Tunas Finance,97400000,193753000,60,5.22,4072000
13112,506269,Maybank Finance,148300000,356417000,36,4.24,11159000
13113,506271,Adira Finance,76400000,194884000,48,5.51,4954000
13114,506272,BCA Finance,398100000,1430736000,24,8.47,69712000
13115,506274,BFI Finance,86600000,206995000,36,8.94,7291000
13116,506275,Astra Credit,39000000,152697000,12,9.12,13885000
13117,506277,FIFGROUP,275100000,538641000,12,3.87,46623000
13118,506278,FIFGROUP,124300000,291062000,36,5.27,9363000
13119,506279,Maybank Finance,76200000,171663000,48,5.83,4410000
13120,506280,BCA Finance,73300000,210971000,12,5.13,18482000
13121,506282,Mandiri Tunas Finance,247200000,578640000,60,7.69,13352000
13122,506283,BFI Finance,145200000,333543000,36,7.53,11358000
13123,506284,Adira Finance,191000000,609754000,12,3.53,52606000
13124,506285,Mandiri Tunas Finance,174000000,331827000,24,3.98,14926000
13125,506289,BCA Finance,67500000,213330000,36,8.60,7454000
13126,506290,BCA Finance,599000000,1409767000,60,9.38,34515000
13127,506292,BFI Finance,103000000,352988000,12,3.50,30445000
13128,506293,FIFGROUP,245100000,588177000,36,3.80,18200000
13129,506295,Astra Credit,199700000,431890000,12,8.32,38985000
13130,506296,BFI Finance,139400000,278515000,48,8.35,7740000
13131,506297,FIFGROUP,262900000,873518000,48,4.68,21605000
13132,506298,BCA Finance,45000000,132378000,24,5.15,6083000
13133,506299,Astra Credit,87100000,228917000,48,7.70,6237000
13134,506300,Mandiri Tunas Finance,53500000,147410000,12,5.79,12995000
13135,506301,Astra Credit,74700000,229995000,60,8.83,5525000
13136,506302,Astra Credit,142800000,286770000,60,4.05,5747000
13137,506304,BCA Finance,235800000,583824000,24,3.94,26242000
13138,506306,Astra Credit,649500000,2228730000,24,4.45,101128000
13139,506307,BCA Finance,63300000,240396000,12,6.91,21417000
13140,506308,Astra Credit,128300000,321472000,36,8.64,11244000
13141,506309,Astra Credit,109400000,220381000,60,3.77,4365000
13142,506310,Mandiri Tunas Finance,262000000,582821000,12,4.81,50904000
13143,506311,FIFGROUP,91300000,177653000,24,8.57,8670000
13144,506312,BFI Finance,98200000,290189000,60,7.77,6715000
13145,506313,BCA Finance,64000000,119372000,48,7.22,3205000
13146,506314,BFI Finance,108600000,328518000,24,4.91,15032000
13147,506315,Mandiri Tunas Finance,273800000,588004000,36,8.32,20410000
13148,506316,FIFGROUP,185500000,411347000,36,3.83,12739000
13149,506317,BCA Finance,153000000,304431000,36,8.09,10508000
13150,506318,Astra Credit,70900000,177185000,12,6.55,15732000
13151,506319,Adira Finance,52800000,136566000,12,5.44,11999000
13152,506320,BCA Finance,106800000,227754000,36,4.43,7167000
13153,506323,Mandiri Tunas Finance,193400000,620896000,12,7.89,55823000
13154,506324,FIFGROUP,50000000,176551000,24,6.22,8271000
13155,506325,Maybank Finance,42500000,136654000,24,5.90,6365000
13156,506326,Adira Finance,62200000,120950000,36,4.66,3829000
13157,506327,BCA Finance,71400000,178905000,48,8.17,4945000
13158,506328,Astra Credit,73100000,223159000,12,7.13,19922000
13159,506329,Adira Finance,92000000,215248000,48,8.34,5980000
13160,506330,Adira Finance,344100000,1365078000,24,5.24,62839000
13161,506331,BCA Finance,162900000,456258000,48,7.56,12379000
13162,506332,BFI Finance,89400000,348273000,60,7.43,7960000
13163,506333,Mandiri Tunas Finance,77800000,235664000,36,8.75,8264000
13164,506334,Astra Credit,102300000,332598000,36,8.47,11586000
13165,506335,Maybank Finance,81000000,235794000,12,3.82,20400000
13166,506336,Astra Credit,56800000,169307000,24,6.05,7908000
13167,506337,BFI Finance,60700000,162077000,48,5.39,4104000
13168,506338,BCA Finance,177300000,604140000,60,5.76,12968000
13169,506339,Maybank Finance,70200000,217401000,60,4.87,4505000
13170,506340,Mandiri Tunas Finance,38700000,139344000,12,7.75,12511000
13171,506344,Astra Credit,220800000,463071000,60,4.90,9608000
13172,506346,Adira Finance,78400000,244499000,48,5.65,6244000
13173,506347,BFI Finance,63700000,155636000,12,5.49,13681000
13174,506349,FIFGROUP,45900000,141579000,48,8.45,3946000
13175,506352,Adira Finance,62100000,241485000,36,8.16,8350000
13176,506355,BFI Finance,109100000,210913000,48,8.56,5898000
13177,506356,Adira Finance,199200000,590232000,24,4.54,26826000
13178,506359,FIFGROUP,84400000,222626000,36,5.09,7128000
13179,506360,BCA Finance,330800000,901300000,36,5.38,29076000
13180,506361,BFI Finance,57500000,127426000,12,7.15,11378000
13181,506362,Adira Finance,99000000,203475000,48,3.71,4868000
13182,506364,Maybank Finance,65900000,221812000,24,4.54,10081000
13183,506365,BFI Finance,76000000,233024000,48,6.22,6062000
13184,506366,Mandiri Tunas Finance,75700000,245201000,60,7.49,5617000
13185,506367,Astra Credit,68700000,131544000,48,6.91,3497000
13186,506368,Mandiri Tunas Finance,55600000,125441000,36,9.36,4462000
13187,506370,Adira Finance,115900000,306344000,12,7.16,27356000
13188,506371,Astra Credit,137200000,540455000,48,6.31,14101000
13189,506372,BFI Finance,71100000,240699000,60,3.90,4793000
13190,506373,Adira Finance,187600000,427118000,36,4.33,13405000
13191,506374,Adira Finance,130300000,381521000,48,8.68,10708000
13192,506376,Mandiri Tunas Finance,143500000,434144000,12,4.61,37846000
13193,506377,FIFGROUP,168300000,536106000,12,4.77,46806000
13194,506379,Mandiri Tunas Finance,308100000,1174305000,48,8.64,32919000
13195,506380,BCA Finance,68000000,183415000,12,6.77,16319000
13196,506383,BCA Finance,83900000,166405000,48,7.68,4531000
13197,506386,Mandiri Tunas Finance,71500000,141287000,36,6.92,4739000
13198,506387,Mandiri Tunas Finance,70100000,145906000,60,6.44,3214000
13199,506389,Adira Finance,75600000,187914000,48,8.77,5288000
13200,506390,Maybank Finance,105300000,378771000,48,7.04,10113000
13201,506391,FIFGROUP,118800000,394575000,48,6.65,10406000
13202,506392,Maybank Finance,59400000,209331000,36,6.53,6953000
13203,506393,Mandiri Tunas Finance,103400000,220387000,48,8.11,6080000
13204,506394,Adira Finance,54500000,130981000,36,9.14,4635000
13205,506395,FIFGROUP,327900000,669324000,36,3.62,20611000
13206,506396,FIFGROUP,126600000,488895000,24,5.16,22472000
13207,506397,BCA Finance,1478000000,4511671000,24,4.31,204190000
13208,506400,BCA Finance,85700000,173818000,60,4.36,3528000
13209,506401,Mandiri Tunas Finance,143700000,305184000,24,7.17,14539000
13210,506402,BCA Finance,160900000,554939000,12,7.80,49852000
13211,506403,FIFGROUP,78800000,302596000,12,8.60,27384000
13212,506404,Adira Finance,64000000,130583000,60,4.08,2620000
13213,506405,Astra Credit,84800000,219784000,60,4.38,4465000
13214,506406,BCA Finance,38100000,140610000,24,5.68,6524000
13215,506407,FIFGROUP,119400000,304953000,48,9.18,8686000
13216,506408,Mandiri Tunas Finance,82400000,214414000,60,8.52,5095000
13217,506409,BCA Finance,138800000,334948000,36,8.15,11578000
13218,506412,FIFGROUP,160400000,520918000,24,6.76,24639000
13219,506413,Mandiri Tunas Finance,121700000,298546000,36,4.02,9293000
13220,506414,Adira Finance,72000000,222150000,36,9.14,7862000
13221,506415,Adira Finance,468800000,952222000,60,7.14,21536000
13222,506416,BCA Finance,270700000,573899000,24,9.40,28408000
13223,506417,BCA Finance,157900000,326393000,36,3.56,10034000
13224,506419,FIFGROUP,113200000,360215000,12,8.35,32524000
13225,506420,BFI Finance,111600000,220068000,36,6.09,7229000
13226,506421,Adira Finance,53700000,125454000,12,5.95,11076000
13227,506422,Maybank Finance,105500000,218065000,36,8.07,7523000
13228,506426,Adira Finance,100000000,213686000,12,4.86,18672000
13229,506427,Astra Credit,85600000,330317000,48,7.33,8899000
13230,506430,BCA Finance,102400000,221054000,24,8.61,10796000
13231,506432,Adira Finance,145400000,563890000,60,6.91,12645000
13232,506433,Maybank Finance,110200000,279188000,60,7.40,6374000
13233,506434,Adira Finance,46800000,143343000,60,8.01,3345000
13234,506435,BFI Finance,144800000,270118000,24,5.57,12508000
13235,506437,Maybank Finance,326300000,1092169000,36,6.72,36454000
13236,506438,BCA Finance,480300000,1526358000,48,6.57,40155000
13237,506439,BFI Finance,204000000,465774000,48,6.36,12172000
13238,506440,BCA Finance,477900000,1635651000,24,7.11,77843000
13239,506441,FIFGROUP,271400000,561655000,48,4.78,13938000
13240,506442,FIFGROUP,169600000,658460000,60,3.64,12971000
13241,506444,BFI Finance,59200000,152144000,24,6.13,7116000
13242,506445,BCA Finance,124600000,285101000,12,4.05,24720000
13243,506447,BCA Finance,153000000,309204000,48,4.12,7503000
13244,506448,BFI Finance,138600000,297408000,48,8.60,8327000
13245,506449,FIFGROUP,143800000,451493000,24,4.47,20494000
13246,506451,Adira Finance,147400000,283169000,48,4.80,7032000
13247,506453,Adira Finance,225900000,505590000,60,6.80,11291000
13248,506455,Maybank Finance,126900000,295677000,36,7.61,10088000
13249,506456,Adira Finance,119000000,286816000,48,6.68,7571000
13250,506457,BCA Finance,61200000,186996000,36,4.83,5946000
13251,506460,Adira Finance,66600000,214008000,36,4.09,6674000
13252,506463,FIFGROUP,66700000,195815000,36,7.69,6694000
13253,506464,Maybank Finance,127200000,340221000,36,6.22,11214000
13254,506465,Astra Credit,72600000,234204000,12,7.81,21041000
13255,506466,BCA Finance,108400000,319949000,24,7.14,15234000
13256,506467,FIFGROUP,80600000,219655000,60,3.66,4330000
13257,506471,FIFGROUP,279000000,525750000,24,4.83,24022000
13258,506472,Adira Finance,110200000,368321000,48,5.84,9465000
13259,506473,BCA Finance,103900000,299585000,48,9.18,8533000
13260,506474,Mandiri Tunas Finance,173400000,424446000,24,3.99,19096000
13261,506476,Mandiri Tunas Finance,58400000,146950000,48,7.85,4022000
13262,506478,Adira Finance,101900000,196246000,12,7.93,17650000
13263,506480,Maybank Finance,76500000,233412000,12,8.16,21038000
13264,506481,Astra Credit,81200000,243475000,36,3.59,7491000
13265,506482,Astra Credit,258800000,548614000,12,9.05,49855000
13266,506483,Maybank Finance,44700000,148662000,24,7.68,7145000
13267,506484,Maybank Finance,84500000,205432000,48,5.67,5250000
13268,506486,Astra Credit,338100000,898662000,48,5.68,22975000
13269,506487,Adira Finance,173900000,657712000,12,8.66,59555000
13270,506489,BCA Finance,124500000,295302000,60,8.96,7126000
13271,506491,FIFGROUP,95200000,330374000,12,5.14,28946000
13272,506493,FIFGROUP,66100000,208958000,12,8.29,18856000
13273,506494,Maybank Finance,95200000,186851000,12,6.81,16631000
13274,506495,Mandiri Tunas Finance,74600000,221326000,60,4.97,4605000
13275,506496,BCA Finance,92100000,173856000,24,4.24,7858000
13276,506497,BFI Finance,308000000,585217000,24,6.69,27646000
13277,506498,Mandiri Tunas Finance,79500000,218424000,48,4.75,5415000
13278,506499,BFI Finance,106900000,298361000,48,5.76,7647000
13279,506500,BCA Finance,243800000,583039000,48,7.46,15771000
13280,506501,BFI Finance,249900000,556182000,24,3.77,24921000
13281,506503,BFI Finance,197600000,647332000,24,4.45,29372000
13282,506505,BFI Finance,140800000,494231000,48,7.49,13381000
13283,506506,FIFGROUP,75700000,275282000,60,7.39,6283000
13284,506510,Astra Credit,100500000,227838000,12,5.48,20026000
13285,506511,Adira Finance,75300000,222735000,48,4.55,5484000
13286,506513,Maybank Finance,37500000,144651000,24,4.78,6603000
13287,506514,BCA Finance,87900000,175059000,12,4.95,15310000
13288,506515,Mandiri Tunas Finance,73800000,223125000,24,7.74,10736000
13289,506520,Astra Credit,94400000,349378000,60,5.56,7441000
13290,506524,BFI Finance,282900000,540276000,48,5.97,13943000
13291,506525,BFI Finance,104700000,206766000,12,8.31,18662000
13292,506526,BCA Finance,132800000,253369000,48,9.39,7261000
13293,506527,Maybank Finance,262700000,533947000,48,4.72,13224000
13294,506529,Mandiri Tunas Finance,155600000,475546000,24,4.77,21704000
13295,506531,Adira Finance,135000000,303228000,36,5.04,9696000
13296,506532,Adira Finance,201500000,377032000,36,7.33,12776000
13297,506533,Adira Finance,193000000,522839000,60,7.00,11763000
13298,506534,Maybank Finance,266900000,674269000,12,8.29,60847000
13299,506535,BFI Finance,150200000,339199000,48,7.04,9056000
13300,506537,BFI Finance,157700000,511852000,36,5.58,16598000
13301,506539,FIFGROUP,86800000,213455000,60,4.09,4285000
13302,506540,Adira Finance,85000000,223913000,12,3.60,19331000
13303,506542,BCA Finance,223000000,559550000,60,7.01,12594000
13304,506545,Astra Credit,75500000,193564000,12,6.20,17130000
13305,506549,BFI Finance,247200000,549558000,12,6.29,48677000
13306,506550,Astra Credit,110800000,353846000,48,9.27,10105000
13307,506552,Maybank Finance,118400000,337366000,24,6.43,15864000
13308,506553,BCA Finance,94600000,228188000,36,3.63,7028000
13309,506554,BCA Finance,177900000,545931000,36,5.63,17726000
13310,506555,Maybank Finance,52000000,133481000,36,7.41,4532000
13311,506557,BCA Finance,85900000,221903000,60,3.71,4384000
13312,506559,BFI Finance,95300000,214834000,60,8.59,5118000
13313,506560,Astra Credit,70000000,280094000,60,3.96,5592000
13314,506561,BFI Finance,130200000,359754000,24,5.70,16698000
13315,506562,Maybank Finance,125600000,390772000,24,8.75,19131000
13316,506564,Adira Finance,235300000,491084000,60,8.97,11855000
13317,506566,Astra Credit,71600000,237424000,60,7.50,5440000
13318,506567,Mandiri Tunas Finance,237400000,487208000,24,7.58,23377000
13319,506569,Astra Credit,477200000,949594000,60,8.79,22782000
13320,506571,Mandiri Tunas Finance,86600000,231859000,48,7.24,6229000
13321,506573,Maybank Finance,681100000,1371290000,36,3.89,42536000
13322,506575,Maybank Finance,64500000,231870000,36,7.36,7862000
13323,506576,Astra Credit,94000000,296276000,60,7.41,6767000
13324,506577,Maybank Finance,65900000,123688000,60,3.91,2464000
13325,506578,Adira Finance,60700000,240110000,60,4.52,4906000
13326,506579,Mandiri Tunas Finance,144900000,544743000,60,4.38,11067000
13327,506581,BFI Finance,87800000,223999000,36,6.47,7429000
13328,506582,BFI Finance,85700000,310348000,24,7.18,14788000
13329,506583,BCA Finance,219000000,735267000,48,7.86,20134000
13330,506585,Maybank Finance,44600000,149428000,12,8.45,13504000
13331,506586,FIFGROUP,166700000,316483000,48,6.63,8341000
13332,506587,Astra Credit,55800000,164202000,60,6.27,3594000
13333,506589,BCA Finance,70400000,143830000,36,4.81,4571000
13334,506591,Astra Credit,84600000,222426000,12,3.88,19254000
13335,506592,FIFGROUP,68500000,260726000,48,5.79,6689000
13336,506593,FIFGROUP,178900000,455132000,60,3.67,8977000
13337,506594,Adira Finance,46800000,172092000,60,5.82,3702000
13338,506595,BCA Finance,60200000,130387000,12,9.47,11894000
13339,506597,Maybank Finance,357800000,789052000,24,3.97,35487000
13340,506598,Adira Finance,66400000,151493000,24,5.34,6986000
13341,506599,FIFGROUP,82300000,318854000,24,3.58,14236000
13342,506600,BCA Finance,113100000,306702000,24,5.69,14233000
13343,506601,BFI Finance,162900000,479124000,60,3.72,9470000
13344,506603,BCA Finance,343700000,1021378000,24,5.30,47068000
13345,506605,BCA Finance,301600000,1005869000,36,6.14,33087000
13346,506606,FIFGROUP,69700000,141755000,60,5.08,2962000
13347,506608,FIFGROUP,104200000,230354000,24,6.33,10813000
13348,506610,Astra Credit,77400000,170796000,24,8.36,8306000
13349,506611,BCA Finance,95600000,193111000,48,5.44,4898000
13350,506612,Maybank Finance,55000000,143024000,48,4.07,3464000
13351,506613,BCA Finance,64500000,255735000,48,7.61,6949000
13352,506615,Astra Credit,48400000,140189000,36,4.10,4373000
13353,506617,BCA Finance,89100000,208602000,24,5.29,9611000
13354,506620,Mandiri Tunas Finance,101200000,313385000,12,6.30,27760000
13355,506622,BCA Finance,90200000,348694000,48,5.67,8912000
13356,506623,Mandiri Tunas Finance,46200000,164700000,24,4.77,7517000
13357,506625,Mandiri Tunas Finance,66300000,254157000,12,6.45,22545000
13358,506626,Mandiri Tunas Finance,45000000,140703000,36,8.50,4905000
13359,506627,Mandiri Tunas Finance,428900000,919306000,12,7.77,82561000
13360,506629,BCA Finance,151000000,468713000,48,4.66,11585000
13361,506630,BFI Finance,69500000,206335000,48,8.88,5825000
13362,506632,BFI Finance,97900000,338996000,24,9.13,16704000
13363,506633,Mandiri Tunas Finance,147900000,557949000,12,8.11,50266000
13364,506634,Astra Credit,271400000,899095000,48,3.95,21690000
13365,506636,Adira Finance,156700000,532388000,48,3.83,12790000
13366,506637,BFI Finance,130000000,328319000,36,7.13,11070000
13367,506639,Maybank Finance,249300000,594522000,36,5.07,19026000
13368,506641,BFI Finance,101800000,215105000,60,6.47,4744000
13369,506642,Adira Finance,107600000,222847000,60,4.52,4553000
13370,506644,FIFGROUP,192700000,522362000,36,6.98,17548000
13371,506646,BFI Finance,203800000,590183000,24,4.64,26872000
13372,506647,FIFGROUP,46800000,128469000,48,9.14,3654000
13373,506648,Astra Credit,96200000,192067000,36,6.19,6325000
13374,506649,BCA Finance,136600000,487775000,60,5.41,10328000
13375,506651,BFI Finance,39000000,132495000,60,9.04,3206000
13376,506652,Adira Finance,130600000,328496000,12,7.55,29441000
13377,506653,BFI Finance,79200000,188088000,12,8.29,16973000
13378,506655,Adira Finance,290700000,876687000,12,4.47,76322000
13379,506656,BFI Finance,96900000,312912000,12,6.85,27862000
13380,506658,BCA Finance,381900000,871179000,12,5.74,76765000
13381,506659,BCA Finance,193600000,546770000,12,8.78,49564000
13382,506662,Maybank Finance,161400000,495942000,24,8.94,24359000
13383,506666,Adira Finance,76700000,147853000,36,3.70,4562000
13384,506667,FIFGROUP,243000000,481275000,48,8.45,13415000
13385,506669,BCA Finance,72400000,149933000,60,5.39,3172000
13386,506670,Astra Credit,91000000,190274000,12,4.55,16577000
13387,506671,Mandiri Tunas Finance,60400000,150056000,12,7.51,13443000
13388,506672,Maybank Finance,50400000,137523000,12,7.22,12287000
13389,506673,BCA Finance,237300000,565119000,24,7.29,26979000
13390,506674,Maybank Finance,100700000,207658000,60,5.40,4395000
13391,506676,Mandiri Tunas Finance,134600000,264667000,24,8.80,12968000
13392,506677,Maybank Finance,102700000,401018000,12,8.10,36125000
13393,506678,BFI Finance,57500000,200464000,24,6.84,9495000
13394,506679,BFI Finance,48300000,154497000,60,4.22,3118000
13395,506681,Adira Finance,97200000,314832000,60,5.27,6629000
13396,506682,Astra Credit,58700000,146983000,36,6.56,4886000
13397,506683,Adira Finance,64700000,204364000,48,6.54,5371000
13398,506684,Mandiri Tunas Finance,122600000,472582000,48,7.22,12688000
13399,506685,BFI Finance,190500000,630900000,24,5.64,29252000
13400,506694,Mandiri Tunas Finance,80100000,249237000,12,4.11,21623000
13401,506696,Astra Credit,150500000,297385000,24,3.58,13278000
13402,506697,Astra Credit,87300000,329394000,12,4.34,28640000
13403,506698,Mandiri Tunas Finance,267000000,569385000,36,3.73,17586000
13404,506700,BCA Finance,207400000,667502000,48,5.81,17138000
13405,506701,Mandiri Tunas Finance,73700000,196474000,12,3.82,16998000
13406,506702,FIFGROUP,68600000,176932000,48,4.07,4286000
13407,506704,Adira Finance,105300000,213159000,48,9.44,6117000
13408,506705,FIFGROUP,39400000,137867000,24,3.66,6164000
13409,506706,Maybank Finance,682900000,1288793000,48,6.60,33938000
13410,506707,Mandiri Tunas Finance,89000000,205150000,24,4.43,9305000
13411,506708,BCA Finance,145800000,575367000,36,5.30,18523000
13412,506709,FIFGROUP,123000000,369285000,36,6.53,12267000
13413,506710,Maybank Finance,388200000,751437000,24,4.50,34127000
13414,506711,Astra Credit,101500000,295547000,12,6.59,26251000
13415,506712,Astra Credit,75500000,180910000,24,5.28,8333000
13416,506714,Mandiri Tunas Finance,156700000,309389000,36,9.16,10955000
13417,506715,Maybank Finance,92600000,230854000,36,9.27,8195000
13418,506717,Mandiri Tunas Finance,52200000,130173000,12,3.57,11235000
13419,506718,FIFGROUP,42700000,144224000,24,5.47,6666000
13420,506719,Mandiri Tunas Finance,106900000,204566000,12,7.50,18325000
13421,506721,BFI Finance,75800000,232114000,36,3.90,7201000
13422,506722,Maybank Finance,107100000,358434000,48,9.25,10230000
13423,506723,Maybank Finance,546200000,1409953000,48,6.51,37023000
13424,506724,Mandiri Tunas Finance,73100000,240364000,36,6.59,7996000
13425,506725,Mandiri Tunas Finance,97200000,250452000,12,4.25,21758000
13426,506727,Astra Credit,68400000,248838000,24,5.78,11566000
13427,506728,Mandiri Tunas Finance,72400000,230519000,48,6.35,6022000
13428,506729,Maybank Finance,202000000,412052000,48,3.77,9878000
13429,506731,Adira Finance,209300000,403531000,24,4.84,18441000
13430,506732,BFI Finance,91900000,203693000,48,6.08,5275000
13431,506734,FIFGROUP,73400000,139498000,24,6.47,6564000
13432,506735,BCA Finance,126100000,317234000,48,6.29,8271000
13433,506738,BFI Finance,212700000,575511000,36,8.25,19943000
13434,506739,FIFGROUP,224800000,500363000,24,8.12,24234000
13435,506740,Astra Credit,300300000,612120000,24,3.69,27387000
13436,506741,BFI Finance,127100000,348091000,60,7.30,7919000
13437,506742,BCA Finance,1112800000,3079337000,12,7.23,275164000
13438,506744,Adira Finance,208400000,462040000,24,9.46,22894000
13439,506747,BCA Finance,47400000,168273000,60,5.49,3574000
13440,506748,FIFGROUP,169300000,397022000,48,6.38,10382000
13441,506753,BCA Finance,956800000,1791227000,24,8.84,87829000
13442,506754,FIFGROUP,112200000,287844000,36,5.54,9324000
13443,506755,FIFGROUP,106700000,214534000,12,6.11,18970000
13444,506756,BFI Finance,1081900000,3011225000,24,8.33,146370000
13445,506757,Mandiri Tunas Finance,134300000,319801000,12,5.45,28102000
13446,506758,Maybank Finance,569900000,1401793000,36,4.26,43915000
13447,506759,FIFGROUP,76400000,241837000,24,9.22,11934000
13448,506760,BFI Finance,69200000,151801000,24,5.88,7068000
13449,506761,Astra Credit,51500000,202468000,24,3.82,9080000
13450,506763,Adira Finance,46400000,136306000,24,4.10,6145000
13451,506764,FIFGROUP,130400000,285850000,60,8.77,6853000
13452,506765,BFI Finance,98400000,341382000,24,9.29,16867000
13453,506767,Astra Credit,127800000,331518000,24,6.56,15625000
13454,506769,Adira Finance,131200000,321569000,24,5.32,14824000
13455,506770,Astra Credit,50400000,133749000,36,7.70,4573000
13456,506771,BCA Finance,211900000,469862000,36,3.58,14453000
13457,506772,Adira Finance,202700000,507478000,12,7.68,45537000
13458,506773,Maybank Finance,132200000,366190000,60,8.30,8635000
13459,506774,Astra Credit,93800000,223882000,12,8.17,20181000
13460,506775,Adira Finance,76800000,223011000,12,5.67,19637000
13461,506776,Mandiri Tunas Finance,70000000,232808000,48,9.03,6602000
13462,506777,Mandiri Tunas Finance,245700000,459372000,12,7.56,41175000
13463,506778,BCA Finance,109500000,301311000,60,6.87,6746000
13464,506780,Mandiri Tunas Finance,98000000,213355000,60,3.86,4242000
13465,506781,Astra Credit,97500000,218850000,60,8.14,5132000
13466,506784,FIFGROUP,281500000,586076000,48,3.51,13924000
13467,506785,Adira Finance,255300000,566100000,48,8.61,15855000
13468,506787,BFI Finance,49800000,131796000,60,5.95,2850000
13469,506788,Maybank Finance,215000000,476419000,12,8.32,43004000
13470,506789,Adira Finance,103900000,207233000,60,4.93,4305000
13471,506792,Adira Finance,127100000,271057000,12,5.95,23932000
13472,506793,Astra Credit,111300000,359118000,60,5.76,7709000
13473,506794,BCA Finance,37200000,146616000,12,5.39,12876000
13474,506795,Maybank Finance,69100000,137138000,48,7.63,3729000
13475,506797,BFI Finance,80900000,162745000,60,8.37,3847000
13476,506798,Adira Finance,55100000,215962000,24,8.09,10454000
13477,506799,BFI Finance,181100000,539068000,24,7.68,25911000
13478,506800,BCA Finance,65400000,248619000,60,5.36,5254000
13479,506801,Mandiri Tunas Finance,103800000,214104000,48,9.19,6100000
13480,506802,Astra Credit,117500000,219829000,48,5.27,5545000
13481,506804,BFI Finance,137500000,270980000,36,8.85,9525000
13482,506806,Maybank Finance,68200000,185990000,48,8.43,5181000
13483,506809,Maybank Finance,59000000,186199000,24,6.55,8774000
13484,506810,Maybank Finance,107400000,338931000,24,4.05,15266000
13485,506811,Mandiri Tunas Finance,49800000,173421000,12,5.17,15198000
13486,506812,Mandiri Tunas Finance,51300000,136845000,36,7.14,4615000
13487,506813,Adira Finance,74400000,265482000,48,3.73,6356000
13488,506814,Maybank Finance,69600000,137193000,24,9.20,6768000
13489,506815,BFI Finance,267300000,544776000,24,6.05,25445000
13490,506816,Mandiri Tunas Finance,222000000,598401000,12,4.28,52001000
13491,506818,FIFGROUP,103100000,302827000,36,5.99,9923000
13492,506820,Mandiri Tunas Finance,184800000,625056000,48,3.92,15063000
13493,506822,Maybank Finance,237800000,620341000,36,7.84,21284000
13494,506823,Mandiri Tunas Finance,143600000,267322000,60,6.61,5927000
13495,506824,Astra Credit,238400000,484987000,24,8.12,23489000
13496,506825,Mandiri Tunas Finance,88800000,186813000,24,9.06,9194000
13497,506826,Mandiri Tunas Finance,211900000,456653000,36,3.70,14092000
13498,506828,Adira Finance,71000000,229366000,12,8.85,20805000
13499,506831,BCA Finance,72800000,240442000,12,8.87,21814000
13500,506834,BCA Finance,144900000,447285000,12,9.31,40743000
13501,506837,FIFGROUP,272500000,661676000,48,5.03,16558000
13502,506838,BCA Finance,93800000,178483000,60,7.80,4134000
13503,506839,Maybank Finance,166800000,311499000,60,6.24,6811000
13504,506840,Mandiri Tunas Finance,139800000,334170000,12,6.15,29560000
13505,506842,Adira Finance,222300000,738627000,12,8.64,66870000
13506,506843,BCA Finance,230600000,455491000,36,5.98,14922000
13507,506844,Astra Credit,43900000,170885000,24,3.71,7648000
13508,506846,Astra Credit,105900000,344760000,48,5.44,8745000
13509,506848,Mandiri Tunas Finance,84900000,233115000,36,6.95,7825000
13510,506849,Adira Finance,85000000,180734000,36,4.30,5668000
13511,506851,Astra Credit,57300000,202662000,36,8.83,7120000
13512,506852,BCA Finance,67600000,214340000,48,6.21,5574000
13513,506853,Adira Finance,40300000,136967000,24,6.15,6408000
13514,506855,FIFGROUP,64200000,243381000,24,6.95,11550000
13515,506856,FIFGROUP,231400000,442925000,12,4.14,38438000
13516,506858,Mandiri Tunas Finance,106800000,207552000,36,6.09,6818000
13517,506859,Mandiri Tunas Finance,368800000,813239000,48,8.05,22397000
13518,506861,BCA Finance,60700000,194156000,12,7.15,17336000
13519,506862,FIFGROUP,48100000,171347000,24,6.22,8027000
13520,506864,BFI Finance,99000000,294939000,12,4.94,25792000
13521,506865,FIFGROUP,117200000,362653000,36,3.64,11173000
13522,506866,Mandiri Tunas Finance,211300000,483005000,24,3.66,21598000
13523,506867,FIFGROUP,136800000,330066000,48,7.45,8925000
13524,506868,BFI Finance,238500000,479559000,12,8.27,43268000
13525,506870,Maybank Finance,1218600000,2550183000,24,7.21,121579000
13526,506874,BFI Finance,70200000,252255000,12,8.12,22728000
13527,506875,FIFGROUP,51900000,170655000,60,7.71,3940000
13528,506876,Astra Credit,70400000,242509000,12,7.21,21666000
13529,506879,FIFGROUP,75500000,183574000,12,4.69,16015000
13530,506880,FIFGROUP,270600000,557127000,36,4.65,17634000
13531,506882,Mandiri Tunas Finance,439800000,1095108000,48,9.13,31146000
13532,506884,Adira Finance,72200000,140476000,24,5.32,6475000
13533,506886,BCA Finance,104700000,349401000,60,4.31,7078000
13534,506887,Astra Credit,130900000,299336000,12,3.88,25912000
13535,506888,BFI Finance,70200000,206523000,60,6.18,4505000
13536,506889,Astra Credit,120600000,328062000,12,8.28,29602000
13537,506890,Mandiri Tunas Finance,110600000,209191000,12,7.47,18734000
13538,506893,Maybank Finance,91900000,186599000,12,8.19,16823000
13539,506898,Adira Finance,323300000,1143898000,36,7.70,39114000
13540,506900,Astra Credit,116400000,323715000,60,7.27,7356000
13541,506904,Mandiri Tunas Finance,229900000,430439000,12,3.75,37215000
13542,506905,Mandiri Tunas Finance,89500000,246830000,24,5.70,11457000
13543,506908,BCA Finance,125900000,481048000,60,4.37,9769000
13544,506909,Maybank Finance,140300000,279724000,24,9.38,13841000
13545,506910,Adira Finance,222000000,484404000,12,6.36,42934000
13546,506911,Maybank Finance,125700000,294102000,60,9.21,7158000
13547,506912,Astra Credit,222500000,456376000,36,8.34,15848000
13548,506914,BFI Finance,166200000,629559000,60,5.07,13152000
13549,506916,BCA Finance,84100000,322604000,60,7.17,7304000
13550,506919,BFI Finance,101600000,208867000,24,5.09,9588000
13551,506920,FIFGROUP,71200000,236714000,24,9.29,11695000
13552,506921,FIFGROUP,120800000,308992000,36,4.81,9821000
13553,506922,BFI Finance,67000000,227594000,60,8.25,5357000
13554,506924,BFI Finance,123500000,328270000,48,6.56,8633000
13555,506927,FIFGROUP,76200000,234711000,48,3.58,5590000
13556,506928,Astra Credit,74900000,249220000,48,9.23,7109000
13557,506933,Adira Finance,442600000,1120502000,12,6.36,99313000
13558,506934,BCA Finance,470700000,915357000,12,6.13,80955000
13559,506936,BFI Finance,96000000,282954000,12,9.45,25807000
13560,506937,Maybank Finance,74700000,245535000,36,8.72,8604000
13561,506938,Adira Finance,178500000,531345000,36,4.60,16796000
13562,506940,Maybank Finance,120500000,297415000,48,7.76,8119000
13563,506941,Astra Credit,61400000,231640000,60,7.14,5238000
13564,506942,Adira Finance,72100000,235592000,24,7.85,11357000
13565,506943,BFI Finance,137300000,370969000,12,6.12,32806000
13566,506944,FIFGROUP,84700000,178814000,36,4.86,5691000
13567,506945,Mandiri Tunas Finance,145500000,331467000,60,7.83,7687000
13568,506946,Mandiri Tunas Finance,96400000,205520000,60,7.70,4744000
13569,506947,Astra Credit,167200000,340958000,12,5.77,30052000
13570,506948,FIFGROUP,55500000,206904000,48,7.08,5531000
13571,506949,Mandiri Tunas Finance,505100000,1491568000,60,6.68,33162000
13572,506950,BFI Finance,62400000,116310000,12,5.69,10244000
13573,506954,Adira Finance,186700000,627929000,48,7.34,16922000
13574,506956,Adira Finance,89300000,167443000,60,5.76,3594000
13575,506959,Mandiri Tunas Finance,211700000,403351000,36,8.48,14054000
13576,506960,Mandiri Tunas Finance,186900000,487980000,12,7.99,43914000
13577,506961,BCA Finance,698500000,1651481000,12,7.15,147463000
13578,506962,Maybank Finance,107700000,254049000,48,6.00,6562000
13579,506963,Adira Finance,133500000,271317000,24,7.00,12887000
13580,506965,Astra Credit,171100000,627878000,12,7.77,56388000
13581,506966,Adira Finance,61100000,215401000,60,6.49,4754000
13582,506969,Mandiri Tunas Finance,135600000,279984000,48,9.00,7932000
13583,506971,Astra Credit,111600000,288111000,36,5.44,9309000
13584,506972,BCA Finance,255000000,536652000,60,9.18,13049000
13585,506973,Mandiri Tunas Finance,262000000,554072000,48,5.12,13907000
13586,506975,FIFGROUP,230900000,512467000,48,6.30,13366000
13587,506976,Mandiri Tunas Finance,72600000,192024000,60,3.91,3826000
13588,506977,Adira Finance,107200000,207596000,36,6.17,6833000
13589,506978,Adira Finance,55500000,132645000,60,7.74,3066000
13590,506979,Adira Finance,228600000,588582000,36,4.88,18743000
13591,506980,FIFGROUP,86400000,185439000,48,8.69,5206000
13592,506982,FIFGROUP,413800000,1049846000,12,3.66,90689000
13593,506983,FIFGROUP,74700000,177603000,48,5.43,4503000
13594,506984,BFI Finance,105700000,199661000,60,7.71,4610000
13595,506985,BCA Finance,110100000,345222000,60,9.05,8357000
13596,506986,Mandiri Tunas Finance,70600000,178373000,36,5.80,5816000
13597,506989,FIFGROUP,93300000,182757000,24,8.92,8973000
13598,506990,Astra Credit,86300000,225388000,12,4.59,19644000
13599,506991,Maybank Finance,59200000,134162000,24,8.58,6549000
13600,506993,BFI Finance,84700000,223325000,60,5.75,4792000
13601,506995,Adira Finance,88800000,192252000,24,4.99,8809000
13602,506996,Mandiri Tunas Finance,64700000,141205000,36,5.23,4537000
13603,506997,Adira Finance,85600000,337532000,48,5.97,8711000
13604,506998,Adira Finance,107600000,348388000,48,6.90,9261000
13605,506999,Maybank Finance,232000000,601832000,60,8.47,14278000
13606,507001,FIFGROUP,71700000,164508000,60,3.78,3260000
13607,507003,BFI Finance,74900000,195718000,12,6.35,17345000
13608,507005,Maybank Finance,88200000,326163000,48,7.10,8724000
13609,507006,Adira Finance,276900000,559929000,60,5.55,11921000
13610,507007,Astra Credit,208500000,633435000,24,5.51,29301000
13611,507009,Astra Credit,237700000,463598000,60,7.66,10685000
13612,507010,Mandiri Tunas Finance,115800000,223638000,24,4.15,10091000
13613,507011,Maybank Finance,124900000,300563000,24,4.76,13715000
13614,507012,FIFGROUP,621200000,1699810000,48,3.99,41064000
13615,507014,BFI Finance,74100000,172764000,36,4.31,5419000
13616,507016,Mandiri Tunas Finance,76200000,178101000,48,6.18,4627000
13617,507020,FIFGROUP,113600000,220732000,24,8.96,10845000
13618,507024,Maybank Finance,62800000,136778000,48,8.88,3861000
13619,507025,Mandiri Tunas Finance,188600000,618259000,48,5.37,15647000
13620,507026,Adira Finance,80000000,222919000,24,6.41,10479000
13621,507027,Adira Finance,78600000,229425000,36,8.94,8082000
13622,507028,BCA Finance,140300000,308140000,60,7.25,6997000
13623,507029,Astra Credit,72600000,188028000,60,8.78,4509000
13624,507031,Adira Finance,208800000,488280000,12,7.71,43827000
13625,507032,Adira Finance,87400000,183218000,24,6.26,8589000
13626,507034,BFI Finance,123900000,292905000,24,5.28,13493000
13627,507036,Maybank Finance,211600000,572726000,24,9.14,28225000
13628,507038,Adira Finance,209400000,650406000,12,5.97,57436000
13629,507040,Maybank Finance,65700000,237774000,12,7.31,21262000
13630,507041,Maybank Finance,148700000,277207000,12,4.73,24193000
13631,507043,FIFGROUP,92700000,239634000,24,6.99,11380000
13632,507047,Astra Credit,75900000,198603000,24,3.88,8917000
13633,507048,FIFGROUP,106800000,210660000,24,7.81,10148000
13634,507051,Astra Credit,72700000,248090000,12,7.18,22158000
13635,507052,Mandiri Tunas Finance,60600000,199140000,24,3.90,8944000
13636,507053,BFI Finance,40300000,158723000,36,8.67,5555000
13637,507054,BFI Finance,113800000,313550000,12,7.56,28104000
13638,507055,Maybank Finance,92500000,220964000,60,3.78,4378000
13639,507056,FIFGROUP,70700000,132652000,24,7.73,6381000
13640,507057,Maybank Finance,68100000,225606000,48,8.26,6253000
13641,507059,BCA Finance,146000000,557629000,60,4.92,11580000
13642,507060,Maybank Finance,85300000,223280000,12,7.22,19950000
13643,507061,Maybank Finance,119800000,315875000,24,8.61,15427000
13644,507063,Maybank Finance,88300000,218504000,36,6.78,7304000
13645,507064,Astra Credit,46300000,145619000,12,6.28,12896000
13646,507065,FIFGROUP,333000000,1219668000,60,6.75,27188000
13647,507066,Maybank Finance,65000000,125254000,48,9.12,3561000
13648,507067,Adira Finance,67800000,236673000,36,5.66,7690000
13649,507068,Maybank Finance,59000000,204292000,48,5.93,5265000
13650,507069,BCA Finance,59500000,197909000,60,8.07,4629000
13651,507072,Maybank Finance,111200000,209035000,48,8.66,5863000
13652,507073,BCA Finance,54300000,132402000,48,6.67,3494000
13653,507074,Maybank Finance,173900000,508528000,36,6.47,16867000
13654,507075,Astra Credit,261700000,502424000,48,8.38,13975000
13655,507079,Maybank Finance,142300000,292043000,12,8.95,26515000
13656,507080,BCA Finance,59600000,188818000,36,7.67,6451000
13657,507082,BCA Finance,72100000,233927000,48,6.74,6187000
13658,507084,FIFGROUP,85300000,221393000,36,5.01,7074000
13659,507086,Maybank Finance,1135900000,2785952000,60,6.25,60942000
13660,507087,Mandiri Tunas Finance,62200000,192878000,36,4.11,6018000
13661,507090,Adira Finance,167500000,343766000,60,5.14,7201000
13662,507092,BCA Finance,268400000,516481000,24,6.13,24158000
13663,507094,FIFGROUP,48800000,138346000,48,4.44,3394000
13664,507095,Mandiri Tunas Finance,71200000,237269000,36,6.23,7822000
13665,507096,Adira Finance,96100000,354671000,12,5.52,31187000
13666,507100,BCA Finance,208000000,650030000,48,4.10,15763000
13667,507102,BCA Finance,87800000,172273000,36,8.25,5969000
13668,507104,FIFGROUP,48200000,134839000,48,4.09,3268000
13669,507106,BFI Finance,199000000,663470000,12,9.12,60331000
13670,507107,BCA Finance,227800000,481268000,36,5.57,15602000
13671,507108,Mandiri Tunas Finance,83700000,311016000,48,7.20,8345000
13672,507110,FIFGROUP,66500000,240970000,36,7.68,8235000
13673,507111,Astra Credit,102000000,272847000,48,5.73,6987000
13674,507112,BCA Finance,103400000,230155000,24,6.97,10926000
13675,507113,BFI Finance,103500000,219399000,36,8.66,7677000
13676,507116,Mandiri Tunas Finance,662200000,2525609000,12,4.62,220191000
13677,507118,Maybank Finance,207300000,562485000,48,4.00,13593000
13678,507119,FIFGROUP,114400000,302405000,36,8.65,10579000
13679,507121,Adira Finance,63000000,210615000,48,5.66,5381000
13680,507122,BFI Finance,108100000,217130000,12,9.09,19738000
13681,507123,Adira Finance,228100000,819074000,48,5.05,20510000
13682,507125,Adira Finance,155300000,511921000,36,8.58,17880000
13683,507126,Adira Finance,57700000,184391000,60,8.24,4339000
13684,507128,Mandiri Tunas Finance,103400000,293980000,36,4.18,9190000
13685,507130,Mandiri Tunas Finance,180400000,537659000,24,3.70,24060000
13686,507131,BCA Finance,118200000,403944000,24,9.05,19877000
13687,507132,Astra Credit,271600000,586430000,60,3.51,11489000
13688,507134,Adira Finance,66900000,250782000,48,3.92,6043000
13689,507135,FIFGROUP,143400000,309924000,24,5.38,14302000
13690,507138,Adira Finance,71400000,197220000,48,4.18,4795000
13691,507140,BCA Finance,41200000,155270000,60,4.11,3119000
13692,507141,FIFGROUP,106000000,210572000,48,6.06,5450000
13693,507142,BCA Finance,129900000,287349000,24,7.39,13742000
13694,507143,BCA Finance,113000000,309244000,36,4.39,9721000
13695,507144,FIFGROUP,67900000,244010000,48,5.80,6262000
13696,507145,Astra Credit,213900000,612939000,48,5.57,15614000
13697,507147,Adira Finance,48100000,173567000,36,3.97,5395000
13698,507148,Adira Finance,131200000,355424000,48,7.49,9623000
13699,507149,Astra Credit,146500000,463667000,12,7.89,41687000
13700,507151,Mandiri Tunas Finance,363400000,1015664000,36,7.97,34958000
13701,507152,Mandiri Tunas Finance,223200000,601752000,12,5.83,53069000
13702,507154,Astra Credit,66500000,144289000,48,7.37,3892000
13703,507155,Adira Finance,503600000,1499839000,60,5.89,32359000
13704,507156,BFI Finance,64400000,245956000,24,8.28,11945000
13705,507159,Maybank Finance,79700000,175933000,36,6.06,5775000
13706,507160,Mandiri Tunas Finance,82900000,225569000,12,6.70,20056000
13707,507161,BFI Finance,104700000,204879000,60,5.99,4437000
13708,507162,Adira Finance,237100000,477296000,48,5.52,12139000
13709,507164,BCA Finance,91600000,204215000,12,6.20,18073000
13710,507166,Astra Credit,129900000,274362000,12,4.01,23780000
13711,507171,BCA Finance,76600000,196016000,36,8.37,6812000
13712,507172,FIFGROUP,405500000,753562000,24,3.72,33734000
13713,507173,Adira Finance,73200000,216066000,12,8.55,19544000
13714,507175,Astra Credit,100900000,394493000,24,5.11,18117000
13715,507176,BFI Finance,47000000,167563000,60,4.13,3369000
13716,507177,Mandiri Tunas Finance,384900000,950430000,24,5.48,43941000
13717,507181,Astra Credit,87900000,241215000,12,8.70,21850000
13718,507182,Astra Credit,104800000,303236000,24,6.76,14343000
13719,507183,BFI Finance,103400000,214948000,60,5.08,4492000
13720,507184,BFI Finance,115700000,346393000,12,3.62,29911000
13721,507185,Adira Finance,213500000,594469000,36,4.83,18905000
13722,507186,BCA Finance,101400000,327393000,24,7.97,15815000
13723,507187,FIFGROUP,126000000,294468000,36,7.99,10140000
13724,507188,Astra Credit,63200000,245602000,24,7.82,11833000
13725,507189,Astra Credit,211500000,521433000,48,9.44,14965000
13726,507191,Astra Credit,83100000,230919000,12,5.36,20274000
13727,507193,BFI Finance,324200000,1150657000,60,4.26,23262000
13728,507194,Mandiri Tunas Finance,644400000,1343721000,36,9.44,47896000
13729,507195,Astra Credit,155600000,504517000,60,6.27,11044000
13730,507196,Maybank Finance,92800000,319121000,24,8.35,15517000
13731,507198,Mandiri Tunas Finance,193900000,478538000,24,4.96,21917000
13732,507200,Astra Credit,106200000,344793000,24,6.25,16162000
13733,507201,Astra Credit,71400000,247281000,36,8.93,8709000
13734,507203,Maybank Finance,120400000,394973000,24,5.44,18247000
13735,507205,BFI Finance,163800000,500091000,12,5.69,44045000
13736,507209,BFI Finance,184500000,413568000,12,8.48,37386000
13737,507210,Astra Credit,111400000,219047000,48,8.84,6177000
13738,507213,Maybank Finance,270800000,523849000,36,5.40,16908000
13739,507215,FIFGROUP,237700000,463709000,12,3.72,40079000
13740,507216,BFI Finance,149700000,351798000,36,6.52,11683000
13741,507218,Maybank Finance,94500000,211416000,60,3.89,4208000
13742,507219,Adira Finance,200300000,462592000,12,7.86,41579000
13743,507220,FIFGROUP,131800000,307094000,12,4.51,26745000
13744,507222,BFI Finance,63100000,124712000,24,4.12,5624000
13745,507224,BFI Finance,280700000,542698000,36,8.30,18828000
13746,507225,FIFGROUP,143000000,531436000,48,4.98,13277000
13747,507226,Astra Credit,76700000,166390000,60,8.27,3919000
13748,507227,FIFGROUP,583500000,1418718000,12,7.51,127105000
13749,507228,Adira Finance,108900000,288702000,60,8.01,6738000
13750,507229,Adira Finance,93600000,222639000,12,4.58,19402000
13751,507233,BFI Finance,116900000,297241000,48,8.60,8322000
13752,507236,BFI Finance,159800000,440377000,36,5.48,14243000
13753,507237,Astra Credit,69600000,144186000,36,5.16,4625000
13754,507238,Astra Credit,45500000,133876000,48,4.95,3341000
13755,507242,Maybank Finance,141400000,344780000,48,7.67,9386000
13756,507243,Adira Finance,185700000,375738000,24,4.88,17183000
13757,507244,BFI Finance,148300000,483068000,24,8.82,23678000
13758,507245,FIFGROUP,170500000,508598000,48,8.49,14194000
13759,507246,BCA Finance,139600000,470345000,24,7.15,22400000
13760,507248,Adira Finance,90900000,224007000,36,3.52,6879000
13761,507249,FIFGROUP,124600000,259127000,60,5.85,5582000
13762,507251,BCA Finance,86900000,179611000,60,6.36,3945000
13763,507253,Astra Credit,55300000,161039000,24,7.27,7685000
13764,507254,Astra Credit,187600000,636353000,36,6.17,20948000
13765,507255,Astra Credit,105500000,208075000,60,4.50,4248000
13766,507256,Astra Credit,140400000,321249000,12,5.50,28243000
13767,507258,FIFGROUP,368200000,817391000,60,4.50,16688000
13768,507259,FIFGROUP,146200000,449759000,60,8.66,10741000
13769,507260,Adira Finance,68300000,254710000,48,6.04,6588000
13770,507261,Mandiri Tunas Finance,155500000,330347000,60,4.28,6684000
13771,507262,Maybank Finance,102800000,205780000,48,7.24,5528000
13772,507263,Maybank Finance,220800000,587724000,12,8.93,53350000
13773,507267,Astra Credit,86200000,181865000,36,6.36,6015000
13774,507268,FIFGROUP,226800000,602925000,24,4.38,27322000
13775,507270,Mandiri Tunas Finance,461800000,1623668000,60,6.89,36383000
13776,507271,Astra Credit,59000000,197410000,36,5.53,6393000
13777,507272,BFI Finance,91100000,218035000,12,3.64,18830000
13778,507273,BFI Finance,101800000,300908000,12,7.19,26878000
13779,507274,Adira Finance,137200000,292481000,60,9.21,7119000
13780,507275,BCA Finance,74600000,251185000,12,8.48,22707000
13781,507277,BFI Finance,106900000,341651000,48,5.96,8814000
13782,507278,Astra Credit,66700000,156188000,12,7.99,14055000
13783,507279,Mandiri Tunas Finance,115500000,306189000,24,5.79,14235000
13784,507280,BFI Finance,160500000,348102000,36,7.02,11705000
13785,507281,Maybank Finance,45100000,146708000,60,8.08,3432000
13786,507283,Astra Credit,257500000,560681000,60,8.87,13489000
13787,507284,BFI Finance,212200000,495203000,24,8.45,24120000
13788,507286,Astra Credit,169100000,580261000,60,6.12,12630000
13789,507288,BCA Finance,132900000,300000000,12,3.54,25885000
13790,507290,BFI Finance,105000000,234771000,24,9.06,11554000
13791,507291,Mandiri Tunas Finance,57800000,162868000,48,6.45,4268000
13792,507292,Maybank Finance,129800000,319528000,60,6.56,7072000
13793,507293,BCA Finance,99500000,373360000,36,6.76,12474000
13794,507294,BFI Finance,85100000,164317000,60,4.47,3350000
13795,507295,BCA Finance,61800000,115023000,60,4.54,2352000
13796,507296,Adira Finance,134800000,444953000,48,8.10,12273000
13797,507297,Astra Credit,36800000,138247000,48,6.18,3592000
13798,507298,Astra Credit,170900000,441376000,36,6.12,14511000
13799,507300,BCA Finance,130600000,361352000,60,4.87,7489000
13800,507301,FIFGROUP,139800000,352818000,12,3.89,30545000
13801,507302,BCA Finance,153800000,320725000,48,5.82,8237000
13802,507305,BCA Finance,257700000,578352000,12,8.19,52143000
13803,507308,Maybank Finance,57800000,139003000,36,4.76,4412000
13804,507310,Adira Finance,176600000,520591000,48,4.59,12836000
13805,507312,BCA Finance,234600000,451491000,24,8.08,21852000
13806,507314,Astra Credit,75700000,226220000,60,5.46,4799000
13807,507316,FIFGROUP,233800000,575057000,60,3.71,11362000
13808,507317,Mandiri Tunas Finance,106000000,216344000,24,6.70,10222000
13809,507318,Adira Finance,91800000,217335000,60,8.18,5103000
13810,507319,Astra Credit,94600000,202547000,36,3.92,6287000
13811,507320,BCA Finance,67900000,178076000,12,3.90,15418000
13812,507322,Maybank Finance,46300000,126527000,60,5.43,2681000
13813,507323,Astra Credit,157500000,324906000,24,4.68,14804000
13814,507324,Astra Credit,101200000,208823000,12,8.14,18818000
13815,507325,FIFGROUP,97400000,206962000,24,5.62,9592000
13816,507326,Maybank Finance,75800000,256978000,60,5.16,5387000
13817,507327,Astra Credit,56200000,121844000,36,3.96,3786000
13818,507328,Maybank Finance,125900000,481048000,48,6.29,12543000
13819,507329,FIFGROUP,61900000,127577000,48,5.10,3200000
13820,507331,Adira Finance,120600000,308637000,48,7.64,8394000
13821,507332,BCA Finance,49300000,166928000,60,7.59,3837000
13822,507333,BCA Finance,134900000,305104000,48,7.49,8260000
13823,507336,Adira Finance,78700000,225440000,24,8.63,11014000
13824,507337,FIFGROUP,52400000,114544000,60,4.79,2366000
13825,507344,Maybank Finance,111500000,359362000,24,8.04,17381000
13826,507345,BFI Finance,188300000,586480000,36,4.18,18334000
13827,507346,Astra Credit,70900000,233573000,36,6.94,7838000
13828,507347,BCA Finance,101900000,299254000,24,4.15,13503000
13829,507348,Astra Credit,82000000,239900000,60,9.40,5877000
13830,507350,BFI Finance,92700000,217101000,60,9.46,5329000
13831,507351,BCA Finance,187600000,446432000,24,4.96,20446000
13832,507353,Adira Finance,92900000,318133000,60,3.72,6288000
13833,507355,BCA Finance,102700000,191783000,12,5.06,16790000
13834,507356,Maybank Finance,116600000,377239000,12,6.54,33492000
13835,507360,FIFGROUP,56300000,221533000,24,7.04,10530000
13836,507361,Adira Finance,92400000,209076000,60,6.77,4664000
13837,507363,Maybank Finance,75600000,169377000,60,7.56,3890000
13838,507364,BFI Finance,237800000,896953000,24,5.04,41140000
13839,507365,Adira Finance,85200000,327831000,60,4.36,6654000
13840,507366,Astra Credit,46800000,137349000,48,7.93,3769000
13841,507368,FIFGROUP,167600000,492739000,48,7.02,13147000
13842,507369,Adira Finance,73800000,257757000,60,4.05,5165000
13843,507372,Adira Finance,55700000,127450000,48,6.68,3364000
13844,507373,Astra Credit,49600000,165074000,60,4.13,3319000
13845,507374,Astra Credit,81500000,226969000,48,9.19,6466000
13846,507375,Adira Finance,85100000,320605000,24,5.09,14718000
13847,507376,Maybank Finance,134700000,341268000,60,7.27,7755000
13848,507377,Mandiri Tunas Finance,79300000,223730000,48,4.94,5582000
13849,507378,FIFGROUP,276600000,560118000,60,8.62,13358000
13850,507379,Adira Finance,101000000,217015000,12,5.31,19044000
13851,507380,BFI Finance,38700000,141675000,24,7.86,6831000
13852,507381,Mandiri Tunas Finance,66100000,264236000,48,5.40,6693000
13853,507384,BCA Finance,84700000,228542000,24,4.64,10406000
13854,507385,BFI Finance,55600000,144422000,24,8.63,7056000
13855,507387,Maybank Finance,63900000,122913000,60,5.52,2613000
13856,507388,BFI Finance,98900000,320680000,36,6.83,10732000
13857,507389,FIFGROUP,95000000,341230000,24,5.75,15852000
13858,507393,BCA Finance,153400000,497948000,24,6.30,23362000
13859,507395,Mandiri Tunas Finance,110700000,300444000,12,7.84,26999000
13860,507398,Maybank Finance,108000000,203688000,12,5.01,17824000
13861,507399,Astra Credit,251800000,552506000,60,6.80,12339000
13862,507400,Adira Finance,99300000,386103000,12,8.15,34797000
13863,507402,Mandiri Tunas Finance,207000000,587871000,48,7.38,15862000
13864,507403,BFI Finance,299900000,852502000,60,9.39,20879000
13865,507405,FIFGROUP,72000000,170868000,36,6.44,5663000
13866,507406,Mandiri Tunas Finance,46200000,132621000,12,8.35,11974000
13867,507407,Maybank Finance,115700000,227512000,48,3.69,5439000
13868,507409,FIFGROUP,124700000,474922000,12,6.34,42086000
13869,507410,Mandiri Tunas Finance,72400000,146381000,48,6.22,3808000
13870,507412,Mandiri Tunas Finance,42200000,152605000,48,6.09,3953000
13871,507414,Maybank Finance,102400000,306191000,36,5.74,9969000
13872,507415,Mandiri Tunas Finance,108100000,213578000,24,8.80,10465000
13873,507416,Astra Credit,89700000,170373000,24,6.79,8062000
13874,507417,Adira Finance,115100000,263632000,60,7.44,6028000
13875,507419,Mandiri Tunas Finance,66800000,266866000,48,9.34,7636000
13876,507420,Maybank Finance,96100000,218474000,12,7.27,19529000
13877,507421,Astra Credit,147200000,291250000,48,9.22,8305000
13878,507422,Mandiri Tunas Finance,156300000,429558000,12,4.83,37525000
13879,507424,Maybank Finance,110900000,344200000,12,3.70,29744000
13880,507425,Astra Credit,130200000,339774000,36,5.29,10936000
13881,507427,Maybank Finance,124800000,282903000,12,5.40,24848000
13882,507428,FIFGROUP,243900000,782628000,36,7.82,26839000
13883,507429,Astra Credit,234000000,588399000,36,7.60,20070000
13884,507430,Mandiri Tunas Finance,248000000,541765000,24,8.06,26212000
13885,507431,BFI Finance,156200000,303340000,36,5.46,9806000
13886,507432,BCA Finance,65200000,254258000,36,4.87,8094000
13887,507433,BFI Finance,108900000,207672000,60,7.82,4814000
13888,507434,BCA Finance,104000000,194701000,24,6.77,9210000
13889,507435,FIFGROUP,187400000,642991000,12,8.81,58303000
13890,507436,Mandiri Tunas Finance,92900000,244318000,24,6.36,11474000
13891,507437,Maybank Finance,55400000,203563000,12,3.93,17630000
13892,507441,BCA Finance,133300000,324131000,60,9.27,7906000
13893,507443,Mandiri Tunas Finance,162500000,303589000,24,8.81,14878000
13894,507444,Astra Credit,86500000,219416000,48,4.05,5311000
13895,507445,Maybank Finance,102500000,219400000,12,4.38,19084000
13896,507446,Maybank Finance,114200000,288397000,48,5.69,7375000
13897,507450,Astra Credit,99400000,206405000,24,4.67,9403000
13898,507451,Astra Credit,111000000,304917000,36,4.64,9648000
13899,507454,Astra Credit,74100000,252795000,60,5.63,5399000
13900,507455,Mandiri Tunas Finance,242500000,452915000,36,6.85,15166000
13901,507456,BCA Finance,41800000,139130000,12,6.39,12335000
13902,507457,Maybank Finance,78000000,233799000,60,7.14,5287000
13903,507458,Adira Finance,206900000,581311000,24,4.10,26207000
13904,507460,BFI Finance,82200000,247914000,48,7.25,6662000
13905,507462,FIFGROUP,95200000,184520000,24,4.28,8346000
13906,507463,Adira Finance,118800000,311991000,24,9.49,15466000
13907,507465,BCA Finance,54700000,135665000,60,5.02,2828000
13908,507466,Maybank Finance,148500000,453897000,24,7.73,21836000
13909,507467,Mandiri Tunas Finance,63100000,159899000,60,9.15,3884000
13910,507469,BFI Finance,144000000,282684000,36,6.19,9310000
13911,507470,BCA Finance,211400000,616438000,36,5.70,20051000
13912,507471,Adira Finance,111100000,352658000,24,4.98,16157000
13913,507473,FIFGROUP,224700000,628668000,24,5.71,29185000
13914,507475,Maybank Finance,239700000,492900000,60,7.47,11283000
13915,507476,Mandiri Tunas Finance,139600000,555482000,48,7.46,15025000
13916,507478,Maybank Finance,99700000,237185000,24,6.65,11197000
13917,507479,Astra Credit,65800000,262760000,36,3.84,8139000
13918,507483,Mandiri Tunas Finance,64900000,216485000,48,7.63,5886000
13919,507484,Adira Finance,250700000,583354000,60,6.12,12697000
13920,507486,FIFGROUP,47100000,143043000,60,7.11,3231000
13921,507487,FIFGROUP,84300000,219951000,24,5.86,10238000
13922,507489,Adira Finance,822400000,1924406000,24,4.93,88089000
13923,507490,Maybank Finance,64900000,174527000,60,6.75,3890000
13924,507492,BFI Finance,989900000,3429565000,48,3.87,82509000
13925,507495,Maybank Finance,122700000,383016000,48,9.08,10877000
13926,507497,Astra Credit,134400000,307713000,36,6.40,10188000
13927,507498,Adira Finance,86300000,335611000,24,5.99,15659000
13928,507499,Mandiri Tunas Finance,111200000,278188000,24,5.71,12914000
13929,507500,Astra Credit,212300000,605881000,36,5.02,19364000
13930,507502,Astra Credit,106200000,353007000,48,7.25,9487000
13931,507503,BFI Finance,118600000,242483000,48,6.08,6280000
13932,507505,Maybank Finance,70500000,236304000,24,7.87,11395000
13933,507507,BCA Finance,248800000,552398000,24,7.49,26464000
13934,507508,Maybank Finance,150700000,447146000,12,5.22,39207000
13935,507512,Mandiri Tunas Finance,61200000,230175000,60,5.70,4929000
13936,507513,Maybank Finance,85000000,223358000,12,7.07,19929000
13937,507516,Mandiri Tunas Finance,451500000,1272774000,36,5.74,41442000
13938,507518,Adira Finance,148500000,340233000,60,4.66,6991000
13939,507521,Adira Finance,141200000,297694000,48,8.55,8323000
13940,507523,Astra Credit,107700000,223302000,36,4.33,7008000
13941,507524,Maybank Finance,68000000,155887000,24,8.58,7609000
13942,507526,BCA Finance,100300000,223931000,24,7.97,10817000
13943,507527,Adira Finance,165400000,308237000,24,4.57,14017000
13944,507528,Mandiri Tunas Finance,132900000,256599000,60,4.01,5134000
13945,507530,BFI Finance,93900000,223671000,48,5.92,5763000
13946,507531,Astra Credit,138300000,460212000,36,6.75,15372000
13947,507532,Astra Credit,67000000,249905000,12,4.57,21777000
13948,507536,Mandiri Tunas Finance,84700000,215000000,36,7.75,7360000
13949,507537,Mandiri Tunas Finance,61400000,203557000,60,8.24,4790000
13950,507540,Maybank Finance,83100000,218709000,48,8.24,6058000
13951,507542,FIFGROUP,119100000,228663000,48,6.47,5996000
13952,507544,Maybank Finance,174800000,647377000,48,4.06,15677000
13953,507545,BFI Finance,95300000,326278000,24,4.77,14891000
13954,507546,FIFGROUP,100700000,383482000,36,9.18,13585000
13955,507547,Astra Credit,148800000,279438000,48,6.33,7295000
13956,507548,Astra Credit,60300000,137169000,60,8.41,3247000
13957,507550,Maybank Finance,84700000,224657000,24,5.08,10311000
13958,507551,FIFGROUP,1180400000,3768535000,60,7.14,85231000
13959,507552,Astra Credit,177300000,613908000,60,8.70,14682000
13960,507555,Astra Credit,39300000,153285000,12,8.28,13831000
13961,507556,Adira Finance,100000000,219347000,36,5.13,7030000
13962,507557,BCA Finance,160300000,334094000,12,4.54,29105000
13963,507558,Adira Finance,71400000,133173000,36,5.72,4334000
13964,507563,BFI Finance,63100000,247589000,48,9.41,7099000
13965,507565,Astra Credit,123900000,270927000,36,5.43,8751000
13966,507566,BCA Finance,61100000,232606000,36,5.66,7558000
13967,507567,Adira Finance,142800000,271341000,12,6.27,24029000
13968,507571,BFI Finance,187600000,518027000,48,9.48,14884000
13969,507572,Mandiri Tunas Finance,48000000,141366000,48,8.51,3947000
13970,507573,BFI Finance,657600000,1371813000,60,4.21,27676000
13971,507574,BFI Finance,92600000,307777000,36,7.79,10547000
13972,507575,Astra Credit,92700000,275043000,48,7.84,7527000
13973,507576,Maybank Finance,100100000,206038000,24,8.34,10016000
13974,507577,BCA Finance,43700000,142336000,48,7.57,3863000
13975,507578,Astra Credit,38000000,140710000,24,6.13,6581000
13976,507580,Astra Credit,109200000,212700000,24,9.47,10541000
13977,507581,Astra Credit,50700000,130674000,48,4.20,3179000
13978,507582,Adira Finance,133400000,280075000,24,3.65,12521000
13979,507584,BCA Finance,63800000,252772000,12,5.86,22298000
13980,507585,Maybank Finance,139200000,480069000,24,4.27,21711000
13981,507586,Maybank Finance,73300000,247490000,60,5.26,5209000
13982,507588,BFI Finance,180000000,528624000,48,7.97,14523000
13983,507589,Adira Finance,196600000,516464000,12,4.56,45001000
13984,507591,Astra Credit,154100000,517228000,60,6.70,11508000
13985,507592,Mandiri Tunas Finance,106700000,267037000,60,7.43,6104000
13986,507594,Maybank Finance,247500000,571569000,48,5.15,14360000
13987,507595,Astra Credit,81900000,206589000,60,3.76,4090000
13988,507596,Astra Credit,118100000,280945000,60,3.70,5548000
13989,507597,Mandiri Tunas Finance,88300000,332501000,12,5.64,29271000
13990,507598,FIFGROUP,115900000,225980000,60,6.80,5046000
13991,507599,Adira Finance,40500000,153861000,36,5.15,4934000
13992,507603,BFI Finance,139000000,451631000,24,9.37,22344000
13993,507605,Mandiri Tunas Finance,146200000,327881000,48,7.63,8915000
13994,507606,Adira Finance,203700000,607932000,24,5.51,28121000
13995,507607,BCA Finance,144300000,534132000,12,9.40,48695000
13996,507609,Maybank Finance,120300000,375315000,24,5.98,17508000
13997,507610,Astra Credit,228300000,494754000,12,6.29,43822000
13998,507611,BCA Finance,105300000,204612000,60,6.05,4441000
13999,507614,BFI Finance,57200000,150592000,12,6.55,13371000
14000,507615,Maybank Finance,91900000,236882000,24,4.68,10793000
14001,507617,BCA Finance,53600000,150862000,60,3.99,3015000
14002,507620,FIFGROUP,141200000,269833000,36,4.14,8426000
14003,507621,Adira Finance,72200000,253363000,24,8.75,12404000
14004,507622,Adira Finance,172100000,541741000,12,6.31,47993000
14005,507623,FIFGROUP,169900000,349247000,24,8.89,17139000
14006,507624,BFI Finance,45700000,173525000,48,7.33,4675000
14007,507625,Astra Credit,55900000,173870000,12,8.79,15762000
14008,507627,Adira Finance,68400000,150048000,12,9.14,13646000
14009,507628,Adira Finance,79900000,181505000,24,3.94,8158000
14010,507629,FIFGROUP,65300000,194995000,48,8.59,5458000
14011,507630,Adira Finance,70200000,204636000,36,5.21,6572000
14012,507631,Astra Credit,132300000,376302000,36,4.52,11870000
14013,507632,Mandiri Tunas Finance,208300000,400535000,60,6.46,8831000
14014,507633,Maybank Finance,67900000,126572000,12,6.01,11181000
14015,507634,FIFGROUP,61000000,128255000,24,8.17,6217000
14016,507635,FIFGROUP,980600000,2272588000,24,5.14,104425000
14017,507636,Adira Finance,216200000,417166000,48,6.89,11086000
14018,507642,BFI Finance,183800000,630163000,60,4.71,12976000
14019,507643,Astra Credit,78900000,252990000,24,8.27,12284000
14020,507645,Adira Finance,103600000,311318000,36,7.32,10546000
14021,507646,BCA Finance,64700000,126442000,48,9.15,3598000
14022,507647,Adira Finance,81400000,274466000,60,7.57,6305000
14023,507649,BFI Finance,229800000,444747000,48,4.95,11100000
14024,507650,BCA Finance,65100000,124710000,24,7.51,5976000
14025,507652,Maybank Finance,108700000,302333000,60,6.85,6764000
14026,507653,BFI Finance,66400000,157931000,36,3.70,4873000
14027,507655,Adira Finance,101000000,216238000,36,4.66,6846000
14028,507656,Adira Finance,50700000,121572000,36,6.94,4080000
14029,507657,Astra Credit,226300000,481991000,36,7.36,16344000
14030,507658,BCA Finance,220200000,628950000,60,3.63,12385000
14031,507661,Mandiri Tunas Finance,92400000,207300000,24,4.03,9333000
14032,507662,Astra Credit,65200000,209414000,60,6.96,4704000
14033,507663,Mandiri Tunas Finance,221500000,443945000,48,6.03,11479000
14034,507664,Mandiri Tunas Finance,230800000,486371000,48,5.06,12183000
14035,507665,FIFGROUP,47900000,184090000,48,5.88,4737000
14036,507666,FIFGROUP,139900000,267359000,12,4.80,23349000
14037,507667,BCA Finance,67100000,145354000,24,8.22,7052000
14038,507669,Mandiri Tunas Finance,170600000,320908000,60,6.30,7033000
14039,507673,BCA Finance,64400000,122635000,12,8.07,11044000
14040,507674,Adira Finance,78800000,181606000,48,7.98,4991000
14041,507676,Maybank Finance,101100000,201486000,24,6.22,9439000
14042,507680,Maybank Finance,130700000,275671000,12,4.52,24010000
14043,507684,Mandiri Tunas Finance,96700000,322214000,60,5.16,6755000
14044,507686,FIFGROUP,121600000,360917000,48,8.90,10195000
14045,507687,Mandiri Tunas Finance,541600000,1270031000,36,8.60,44380000
14046,507688,Mandiri Tunas Finance,124400000,291073000,12,6.15,25747000
14047,507689,BFI Finance,144400000,308369000,48,7.00,8223000
14048,507691,Maybank Finance,84400000,183665000,36,7.00,6173000
14049,507692,Adira Finance,135700000,274001000,60,7.62,6306000
14050,507693,Adira Finance,76400000,237619000,48,7.89,6512000
14051,507694,Astra Credit,279200000,728125000,60,3.55,14289000
14052,507695,Mandiri Tunas Finance,87000000,211923000,48,8.41,5900000
14053,507696,Maybank Finance,55900000,205616000,36,6.10,6756000
14054,507697,BFI Finance,61300000,162698000,60,7.41,3716000
14055,507698,FIFGROUP,64900000,159653000,36,7.76,5467000
14056,507699,BFI Finance,170300000,460180000,36,8.36,15988000
14057,507701,Maybank Finance,72200000,149023000,60,3.64,2935000
14058,507702,Maybank Finance,76200000,213177000,60,8.85,5125000
14059,507703,BFI Finance,140400000,283065000,48,5.21,7126000
14060,507706,Adira Finance,107800000,389147000,24,5.11,17871000
14061,507707,BFI Finance,183500000,415456000,12,4.98,36345000
14062,507708,BFI Finance,154600000,299723000,24,8.82,14691000
14063,507710,Astra Credit,98600000,203098000,12,7.08,18123000
14064,507711,FIFGROUP,287100000,635199000,48,5.01,15885000
14065,507713,Astra Credit,91400000,323740000,24,4.27,14641000
14066,507714,Mandiri Tunas Finance,92400000,206523000,60,4.62,4237000
14067,507715,BFI Finance,39500000,139099000,12,6.44,12338000
14068,507716,BFI Finance,60700000,185609000,12,6.86,16528000
14069,507717,FIFGROUP,57000000,137361000,36,6.81,4595000
14070,507720,Maybank Finance,89500000,232178000,36,7.03,7809000
14071,507721,FIFGROUP,92800000,223217000,24,7.16,10632000
14072,507722,BFI Finance,125500000,293747000,24,5.45,13573000
14073,507723,Maybank Finance,131800000,280454000,36,9.08,9912000
14074,507724,FIFGROUP,97100000,219139000,60,3.69,4326000
14075,507726,Mandiri Tunas Finance,83700000,197352000,24,6.38,9272000
14076,507727,Maybank Finance,96400000,224501000,36,5.44,7253000
14077,507731,BCA Finance,45900000,148128000,24,8.08,7169000
14078,507732,BFI Finance,103200000,198165000,48,3.65,4731000
14079,507734,Maybank Finance,93700000,371945000,24,8.89,18253000
14080,507735,Mandiri Tunas Finance,150400000,524147000,24,6.09,24499000
14081,507737,BCA Finance,96200000,209605000,60,4.76,4324000
14082,507738,Mandiri Tunas Finance,86300000,166114000,24,6.29,7792000
14083,507741,BFI Finance,103100000,202594000,48,9.34,5797000
14084,507742,BCA Finance,140200000,532682000,12,6.05,47075000
14085,507744,BFI Finance,55300000,205328000,48,8.45,5723000
14086,507745,FIFGROUP,52300000,123524000,48,8.05,3402000
14087,507746,BFI Finance,107100000,385518000,60,6.91,8645000
14088,507747,Mandiri Tunas Finance,121000000,265613000,48,9.36,7605000
14089,507748,Maybank Finance,70600000,191360000,36,9.31,6800000
14090,507751,Adira Finance,92800000,235760000,48,6.84,6255000
14091,507752,Maybank Finance,93300000,221163000,60,4.40,4496000
14092,507754,Adira Finance,93400000,200972000,60,4.16,4046000
14093,507755,BFI Finance,47200000,138947000,12,6.64,12347000
14094,507756,Maybank Finance,50100000,129387000,12,6.63,11497000
14095,507759,Maybank Finance,76500000,192231000,48,7.03,5130000
14096,507761,FIFGROUP,519000000,1599435000,48,8.23,44291000
14097,507763,Adira Finance,388300000,1394027000,24,5.47,64438000
14098,507764,Mandiri Tunas Finance,66100000,227384000,24,6.94,10789000
14099,507765,Astra Credit,192400000,663521000,24,5.59,30737000
14100,507766,BCA Finance,73600000,225101000,36,6.80,7528000
14101,507767,FIFGROUP,100800000,356298000,24,8.03,17229000
14102,507768,Maybank Finance,253300000,573761000,48,8.05,15802000
14103,507769,BCA Finance,283100000,655738000,36,3.59,20176000
14104,507770,Maybank Finance,321800000,1035175000,60,4.65,21264000
14105,507772,BFI Finance,57600000,218679000,60,8.17,5133000
14106,507774,FIFGROUP,56800000,202829000,60,8.55,4825000
14107,507775,Mandiri Tunas Finance,231700000,595028000,36,7.56,20277000
14108,507776,BFI Finance,136700000,350368000,36,6.75,11703000
14109,507778,Maybank Finance,223700000,463723000,12,7.23,41437000
14110,507780,FIFGROUP,457900000,993092000,60,4.49,20267000
14111,507781,BCA Finance,62300000,246724000,60,4.97,5133000
14112,507782,BFI Finance,151900000,530861000,60,6.56,11749000
14113,507783,Astra Credit,97600000,293009000,48,6.50,7691000
14114,507785,Mandiri Tunas Finance,160800000,334704000,48,5.25,8437000
14115,507786,Maybank Finance,104500000,221507000,60,5.63,4731000
14116,507787,BFI Finance,90700000,217325000,12,7.53,19474000
14117,507788,Mandiri Tunas Finance,116100000,220341000,60,7.45,5040000
14118,507790,BCA Finance,63900000,125910000,12,7.58,11287000
14119,507791,Mandiri Tunas Finance,188800000,655466000,48,6.29,17091000
14120,507792,Maybank Finance,171200000,616567000,48,7.28,16585000
14121,507793,FIFGROUP,105000000,382845000,24,4.08,17253000
14122,507795,Astra Credit,114200000,233341000,36,7.04,7850000
14123,507797,BFI Finance,96900000,298260000,12,4.80,26048000
14124,507799,Maybank Finance,76800000,228117000,12,7.05,20349000
14125,507800,Maybank Finance,97300000,215942000,24,6.39,10147000
14126,507801,Astra Credit,49900000,140909000,12,5.49,12387000
14127,507802,BFI Finance,58800000,197055000,24,6.29,9243000
14128,507803,Adira Finance,110200000,222245000,12,6.71,19763000
14129,507806,Maybank Finance,311800000,1052057000,60,3.63,20716000
14130,507808,Maybank Finance,47500000,152633000,60,4.58,3126000
14131,507809,Adira Finance,482500000,1126889000,60,7.26,25599000
14132,507810,Astra Credit,60300000,127956000,60,8.21,3008000
14133,507812,Mandiri Tunas Finance,101700000,331866000,60,9.31,8105000
14134,507813,BFI Finance,198900000,402831000,36,5.73,13113000
14135,507815,Astra Credit,464500000,1338473000,48,8.17,36997000
14136,507816,Maybank Finance,89700000,228759000,24,5.77,10631000
14137,507820,BCA Finance,51700000,200159000,36,3.91,6212000
14138,507822,Astra Credit,93200000,176863000,60,4.22,3569000
14139,507823,BCA Finance,183500000,502924000,48,6.10,13034000
14140,507824,Maybank Finance,178700000,563002000,48,4.61,13892000
14141,507825,Adira Finance,59900000,138235000,12,8.79,12532000
14142,507826,Astra Credit,176800000,389744000,48,7.22,10464000
14143,507829,Maybank Finance,59800000,148658000,48,9.43,4265000
14144,507831,Astra Credit,248900000,510229000,12,5.48,44849000
14145,507832,Maybank Finance,316700000,966682000,36,9.27,34319000
14146,507837,FIFGROUP,74200000,225167000,48,9.03,6385000
14147,507839,FIFGROUP,36800000,143464000,60,5.71,3073000
14148,507840,Mandiri Tunas Finance,770000000,2680435000,36,7.60,91432000
14149,507843,Adira Finance,108300000,240684000,12,7.18,21497000
14150,507846,BFI Finance,61800000,185175000,24,7.58,8885000
14151,507847,Mandiri Tunas Finance,83700000,221772000,12,9.08,20159000
14152,507848,BCA Finance,105300000,239688000,60,5.85,5163000
14153,507849,FIFGROUP,90100000,349127000,48,6.08,9042000
14154,507851,Adira Finance,60400000,233084000,12,7.65,20909000
14155,507852,BCA Finance,120500000,314398000,48,5.07,7878000
14156,507853,Maybank Finance,94300000,210839000,12,8.62,19084000
14157,507856,FIFGROUP,128200000,310361000,48,8.81,8744000
14158,507857,Adira Finance,167000000,467365000,60,3.78,9261000
14159,507858,Mandiri Tunas Finance,79200000,211065000,36,8.53,7363000
14160,507859,BCA Finance,306500000,843682000,48,9.13,23995000
14161,507860,Maybank Finance,65600000,227773000,48,9.40,6529000
14162,507861,Adira Finance,87900000,331569000,48,5.30,8372000
14163,507862,Adira Finance,48100000,155474000,24,5.75,7223000
14164,507863,FIFGROUP,45300000,160161000,48,7.14,4289000
14165,507864,BFI Finance,43200000,165813000,24,9.13,8170000
14166,507866,Maybank Finance,59000000,183091000,24,6.22,8577000
14167,507867,BFI Finance,110900000,338983000,12,8.72,30711000
14168,507868,BCA Finance,84400000,245825000,60,6.79,5488000
14169,507869,BFI Finance,173000000,679258000,24,8.69,33221000
14170,507870,Mandiri Tunas Finance,66100000,149018000,36,7.73,5099000
14171,507872,Astra Credit,115500000,378894000,12,5.10,33184000
14172,507873,BCA Finance,305800000,1178159000,60,4.96,24505000
14173,507874,Astra Credit,266900000,664612000,24,8.63,32471000
14174,507877,Adira Finance,233500000,599555000,36,8.38,20841000
14175,507878,BCA Finance,179500000,418013000,60,9.33,10216000
14176,507880,Adira Finance,69600000,137193000,48,4.00,3315000
14177,507881,Adira Finance,232400000,592552000,48,7.10,15850000
14178,507882,Adira Finance,207100000,513845000,12,5.43,45145000
14179,507884,FIFGROUP,155400000,296148000,48,6.67,7815000
14180,507885,Adira Finance,398800000,1296392000,60,5.59,27645000
14181,507886,Mandiri Tunas Finance,228300000,583443000,24,7.11,27767000
14182,507888,FIFGROUP,59200000,129944000,36,6.78,4343000
14183,507889,BCA Finance,113100000,380628000,60,7.51,8725000
14184,507891,BFI Finance,124200000,281949000,12,4.94,24656000
14185,507892,Maybank Finance,192300000,518100000,48,8.29,14372000
14186,507894,BFI Finance,176100000,642192000,24,8.28,31189000
14187,507895,Astra Credit,139400000,317698000,12,9.13,28891000
14188,507896,Maybank Finance,98100000,331692000,60,9.10,8043000
14189,507898,Maybank Finance,50200000,132173000,12,3.80,11432000
14190,507899,BCA Finance,254400000,928305000,48,7.93,25474000
14191,507900,BFI Finance,73400000,208984000,36,8.21,7234000
14192,507905,BFI Finance,102100000,368207000,36,4.50,11608000
14193,507906,BCA Finance,84200000,160777000,36,8.16,5559000
14194,507908,Maybank Finance,126900000,279360000,12,6.20,24723000
14195,507909,FIFGROUP,164700000,421824000,24,4.87,19287000
14196,507910,FIFGROUP,278500000,537461000,24,6.01,25085000
14197,507911,Mandiri Tunas Finance,67700000,234886000,60,8.61,5600000
14198,507912,Maybank Finance,85800000,328785000,12,8.05,29604000
14199,507913,Adira Finance,106100000,374086000,24,9.08,18417000
14200,507914,FIFGROUP,93000000,267972000,24,9.28,13237000
14201,507915,Maybank Finance,103100000,208921000,60,6.17,4556000
14202,507916,FIFGROUP,77000000,147109000,24,8.21,7136000
14203,507918,Mandiri Tunas Finance,265500000,598857000,24,9.30,29593000
14204,507919,Maybank Finance,64000000,244802000,60,5.95,5293000
14205,507921,FIFGROUP,149000000,581047000,60,4.37,11800000
14206,507922,BFI Finance,109300000,218816000,48,7.46,5918000
14207,507923,Maybank Finance,114200000,307156000,48,6.20,7986000
14208,507925,Astra Credit,160800000,610095000,48,4.28,14886000
14209,507926,BCA Finance,83200000,329609000,12,5.41,28953000
14210,507928,Maybank Finance,268600000,522830000,48,5.62,13340000
14211,507929,FIFGROUP,78300000,185214000,36,3.83,5735000
14212,507931,BFI Finance,190200000,460593000,24,8.99,22641000
14213,507932,BFI Finance,174200000,642427000,48,8.30,17827000
14214,507933,BCA Finance,94600000,227189000,60,4.86,4706000
14215,507934,Maybank Finance,131700000,301311000,60,5.69,6450000
14216,507935,Adira Finance,123800000,316759000,36,7.95,10897000
14217,507938,FIFGROUP,399700000,769796000,12,9.48,70231000
14218,507939,FIFGROUP,67500000,192906000,36,7.49,6562000
14219,507942,Maybank Finance,76000000,210047000,48,4.60,5181000
14220,507943,Maybank Finance,168400000,523796000,48,4.68,12955000
14221,507945,Adira Finance,96000000,234780000,12,8.07,21143000
14222,507946,BCA Finance,64100000,223834000,36,9.10,7915000
14223,507947,Maybank Finance,179600000,652012000,60,8.85,15675000
14224,507950,BFI Finance,70700000,242653000,60,5.78,5212000
14225,507951,Mandiri Tunas Finance,72700000,239321000,60,8.19,5622000
14226,507953,BFI Finance,60700000,153974000,24,6.88,7298000
14227,507954,BCA Finance,174500000,600169000,60,8.37,14188000
14228,507955,Astra Credit,191100000,641400000,60,8.64,15308000
14229,507956,FIFGROUP,200700000,606048000,24,6.46,28514000
14230,507957,Maybank Finance,91900000,294269000,12,3.68,25424000
14231,507961,Maybank Finance,100400000,222721000,48,9.16,6340000
14232,507962,Adira Finance,113800000,316880000,12,3.97,27455000
14233,507966,BFI Finance,199400000,452281000,24,6.45,21276000
14234,507967,Maybank Finance,65500000,129860000,60,9.28,3168000
14235,507968,Adira Finance,87600000,221313000,12,7.02,19737000
14236,507971,BFI Finance,252200000,562429000,36,7.91,19330000
14237,507974,Astra Credit,214400000,468916000,36,3.69,14467000
14238,507975,Astra Credit,102200000,195946000,12,5.94,17298000
14239,507977,Astra Credit,162300000,551208000,24,5.18,25346000
14240,507978,BCA Finance,60400000,129965000,24,5.11,5968000
14241,507980,BCA Finance,219100000,614399000,36,8.42,21377000
14242,507981,FIFGROUP,68800000,202484000,24,4.66,9223000
14243,507984,BCA Finance,110300000,351682000,60,5.13,7364000
14244,507989,BCA Finance,96600000,258156000,48,5.16,6488000
14245,507990,FIFGROUP,156200000,446086000,60,8.10,10445000
14246,507992,BCA Finance,239800000,491690000,48,6.97,13099000
14247,507993,Mandiri Tunas Finance,97600000,357278000,24,7.88,17232000
14248,507996,BCA Finance,195000000,592656000,36,9.10,20956000
14249,507997,Adira Finance,267700000,553367000,48,5.61,14115000
14250,507998,FIFGROUP,166400000,315895000,36,5.52,10227000
14251,508001,BFI Finance,75400000,237287000,48,7.50,6426000
14252,508002,FIFGROUP,60500000,134083000,36,5.96,4390000
14253,508003,Mandiri Tunas Finance,184600000,620372000,36,6.15,20411000
14254,508004,Astra Credit,288800000,558241000,36,7.12,18818000
14255,508005,Mandiri Tunas Finance,79300000,198200000,48,4.73,4910000
14256,508006,BFI Finance,138100000,301904000,36,5.53,9777000
14257,508007,Maybank Finance,117300000,336135000,12,4.34,29226000
14258,508009,Adira Finance,36300000,134529000,48,8.79,3788000
14259,508012,Adira Finance,48900000,148125000,48,6.64,3905000
14260,508013,Astra Credit,69600000,198798000,60,4.10,3992000
14261,508015,Maybank Finance,110700000,320979000,48,6.34,8382000
14262,508021,BCA Finance,152600000,302167000,48,6.77,7999000
14263,508023,Mandiri Tunas Finance,80300000,230611000,60,7.08,5204000
14264,508025,Astra Credit,78900000,224019000,36,7.41,7606000
14265,508026,BCA Finance,50700000,128010000,60,4.64,2628000
14266,508027,BFI Finance,384500000,992455000,48,6.52,26068000
14267,508028,BFI Finance,288700000,540914000,48,3.58,12882000
14268,508029,FIFGROUP,72900000,208041000,48,7.20,5582000
14269,508031,FIFGROUP,73100000,194632000,24,7.49,9324000
14270,508032,FIFGROUP,135700000,280550000,36,6.65,9347000
14271,508033,Maybank Finance,90800000,267730000,36,7.01,9000000
14272,508036,Mandiri Tunas Finance,169400000,322108000,36,8.56,11245000
14273,508038,Adira Finance,69900000,148659000,24,7.86,7167000
14274,508039,BFI Finance,64400000,252949000,12,4.34,21993000
14275,508043,Adira Finance,286100000,1042903000,48,6.16,27080000
14276,508044,Mandiri Tunas Finance,98800000,304685000,24,7.82,14680000
14277,508045,FIFGROUP,208300000,639407000,60,6.34,14034000
14278,508046,Astra Credit,76000000,177302000,12,8.43,16020000
14279,508047,FIFGROUP,318200000,1069966000,48,8.14,29548000
14280,508048,Maybank Finance,149800000,292535000,36,7.34,9915000
14281,508049,FIFGROUP,190900000,612851000,12,9.37,55856000
14282,508051,BFI Finance,68700000,247650000,48,6.22,6443000
14283,508053,FIFGROUP,74900000,274750000,48,5.70,7029000
14284,508054,Maybank Finance,62000000,231262000,60,8.31,5455000
14285,508055,Adira Finance,243100000,583406000,48,4.07,14133000
14286,508056,FIFGROUP,113800000,216425000,60,6.65,4806000
14287,508057,FIFGROUP,96200000,221038000,48,4.17,5373000
14288,508058,Mandiri Tunas Finance,88300000,237263000,36,7.30,8033000
14289,508060,BFI Finance,74200000,245924000,36,5.32,7921000
14290,508061,Mandiri Tunas Finance,107000000,301258000,36,6.63,10032000
14291,508063,Astra Credit,247500000,759048000,48,6.99,20234000
14292,508064,BCA Finance,132600000,258120000,24,3.60,11529000
14293,508065,Adira Finance,118200000,323469000,24,4.39,14661000
14294,508066,BFI Finance,59700000,116568000,12,4.90,10189000
14295,508067,BCA Finance,81900000,187719000,12,4.68,16375000
14296,508068,Mandiri Tunas Finance,85800000,317463000,60,5.93,6859000
14297,508069,Maybank Finance,94800000,313680000,12,7.01,27972000
14298,508070,Maybank Finance,68000000,192961000,60,7.71,4455000
14299,508071,BFI Finance,180900000,666696000,48,7.41,18006000
14300,508072,BCA Finance,232200000,646476000,24,5.27,29775000
14301,508074,Adira Finance,64300000,192554000,12,8.67,17437000
14302,508075,BFI Finance,83200000,306743000,36,8.43,10675000
14303,508076,Astra Credit,140800000,516209000,60,7.43,11799000
14304,508077,Adira Finance,253800000,726774000,24,8.11,35194000
14305,508078,FIFGROUP,140800000,316853000,60,4.12,6368000
14306,508079,Maybank Finance,104500000,286886000,60,3.51,5620000
14307,508080,FIFGROUP,52300000,170477000,12,8.72,15445000
14308,508083,FIFGROUP,78700000,248195000,24,9.33,12271000
14309,508084,FIFGROUP,70200000,200862000,24,6.16,9400000
14310,508085,Adira Finance,74200000,222836000,24,8.86,10930000
14311,508086,FIFGROUP,190500000,594270000,36,6.45,19701000
14312,508088,BCA Finance,223200000,584769000,60,7.26,13284000
14313,508089,Maybank Finance,227300000,592546000,24,7.36,28323000
14314,508092,Mandiri Tunas Finance,108500000,204631000,12,8.42,18488000
14315,508093,BFI Finance,85900000,241328000,48,6.15,6264000
14316,508097,BCA Finance,172800000,559356000,48,6.01,14454000
14317,508098,BFI Finance,49400000,141409000,24,7.88,6820000
14318,508099,FIFGROUP,220300000,481886000,48,7.53,13063000
14319,508100,BFI Finance,104700000,248280000,48,6.24,6463000
14320,508101,BFI Finance,256400000,561559000,24,4.29,25405000
14321,508102,Maybank Finance,132700000,497336000,36,7.15,16778000
14322,508103,FIFGROUP,151600000,310826000,60,5.97,6726000
14323,508104,Adira Finance,48700000,150434000,12,6.99,13412000
14324,508105,Mandiri Tunas Finance,365900000,811477000,12,4.32,70544000
14325,508106,BFI Finance,233500000,493106000,48,7.11,13194000
14326,508107,BCA Finance,129000000,334980000,60,5.41,7093000
14327,508108,Adira Finance,73400000,242173000,48,6.55,6367000
14328,508110,Mandiri Tunas Finance,137600000,339811000,24,7.85,16381000
14329,508113,BCA Finance,59400000,148947000,12,5.89,13143000
14330,508114,BFI Finance,223300000,511631000,24,4.08,23057000
14331,508115,FIFGROUP,114400000,282092000,24,3.63,12607000
14332,508116,Astra Credit,121100000,274837000,60,8.36,6495000
14333,508117,FIFGROUP,135600000,314505000,24,4.73,14344000
14334,508118,Maybank Finance,211400000,586801000,60,5.53,12484000
14335,508119,Adira Finance,232700000,435631000,48,6.66,11493000
14336,508120,Maybank Finance,221100000,582873000,36,4.98,18609000
14337,508121,Mandiri Tunas Finance,108100000,305708000,60,5.58,6516000
14338,508123,Maybank Finance,89800000,218669000,36,9.09,7730000
14339,508127,Maybank Finance,134200000,355310000,24,8.58,17345000
14340,508128,Maybank Finance,89000000,221134000,24,5.96,10312000
14341,508129,Maybank Finance,120700000,396893000,36,4.47,12503000
14342,508130,Astra Credit,73800000,251985000,48,7.10,6740000
14343,508131,Adira Finance,62300000,128620000,24,6.31,6035000
14344,508134,BFI Finance,60200000,234949000,12,5.32,20620000
14345,508137,BFI Finance,104900000,201460000,12,4.19,17491000
14346,508138,BCA Finance,67200000,256143000,48,7.54,6945000
14347,508140,BCA Finance,109500000,301311000,24,6.13,14093000
14348,508141,Mandiri Tunas Finance,145500000,325473000,48,4.42,7979000
14349,508143,Mandiri Tunas Finance,113000000,230545000,60,5.22,4845000
14350,508146,Astra Credit,282400000,617144000,60,8.36,14585000
14351,508147,Astra Credit,449900000,1300459000,12,6.91,115860000
14352,508149,BCA Finance,60200000,125392000,36,4.89,3994000
14353,508154,FIFGROUP,89700000,303462000,48,8.03,8352000
14354,508155,Adira Finance,78500000,161038000,12,4.16,13978000
14355,508156,Mandiri Tunas Finance,191700000,679428000,12,7.42,60820000
14356,508158,BCA Finance,67400000,142945000,48,9.39,4096000
14357,508159,FIFGROUP,111500000,343045000,36,6.24,11312000
14358,508160,BFI Finance,77800000,217793000,12,8.87,19759000
14359,508162,Astra Credit,87600000,241404000,12,8.85,21897000
14360,508163,BCA Finance,197700000,430338000,60,8.31,10152000
14361,508164,Mandiri Tunas Finance,119000000,271165000,24,5.75,12597000
14362,508165,BFI Finance,173400000,675972000,36,5.03,21610000
14363,508166,Adira Finance,164500000,551783000,60,6.08,11992000
14364,508168,Adira Finance,362000000,1135834000,36,4.67,35971000
14365,508169,Maybank Finance,110700000,391020000,48,9.28,11170000
14366,508170,Mandiri Tunas Finance,231300000,548919000,60,6.35,12053000
14367,508171,FIFGROUP,138100000,281924000,36,7.45,9581000
14368,508174,FIFGROUP,80700000,191805000,48,6.57,5046000
14369,508175,FIFGROUP,143600000,470119000,24,8.18,22792000
14370,508176,BFI Finance,107800000,340640000,48,8.26,9441000
14371,508179,BFI Finance,61400000,155050000,12,4.29,13475000
14372,508182,FIFGROUP,194500000,700715000,24,7.47,33558000
14373,508183,Mandiri Tunas Finance,106300000,233471000,24,7.69,11224000
14374,508184,Maybank Finance,263200000,582287000,12,4.47,50692000
14375,508187,Adira Finance,101800000,331544000,36,4.24,10381000
14376,508189,BCA Finance,72300000,225402000,24,6.21,10558000
14377,508190,Mandiri Tunas Finance,47400000,122763000,24,9.18,6054000
14378,508191,Mandiri Tunas Finance,136100000,285145000,36,8.42,9921000
14379,508194,Adira Finance,225900000,457971000,36,3.62,14102000
14380,508196,BCA Finance,72900000,261543000,12,3.93,22651000
14381,508198,FIFGROUP,78500000,176245000,36,9.32,6264000
14382,508200,BCA Finance,89200000,225041000,48,5.97,5807000
14383,508201,Astra Credit,215200000,602537000,12,3.90,52169000
14384,508202,BCA Finance,185200000,716564000,24,3.73,32084000
14385,508203,BCA Finance,90500000,174124000,36,4.49,5488000
14386,508204,Astra Credit,140200000,286373000,48,4.44,7025000
14387,508205,Adira Finance,109200000,303609000,12,7.54,27208000
14388,508206,BFI Finance,89600000,232078000,12,4.74,20256000
14389,508210,Astra Credit,172700000,623170000,60,3.57,12240000
14390,508212,Adira Finance,131900000,461062000,60,4.46,9397000
14391,508215,Mandiri Tunas Finance,97800000,317007000,48,7.57,8604000
14392,508216,BCA Finance,225400000,462467000,48,6.57,12166000
14393,508219,BCA Finance,87300000,174105000,48,6.04,4503000
14394,508225,Maybank Finance,123000000,311232000,24,4.48,14129000
14395,508226,BCA Finance,52400000,195907000,12,8.06,17641000
14396,508227,Astra Credit,52200000,158700000,12,4.92,13875000
14397,508228,BFI Finance,217600000,504788000,24,6.84,23910000
14398,508229,Mandiri Tunas Finance,105500000,203302000,60,6.58,4503000
14399,508230,Maybank Finance,162800000,325045000,60,6.61,7207000
14400,508232,BFI Finance,36500000,131110000,48,6.71,3464000
14401,508234,BFI Finance,89600000,233632000,36,9.10,8261000
14402,508235,BFI Finance,67500000,248628000,60,3.72,4914000
14403,508238,FIFGROUP,189000000,624408000,48,7.02,16661000
14404,508239,Adira Finance,431500000,1089311000,12,7.95,97992000
14405,508240,Mandiri Tunas Finance,184600000,420239000,36,3.92,13046000
14406,508242,FIFGROUP,218500000,471254000,48,5.01,11785000
14407,508243,Mandiri Tunas Finance,47800000,162989000,12,6.73,14496000
14408,508245,Astra Credit,118900000,308450000,48,6.74,8158000
14409,508246,FIFGROUP,196200000,486672000,12,8.00,43800000
14410,508247,Adira Finance,163600000,557789000,48,4.34,13637000
14411,508248,BFI Finance,147400000,278618000,36,6.70,9295000
14412,508250,Astra Credit,129700000,517430000,48,7.27,13914000
14413,508251,Astra Credit,48400000,136637000,24,7.12,6503000
14414,508252,FIFGROUP,220700000,483928000,48,4.30,11815000
14415,508253,Astra Credit,96200000,219595000,24,5.71,10194000
14416,508254,Maybank Finance,63500000,150175000,12,7.63,13469000
14417,508258,FIFGROUP,58300000,228968000,36,8.34,7951000
14418,508259,Mandiri Tunas Finance,109800000,360951000,24,8.90,17716000
14419,508260,BFI Finance,134800000,269684000,24,6.37,12668000
14420,508261,Astra Credit,118600000,302756000,60,8.73,7248000
14421,508265,FIFGROUP,115100000,309808000,12,9.22,28197000
14422,508266,Mandiri Tunas Finance,286500000,928728000,24,8.96,45631000
14423,508270,Maybank Finance,228900000,453306000,24,5.68,21033000
14424,508271,Mandiri Tunas Finance,96300000,205065000,12,6.84,18257000
14425,508275,FIFGROUP,63900000,200169000,60,5.72,4290000
14426,508277,Mandiri Tunas Finance,81700000,232763000,60,4.08,4670000
14427,508278,Adira Finance,167700000,511287000,36,5.01,16337000
14428,508279,Adira Finance,127100000,317677000,12,6.86,28289000
14429,508280,Astra Credit,181800000,622617000,12,3.52,53711000
14430,508281,Maybank Finance,124700000,292105000,60,8.08,6835000
14431,508282,Adira Finance,89200000,227372000,60,9.09,5511000
14432,508284,Maybank Finance,162500000,532693000,12,8.36,48102000
14433,508285,Maybank Finance,147900000,288552000,24,4.27,13049000
14434,508286,BCA Finance,87100000,222701000,12,7.64,19976000
14435,508288,Astra Credit,97200000,213045000,60,5.14,4463000
14436,508290,FIFGROUP,228800000,599593000,48,5.08,15029000
14437,508291,BCA Finance,62100000,199860000,48,5.07,5008000
14438,508292,Adira Finance,385700000,1168522000,36,8.50,40735000
14439,508293,BFI Finance,150900000,470256000,60,7.36,10721000
14440,508294,BCA Finance,78000000,186957000,48,8.64,5241000
14441,508296,Mandiri Tunas Finance,93500000,236836000,24,9.04,11652000
14442,508298,BFI Finance,76300000,182330000,12,6.22,16139000
14443,508299,BFI Finance,145800000,272115000,36,6.29,8985000
14444,508300,Adira Finance,208700000,398914000,48,4.35,9756000
14445,508303,BCA Finance,257800000,595124000,48,9.47,17094000
14446,508304,Astra Credit,46100000,156031000,36,7.45,5302000
14447,508306,Maybank Finance,89400000,214851000,24,3.62,9600000
14448,508309,Astra Credit,184500000,397140000,12,7.89,35706000
14449,508310,Maybank Finance,54600000,149085000,48,7.44,4030000
14450,508312,Maybank Finance,324000000,629823000,12,3.61,54379000
14451,508314,BCA Finance,131900000,269032000,48,3.86,6470000
14452,508318,Mandiri Tunas Finance,119600000,373573000,24,9.48,18516000
14453,508319,Astra Credit,55000000,191864000,48,8.14,5298000
14454,508320,BCA Finance,170400000,640344000,60,5.82,13778000
14455,508321,Adira Finance,81800000,237991000,60,4.48,4855000
14456,508324,FIFGROUP,131700000,278334000,48,8.81,7842000
14457,508325,FIFGROUP,72600000,207342000,24,6.59,9777000
14458,508327,Mandiri Tunas Finance,97100000,183397000,12,4.11,15911000
14459,508328,Maybank Finance,46600000,133997000,48,8.15,3701000
14460,508331,BFI Finance,94000000,196154000,12,7.14,17513000
14461,508332,Maybank Finance,105200000,369214000,24,6.82,17482000
14462,508333,BFI Finance,78900000,195048000,12,3.98,16900000
14463,508334,Adira Finance,119900000,305230000,48,5.24,7691000
14464,508335,Maybank Finance,499700000,1172404000,24,6.79,55484000
14465,508339,FIFGROUP,44000000,162349000,36,4.19,5076000
14466,508340,Maybank Finance,51900000,162774000,48,3.83,3910000
14467,508341,BFI Finance,206700000,454305000,48,7.81,12421000
14468,508342,Astra Credit,229400000,599770000,24,7.33,28654000
14469,508343,BFI Finance,76600000,185582000,12,8.15,16725000
14470,508344,Mandiri Tunas Finance,70800000,177285000,24,5.43,8189000
14471,508345,FIFGROUP,117100000,285830000,36,4.43,8994000
14472,508346,Mandiri Tunas Finance,82900000,261311000,12,8.11,23541000
14473,508347,Mandiri Tunas Finance,68900000,146107000,36,8.70,5117000
14474,508348,BCA Finance,220200000,588990000,12,5.22,51644000
14475,508350,FIFGROUP,74400000,255492000,12,5.72,22508000
14476,508351,FIFGROUP,215100000,724071000,12,8.99,65763000
14477,508358,Adira Finance,82400000,223738000,36,4.44,7042000
14478,508359,FIFGROUP,65600000,260851000,12,4.99,22822000
14479,508360,Maybank Finance,131500000,283529000,48,8.97,8026000
14480,508363,Maybank Finance,71400000,238623000,48,4.33,5832000
14481,508364,Astra Credit,219700000,625565000,60,5.42,13251000
14482,508366,BFI Finance,84400000,185219000,12,4.14,16073000
14483,508367,BCA Finance,154200000,345522000,48,8.14,9542000
14484,508368,BFI Finance,93300000,357138000,60,7.09,8062000
14485,508369,FIFGROUP,102600000,299997000,36,5.07,9600000
14486,508371,Maybank Finance,128400000,341130000,60,5.40,7220000
14487,508372,Astra Credit,69100000,180317000,12,7.31,16124000
14488,508373,FIFGROUP,94000000,313037000,24,6.38,14707000
14489,508374,Astra Credit,40800000,141462000,48,8.07,3898000
14490,508375,BFI Finance,315000000,1087929000,12,8.69,98539000
14491,508376,Adira Finance,100300000,371228000,24,8.07,17964000
14492,508377,FIFGROUP,83800000,165728000,24,9.03,8152000
14493,508379,Adira Finance,139400000,312259000,24,6.47,14694000
14494,508380,Adira Finance,139600000,326933000,48,4.54,8048000
14495,508382,BCA Finance,92100000,213927000,48,9.17,6091000
14496,508383,Mandiri Tunas Finance,108000000,207795000,48,4.40,5090000
14497,508384,Maybank Finance,149400000,346659000,36,5.37,11180000
14498,508386,BFI Finance,65800000,122678000,60,4.66,2521000
14499,508388,BFI Finance,225400000,579683000,24,8.38,28201000
14500,508391,Astra Credit,59100000,126936000,12,8.46,11472000
14501,508392,FIFGROUP,89800000,315905000,48,5.42,8008000
14502,508393,BCA Finance,64400000,256723000,60,8.61,6120000
14503,508395,Adira Finance,218800000,555869000,12,6.05,49124000
14504,508396,Maybank Finance,66700000,219902000,60,3.80,4361000
14505,508399,BFI Finance,55000000,132257000,60,4.76,2728000
14506,508401,Mandiri Tunas Finance,195500000,568624000,60,6.09,12362000
14507,508402,FIFGROUP,74800000,207251000,60,6.99,4661000
14508,508403,Astra Credit,75100000,182531000,12,9.33,16630000
14509,508404,BFI Finance,163000000,457712000,60,7.02,10306000
14510,508405,Adira Finance,152700000,457356000,12,5.71,40289000
14511,508406,Astra Credit,131000000,298681000,24,9.22,14739000
14512,508408,Adira Finance,85600000,184463000,36,5.44,5960000
14513,508409,Maybank Finance,191400000,648981000,12,7.88,58343000
14514,508411,BCA Finance,67100000,249694000,12,3.57,21550000
14515,508413,BCA Finance,195400000,662741000,36,8.23,22954000
14516,508414,FIFGROUP,165500000,427795000,12,9.30,38964000
14517,508415,Astra Credit,45900000,124929000,48,7.07,3338000
14518,508416,BFI Finance,101200000,193283000,24,6.59,9114000
14519,508418,Adira Finance,58300000,118967000,24,4.84,5436000
14520,508419,Maybank Finance,181800000,690105000,36,6.71,23028000
14521,508420,BCA Finance,286500000,903642000,12,7.36,80845000
14522,508424,Adira Finance,71000000,176197000,24,6.49,8294000
14523,508427,Adira Finance,122000000,309346000,24,7.65,14861000
14524,508428,Maybank Finance,354200000,664669000,60,6.75,14816000
14525,508430,Maybank Finance,93200000,213049000,24,8.35,10359000
14526,508431,BFI Finance,167900000,664489000,60,7.73,15355000
14527,508432,BFI Finance,56200000,140159000,60,9.08,3396000
14528,508433,Mandiri Tunas Finance,91800000,223662000,12,5.37,19639000
14529,508434,BCA Finance,106500000,224835000,60,9.05,5442000
14530,508435,Maybank Finance,48600000,134772000,60,5.16,2825000
14531,508436,Maybank Finance,68600000,248638000,60,5.04,5188000
14532,508438,Adira Finance,89600000,181906000,12,4.62,15859000
14533,508441,BCA Finance,1401900000,3500970000,60,6.34,76846000
14534,508443,Maybank Finance,53400000,202899000,12,9.30,18480000
14535,508444,BCA Finance,247000000,549980000,36,7.72,18815000
14536,508445,FIFGROUP,119700000,320304000,36,5.22,10290000
14537,508447,FIFGROUP,119300000,296950000,12,9.40,27071000
14538,508449,Astra Credit,78500000,179908000,48,4.31,4394000
14539,508450,BFI Finance,64300000,240950000,24,6.74,11392000
14540,508451,BFI Finance,61900000,206720000,36,4.71,6553000
14541,508454,Maybank Finance,77500000,197003000,48,6.63,5192000
14542,508455,FIFGROUP,55200000,139272000,12,5.14,12202000
14543,508457,Adira Finance,146700000,277542000,60,4.18,5592000
14544,508458,Adira Finance,54600000,190821000,24,7.56,9153000
14545,508459,Adira Finance,111700000,306326000,36,9.13,10839000
14546,508460,FIFGROUP,124500000,334818000,60,4.03,6704000
14547,508461,FIFGROUP,75600000,219771000,48,9.31,6283000
14548,508463,FIFGROUP,70000000,180971000,24,7.66,8695000
14549,508464,Adira Finance,101200000,201497000,60,8.74,4825000
14550,508465,BFI Finance,138700000,537401000,36,5.74,17498000
14551,508467,Astra Credit,55500000,142857000,60,4.66,2935000
14552,508468,FIFGROUP,188100000,642957000,36,8.91,22633000
14553,508469,Maybank Finance,75800000,302932000,36,3.66,9338000
14554,508470,FIFGROUP,253400000,566557000,60,8.20,13314000
14555,508471,Mandiri Tunas Finance,103800000,203559000,36,6.34,6729000
14556,508472,Maybank Finance,68900000,181183000,24,5.31,8351000
14557,508473,Astra Credit,83800000,252419000,12,5.09,22105000
14558,508475,Astra Credit,95300000,360799000,36,6.48,11970000
14559,508476,Astra Credit,65500000,144290000,12,5.16,12644000
14560,508477,FIFGROUP,95100000,248001000,60,8.54,5898000
14561,508478,Adira Finance,120800000,406672000,36,9.22,14421000
14562,508481,Mandiri Tunas Finance,173000000,342817000,24,8.78,16792000
14563,508482,BFI Finance,115100000,352654000,48,7.21,9465000
14564,508483,BCA Finance,44700000,136008000,12,3.68,11751000
14565,508484,Astra Credit,187700000,420247000,12,5.12,36813000
14566,508485,BCA Finance,86100000,242127000,24,8.25,11753000
14567,508486,BCA Finance,90600000,228081000,48,4.28,5565000
14568,508491,BFI Finance,42500000,155635000,36,7.83,5338000
14569,508492,FIFGROUP,113800000,298010000,48,4.62,7355000
14570,508493,BCA Finance,124100000,328225000,12,5.16,28763000
14571,508494,Astra Credit,333700000,904394000,24,4.66,41195000
14572,508495,Adira Finance,72900000,241008000,60,4.98,5016000
14573,508496,BCA Finance,476300000,967144000,36,4.54,30524000
14574,508497,Adira Finance,112200000,299610000,36,4.74,9505000
14575,508498,BFI Finance,82900000,218687000,60,3.82,4340000
14576,508499,Adira Finance,79500000,190008000,36,8.74,6661000
14577,508500,Maybank Finance,176300000,413332000,48,3.51,9820000
14578,508501,BCA Finance,132700000,300644000,60,7.49,6887000
14579,508502,Mandiri Tunas Finance,259000000,568949000,24,5.95,26527000
14580,508504,Mandiri Tunas Finance,59500000,155174000,60,6.30,3400000
14581,508505,FIFGROUP,52300000,137399000,24,3.71,6149000
14582,508507,Mandiri Tunas Finance,124000000,283259000,12,3.64,24464000
14583,508508,BFI Finance,73800000,201369000,60,5.02,4198000
14584,508509,Maybank Finance,105300000,208608000,24,8.22,10120000
14585,508511,BFI Finance,165200000,654868000,36,5.70,21301000
14586,508513,Astra Credit,272500000,545459000,24,5.64,25291000
14587,508514,BFI Finance,61600000,210239000,24,9.42,10410000
14588,508515,Astra Credit,94800000,357858000,36,4.10,11163000
14589,508516,BFI Finance,63200000,223069000,12,7.59,19999000
14590,508517,BFI Finance,98400000,215175000,48,5.58,5483000
14591,508519,Astra Credit,109900000,314120000,12,4.37,27320000
14592,508520,FIFGROUP,219300000,616752000,48,4.08,14945000
14593,508521,BCA Finance,85600000,206441000,48,5.74,5288000
14594,508522,BFI Finance,171000000,644073000,60,6.11,14013000
14595,508523,Mandiri Tunas Finance,204100000,593879000,36,4.02,18486000
14596,508524,Maybank Finance,139700000,357025000,24,9.13,17592000
14597,508525,Astra Credit,135400000,272636000,60,5.74,5848000
14598,508527,FIFGROUP,70900000,225803000,12,8.34,20386000
14599,508528,FIFGROUP,258400000,511496000,36,7.07,17221000
14600,508529,Adira Finance,98900000,218005000,24,8.50,10627000
14601,508531,Adira Finance,87300000,237708000,60,9.46,5835000
14602,508533,Astra Credit,109200000,294507000,24,7.16,14028000
14603,508534,BCA Finance,65900000,125353000,36,7.17,4231000
14604,508535,Adira Finance,94900000,203579000,36,6.96,6835000
14605,508536,Maybank Finance,45500000,136873000,48,6.24,3563000
14606,508537,FIFGROUP,88900000,308924000,24,6.62,14576000
14607,508540,FIFGROUP,74500000,250508000,36,4.10,7814000
14608,508541,BFI Finance,233000000,485836000,12,4.69,42385000
14609,508542,BFI Finance,113900000,295468000,48,7.86,8090000
14610,508543,Adira Finance,200900000,417259000,24,6.04,19485000
14611,508544,FIFGROUP,80300000,238270000,48,3.73,5704000
14612,508546,Maybank Finance,223400000,600775000,60,4.96,12496000
14613,508547,Mandiri Tunas Finance,344000000,646009000,24,7.37,30884000
14614,508548,BCA Finance,136500000,448248000,24,5.22,20626000
14615,508549,FIFGROUP,284800000,562241000,48,4.00,13587000
14616,508550,Maybank Finance,117800000,394687000,60,8.02,9215000
14617,508552,BFI Finance,118000000,225767000,24,7.02,10727000
14618,508554,BCA Finance,220300000,428939000,12,4.95,37514000
14619,508555,Maybank Finance,54900000,218493000,36,8.19,7560000
14620,508556,Maybank Finance,76300000,203531000,36,6.39,6737000
14621,508557,Maybank Finance,114800000,238069000,60,6.21,5199000
14622,508558,Adira Finance,288800000,883804000,48,4.52,21741000
14623,508560,FIFGROUP,171600000,452775000,36,8.24,15686000
14624,508561,Astra Credit,112500000,248583000,24,5.79,11557000
14625,508562,Adira Finance,248700000,595233000,60,4.96,12380000
14626,508563,Adira Finance,153500000,341782000,12,7.62,30652000
14627,508566,Mandiri Tunas Finance,119800000,339962000,24,4.72,15502000
14628,508567,BFI Finance,108600000,218184000,36,9.20,7733000
14629,508568,Maybank Finance,201200000,596335000,12,7.76,53550000
14630,508570,BCA Finance,70200000,193980000,48,7.66,5279000
14631,508571,Mandiri Tunas Finance,121200000,261195000,24,6.73,12347000
14632,508572,BCA Finance,149700000,588894000,36,3.56,18105000
14633,508573,BFI Finance,100900000,233654000,36,7.18,7888000
14634,508574,Adira Finance,105700000,351176000,48,3.57,8360000
14635,508575,BFI Finance,174000000,485562000,24,6.32,22789000
14636,508576,FIFGROUP,72600000,224880000,24,9.31,11114000
14637,508577,Mandiri Tunas Finance,97200000,209271000,60,5.61,4466000
14638,508578,BFI Finance,137300000,490183000,60,5.44,10391000
14639,508580,BCA Finance,172100000,327400000,60,4.53,6692000
14640,508581,BCA Finance,221300000,550705000,12,5.07,48218000
14641,508582,Adira Finance,267000000,601464000,24,8.40,29271000
14642,508585,FIFGROUP,80800000,251534000,60,3.84,4997000
14643,508586,Maybank Finance,62100000,191313000,48,6.04,4948000
14644,508587,FIFGROUP,192200000,597787000,36,9.09,21133000
14645,508588,Astra Credit,68300000,261259000,36,6.77,8731000
14646,508591,BFI Finance,143400000,479199000,36,8.02,16513000
14647,508592,FIFGROUP,98200000,209936000,48,3.79,5036000
14648,508593,Maybank Finance,83600000,170368000,24,8.78,8345000
14649,508594,BFI Finance,179300000,391684000,60,3.74,7748000
14650,508596,Astra Credit,153800000,451039000,48,4.53,11099000
14651,508597,Maybank Finance,128800000,275684000,24,7.72,13260000
14652,508598,Maybank Finance,129500000,332260000,60,5.37,7024000
14653,508601,Mandiri Tunas Finance,97300000,348809000,48,4.14,8470000
14654,508603,Adira Finance,122000000,323776000,48,9.11,9203000
14655,508604,FIFGROUP,48000000,171114000,24,4.86,7822000
14656,508605,Adira Finance,163300000,518795000,24,6.53,24439000
14657,508606,Astra Credit,253800000,693141000,12,6.34,61423000
14658,508607,Astra Credit,40900000,139253000,36,9.40,4958000
14659,508608,BCA Finance,87300000,218172000,12,8.85,19790000
14660,508609,Astra Credit,38300000,139411000,60,7.38,3180000
14661,508610,BFI Finance,184200000,633093000,48,3.99,15294000
14662,508612,Maybank Finance,59900000,234694000,24,5.80,10913000
14663,508613,BFI Finance,323700000,839913000,24,7.34,40133000
14664,508615,Adira Finance,172200000,533205000,24,6.53,25118000
14665,508616,Astra Credit,560300000,1478326000,48,6.87,39261000
14666,508618,FIFGROUP,79700000,192028000,12,7.26,17164000
14667,508619,BFI Finance,558900000,1067805000,12,3.92,92471000
14668,508620,Maybank Finance,94300000,219497000,48,4.66,5425000
14669,508621,BCA Finance,149400000,544239000,36,9.01,19204000
14670,508622,Mandiri Tunas Finance,114900000,355851000,36,8.16,12304000
14671,508624,Maybank Finance,148400000,320908000,12,8.15,28921000
14672,508625,Astra Credit,50300000,140842000,12,7.54,12621000
14673,508626,Adira Finance,103900000,277274000,36,6.74,9259000
14674,508630,Maybank Finance,106100000,345337000,48,4.23,8411000
14675,508632,Astra Credit,100600000,315761000,48,6.90,8393000
14676,508633,Adira Finance,95900000,369856000,12,6.68,32880000
14677,508634,Adira Finance,82500000,239955000,36,9.35,8535000
14678,508636,BCA Finance,95300000,237145000,12,5.93,20933000
14679,508637,FIFGROUP,101300000,219379000,36,4.35,6889000
14680,508638,Maybank Finance,78700000,246197000,48,6.50,6462000
14681,508640,BCA Finance,211000000,493850000,48,3.96,11918000
14682,508642,Maybank Finance,80700000,167607000,48,3.85,4029000
14683,508643,BFI Finance,51500000,139864000,24,8.90,6864000
14684,508644,BFI Finance,88800000,317238000,12,7.00,28287000
14685,508645,FIFGROUP,169800000,504414000,12,8.03,45409000
14686,508646,Maybank Finance,74900000,222802000,60,3.83,4424000
14687,508647,BCA Finance,61800000,124014000,12,5.29,10881000
14688,508648,BFI Finance,107100000,330351000,48,9.49,9494000
14689,508652,BCA Finance,211600000,408224000,12,3.68,35270000
14690,508653,Astra Credit,111500000,224830000,60,4.67,4622000
14691,508654,BFI Finance,111600000,307203000,48,4.67,7595000
14692,508655,Astra Credit,80600000,240079000,48,7.85,6572000
14693,508656,Mandiri Tunas Finance,81700000,168161000,12,8.44,15196000
14694,508657,Adira Finance,145900000,290552000,36,7.77,9952000
14695,508658,Adira Finance,216700000,458846000,48,6.49,12040000
14696,508661,FIFGROUP,228200000,483643000,24,9.44,23956000
14697,508662,Astra Credit,157400000,433342000,12,7.82,38935000
14698,508663,FIFGROUP,73600000,275939000,48,3.86,6636000
14699,508664,Mandiri Tunas Finance,175800000,684783000,24,4.51,31106000
14700,508665,Astra Credit,815200000,2898860000,24,6.80,137212000
14701,508666,Maybank Finance,65100000,122823000,36,7.93,4223000
14702,508667,Mandiri Tunas Finance,100000000,294827000,48,9.01,8355000
14703,508669,FIFGROUP,91300000,185534000,24,5.46,8574000
14704,508672,Mandiri Tunas Finance,125100000,324450000,48,5.58,8268000
14705,508673,BCA Finance,137400000,273189000,24,8.77,13379000
14706,508675,FIFGROUP,57900000,141789000,60,8.94,3419000
14707,508677,Maybank Finance,81400000,227624000,60,8.44,5394000
14708,508679,FIFGROUP,92000000,339346000,12,5.22,29754000
14709,508680,FIFGROUP,192500000,497587000,60,6.48,10980000
14710,508681,BFI Finance,73300000,262031000,60,4.88,5432000
14711,508683,Adira Finance,152200000,548321000,36,7.13,18489000
14712,508685,BFI Finance,93700000,213437000,12,6.96,19024000
14713,508687,BFI Finance,48200000,129844000,12,8.24,11711000
14714,508690,Adira Finance,734800000,1701428000,60,5.14,35644000
14715,508691,Maybank Finance,327400000,893267000,24,8.51,43554000
14716,508692,BCA Finance,261200000,569635000,48,6.26,14838000
14717,508693,BFI Finance,37400000,146860000,24,3.94,6601000
14718,508694,BFI Finance,108300000,216375000,12,7.09,19309000
14719,508697,Maybank Finance,77600000,232090000,60,8.72,5554000
14720,508698,BCA Finance,85400000,211969000,60,6.62,4702000
14721,508699,Mandiri Tunas Finance,166600000,359429000,24,6.14,16815000
14722,508700,Adira Finance,53500000,158288000,24,4.16,7144000
14723,508701,BCA Finance,108200000,324256000,60,4.74,6685000
14724,508704,Adira Finance,114400000,351356000,24,4.21,15872000
14725,508705,Mandiri Tunas Finance,44500000,175835000,12,8.53,15902000
14726,508708,FIFGROUP,41000000,155248000,48,8.60,4346000
14727,508710,Astra Credit,86500000,243281000,60,3.52,4768000
14728,508712,FIFGROUP,618500000,1342537000,36,8.59,46903000
14729,508713,Maybank Finance,97000000,208583000,48,7.04,5569000
14730,508714,Maybank Finance,257300000,545563000,36,7.91,18750000
14731,508715,Mandiri Tunas Finance,70300000,139046000,12,3.86,12034000
14732,508716,BFI Finance,206500000,475595000,24,5.59,22031000
14733,508717,Adira Finance,66300000,255045000,48,3.73,6106000
14734,508721,Mandiri Tunas Finance,110600000,216961000,48,8.23,6008000
14735,508722,Maybank Finance,54100000,203864000,60,4.15,4102000
14736,508724,Adira Finance,57000000,135474000,36,5.09,4337000
14737,508727,FIFGROUP,71100000,208509000,36,5.83,6804000
14738,508729,BCA Finance,111600000,312309000,36,9.14,11054000
14739,508733,Adira Finance,126500000,474343000,36,3.54,14575000
14740,508734,Adira Finance,90500000,219523000,60,9.47,5391000
14741,508738,Astra Credit,232500000,557376000,24,8.51,27176000
14742,508739,FIFGROUP,58200000,216414000,36,8.24,7497000
14743,508740,Astra Credit,86800000,178157000,36,4.95,5683000
14744,508741,Astra Credit,76500000,224643000,60,4.09,4509000
14745,508743,BFI Finance,149600000,543706000,36,5.02,17377000
14746,508744,FIFGROUP,59200000,128834000,12,5.94,11373000
14747,508745,Mandiri Tunas Finance,135400000,475100000,24,6.25,22270000
14748,508746,Adira Finance,80800000,173279000,60,9.02,4190000
14749,508747,FIFGROUP,68600000,229213000,24,7.55,10992000
14750,508748,Astra Credit,176400000,670752000,60,6.51,14818000
14751,508749,BCA Finance,117600000,365583000,48,3.74,8755000
14752,508751,Adira Finance,259300000,603836000,12,8.34,54516000
14753,508752,Maybank Finance,80700000,176709000,60,7.63,4068000
14754,508753,Mandiri Tunas Finance,41800000,146456000,12,4.65,12772000
14755,508756,Maybank Finance,82300000,175220000,12,8.04,15775000
14756,508761,BFI Finance,133900000,464279000,12,5.68,40887000
14757,508762,FIFGROUP,203300000,408310000,48,4.05,9884000
14758,508763,BCA Finance,88900000,196814000,60,7.69,4541000
14759,508764,BFI Finance,92500000,220409000,24,6.10,10304000
14760,508765,Mandiri Tunas Finance,55900000,208058000,60,7.29,4731000
14761,508766,Adira Finance,61900000,128465000,12,9.26,11696000
14762,508768,BCA Finance,177800000,415162000,60,4.37,8431000
14763,508770,Adira Finance,99200000,210934000,12,5.35,18518000
14764,508771,FIFGROUP,111700000,280019000,12,9.45,25540000
14765,508772,BFI Finance,88900000,219791000,60,8.19,5163000
14766,508774,Mandiri Tunas Finance,180900000,664365000,60,6.13,14466000
14767,508775,BFI Finance,148400000,338002000,12,8.02,30425000
14768,508777,FIFGROUP,105400000,330719000,24,6.14,15472000
14769,508778,Adira Finance,82400000,188329000,24,8.69,9210000
14770,508779,BCA Finance,211400000,582250000,48,3.76,13954000
14771,508780,Adira Finance,50500000,161621000,12,7.26,14446000
14772,508781,BCA Finance,99700000,218537000,60,8.29,5152000
14773,508782,Astra Credit,50800000,162764000,48,4.60,4014000
14774,508784,BCA Finance,51200000,193777000,12,6.50,17197000
14775,508785,BCA Finance,225200000,484423000,36,3.86,15014000
14776,508787,Astra Credit,312300000,634863000,36,9.01,22401000
14777,508789,BFI Finance,68400000,215316000,24,4.06,9699000
14778,508791,BCA Finance,91800000,214560000,60,9.00,5185000
14779,508792,Maybank Finance,148700000,455362000,24,8.44,22176000
14780,508793,Maybank Finance,125500000,376997000,36,6.94,12652000
14781,508794,Maybank Finance,73500000,208884000,60,6.53,4618000
14782,508795,BCA Finance,122000000,339871000,48,9.10,9658000
14783,508796,Astra Credit,70900000,192947000,24,4.05,8690000
14784,508797,BCA Finance,186300000,481476000,24,6.77,22777000
14785,508799,BFI Finance,94500000,191325000,36,7.46,6503000
14786,508800,Astra Credit,71700000,256749000,60,8.78,6157000
14787,508802,BCA Finance,58000000,167219000,60,4.35,3393000
14788,508803,BCA Finance,102000000,326682000,24,7.86,15751000
14789,508805,BFI Finance,55800000,120912000,36,8.89,4254000
14790,508807,Maybank Finance,96500000,327298000,48,6.47,8583000
14791,508808,BCA Finance,89600000,191896000,24,8.27,9318000
14792,508809,Maybank Finance,124800000,368373000,60,4.55,7536000
14793,508810,BFI Finance,53800000,126131000,48,6.50,3310000
14794,508811,BCA Finance,95300000,210283000,60,3.60,4135000
14795,508812,BCA Finance,101000000,237772000,12,5.33,20870000
14796,508813,Adira Finance,66800000,213364000,60,9.14,5181000
14797,508815,Astra Credit,142900000,278123000,12,3.87,24073000
14798,508816,Mandiri Tunas Finance,95900000,226999000,48,8.23,6285000
14799,508818,FIFGROUP,84400000,240053000,48,5.88,6177000
14800,508821,Maybank Finance,196800000,620493000,24,8.80,30404000
14801,508822,BFI Finance,229500000,438609000,12,4.74,38283000
14802,508823,FIFGROUP,201700000,502928000,48,5.01,12577000
14803,508824,BFI Finance,175200000,442404000,24,8.36,21515000
14804,508825,FIFGROUP,68200000,243155000,60,3.97,4857000
14805,508828,Adira Finance,435000000,1268184000,36,8.03,43713000
14806,508829,BFI Finance,211300000,591896000,24,3.76,26516000
14807,508831,BFI Finance,477600000,1509411000,60,4.24,30490000
14808,508832,Maybank Finance,116900000,296908000,36,6.55,9868000
14809,508833,BFI Finance,106300000,290303000,48,4.71,7187000
14810,508835,BFI Finance,261300000,532128000,36,6.86,17823000
14811,508836,BFI Finance,71400000,249279000,36,6.95,8368000
14812,508837,Astra Credit,89000000,206260000,24,3.98,9278000
14813,508838,Adira Finance,199500000,486591000,36,7.79,16675000
14814,508840,BCA Finance,57500000,130645000,60,5.59,2786000
14815,508843,Mandiri Tunas Finance,67500000,261837000,24,7.22,12485000
14816,508844,Mandiri Tunas Finance,116700000,306765000,36,7.23,10369000
14817,508848,Astra Credit,119700000,317418000,60,7.13,7176000
14818,508849,Adira Finance,78600000,232200000,24,6.54,10940000
14819,508850,Mandiri Tunas Finance,99500000,214075000,48,9.13,6088000
14820,508851,Maybank Finance,97300000,342593000,60,5.13,7174000
14821,508852,BFI Finance,454000000,933167000,12,6.80,83051000
14822,508853,Astra Credit,178300000,428315000,12,5.98,37827000
14823,508854,Adira Finance,107400000,205398000,12,5.13,17994000
14824,508855,BCA Finance,135900000,278019000,36,4.23,8702000
14825,508856,Astra Credit,66200000,189988000,24,7.23,9060000
14826,508857,BFI Finance,124300000,346118000,24,4.53,15728000
14827,508859,Adira Finance,51600000,139431000,48,7.84,3815000
14828,508863,BCA Finance,109800000,399579000,24,5.84,18593000
14829,508865,Astra Credit,113500000,287765000,36,4.14,8986000
14830,508866,BFI Finance,82700000,219220000,36,6.31,7242000
14831,508867,Mandiri Tunas Finance,108800000,213544000,36,5.80,6963000
14832,508868,BFI Finance,162500000,638809000,60,8.97,15421000
14833,508869,BCA Finance,84900000,311814000,36,9.33,11085000
14834,508870,BCA Finance,75900000,233235000,48,7.67,6349000
14835,508871,BCA Finance,284400000,549987000,24,5.64,25501000
14836,508873,Mandiri Tunas Finance,95600000,329641000,48,5.99,8512000
14837,508875,Astra Credit,62600000,212014000,36,8.15,7329000
14838,508877,Mandiri Tunas Finance,84000000,231462000,48,9.09,6575000
14839,508878,Mandiri Tunas Finance,804400000,1643594000,48,5.47,41733000
14840,508879,BFI Finance,212200000,647717000,60,8.12,15178000
14841,508883,FIFGROUP,83300000,194866000,60,7.81,4516000
14842,508884,Mandiri Tunas Finance,159500000,302149000,36,7.74,10341000
14843,508885,Astra Credit,124100000,303361000,48,8.87,8562000
14844,508886,Maybank Finance,121100000,255301000,12,8.59,23102000
14845,508889,Mandiri Tunas Finance,38300000,142186000,60,6.05,3086000
14846,508890,BFI Finance,53100000,194097000,60,8.87,4669000
14847,508892,Astra Credit,262200000,920394000,60,3.80,18254000
14848,508893,Mandiri Tunas Finance,70200000,229056000,60,5.43,4854000
14849,508894,BCA Finance,75800000,193597000,48,3.58,4610000
14850,508895,BFI Finance,359000000,1411117000,24,7.77,67933000
14851,508896,FIFGROUP,97900000,370409000,60,5.58,7895000
14852,508898,Maybank Finance,60000000,181203000,12,4.20,15734000
14853,508901,Maybank Finance,64600000,223223000,48,7.26,6000000
14854,508902,FIFGROUP,74000000,242683000,48,8.69,6813000
14855,508904,Adira Finance,65900000,241903000,12,5.80,21327000
14856,508906,Adira Finance,69100000,144464000,24,8.79,7077000
14857,508907,Mandiri Tunas Finance,143900000,305095000,12,7.82,27412000
14858,508908,Mandiri Tunas Finance,64700000,198259000,24,6.13,9273000
14859,508910,FIFGROUP,96700000,208217000,24,5.44,9619000
14860,508913,Mandiri Tunas Finance,169000000,553943000,24,9.13,27295000
14861,508914,Adira Finance,126100000,309464000,60,6.16,6746000
14862,508916,BCA Finance,47000000,169561000,12,5.98,14975000
14863,508917,BCA Finance,50000000,146470000,24,5.68,6796000
14864,508921,FIFGROUP,89300000,234154000,24,6.11,10948000
14865,508922,Astra Credit,94400000,366250000,36,3.60,11272000
14866,508923,BFI Finance,182200000,418865000,12,8.27,37792000
14867,508925,Astra Credit,83700000,331662000,60,6.30,7268000
14868,508927,Maybank Finance,122500000,288422000,12,3.95,24984000
14869,508929,BCA Finance,463700000,1598347000,24,6.07,74682000
14870,508930,Astra Credit,61300000,116300000,12,3.77,10057000
14871,508933,FIFGROUP,193600000,514025000,36,4.92,16385000
14872,508934,BCA Finance,70500000,224760000,24,8.91,11033000
14873,508935,FIFGROUP,43900000,159785000,60,3.97,3191000
14874,508936,FIFGROUP,122100000,242868000,48,3.90,5849000
14875,508938,BCA Finance,161400000,349422000,48,6.57,9192000
14876,508940,BCA Finance,114300000,391749000,60,6.53,8660000
14877,508941,Maybank Finance,193200000,655617000,24,5.56,30355000
14878,508942,Mandiri Tunas Finance,146700000,292860000,24,6.99,13908000
14879,508943,Astra Credit,112000000,304250000,48,8.44,8478000
14880,508944,Maybank Finance,82900000,231452000,36,7.19,7816000
14881,508945,Astra Credit,107300000,379213000,60,7.58,8715000
14882,508947,Mandiri Tunas Finance,44700000,148107000,36,7.03,4981000
14883,508948,FIFGROUP,97000000,207473000,48,7.63,5641000
14884,508949,BCA Finance,109100000,330238000,36,5.61,10717000
14885,508950,Mandiri Tunas Finance,125200000,439568000,12,4.11,38136000
14886,508952,Astra Credit,65900000,246010000,48,8.56,6880000
14887,508953,Maybank Finance,277600000,579542000,36,6.99,19474000
14888,508954,BCA Finance,61700000,148867000,36,5.92,4869000
14889,508957,Adira Finance,72500000,238189000,48,4.99,5952000
14890,508958,BCA Finance,270300000,575520000,12,7.04,51336000
14891,508959,BFI Finance,105900000,378615000,60,5.01,7890000
14892,508961,Adira Finance,61900000,191402000,36,5.77,6237000
14893,508962,Mandiri Tunas Finance,267000000,519435000,60,7.39,11856000
14894,508963,BFI Finance,87200000,309736000,60,4.56,6339000
14895,508964,Maybank Finance,196900000,531260000,36,6.13,17471000
14896,508966,BFI Finance,177600000,541902000,12,4.17,47041000
14897,508967,Astra Credit,104600000,196654000,48,4.90,4899000
14898,508968,Astra Credit,65800000,213254000,48,5.70,5455000
14899,508969,BFI Finance,151700000,292300000,24,3.75,13092000
14900,508972,FIFGROUP,68300000,240613000,24,8.24,11677000
14901,508976,Astra Credit,80800000,243209000,24,4.40,11025000
14902,508977,Maybank Finance,106800000,218430000,60,8.37,5164000
14903,508978,Astra Credit,110400000,290532000,24,4.14,13107000
14904,508979,BFI Finance,163200000,325866000,24,4.23,14726000
14905,508980,BFI Finance,92400000,185433000,12,7.98,16685000
14906,508981,BFI Finance,74000000,151663000,36,9.38,5398000
14907,508983,BCA Finance,92500000,269693000,12,6.14,23854000
14908,508984,Maybank Finance,297200000,566935000,12,9.33,51652000
14909,508986,Adira Finance,156900000,535296000,24,5.98,24971000
14910,508987,BCA Finance,82200000,164664000,12,8.93,14947000
14911,508988,Mandiri Tunas Finance,95800000,225212000,48,7.08,6020000
14912,508991,Adira Finance,94900000,233549000,36,5.63,7583000
14913,508997,BFI Finance,103400000,365242000,60,5.08,7633000
14914,508998,BCA Finance,51500000,130651000,36,4.29,4096000
14915,509000,BFI Finance,81500000,241621000,36,6.35,7990000
14916,509004,BCA Finance,214700000,496366000,48,6.20,12905000
14917,509005,Astra Credit,59700000,190272000,48,6.27,4958000
14918,509006,Adira Finance,185700000,602955000,48,5.28,15214000
14919,509008,FIFGROUP,145400000,344665000,24,3.52,15372000
14920,509009,Maybank Finance,380000000,1086865000,36,4.51,34275000
14921,509010,FIFGROUP,185400000,615354000,48,7.71,16773000
14922,509012,Astra Credit,135200000,285934000,36,7.09,9632000
14923,509013,Maybank Finance,68500000,145841000,36,6.27,4813000
14924,509015,Mandiri Tunas Finance,150300000,585741000,60,6.98,13169000
14925,509017,Astra Credit,366300000,855033000,36,4.26,26786000
14926,509018,BCA Finance,148200000,361512000,60,6.03,7841000
14927,509019,Mandiri Tunas Finance,122800000,287678000,48,8.40,8007000
14928,509020,BCA Finance,151400000,357202000,24,7.62,17151000
14929,509021,BCA Finance,147800000,362800000,48,8.86,10237000
14930,509024,FIFGROUP,71000000,256450000,36,7.01,8621000
14931,509025,FIFGROUP,152500000,338231000,24,7.87,16311000
14932,509026,Adira Finance,142300000,305696000,48,7.70,8330000
14933,509028,Maybank Finance,50300000,133183000,48,7.24,3578000
14934,509031,Mandiri Tunas Finance,174700000,656690000,36,7.24,22203000
14935,509033,FIFGROUP,86900000,169732000,36,7.87,5827000
14936,509038,Maybank Finance,49600000,134660000,12,7.65,12080000
14937,509040,Adira Finance,103300000,213383000,48,5.21,5371000
14938,509041,BFI Finance,75100000,237143000,36,4.10,7397000
14939,509043,Astra Credit,129400000,326699000,60,4.19,6585000
14940,509044,Adira Finance,100400000,200743000,12,8.09,18081000
14941,509045,BCA Finance,86600000,215653000,12,6.63,19162000
14942,509046,Maybank Finance,36100000,139391000,12,3.76,12052000
14943,509050,Mandiri Tunas Finance,84600000,245403000,60,5.74,5263000
14944,509051,Mandiri Tunas Finance,254100000,569853000,36,3.64,17557000
14945,509054,BCA Finance,105500000,203191000,60,3.92,4050000
14946,509055,FIFGROUP,153900000,289434000,12,7.10,25831000
14947,509056,Maybank Finance,43100000,146488000,12,8.85,13287000
14948,509058,BCA Finance,101400000,346707000,36,8.38,12051000
14949,509059,BCA Finance,313000000,627059000,24,8.06,30339000
14950,509061,Mandiri Tunas Finance,88300000,216950000,48,4.89,5403000
14951,509064,FIFGROUP,90800000,324784000,24,8.21,15754000
14952,509065,BFI Finance,169500000,317235000,48,7.02,8464000
14953,509066,Astra Credit,232700000,459052000,60,3.66,9050000
14954,509068,Mandiri Tunas Finance,89100000,209046000,48,5.16,5254000
14955,509069,BFI Finance,165100000,323966000,12,6.35,28711000
14956,509070,BCA Finance,93000000,344673000,36,3.79,10662000
14957,509072,BFI Finance,59000000,142243000,12,6.25,12594000
14958,509075,Astra Credit,98300000,208282000,24,6.46,9799000
14959,509076,Maybank Finance,344900000,1064578000,48,7.84,29133000
14960,509077,BFI Finance,177700000,410045000,12,5.62,36090000
14961,509078,Adira Finance,180100000,503438000,48,6.94,13399000
14962,509079,Maybank Finance,69100000,214616000,12,7.72,19265000
14963,509080,BCA Finance,68000000,246796000,12,8.16,22244000
14964,509081,Adira Finance,95800000,305798000,60,8.09,7158000
14965,509082,BFI Finance,51300000,199338000,60,4.37,4048000
14966,509083,Mandiri Tunas Finance,76000000,190733000,12,6.74,16965000
14967,509084,Maybank Finance,123600000,298755000,60,7.10,6746000
14968,509086,BCA Finance,77000000,148108000,60,7.21,3358000
14969,509087,BFI Finance,208100000,620182000,24,6.51,29205000
14970,509089,BFI Finance,54200000,128728000,60,7.34,2932000
14971,509090,BFI Finance,82200000,229599000,36,3.63,7072000
14972,509092,Adira Finance,53200000,151373000,48,8.90,4276000
14973,509095,BCA Finance,67400000,249838000,36,4.80,7939000
14974,509096,Adira Finance,193500000,415779000,24,7.07,19773000
14975,509097,Maybank Finance,61400000,200338000,60,8.71,4793000
14976,509098,FIFGROUP,94600000,300227000,24,4.59,13657000
14977,509101,FIFGROUP,63900000,145557000,36,7.16,4911000
14978,509102,Maybank Finance,101200000,217148000,12,7.35,19425000
14979,509103,Maybank Finance,370100000,759436000,12,8.47,68646000
14980,509105,Maybank Finance,42300000,145734000,24,8.01,7045000
14981,509106,Mandiri Tunas Finance,157000000,567164000,36,5.24,18231000
14982,509107,BCA Finance,181100000,636304000,48,3.81,15276000
14983,509108,Astra Credit,111200000,210256000,36,8.84,7389000
14984,509109,Maybank Finance,268300000,576521000,60,6.17,12572000
14985,509112,Mandiri Tunas Finance,220000000,630482000,24,4.84,28813000
14986,509115,Mandiri Tunas Finance,153500000,287614000,60,5.67,6152000
14987,509116,Adira Finance,111700000,354611000,36,8.17,12264000
14988,509117,BCA Finance,90200000,233809000,24,8.61,11419000
14989,509118,Astra Credit,109900000,306683000,60,9.34,7498000
14990,509119,BCA Finance,89500000,186779000,12,8.39,16870000
14991,509120,BCA Finance,61800000,229686000,60,7.65,5292000
14992,509121,BFI Finance,90400000,178553000,48,9.41,5120000
14993,509122,Astra Credit,115600000,333395000,36,6.33,11019000
14994,509123,BCA Finance,363100000,788636000,48,3.66,18835000
14995,509129,Mandiri Tunas Finance,195000000,644493000,12,6.88,57402000
14996,509130,Astra Credit,63700000,232781000,60,7.62,5357000
14997,509133,Astra Credit,206400000,596463000,36,8.49,20788000
14998,509134,Maybank Finance,275000000,600679000,60,5.89,12959000
14999,509135,FIFGROUP,42800000,150007000,48,5.38,3797000
15000,509136,Maybank Finance,69500000,176365000,36,5.30,5677000
15001,509140,BFI Finance,126900000,360945000,48,5.54,9186000
15002,509141,BCA Finance,100900000,305804000,12,6.58,27160000
15003,509142,Astra Credit,105300000,229809000,36,9.16,8137000
15004,509143,Adira Finance,127200000,288606000,12,4.99,25250000
15005,509144,Maybank Finance,60900000,220596000,24,4.99,10108000
15006,509147,Maybank Finance,68200000,142589000,36,5.25,4584000
15007,509149,Astra Credit,233200000,554567000,24,7.78,26702000
15008,509150,Adira Finance,260900000,602902000,12,7.51,54014000
15009,509152,Mandiri Tunas Finance,85600000,232082000,48,3.56,5523000
15010,509153,Adira Finance,119200000,294941000,48,8.85,8319000
15011,509154,Mandiri Tunas Finance,86600000,199780000,24,8.50,9739000
15012,509157,Adira Finance,69600000,199575000,12,8.81,18096000
15013,509158,Astra Credit,77000000,173194000,12,5.96,15293000
15014,509160,Adira Finance,224200000,570449000,60,8.63,13609000
15015,509161,Astra Credit,173800000,519506000,60,6.61,11520000
15016,509162,Adira Finance,471100000,1159823000,60,4.40,23583000
15017,509163,BFI Finance,183400000,611582000,12,8.28,55185000
15018,509165,Adira Finance,74900000,234568000,24,4.79,10709000
15019,509168,Mandiri Tunas Finance,57100000,197534000,36,3.64,6086000
15020,509169,FIFGROUP,316300000,975074000,24,4.49,44276000
15021,509170,BFI Finance,82800000,237990000,36,7.99,8195000
15022,509171,Astra Credit,79100000,171538000,36,5.74,5585000
15023,509172,BFI Finance,488700000,1288410000,24,7.86,62122000
15024,509173,BFI Finance,134400000,265977000,36,5.62,8633000
15025,509174,Maybank Finance,189900000,521610000,24,9.17,25719000
15026,509175,FIFGROUP,75000000,185850000,24,6.90,8812000
15027,509176,BFI Finance,94700000,215656000,12,8.59,19515000
15028,509178,BCA Finance,88000000,231791000,36,3.52,7118000
15029,509179,Maybank Finance,87800000,341548000,12,5.03,29893000
15030,509180,FIFGROUP,395900000,1487215000,24,3.96,66875000
15031,509181,Maybank Finance,70900000,255440000,36,6.19,8413000
15032,509182,BCA Finance,129400000,300281000,48,5.76,7697000
15033,509187,Maybank Finance,84900000,265971000,48,5.24,6702000
15034,509190,Maybank Finance,445900000,1151279000,48,7.75,31420000
15035,509191,BCA Finance,89700000,225207000,48,5.88,5795000
15036,509192,Astra Credit,84300000,313302000,60,4.11,6294000
15037,509194,Astra Credit,75700000,202244000,36,5.73,6583000
15038,509195,BFI Finance,119800000,297227000,48,5.77,7621000
15039,509196,Maybank Finance,82000000,169415000,24,5.94,7897000
15040,509199,BFI Finance,91900000,194924000,12,9.36,17764000
15041,509201,Maybank Finance,138000000,270813000,36,4.31,8495000
15042,509202,Astra Credit,57200000,109633000,60,4.37,2226000
15043,509204,BFI Finance,85400000,268135000,12,9.34,24431000
15044,509206,Astra Credit,109500000,205962000,12,4.26,17894000
15045,509207,FIFGROUP,137000000,362278000,12,8.97,32897000
15046,509208,Adira Finance,223000000,636140000,12,3.67,54957000
15047,509209,FIFGROUP,183600000,486285000,36,3.56,14950000
15048,509211,BFI Finance,72900000,253440000,60,3.84,5035000
15049,509212,Maybank Finance,71300000,195433000,48,9.08,5550000
15050,509213,Astra Credit,50500000,178160000,36,8.12,6154000
15051,509214,BFI Finance,411500000,1130068000,12,5.44,99295000
15052,509215,Adira Finance,43100000,139606000,36,5.11,4472000
15053,509217,Mandiri Tunas Finance,164800000,444701000,24,9.17,21927000
15054,509218,BCA Finance,477100000,1710377000,48,6.39,44740000
15055,509220,Adira Finance,65400000,124965000,60,5.64,2670000
15056,509221,Mandiri Tunas Finance,58600000,185711000,48,6.64,4896000
15057,509222,BFI Finance,191300000,392449000,60,8.96,9471000
15058,509223,Astra Credit,60000000,146127000,60,9.45,3586000
15059,509225,BFI Finance,100400000,211954000,36,8.72,7427000
15060,509226,FIFGROUP,57800000,219478000,24,5.59,10167000
15061,509228,Mandiri Tunas Finance,72700000,211793000,48,8.85,5974000
15062,509230,BCA Finance,54200000,137830000,60,3.53,2702000
15063,509231,Mandiri Tunas Finance,90100000,219701000,12,4.25,19086000
15064,509232,BFI Finance,104700000,346182000,12,6.09,30605000
15065,509233,Maybank Finance,97400000,213511000,24,4.06,9618000
15066,509234,BCA Finance,99100000,210923000,24,6.68,9962000
15067,509236,FIFGROUP,85000000,234569000,36,4.30,7356000
15068,509238,Astra Credit,175300000,614798000,36,5.70,19998000
15069,509240,Adira Finance,51300000,139620000,48,4.39,3419000
15070,509241,Astra Credit,53600000,135766000,24,4.89,6210000
15071,509242,BFI Finance,78400000,233066000,36,5.32,7507000
15072,509243,Mandiri Tunas Finance,68800000,211031000,24,3.83,9466000
15073,509247,Adira Finance,115300000,396077000,48,9.27,11311000
15074,509248,FIFGROUP,59400000,196677000,12,5.66,17317000
15075,509250,Maybank Finance,61700000,117565000,12,5.49,10334000
15076,509252,Mandiri Tunas Finance,234100000,599621000,48,5.72,15350000
15077,509253,Maybank Finance,72000000,227922000,48,5.09,5715000
15078,509254,Mandiri Tunas Finance,64600000,156068000,36,9.27,5540000
15079,509255,Mandiri Tunas Finance,109400000,220603000,12,5.59,19411000
15080,509257,Maybank Finance,166800000,331923000,48,4.95,8284000
15081,509259,Mandiri Tunas Finance,63900000,249009000,36,9.40,8867000
15082,509260,Astra Credit,143900000,435409000,12,8.66,39426000
15083,509261,BCA Finance,74900000,204931000,12,9.48,18696000
15084,509262,BFI Finance,231600000,563826000,36,9.20,19984000
15085,509263,Maybank Finance,380000000,1030477000,12,4.70,89909000
15086,509264,Mandiri Tunas Finance,180200000,500341000,24,6.95,23745000
15087,509265,FIFGROUP,70000000,133352000,60,6.91,2990000
15088,509266,Maybank Finance,75300000,243381000,48,5.17,6119000
15089,509267,Astra Credit,102800000,326215000,60,4.92,6774000
15090,509268,Adira Finance,85600000,169700000,12,6.52,15063000
15091,509269,Maybank Finance,101900000,324673000,60,4.17,6539000
15092,509272,Mandiri Tunas Finance,70400000,207988000,12,7.44,18621000
15093,509274,Adira Finance,61700000,134215000,60,7.56,3082000
15094,509275,FIFGROUP,71500000,212327000,60,8.43,5030000
15095,509276,BFI Finance,258000000,521775000,48,8.32,14487000
15096,509280,FIFGROUP,161600000,439909000,60,8.07,10290000
15097,509282,FIFGROUP,164600000,360652000,24,3.65,16124000
15098,509283,BCA Finance,66300000,231513000,36,8.85,8138000
15099,509284,Mandiri Tunas Finance,96000000,340674000,36,4.40,10712000
15100,509285,BCA Finance,60700000,232118000,48,8.46,6472000
15101,509286,BFI Finance,254900000,532756000,48,6.66,14055000
15102,509287,Adira Finance,137200000,290483000,24,7.59,13940000
15103,509288,Adira Finance,198800000,596626000,48,4.81,14821000
15104,509289,BFI Finance,100400000,336940000,12,5.12,29515000
15105,509290,Mandiri Tunas Finance,125200000,238769000,48,6.41,6249000
15106,509293,FIFGROUP,180600000,618711000,60,5.07,12925000
15107,509295,Mandiri Tunas Finance,137600000,336148000,60,7.08,7585000
15108,509296,FIFGROUP,102600000,370260000,24,6.63,17473000
15109,509298,BCA Finance,77000000,255667000,36,3.76,7902000
15110,509300,FIFGROUP,184600000,659111000,12,7.07,58809000
15111,509301,BFI Finance,119800000,290234000,24,5.91,13522000
15112,509303,Astra Credit,60600000,241542000,36,5.59,7834000
15113,509304,BFI Finance,177100000,529193000,60,3.50,10363000
15114,509306,BCA Finance,289300000,916160000,48,3.91,22071000
15115,509307,Adira Finance,114300000,290184000,12,8.31,26191000
15116,509311,BFI Finance,171400000,532007000,24,8.02,25722000
15117,509312,Mandiri Tunas Finance,132800000,263137000,12,4.30,22870000
15118,509313,Adira Finance,86600000,329206000,24,4.70,15006000
15119,509315,BCA Finance,57400000,165155000,36,4.29,5178000
15120,509317,Adira Finance,85500000,219972000,60,5.93,4753000
15121,509318,FIFGROUP,157600000,306824000,24,7.74,14763000
15122,509320,FIFGROUP,68300000,168241000,60,7.20,3813000
15123,509322,BCA Finance,96500000,356602000,12,7.27,31877000
15124,509323,BFI Finance,145400000,278731000,24,8.07,13488000
15125,509324,Maybank Finance,196800000,576870000,12,6.92,51399000
15126,509326,BFI Finance,63700000,158744000,48,3.68,3793000
15127,509328,BCA Finance,73900000,149654000,36,3.64,4611000
15128,509329,Mandiri Tunas Finance,50500000,143972000,24,3.80,6454000
15129,509331,Adira Finance,109100000,257866000,48,3.53,6130000
15130,509332,Mandiri Tunas Finance,146500000,347783000,12,6.54,30877000
15131,509334,Maybank Finance,60100000,118610000,48,5.74,3038000
15132,509335,BFI Finance,299700000,583083000,24,5.63,27030000
15133,509336,Maybank Finance,85900000,191045000,36,5.12,6121000
15134,509337,FIFGROUP,54600000,135099000,24,5.06,6198000
15135,509338,Mandiri Tunas Finance,352900000,1076225000,60,8.34,25416000
15136,509340,Mandiri Tunas Finance,39800000,153562000,48,6.37,4014000
15137,509341,FIFGROUP,87200000,235699000,36,9.25,8364000
15138,509343,Adira Finance,61100000,209962000,24,5.24,9665000
15139,509344,Mandiri Tunas Finance,140400000,333237000,36,6.47,11053000
15140,509345,BFI Finance,96600000,359055000,60,7.74,8300000
15141,509346,Maybank Finance,123400000,276200000,36,4.63,8737000
15142,509347,FIFGROUP,154500000,314031000,36,5.77,10233000
15143,509350,Adira Finance,68700000,127992000,12,6.54,11363000
15144,509351,BFI Finance,391200000,1019277000,60,4.10,20470000
15145,509353,Mandiri Tunas Finance,70400000,142720000,12,5.38,12533000
15146,509354,Astra Credit,83200000,247358000,24,6.43,11632000
15147,509355,FIFGROUP,162700000,431261000,36,4.33,13535000
15148,509356,FIFGROUP,83900000,247879000,60,8.75,5938000
15149,509358,BFI Finance,81000000,230910000,60,5.70,4945000
15150,509359,Mandiri Tunas Finance,222100000,709079000,60,4.17,14282000
15151,509360,BFI Finance,199900000,391841000,24,6.12,18325000
15152,509362,Adira Finance,76400000,254269000,36,9.31,9035000
15153,509363,FIFGROUP,76300000,212189000,36,6.18,6986000
15154,509364,Maybank Finance,82100000,247681000,60,8.61,5905000
15155,509367,FIFGROUP,99400000,230159000,24,5.40,10625000
15156,509369,Mandiri Tunas Finance,102400000,344819000,36,4.72,10934000
15157,509371,Astra Credit,60300000,204102000,12,4.74,17814000
15158,509372,BCA Finance,44100000,132945000,60,4.98,2767000
15159,509373,FIFGROUP,383300000,1385818000,24,4.84,63331000
15160,509374,Mandiri Tunas Finance,326900000,852808000,60,9.06,20652000
15161,509375,BFI Finance,124100000,307801000,36,6.66,10258000
15162,509376,BFI Finance,198100000,406961000,48,4.72,10079000
15163,509378,Astra Credit,238400000,457126000,24,5.82,21263000
15164,509379,BCA Finance,529800000,1477302000,36,5.03,47228000
15165,509380,Mandiri Tunas Finance,78700000,221999000,36,4.63,7023000
15166,509386,Astra Credit,97500000,207972000,48,3.64,4963000
15167,509387,Mandiri Tunas Finance,131900000,276913000,60,7.04,6239000
15168,509389,BCA Finance,91000000,203594000,60,8.37,4813000
15169,509391,BFI Finance,122700000,365145000,48,8.69,10251000
15170,509393,Astra Credit,116500000,377783000,36,8.15,13059000
15171,509394,BCA Finance,66800000,127561000,36,9.26,4527000
15172,509395,Mandiri Tunas Finance,285900000,537387000,36,5.07,17197000
15173,509396,Adira Finance,41900000,140473000,24,7.54,6735000
15174,509397,FIFGROUP,64100000,226165000,12,7.80,20317000
15175,509398,Maybank Finance,173300000,540763000,36,6.37,17891000
15176,509399,Maybank Finance,94600000,186341000,12,8.55,16856000
15177,509401,Maybank Finance,78300000,242379000,48,6.40,6342000
15178,509402,Mandiri Tunas Finance,187000000,656267000,36,4.87,20892000
15179,509403,BFI Finance,49300000,157049000,12,4.11,13625000
15180,509404,Mandiri Tunas Finance,250900000,585929000,60,9.05,14184000
15181,509405,Maybank Finance,152800000,459365000,24,8.30,22317000
15182,509406,BCA Finance,274800000,539718000,12,7.95,48552000
15183,509407,Astra Credit,50700000,127344000,36,8.38,4426000
15184,509408,BFI Finance,90100000,185846000,48,7.19,4985000
15185,509409,BFI Finance,210900000,614718000,12,8.24,55447000
15186,509411,BCA Finance,126400000,345461000,36,7.85,11856000
15187,509412,Adira Finance,468000000,1529334000,12,6.02,135116000
15188,509413,Astra Credit,105900000,359301000,36,4.02,11184000
15189,509414,Astra Credit,69500000,187576000,12,6.00,16569000
15190,509416,Maybank Finance,130300000,246323000,24,9.27,12166000
15191,509417,Astra Credit,43700000,132679000,36,4.11,4139000
15192,509418,Mandiri Tunas Finance,404600000,829054000,24,4.67,37770000
15193,509419,BCA Finance,158900000,460813000,36,8.81,16183000
15194,509421,BFI Finance,79100000,240025000,36,8.57,8381000
15195,509422,Adira Finance,66500000,216550000,24,7.26,10333000
15196,509423,FIFGROUP,47000000,128824000,48,9.21,3672000
15197,509424,BCA Finance,93400000,225170000,60,8.88,5419000
15198,509426,Maybank Finance,222900000,478176000,60,9.05,11575000
15199,509427,FIFGROUP,64200000,252705000,12,9.40,23038000
15200,509428,FIFGROUP,138500000,329809000,48,6.67,8704000
15201,509431,BCA Finance,76900000,222356000,60,7.85,5160000
15202,509432,Mandiri Tunas Finance,266600000,639493000,60,7.85,14841000
15203,509433,Mandiri Tunas Finance,92700000,193125000,12,5.38,16959000
15204,509434,Astra Credit,100500000,193872000,48,6.62,5108000
15205,509435,BCA Finance,79000000,241568000,60,7.70,5576000
15206,509436,FIFGROUP,80700000,170160000,60,7.56,3908000
15207,509438,Mandiri Tunas Finance,95100000,338022000,12,4.14,29334000
15208,509439,FIFGROUP,155400000,535908000,48,9.16,15255000
15209,509440,Astra Credit,97100000,274528000,24,5.27,12644000
15210,509442,Maybank Finance,168400000,673868000,60,3.78,13353000
15211,509444,Maybank Finance,50200000,131063000,12,4.79,11445000
15212,509445,BCA Finance,85200000,223269000,60,6.19,4872000
15213,509446,BFI Finance,49900000,157337000,36,6.99,5286000
15214,509448,BCA Finance,167600000,333343000,36,4.48,10504000
15215,509449,Astra Credit,69500000,202450000,24,4.05,9118000
15216,509451,Adira Finance,65000000,232258000,12,6.27,20568000
15217,509452,BCA Finance,467600000,1242466000,12,7.58,111387000
15218,509453,Adira Finance,153400000,440783000,36,8.55,15384000
15219,509456,BCA Finance,146600000,340801000,60,6.48,7520000
15220,509457,Mandiri Tunas Finance,59500000,131309000,60,4.00,2626000
15221,509458,BCA Finance,71500000,242297000,60,8.44,5742000
15222,509459,BCA Finance,213800000,415348000,24,6.05,19400000
15223,509460,Astra Credit,274000000,559499000,12,8.97,50807000
15224,509461,BCA Finance,141300000,499947000,24,5.55,23143000
15225,509462,Mandiri Tunas Finance,212800000,617702000,24,6.34,29001000
15226,509464,Mandiri Tunas Finance,224600000,736993000,24,5.67,34190000
15227,509466,FIFGROUP,174600000,662118000,24,6.99,31445000
15228,509469,Adira Finance,136400000,284956000,60,8.67,6808000
15229,509470,Adira Finance,167200000,519113000,60,4.56,10624000
15230,509471,Adira Finance,60800000,214036000,36,8.31,7427000
15231,509472,Maybank Finance,67800000,256320000,36,6.83,8578000
15232,509474,Astra Credit,58300000,157928000,24,6.75,7468000
15233,509475,Astra Credit,224200000,489641000,12,5.99,43247000
15234,509477,Mandiri Tunas Finance,101600000,309544000,12,7.35,27691000
15235,509478,Astra Credit,257200000,528791000,36,7.36,17931000
15236,509479,Astra Credit,175500000,653226000,60,9.13,15857000
15237,509480,BFI Finance,121500000,366123000,36,9.34,13019000
15238,509481,BFI Finance,76300000,217073000,60,9.49,5334000
15239,509482,Astra Credit,139800000,541185000,12,5.52,47588000
15240,509484,Maybank Finance,36600000,133230000,36,4.32,4180000
15241,509485,BFI Finance,182200000,526535000,36,3.69,16245000
15242,509486,Adira Finance,99400000,289988000,24,5.80,13484000
15243,509488,BCA Finance,91500000,243054000,24,5.57,11255000
15244,509490,BCA Finance,100300000,353135000,36,8.03,12172000
15245,509491,BCA Finance,164500000,444335000,36,5.10,14231000
15246,509493,Mandiri Tunas Finance,38100000,144273000,60,8.07,3374000
15247,509494,BFI Finance,47400000,138192000,12,6.59,12274000
15248,509495,Adira Finance,153500000,549796000,24,7.45,26321000
15249,509496,Mandiri Tunas Finance,466800000,1124940000,12,7.12,100419000
15250,509497,BCA Finance,199700000,398368000,12,5.42,34996000
15251,509498,Mandiri Tunas Finance,136100000,286366000,48,8.43,7977000
15252,509499,Astra Credit,479200000,1194569000,60,3.60,23493000
15253,509501,FIFGROUP,96800000,347755000,60,8.24,8183000
15254,509502,BCA Finance,53900000,132691000,48,3.51,3152000
15255,509503,Maybank Finance,49900000,190637000,36,4.75,6050000
15256,509504,BCA Finance,111300000,294072000,48,8.45,8197000
15257,509505,Astra Credit,51100000,203090000,12,5.27,17816000
15258,509506,FIFGROUP,206900000,396385000,36,3.69,12229000
15259,509508,Maybank Finance,129000000,303567000,60,4.48,6192000
15260,509509,BFI Finance,44800000,141347000,48,7.84,3868000
15261,509511,BCA Finance,75400000,222857000,12,5.26,19548000
15262,509512,Adira Finance,88200000,180531000,36,9.00,6368000
15263,509515,Maybank Finance,245200000,600287000,48,8.88,16948000
15264,509517,BFI Finance,159300000,525237000,36,8.07,18122000
15265,509518,Astra Credit,54400000,194462000,12,4.93,17004000
15266,509519,FIFGROUP,111200000,340792000,24,4.95,15605000
15267,509521,BFI Finance,192800000,489961000,36,5.69,15933000
15268,509522,BFI Finance,194200000,392546000,36,4.89,12503000
15269,509523,Astra Credit,116800000,299228000,48,5.73,7662000
15270,509525,Astra Credit,116300000,293068000,36,8.13,10126000
15271,509526,Astra Credit,95100000,223470000,60,4.64,4588000
15272,509527,Adira Finance,98000000,385072000,60,4.39,7826000
15273,509528,BFI Finance,71800000,204257000,24,6.62,9637000
15274,509529,BFI Finance,266800000,544832000,48,8.11,15032000
15275,509530,Maybank Finance,65300000,245944000,48,6.69,6494000
15276,509532,Astra Credit,226300000,537491000,48,8.86,15166000
15277,509534,BCA Finance,69500000,245296000,24,8.01,11858000
15278,509535,Adira Finance,93100000,290849000,36,6.92,9756000
15279,509536,Adira Finance,113100000,300486000,36,4.63,9506000
15280,509537,FIFGROUP,251300000,595297000,60,8.00,13890000
15281,509538,Astra Credit,91400000,316192000,60,6.28,6924000
15282,509539,Mandiri Tunas Finance,142200000,365181000,12,8.74,33091000
15283,509540,Adira Finance,61100000,140920000,36,8.60,4924000
15284,509542,Maybank Finance,62500000,238088000,60,6.43,5243000
15285,509543,Maybank Finance,78600000,243522000,36,7.44,8274000
15286,509544,Astra Credit,100500000,346608000,48,9.35,9921000
15287,509545,Mandiri Tunas Finance,61700000,203368000,36,7.85,6979000
15288,509546,Mandiri Tunas Finance,59300000,160480000,60,4.90,3329000
15289,509547,FIFGROUP,87000000,193830000,48,6.30,5055000
15290,509548,Adira Finance,270300000,602826000,48,4.52,14829000
15291,509549,Adira Finance,109100000,391177000,48,6.95,10415000
15292,509553,FIFGROUP,64500000,252960000,60,5.93,5466000
15293,509554,Astra Credit,125200000,340556000,36,4.42,10714000
15294,509555,BCA Finance,124900000,476276000,24,4.10,21472000
15295,509556,FIFGROUP,916100000,2129518000,36,8.55,74326000
15296,509557,Mandiri Tunas Finance,108000000,321681000,60,7.12,7269000
15297,509558,Astra Credit,103000000,341000000,60,8.54,8110000
15298,509559,FIFGROUP,73500000,192567000,36,5.86,6289000
15299,509562,Adira Finance,595300000,1443659000,12,7.38,129183000
15300,509563,BFI Finance,64000000,137909000,60,7.49,3159000
15301,509564,Mandiri Tunas Finance,301900000,579440000,36,3.56,17814000
15302,509565,Astra Credit,69300000,143154000,12,8.15,12901000
15303,509566,Adira Finance,50400000,126978000,36,8.62,4439000
15304,509567,Adira Finance,97500000,204198000,24,6.76,9658000
15305,509568,FIFGROUP,59800000,129677000,48,4.99,3240000
15306,509569,BCA Finance,101600000,208312000,48,8.07,5740000
15307,509570,Mandiri Tunas Finance,133400000,333244000,24,5.69,15465000
15308,509571,Maybank Finance,86900000,200257000,24,4.28,9058000
15309,509574,BFI Finance,101000000,216571000,24,8.13,10491000
15310,509576,BFI Finance,75700000,239318000,48,4.36,5855000
15311,509578,Maybank Finance,45900000,174879000,48,3.76,4191000
15312,509579,BCA Finance,305800000,1129319000,12,9.33,102890000
15313,509580,BCA Finance,95800000,180923000,60,7.33,4120000
15314,509581,FIFGROUP,67500000,220323000,24,7.86,10623000
15315,509582,FIFGROUP,63400000,130628000,24,5.19,6007000
15316,509583,Maybank Finance,118800000,251385000,24,7.95,12139000
15317,509586,BFI Finance,100700000,191008000,48,6.19,4964000
15318,509587,Astra Credit,117400000,291746000,24,8.88,14315000
15319,509589,Astra Credit,93000000,178728000,12,8.63,16179000
15320,509590,Mandiri Tunas Finance,72500000,177361000,48,8.42,4939000
15321,509591,Adira Finance,80400000,193215000,60,4.34,3919000
15322,509592,Maybank Finance,285800000,548809000,24,4.29,24829000
15323,509593,FIFGROUP,223300000,431600000,48,7.29,11613000
15324,509595,FIFGROUP,241400000,706207000,24,3.72,31614000
15325,509598,Adira Finance,78400000,239615000,24,7.32,11445000
15326,509600,Adira Finance,208300000,590123000,60,5.00,12294000
15327,509602,BCA Finance,151300000,310904000,48,5.77,7972000
15328,509604,Mandiri Tunas Finance,48200000,140944000,12,5.08,12341000
15329,509605,Mandiri Tunas Finance,214900000,593624000,60,4.52,12129000
15330,509607,Astra Credit,71300000,220075000,48,9.39,6306000
15331,509608,BCA Finance,189500000,505582000,36,8.64,17684000
15332,509609,Astra Credit,283100000,582367000,24,4.07,26240000
15333,509610,Maybank Finance,896400000,2292408000,24,6.58,108087000
15334,509611,Mandiri Tunas Finance,59300000,213649000,12,7.46,19132000
15335,509614,BFI Finance,200500000,388244000,60,8.30,9156000
15336,509616,Maybank Finance,139600000,284975000,12,9.21,25935000
15337,509617,Astra Credit,184200000,632760000,24,9.48,31363000
15338,509618,Astra Credit,101200000,328037000,12,6.85,29208000
15339,509619,FIFGROUP,57800000,227692000,36,8.15,7871000
15340,509620,Mandiri Tunas Finance,249200000,583300000,12,4.29,50693000
15341,509621,BCA Finance,195300000,645636000,48,7.69,17588000
15342,509622,FIFGROUP,263900000,651184000,12,8.57,58915000
15343,509624,Adira Finance,326300000,625192000,36,4.50,19710000
15344,509626,FIFGROUP,84100000,227588000,48,5.66,5814000
15345,509628,Astra Credit,62700000,157524000,48,8.16,4352000
15346,509629,Adira Finance,84100000,218375000,36,5.25,7021000
15347,509630,Astra Credit,68600000,152512000,24,6.15,7136000
15348,509631,Astra Credit,100000000,330791000,36,8.16,11438000
15349,509633,BCA Finance,292400000,828034000,60,5.39,17519000
15350,509634,BCA Finance,129600000,350031000,12,4.19,30391000
15351,509636,Maybank Finance,88000000,176069000,36,6.20,5800000
15352,509639,BCA Finance,352900000,1007072000,12,4.36,87581000
15353,509640,BCA Finance,68500000,243521000,24,8.55,11881000
15354,509641,FIFGROUP,179400000,652878000,60,5.79,14031000
15355,509642,Adira Finance,222400000,580352000,48,9.23,16554000
15356,509643,Adira Finance,115800000,322650000,12,7.75,28971000
15357,509644,Adira Finance,71200000,189872000,36,6.00,6223000
15358,509648,BCA Finance,70100000,146350000,36,3.74,4521000
15359,509649,BFI Finance,64900000,209936000,36,7.74,7185000
15360,509650,FIFGROUP,88500000,242280000,48,8.53,6769000
15361,509652,Astra Credit,71100000,206067000,24,4.83,9415000
15362,509653,BCA Finance,211700000,452302000,60,4.95,9404000
15363,509654,Adira Finance,62800000,211925000,36,7.04,7130000
15364,509656,BCA Finance,68900000,188620000,36,6.42,6248000
15365,509657,Mandiri Tunas Finance,621000000,1471905000,48,4.79,36540000
15366,509658,Mandiri Tunas Finance,161300000,328321000,48,3.52,7803000
15367,509661,Mandiri Tunas Finance,87900000,191709000,24,5.15,8810000
15368,509662,FIFGROUP,39300000,138300000,12,3.81,11964000
15369,509663,Mandiri Tunas Finance,112500000,291207000,36,3.98,9054000
15370,509664,BFI Finance,118100000,304477000,36,7.43,10342000
15371,509666,FIFGROUP,89800000,212786000,24,9.23,10502000
15372,509667,Adira Finance,105300000,196065000,36,5.62,6364000
15373,509669,BFI Finance,61300000,191114000,12,8.24,17238000
15374,509670,Mandiri Tunas Finance,128700000,285885000,48,5.85,7349000
15375,509672,Astra Credit,118200000,313590000,24,3.55,13993000
15376,509673,Astra Credit,96900000,203577000,48,4.04,4926000
15377,509674,Astra Credit,91100000,200386000,48,5.19,5041000
15378,509675,Maybank Finance,547000000,1832174000,60,6.01,39712000
15379,509677,Mandiri Tunas Finance,57300000,194559000,48,8.44,5421000
15380,509678,Adira Finance,105600000,306432000,36,6.98,10294000
15381,509683,Astra Credit,85600000,247067000,48,3.91,5952000
15382,509685,Maybank Finance,394600000,1101458000,24,6.34,51713000
15383,509687,BFI Finance,249200000,583966000,48,8.13,16122000
15384,509688,Mandiri Tunas Finance,92500000,201428000,24,4.72,9185000
15385,509689,BCA Finance,54600000,122556000,36,8.18,4239000
15386,509691,BFI Finance,168300000,643110000,48,4.91,16029000
15387,509692,Adira Finance,59300000,122629000,60,6.23,2680000
15388,509693,Maybank Finance,93200000,315058000,24,7.67,15141000
15389,509695,BCA Finance,111500000,280108000,36,5.34,9027000
15390,509696,Mandiri Tunas Finance,93100000,178184000,12,6.44,15804000
15391,509698,BFI Finance,622300000,1258706000,12,7.01,112245000
15392,509699,BFI Finance,114200000,317257000,24,8.01,15336000
15393,509704,BCA Finance,65700000,206805000,60,6.25,4523000
15394,509705,Maybank Finance,109800000,290910000,36,8.69,10187000
15395,509708,Adira Finance,129000000,307563000,36,7.07,10355000
15396,509710,Mandiri Tunas Finance,71400000,239400000,24,4.65,10902000
15397,509711,Maybank Finance,72600000,239976000,12,9.15,21827000
15398,509712,BFI Finance,276400000,525242000,24,6.20,24598000
15399,509717,BCA Finance,47800000,155663000,24,7.95,7517000
15400,509720,Mandiri Tunas Finance,62400000,208884000,24,6.65,9861000
15401,509722,Mandiri Tunas Finance,202800000,575643000,24,9.41,28499000
15402,509723,BCA Finance,57500000,182038000,60,5.03,3797000
15403,509724,BCA Finance,172500000,642351000,48,6.44,16829000
15404,509725,Adira Finance,123000000,356409000,36,6.18,11735000
15405,509727,BCA Finance,73600000,247967000,36,4.48,7813000
15406,509730,BCA Finance,836700000,2623059000,36,6.42,86896000
15407,509731,Maybank Finance,179800000,699542000,24,8.61,34166000
15408,509732,Maybank Finance,131600000,264781000,12,8.41,23920000
15409,509733,Adira Finance,127400000,346903000,36,6.10,11399000
15410,509734,Maybank Finance,89600000,341191000,60,7.57,7838000
15411,509737,BCA Finance,106100000,375529000,24,7.05,17853000
15412,509738,Adira Finance,540400000,1100180000,60,8.87,26468000
15413,509740,Adira Finance,242500000,566246000,24,5.63,26250000
15414,509742,Astra Credit,80000000,216370000,12,6.09,19128000
15415,509743,FIFGROUP,290200000,565610000,24,5.13,25985000
15416,509744,BFI Finance,140700000,263895000,24,5.46,12196000
15417,509745,Mandiri Tunas Finance,60700000,239111000,12,4.60,20842000
15418,509746,BCA Finance,387400000,1251626000,36,3.56,38480000
15419,509747,Mandiri Tunas Finance,104200000,310940000,12,5.41,27313000
15420,509748,Adira Finance,74200000,184985000,60,3.64,3644000
15421,509750,Mandiri Tunas Finance,54600000,118116000,48,6.49,3099000
15422,509751,Adira Finance,101200000,196946000,12,8.59,17821000
15423,509752,Astra Credit,77700000,243978000,48,6.03,6308000
15424,509753,BCA Finance,62700000,239442000,36,5.30,7708000
15425,509754,Mandiri Tunas Finance,61300000,213092000,24,8.71,10425000
15426,509757,BFI Finance,91900000,236216000,36,9.16,8364000
15427,509758,FIFGROUP,159100000,323084000,48,8.32,8970000
15428,509759,BFI Finance,89800000,213674000,60,6.63,4741000
15429,509760,BCA Finance,46600000,125006000,48,5.75,3203000
15430,509761,Maybank Finance,154900000,292208000,12,7.79,26247000
15431,509762,Maybank Finance,44700000,131346000,36,6.62,4373000
15432,509763,Astra Credit,161600000,322582000,48,4.04,7806000
15433,509765,Astra Credit,130600000,272330000,24,4.08,12273000
15434,509767,Adira Finance,100600000,369929000,36,7.95,12726000
15435,509768,Adira Finance,57600000,220233000,24,5.87,10253000
15436,509771,FIFGROUP,76700000,172939000,24,6.11,8086000
15437,509773,Maybank Finance,149200000,308120000,36,6.90,10330000
15438,509774,Maybank Finance,102800000,225982000,12,4.49,19677000
15439,509776,Adira Finance,92800000,186365000,24,6.77,8816000
15440,509778,FIFGROUP,138700000,272000000,48,8.60,7616000
15441,509779,Astra Credit,69700000,162845000,24,8.80,7979000
15442,509784,Mandiri Tunas Finance,52200000,163917000,36,8.96,5777000
15443,509788,Mandiri Tunas Finance,89800000,214895000,36,9.02,7584000
15444,509789,Astra Credit,178700000,665011000,36,4.86,21165000
15445,509790,BFI Finance,67100000,150571000,60,7.74,3480000
15446,509791,FIFGROUP,109300000,287303000,48,4.70,7110000
15447,509792,Maybank Finance,103000000,214349000,12,8.11,19311000
15448,509794,Astra Credit,196800000,657345000,60,4.36,13344000
15449,509795,Mandiri Tunas Finance,203200000,417734000,60,3.76,8271000
15450,509797,BCA Finance,59300000,161701000,24,7.39,7733000
15451,509798,BCA Finance,66300000,135165000,60,7.40,3086000
15452,509800,BFI Finance,97800000,391155000,48,4.85,9729000
15453,509801,Maybank Finance,117800000,284797000,60,6.41,6267000
15454,509802,Mandiri Tunas Finance,48400000,165719000,36,7.10,5583000
15455,509805,Adira Finance,78000000,235575000,24,7.44,11276000
15456,509806,BCA Finance,116500000,320285000,24,3.79,14356000
15457,509807,Mandiri Tunas Finance,95900000,215566000,48,4.70,5335000
15458,509810,Adira Finance,244300000,461216000,60,6.98,10369000
15459,509815,FIFGROUP,46300000,165266000,60,5.12,3459000
15460,509816,Adira Finance,118100000,347212000,36,8.19,12014000
15461,509817,Adira Finance,87600000,295017000,12,8.35,26637000
15462,509819,Maybank Finance,156400000,307691000,48,3.85,7397000
15463,509821,Adira Finance,149300000,558880000,36,4.71,17718000
15464,509824,Astra Credit,93200000,175864000,24,5.62,8151000
15465,509825,BCA Finance,115900000,326324000,48,9.05,9259000
15466,509827,FIFGROUP,232100000,547675000,12,6.69,48692000
15467,509828,Astra Credit,80400000,319422000,36,6.19,10520000
15468,509829,Astra Credit,111800000,295015000,36,8.12,10191000
15469,509831,Adira Finance,92500000,213860000,60,4.90,4437000
15470,509832,Mandiri Tunas Finance,130600000,291977000,36,5.75,9509000
15471,509833,Maybank Finance,60900000,194511000,48,3.91,4686000
15472,509835,FIFGROUP,148800000,536181000,24,4.44,24324000
15473,509836,FIFGROUP,125300000,319144000,60,6.64,7084000
15474,509837,BCA Finance,89900000,179386000,12,9.32,16342000
15475,509838,Adira Finance,77100000,189411000,36,5.85,6184000
15476,509839,Maybank Finance,86600000,279922000,36,3.97,8701000
15477,509841,FIFGROUP,61400000,143173000,60,8.67,3420000
15478,509842,Mandiri Tunas Finance,85100000,181633000,24,6.87,8607000
15479,509843,Mandiri Tunas Finance,82700000,169825000,48,8.81,4784000
15480,509844,Mandiri Tunas Finance,71100000,266340000,36,7.18,8991000
15481,509848,Adira Finance,67700000,268852000,12,4.22,23349000
15482,509849,Adira Finance,112500000,304083000,60,6.48,6710000
15483,509850,Astra Credit,270200000,559636000,60,6.34,12284000
15484,509851,FIFGROUP,158000000,622774000,12,4.35,54155000
15485,509852,FIFGROUP,81900000,250212000,36,7.49,8512000
15486,509853,Mandiri Tunas Finance,294100000,558713000,36,4.85,17777000
15487,509854,BCA Finance,218000000,640474000,12,7.00,57108000
15488,509855,Astra Credit,156300000,291252000,60,7.06,6567000
15489,509856,Maybank Finance,141100000,405464000,36,4.37,12739000
15490,509858,Maybank Finance,82400000,223849000,60,8.15,5251000
15491,509859,BFI Finance,242800000,457721000,48,5.89,11782000
15492,509860,Maybank Finance,68500000,210665000,36,6.65,7019000
15493,509861,Mandiri Tunas Finance,78900000,223242000,48,7.81,6103000
15494,509865,Astra Credit,41500000,130883000,48,4.93,3264000
15495,509868,FIFGROUP,167000000,314407000,36,5.10,10069000
15496,509869,Maybank Finance,85900000,208250000,24,9.06,10249000
15497,509870,BFI Finance,108700000,290678000,36,3.75,8982000
15498,509872,FIFGROUP,242700000,573039000,60,9.27,13977000
15499,509873,Adira Finance,95500000,209528000,60,4.05,4199000
15500,509874,Adira Finance,138000000,311106000,60,3.91,6198000
15501,509877,Maybank Finance,97600000,226076000,60,7.33,5148000
15502,509878,Maybank Finance,453000000,957921000,60,4.38,19461000
15503,509881,FIFGROUP,94800000,208896000,60,4.36,4240000
15504,509883,Adira Finance,198300000,622878000,60,3.52,12208000
15505,509884,Maybank Finance,210000000,402387000,24,4.37,18231000
15506,509886,BFI Finance,143900000,362815000,60,8.90,8737000
15507,509887,Adira Finance,158300000,328324000,24,8.85,16101000
15508,509888,Astra Credit,57900000,118923000,24,4.14,5365000
15509,509889,Adira Finance,81300000,177219000,60,9.20,4312000
15510,509891,Adira Finance,106300000,212270000,24,8.05,10268000
15511,509893,Adira Finance,134000000,461404000,12,9.50,42103000
15512,509895,BCA Finance,94400000,341941000,12,4.74,29845000
15513,509896,Adira Finance,73900000,255992000,60,5.56,5452000
15514,509897,BCA Finance,116400000,342585000,12,9.09,31143000
15515,509898,Mandiri Tunas Finance,208200000,491877000,12,4.43,42805000
15516,509899,BFI Finance,159500000,327235000,60,6.91,7338000
15517,509901,Mandiri Tunas Finance,110900000,211777000,12,7.18,18915000
15518,509902,Astra Credit,101400000,222276000,12,8.59,20114000
15519,509903,FIFGROUP,157000000,324962000,12,5.76,28639000
15520,509905,Maybank Finance,150400000,550787000,36,5.41,17782000
15521,509906,Maybank Finance,144900000,327183000,48,7.10,8752000
15522,509907,Maybank Finance,206700000,406797000,60,7.95,9474000
15523,509908,Maybank Finance,81000000,161535000,36,5.14,5178000
15524,509910,FIFGROUP,101400000,210510000,60,7.16,4764000
15525,509911,BFI Finance,164100000,541749000,36,4.63,17138000
15526,509912,Maybank Finance,130500000,286083000,12,8.29,25816000
15527,509914,BCA Finance,91600000,222419000,12,9.12,20225000
15528,509915,BFI Finance,90900000,174723000,24,5.13,8027000
15529,509916,Astra Credit,275700000,550140000,24,9.09,27089000
15530,509918,Mandiri Tunas Finance,40700000,149776000,60,3.62,2948000
15531,509919,BCA Finance,177400000,408458000,12,9.03,37111000
15532,509920,Mandiri Tunas Finance,152500000,550130000,60,5.35,11621000
15533,509921,Mandiri Tunas Finance,39700000,136457000,24,5.20,6277000
15534,509922,Mandiri Tunas Finance,55600000,152303000,24,9.41,7540000
15535,509924,Maybank Finance,113400000,379107000,48,5.46,9622000
15536,509925,Mandiri Tunas Finance,80800000,191039000,48,8.44,5323000
15537,509927,Adira Finance,149100000,345849000,12,5.35,30362000
15538,509928,BFI Finance,79400000,237616000,12,6.10,21009000
15539,509929,Adira Finance,255500000,682339000,36,5.51,22086000
15540,509930,Mandiri Tunas Finance,488400000,1080807000,36,6.18,35588000
15541,509931,BCA Finance,43900000,149129000,48,4.86,3710000
15542,509932,FIFGROUP,88800000,265623000,12,5.83,23425000
15543,509933,Maybank Finance,95200000,361010000,36,9.18,12789000
15544,509934,Adira Finance,584500000,1400069000,36,6.76,46777000
15545,509935,FIFGROUP,50800000,172976000,24,7.77,8327000
15546,509936,Astra Credit,197400000,617451000,24,4.31,27944000
15547,509937,Astra Credit,130800000,366924000,36,8.10,12669000
15548,509940,Mandiri Tunas Finance,49100000,184000000,12,9.48,16786000
15549,509942,BCA Finance,95100000,341907000,12,4.08,29654000
15550,509943,Astra Credit,101200000,206714000,24,7.66,9932000
15551,509946,BFI Finance,92300000,354142000,12,8.69,32076000
15552,509947,Adira Finance,103000000,375521000,48,5.56,9563000
15553,509948,Maybank Finance,81900000,163410000,12,8.18,14731000
15554,509949,BCA Finance,51300000,196008000,60,6.62,4348000
15555,509950,BCA Finance,153300000,315453000,36,5.99,10337000
15556,509952,Maybank Finance,87300000,337164000,24,5.40,15565000
15557,509953,Adira Finance,84600000,328986000,48,5.96,8487000
15558,509954,FIFGROUP,72200000,246037000,12,4.28,21380000
15559,509955,Mandiri Tunas Finance,65600000,134311000,36,6.78,4489000
15560,509956,FIFGROUP,54500000,210013000,12,5.78,18512000
15561,509957,FIFGROUP,93400000,326291000,60,3.58,6411000
15562,509958,Adira Finance,314100000,627291000,48,5.49,15938000
15563,509962,Adira Finance,64800000,211701000,12,8.54,19148000
15564,509963,Astra Credit,66900000,242457000,36,9.01,8555000
15565,509964,Adira Finance,145600000,311609000,36,8.35,10824000
15566,509965,FIFGROUP,271000000,559946000,36,5.05,17910000
15567,509966,FIFGROUP,133100000,292696000,24,9.34,14473000
15568,509967,Mandiri Tunas Finance,81300000,237825000,36,5.03,7603000
15569,509968,BCA Finance,157900000,314849000,60,7.71,7270000
15570,509969,BCA Finance,69900000,198165000,48,6.39,5183000
15571,509972,BCA Finance,50100000,163686000,24,7.51,7844000
15572,509973,BCA Finance,71100000,239589000,48,6.40,6269000
15573,509974,Adira Finance,44800000,171983000,48,7.73,4690000
15574,509976,Maybank Finance,112500000,298089000,12,3.90,25809000
15575,509978,Astra Credit,99100000,391298000,60,8.97,9446000
15576,509980,Maybank Finance,85300000,234713000,48,3.99,5670000
15577,509981,Adira Finance,54700000,139328000,36,6.92,4673000
15578,509982,BCA Finance,352100000,795751000,24,9.12,39203000
15579,509983,Astra Credit,254700000,534288000,60,7.15,12088000
15580,509984,BCA Finance,83700000,329109000,12,6.81,29293000
15581,509985,FIFGROUP,82100000,313171000,36,8.39,10888000
15582,509986,BCA Finance,127000000,388817000,60,8.51,9237000
15583,509987,Mandiri Tunas Finance,715300000,2505143000,24,4.42,113608000
15584,509988,BCA Finance,63600000,194697000,48,7.67,5300000
15585,509989,BCA Finance,121300000,281408000,48,9.02,7977000
15586,509990,BCA Finance,75000000,188958000,36,5.41,6100000
15587,509991,BCA Finance,230000000,584296000,36,5.85,19078000
15588,509994,Astra Credit,93600000,215091000,48,9.48,6180000
15589,509995,Adira Finance,76600000,185249000,60,8.07,4333000
15590,509996,Mandiri Tunas Finance,133800000,258141000,24,9.46,12790000
15591,509997,Adira Finance,135300000,361203000,60,8.39,8545000
15592,510000,FIFGROUP,171500000,419797000,12,6.78,37354000
