service_id,customer_id,vehicle_id,dealer_id,service_date,service_type,service_cost,customer_satisfaction_score
7001,2453,127,40,2021-11-13,Repair,2624000,2
7002,2453,127,40,2024-02-21,Periodic,1542000,5
7003,2453,127,40,2022-01-10,Repair,3324000,4
7004,3385,132,20,2024-01-25,Periodic,1131000,3
7005,3385,132,20,2025-10-03,Repair,2583000,5
7006,2486,113,73,2024-08-31,Periodic,722000,3
7007,2486,113,73,2024-10-27,Periodic,1340000,5
7008,3281,105,89,2025-07-29,Repair,2132000,4
7009,3446,103,105,2025-09-23,Periodic,1001000,4
7010,3446,103,105,2024-03-09,Periodic,952000,4
7011,3446,103,105,2025-12-16,Periodic,1885000,5
7012,3706,165,74,2025-07-06,Periodic,1936000,5
7013,2134,108,52,2023-10-20,Periodic,1488000,3
7014,2134,108,52,2020-10-29,Repair,5026000,5
7015,1211,125,104,2022-08-07,Repair,6522000,3
7016,1211,125,104,2023-08-09,Periodic,2070000,3
7017,1211,125,104,2023-02-03,Periodic,1893000,4
7018,3767,102,58,2024-02-20,Warranty,431000,4
7019,3948,138,75,2022-09-22,Warranty,365000,5
7020,2754,180,62,2022-03-29,Periodic,1713000,5
7021,2396,139,45,2025-03-17,Periodic,1481000,4
7022,2739,124,47,2024-12-05,Warranty,480000,4
7023,2739,124,47,2021-12-07,Periodic,951000,5
7024,4498,151,120,2024-06-25,Repair,2411000,1
7025,4498,151,120,2021-06-09,Periodic,1511000,4
7026,2086,120,52,2022-01-28,Periodic,675000,3
7027,2086,120,52,2022-12-17,Repair,4778000,5
7028,1136,109,60,2024-10-15,Repair,3352000,5
7029,1136,109,60,2025-04-30,Periodic,1857000,5
7030,1035,133,23,2023-07-21,Periodic,1419000,3
7031,2539,126,22,2024-01-29,Body & Paint,6656000,5
7032,1437,117,61,2023-12-19,Repair,7466000,5
7033,1437,117,61,2022-08-29,Periodic,861000,4
7034,4233,120,94,2024-05-12,Warranty,445000,2
7035,4233,120,94,2025-01-10,Body & Paint,6028000,3
7036,3051,111,91,2022-08-25,Warranty,120000,4
7037,3051,111,91,2022-05-24,Periodic,1314000,1
7038,3051,111,91,2025-01-20,Periodic,808000,5
7039,5350,108,23,2025-06-10,Periodic,1557000,5
7040,5264,111,7,2022-05-13,Warranty,310000,3
7041,5264,111,7,2023-11-25,Periodic,1558000,5
7042,4560,123,53,2024-12-14,Periodic,825000,5
7043,1661,101,78,2025-09-24,Periodic,1050000,3
7044,3536,103,114,2025-07-02,Body & Paint,5717000,4
7045,3536,103,114,2025-08-10,Periodic,1754000,4
7046,4824,116,5,2025-04-12,Warranty,432000,2
7047,1149,135,33,2025-10-03,Periodic,2194000,1
7048,2206,127,59,2023-10-29,Body & Paint,3884000,4
7049,2597,115,13,2024-10-01,Warranty,20000,4
7050,2597,115,13,2025-09-11,Body & Paint,2500000,2
7051,2597,115,13,2025-01-30,Periodic,1296000,1
7052,3790,163,17,2025-01-28,Periodic,1899000,3
7053,3790,163,17,2024-05-24,Periodic,1226000,4
7054,4566,104,45,2024-02-14,Periodic,1543000,5
7055,4566,104,45,2024-07-15,Periodic,643000,5
7056,2180,120,110,2022-10-31,Periodic,939000,2
7057,5367,179,90,2024-06-13,Repair,1545000,4
7058,5367,179,90,2023-11-11,Warranty,77000,3
7059,3928,138,44,2025-09-13,Periodic,1233000,4
7060,1652,123,120,2024-09-17,Periodic,1662000,4
7061,1652,123,120,2023-06-10,Periodic,1664000,5
7062,1652,123,120,2025-08-24,Periodic,1934000,3
7063,3300,179,2,2022-06-30,Repair,3081000,2
7064,4014,175,69,2024-10-12,Periodic,955000,5
7065,3848,103,41,2024-10-20,Periodic,861000,2
7066,3838,110,57,2020-12-08,Periodic,1167000,3
7067,3838,110,57,2022-10-08,Periodic,768000,5
7068,2470,117,39,2025-07-05,Periodic,2143000,3
7069,2470,117,39,2022-11-18,Body & Paint,11242000,4
7070,1154,102,70,2025-08-04,Periodic,866000,3
7071,1154,102,70,2025-05-21,Body & Paint,6408000,5
7072,4974,158,65,2025-08-19,Periodic,2172000,4
7073,4974,158,65,2025-12-18,Repair,5094000,4
7074,5162,105,112,2024-09-09,Repair,2221000,5
7075,4239,104,104,2022-03-18,Periodic,1106000,4
7076,1773,107,6,2022-08-13,Periodic,777000,4
7077,2983,125,46,2023-12-19,Periodic,787000,5
7078,3213,114,18,2025-11-23,Periodic,721000,4
7079,1491,127,50,2024-04-01,Periodic,1890000,5
7080,1491,127,50,2024-03-18,Periodic,1640000,5
7081,1491,127,50,2025-07-25,Repair,2887000,2
7082,5351,120,85,2025-03-29,Warranty,135000,5
7083,5351,120,85,2024-06-08,Repair,2533000,5
7084,2718,106,36,2025-07-27,Warranty,461000,5
7085,1944,109,91,2023-09-29,Periodic,764000,4
7086,1944,109,91,2022-03-15,Warranty,219000,5
7087,3243,128,103,2022-02-12,Periodic,1907000,5
7088,2323,109,40,2025-06-03,Repair,5339000,5
7089,1734,122,37,2024-07-10,Repair,4170000,5
7090,1734,122,37,2023-07-10,Repair,4255000,3
7091,3328,131,53,2025-09-16,Warranty,335000,4
7092,3190,111,74,2025-11-17,Periodic,2158000,5
7093,1096,111,60,2023-03-09,Periodic,1123000,5
7094,1096,111,60,2024-05-21,Warranty,172000,5
7095,1799,122,51,2024-08-11,Periodic,1641000,4
7096,1799,122,51,2025-11-13,Periodic,992000,4
7097,1799,122,51,2025-11-09,Periodic,2118000,4
7098,4236,126,65,2021-12-22,Warranty,258000,5
7099,4411,129,95,2024-08-18,Periodic,1417000,4
7100,4411,129,95,2024-10-23,Periodic,1894000,4
7101,1527,110,118,2024-03-19,Repair,6824000,5
7102,1527,110,118,2024-02-14,Repair,7253000,5
7103,1527,110,118,2022-07-11,Periodic,1329000,5
7104,1498,115,77,2023-05-26,Body & Paint,4580000,4
7105,1498,115,77,2022-08-09,Repair,5600000,5
7106,2208,127,28,2025-01-03,Periodic,1772000,5
7107,2208,127,28,2022-05-04,Periodic,922000,3
7108,4327,143,83,2024-12-28,Warranty,46000,3
7109,4551,101,108,2021-10-13,Body & Paint,4044000,5
7110,4321,165,107,2025-11-04,Periodic,1033000,5
7111,3080,118,9,2023-10-01,Repair,5980000,3
7112,3080,118,9,2024-02-28,Repair,6945000,5
7113,4664,104,33,2023-12-30,Body & Paint,3949000,5
7114,4664,104,33,2023-11-24,Repair,3645000,5
7115,4664,104,33,2023-12-27,Warranty,249000,4
7116,4084,125,23,2025-02-05,Body & Paint,11880000,2
7117,4084,125,23,2024-05-17,Periodic,667000,4
7118,4551,141,101,2024-08-22,Periodic,1672000,4
7119,1963,110,30,2022-06-21,Periodic,1421000,4
7120,3938,107,110,2023-11-12,Periodic,906000,5
7121,3938,107,110,2022-02-08,Periodic,1330000,5
7122,2901,140,118,2024-01-24,Repair,7752000,5
7123,2345,116,74,2024-07-11,Periodic,1969000,2
7124,2345,116,74,2024-07-16,Periodic,802000,4
7125,4762,106,21,2022-06-19,Body & Paint,11801000,5
7126,5034,180,117,2024-09-20,Repair,7053000,5
7127,2400,138,58,2023-07-12,Periodic,1350000,4
7128,2400,138,58,2023-12-21,Repair,3560000,5
7129,2363,129,120,2025-11-12,Periodic,804000,3
7130,1860,125,63,2025-05-15,Body & Paint,11711000,4
7131,3225,139,60,2023-11-29,Periodic,1034000,5
7132,2479,106,108,2025-01-16,Repair,7634000,4
7133,2479,106,108,2024-06-20,Body & Paint,3868000,3
7134,4046,106,53,2025-01-26,Periodic,1642000,2
7135,4169,148,38,2024-11-29,Warranty,17000,4
7136,4425,133,113,2023-08-05,Periodic,1417000,4
7137,4425,133,113,2022-08-18,Periodic,893000,4
7138,4425,133,113,2020-12-27,Repair,2348000,5
7139,2777,110,57,2023-10-15,Warranty,112000,2
7140,2777,110,57,2025-07-23,Body & Paint,7611000,4
7141,2777,110,57,2023-08-09,Repair,5409000,4
7142,2998,131,45,2024-03-04,Repair,7147000,4
7143,2998,131,45,2023-09-19,Periodic,1125000,1
7144,2998,131,45,2025-12-28,Periodic,2157000,3
7145,1954,110,76,2024-06-27,Repair,5370000,4
7146,4308,138,96,2022-10-23,Repair,2102000,5
7147,4308,138,96,2023-10-22,Periodic,1201000,4
7148,4308,138,96,2025-06-15,Periodic,1634000,2
7149,1064,111,76,2025-05-03,Repair,6375000,3
7150,1064,111,76,2025-11-23,Periodic,1183000,5
7151,1064,111,76,2024-12-25,Periodic,1608000,5
7152,1607,106,81,2025-05-23,Body & Paint,9047000,5
7153,1885,110,82,2021-05-25,Periodic,1524000,4
7154,1885,110,82,2021-03-09,Repair,5334000,4
7155,1016,132,120,2023-08-01,Periodic,777000,5
7156,1016,132,120,2022-12-22,Periodic,1959000,5
7157,1016,132,120,2024-09-23,Periodic,1926000,5
7158,4542,116,32,2024-04-09,Repair,3848000,4
7159,4056,111,108,2023-10-08,Repair,2390000,5
7160,4056,111,108,2024-01-05,Repair,3965000,4
7161,1534,102,95,2025-11-19,Repair,5403000,5
7162,5074,125,105,2022-11-03,Periodic,1420000,3
7163,5065,115,54,2020-11-21,Body & Paint,5584000,4
7164,1106,109,1,2023-08-28,Periodic,1306000,5
7165,5344,101,89,2023-09-15,Periodic,1364000,5
7166,5344,101,89,2023-04-07,Periodic,1798000,4
7167,4455,103,55,2025-07-01,Repair,7436000,3
7168,1409,104,46,2024-08-08,Periodic,2091000,5
7169,1409,104,46,2024-06-17,Body & Paint,5997000,5
7170,1409,104,46,2024-09-30,Periodic,1867000,3
7171,1308,152,62,2025-12-17,Repair,7739000,4
7172,4396,147,68,2023-08-11,Repair,3419000,3
7173,4396,147,68,2022-05-21,Periodic,786000,4
7174,4396,147,68,2020-11-06,Periodic,1634000,5
7175,1424,107,50,2024-03-22,Periodic,1672000,5
7176,1424,107,50,2024-04-17,Periodic,1595000,4
7177,1424,107,50,2022-08-04,Warranty,129000,5
7178,1817,148,16,2025-08-04,Periodic,1754000,4
7179,2095,117,58,2025-01-09,Repair,6192000,3
7180,2095,117,58,2025-08-04,Periodic,784000,4
7181,5293,127,119,2023-03-07,Periodic,1487000,3
7182,3702,125,105,2020-09-20,Warranty,9000,3
7183,3702,125,105,2024-01-02,Periodic,1410000,1
7184,3702,125,105,2021-09-03,Warranty,106000,4
7185,1387,120,11,2025-04-12,Periodic,1030000,5
7186,4044,104,112,2022-09-14,Body & Paint,9662000,4
7187,4044,104,112,2022-05-20,Periodic,1823000,5
7188,1763,126,51,2025-04-29,Periodic,1705000,5
7189,3020,105,32,2025-06-26,Periodic,2076000,4
7190,3020,105,32,2025-05-01,Periodic,1252000,3
7191,1051,112,35,2023-06-13,Repair,4465000,4
7192,1051,112,35,2024-03-24,Periodic,749000,4
7193,1051,112,35,2024-01-23,Warranty,5000,4
7194,5126,140,52,2023-12-19,Periodic,993000,5
7195,5126,140,52,2025-03-13,Periodic,1363000,5
7196,5126,140,52,2024-06-05,Repair,6530000,4
7197,3497,120,103,2022-09-26,Periodic,1982000,3
7198,3497,120,103,2022-10-10,Periodic,737000,5
7199,3497,120,103,2021-06-19,Periodic,1994000,4
7200,2651,113,10,2025-09-08,Repair,2770000,4
7201,1911,109,109,2025-01-05,Periodic,778000,5
7202,1911,109,109,2025-07-23,Periodic,1824000,4
7203,2376,160,99,2023-10-17,Warranty,239000,3
7204,2376,160,99,2025-02-03,Periodic,2004000,4
7205,2468,108,74,2022-06-16,Periodic,1102000,4
7206,2468,108,74,2023-07-20,Repair,2117000,1
7207,2468,108,74,2022-06-20,Repair,4108000,4
7208,4548,159,103,2024-03-02,Periodic,689000,5
7209,4548,159,103,2023-09-13,Repair,7494000,4
7210,4548,159,103,2024-07-20,Repair,3303000,3
7211,1534,114,29,2025-01-26,Periodic,1725000,4
7212,1534,114,29,2022-09-06,Periodic,665000,4
7213,1534,114,29,2025-02-15,Periodic,956000,5
7214,5031,138,69,2021-09-11,Warranty,401000,4
7215,3806,129,22,2023-11-26,Repair,4055000,5
7216,3806,129,22,2025-11-20,Repair,6614000,5
7217,4709,102,30,2024-07-27,Repair,6494000,4
7218,2619,117,45,2024-12-06,Periodic,1178000,4
7219,2619,117,45,2024-01-03,Warranty,304000,5
7220,1561,103,65,2024-10-22,Periodic,2085000,3
7221,1561,103,65,2025-03-20,Repair,5034000,2
7222,1561,103,65,2025-06-23,Periodic,2161000,4
7223,1195,114,111,2023-10-06,Periodic,970000,5
7224,2055,133,14,2022-08-09,Body & Paint,8806000,5
7225,2055,133,14,2022-10-08,Body & Paint,4848000,5
7226,2573,104,80,2025-10-20,Periodic,1346000,5
7227,2573,104,80,2025-12-16,Warranty,55000,3
7228,4682,105,31,2023-10-08,Periodic,1164000,5
7229,4682,105,31,2023-04-21,Periodic,1211000,5
7230,4682,105,31,2021-09-30,Periodic,2180000,3
7231,3005,128,113,2025-02-18,Periodic,746000,2
7232,4708,111,87,2023-02-09,Periodic,644000,4
7233,4708,111,87,2023-09-29,Warranty,297000,3
7234,4075,140,99,2025-05-30,Periodic,946000,3
7235,4075,140,99,2024-10-22,Periodic,1194000,5
7236,2318,112,108,2025-04-30,Periodic,2080000,5
7237,3661,167,80,2024-11-28,Periodic,812000,2
7238,3661,167,80,2024-06-18,Warranty,25000,4
7239,4160,110,24,2023-10-20,Body & Paint,10868000,5
7240,4160,110,24,2024-03-05,Body & Paint,4352000,4
7241,2247,115,34,2024-04-16,Repair,4306000,5
7242,2247,115,34,2022-12-28,Warranty,210000,4
7243,1291,118,112,2023-11-23,Body & Paint,8407000,3
7244,1291,118,112,2024-04-22,Periodic,605000,4
7245,1291,118,112,2024-03-02,Warranty,338000,5
7246,1731,122,30,2024-12-14,Periodic,1120000,5
7247,5475,110,58,2025-05-13,Periodic,1066000,4
7248,2141,145,98,2024-12-08,Periodic,1175000,4
7249,2141,145,98,2025-12-15,Periodic,1264000,4
7250,3762,138,86,2022-04-05,Body & Paint,9695000,5
7251,3762,138,86,2023-04-25,Repair,5410000,4
7252,3762,138,86,2021-08-27,Periodic,1366000,4
7253,4851,116,78,2024-04-06,Repair,6053000,5
7254,4851,116,78,2023-07-08,Periodic,2041000,3
7255,1423,107,118,2023-08-12,Periodic,2110000,5
7256,1423,107,118,2024-11-03,Periodic,1063000,2
7257,5326,115,21,2024-02-11,Body & Paint,11343000,4
7258,2112,142,90,2022-05-20,Repair,2488000,5
7259,3725,129,72,2024-02-16,Warranty,14000,5
7260,1489,116,4,2025-05-25,Periodic,1208000,4
7261,5135,122,117,2022-06-10,Body & Paint,8578000,5
7262,2689,118,38,2024-04-07,Repair,7378000,5
7263,2689,118,38,2025-04-23,Periodic,904000,5
7264,2393,153,84,2023-12-30,Repair,4140000,5
7265,4400,140,112,2023-08-27,Periodic,1016000,3
7266,4400,140,112,2025-07-08,Repair,3874000,4
7267,3436,111,19,2025-03-11,Repair,2746000,5
7268,2274,130,15,2024-09-11,Warranty,159000,4
7269,2274,130,15,2022-11-21,Periodic,1884000,5
7270,2274,130,15,2023-08-02,Warranty,327000,4
7271,2346,117,100,2020-10-10,Repair,6015000,3
7272,2346,117,100,2020-10-10,Periodic,1616000,5
7273,2346,117,100,2021-05-23,Repair,3989000,2
7274,4181,105,80,2025-05-09,Periodic,1819000,5
7275,5109,106,105,2022-11-24,Warranty,52000,4
7276,2462,181,59,2024-07-30,Periodic,1706000,4
7277,2462,181,59,2024-09-02,Repair,1693000,4
7278,2462,181,59,2023-05-29,Repair,1844000,1
7279,3762,123,53,2024-03-02,Periodic,1367000,5
7280,3183,119,53,2024-07-14,Repair,5538000,3
7281,2076,136,27,2023-11-13,Repair,1924000,5
7282,1468,125,98,2025-04-01,Periodic,1424000,3
7283,1468,125,98,2024-01-14,Warranty,110000,4
7284,1468,125,98,2025-11-27,Repair,6795000,5
7285,3204,112,4,2022-10-28,Periodic,1524000,3
7286,3204,112,4,2022-05-28,Periodic,1234000,4
7287,5475,115,93,2022-09-14,Periodic,950000,5
7288,2006,141,63,2022-07-03,Warranty,282000,5
7289,3885,123,95,2023-01-15,Periodic,1912000,4
7290,4880,107,113,2021-07-20,Body & Paint,7712000,3
7291,4880,107,113,2021-07-10,Periodic,689000,5
7292,4880,107,113,2021-07-09,Periodic,1667000,3
7293,3729,116,109,2022-12-13,Periodic,1839000,5
7294,2247,133,116,2022-12-09,Periodic,1957000,5
7295,4544,132,76,2021-11-29,Warranty,150000,4
7296,4544,132,76,2023-02-10,Repair,5741000,5
7297,1230,139,115,2024-04-29,Periodic,2180000,5
7298,1230,139,115,2022-08-04,Periodic,1851000,5
7299,1230,139,115,2023-01-27,Repair,6429000,4
7300,5094,115,64,2025-01-19,Repair,2533000,3
7301,5337,107,107,2025-06-22,Warranty,473000,4
7302,4916,110,39,2025-06-28,Body & Paint,9301000,5
7303,4916,110,39,2024-08-14,Body & Paint,10832000,5
7304,4949,101,103,2025-10-25,Repair,7285000,5
7305,1649,162,31,2024-04-21,Repair,6138000,4
7306,1649,162,31,2025-12-17,Repair,2188000,5
7307,1253,133,19,2025-01-06,Repair,3718000,5
7308,1253,133,19,2023-12-28,Periodic,1456000,5
7309,1253,133,19,2025-06-11,Periodic,1416000,3
7310,1421,180,88,2021-11-08,Body & Paint,6152000,5
7311,1421,180,88,2023-04-17,Repair,7127000,3
7312,1421,180,88,2023-10-17,Periodic,1344000,5
7313,5346,103,1,2025-12-24,Periodic,1314000,4
7314,5346,103,1,2025-10-19,Periodic,1734000,2
7315,1943,148,105,2025-12-09,Repair,3640000,4
7316,1654,106,89,2023-11-10,Periodic,1471000,5
7317,4995,107,52,2025-09-23,Warranty,322000,3
7318,3244,132,88,2025-11-14,Periodic,1624000,5
7319,4268,154,106,2025-01-04,Warranty,413000,4
7320,4268,154,106,2023-12-25,Body & Paint,5614000,3
7321,5282,146,92,2023-01-03,Periodic,856000,4
7322,5282,146,92,2023-02-16,Repair,5323000,4
7323,5282,146,92,2024-11-22,Repair,7697000,4
7324,3511,103,46,2024-01-07,Periodic,2092000,5
7325,3511,103,46,2025-05-26,Repair,6584000,5
7326,4133,120,61,2024-05-31,Warranty,127000,4
7327,4133,120,61,2022-08-23,Body & Paint,9857000,4
7328,4393,125,102,2025-03-29,Repair,6341000,4
7329,4393,125,102,2025-09-13,Periodic,997000,5
7330,2003,129,81,2025-09-08,Periodic,1654000,5
7331,5236,106,62,2023-01-05,Periodic,1195000,5
7332,3479,109,98,2022-10-01,Warranty,13000,5
7333,4777,162,80,2024-11-17,Periodic,1281000,5
7334,4777,162,80,2023-08-14,Periodic,1417000,4
7335,4777,162,80,2025-07-26,Body & Paint,10011000,5
7336,2932,115,25,2023-12-08,Periodic,865000,4
7337,2932,115,25,2022-08-19,Periodic,2120000,5
7338,2247,138,57,2025-10-02,Repair,4017000,4
7339,1629,116,98,2025-06-17,Periodic,1033000,5
7340,4005,108,29,2024-04-26,Repair,7186000,4
7341,4438,106,114,2025-07-30,Warranty,139000,5
7342,4438,106,114,2025-01-30,Periodic,2186000,4
7343,1328,101,41,2025-06-04,Periodic,2096000,5
7344,1328,101,41,2024-01-05,Periodic,1047000,4
7345,3069,114,69,2024-06-09,Repair,4067000,4
7346,3069,114,69,2024-11-30,Repair,3027000,1
7347,1106,121,68,2024-06-19,Periodic,653000,3
7348,1106,121,68,2023-11-10,Periodic,894000,5
7349,3355,121,110,2024-01-27,Periodic,1156000,1
7350,3190,103,75,2023-06-28,Periodic,1664000,4
7351,3190,103,75,2022-06-22,Periodic,1670000,4
7352,3190,103,75,2022-09-08,Periodic,654000,5
7353,5017,105,62,2024-07-07,Periodic,1522000,5
7354,5017,105,62,2025-08-30,Repair,6198000,2
7355,3660,105,63,2025-06-24,Repair,2613000,2
7356,3660,105,63,2023-09-18,Periodic,1999000,4
7357,2389,185,84,2025-03-19,Warranty,275000,5
7358,2389,185,84,2024-04-15,Periodic,1788000,5
7359,2389,185,84,2025-01-13,Periodic,1950000,2
7360,4631,104,108,2021-09-15,Periodic,1014000,5
7361,4631,104,108,2024-01-27,Repair,6775000,4
7362,3799,125,17,2023-10-22,Body & Paint,11365000,5
7363,3799,125,17,2022-11-13,Periodic,1292000,4
7364,3799,125,17,2021-03-09,Body & Paint,3553000,5
7365,4933,136,77,2022-11-13,Body & Paint,8308000,5
7366,5494,132,102,2021-07-21,Periodic,1920000,5
7367,5494,132,102,2023-04-15,Repair,5747000,4
7368,1125,103,111,2025-09-09,Repair,3249000,5
7369,2416,108,117,2023-11-06,Repair,4867000,4
7370,2416,108,117,2022-09-09,Warranty,167000,5
7371,4744,125,36,2024-04-11,Periodic,963000,1
7372,5492,176,118,2024-11-17,Body & Paint,3948000,5
7373,4871,139,21,2025-12-27,Repair,4528000,5
7374,1621,163,4,2024-07-20,Warranty,292000,5
7375,4235,105,59,2024-12-23,Periodic,722000,5
7376,3118,115,106,2024-01-10,Periodic,2044000,5
7377,3118,115,106,2024-08-03,Periodic,825000,4
7378,2896,181,26,2020-10-07,Periodic,838000,4
7379,2896,181,26,2022-07-20,Repair,7123000,5
7380,2896,181,26,2021-07-24,Periodic,910000,3
7381,2812,137,100,2024-08-18,Periodic,2084000,5
7382,4336,114,97,2022-10-10,Periodic,1789000,5
7383,4336,114,97,2021-05-27,Periodic,700000,3
7384,4336,114,97,2023-07-22,Repair,5557000,4
7385,5320,102,61,2024-10-13,Warranty,155000,5
7386,5320,102,61,2024-03-30,Periodic,923000,3
7387,5320,102,61,2024-02-07,Body & Paint,8475000,5
7388,3932,105,116,2025-09-25,Periodic,1705000,5
7389,3932,105,116,2024-09-07,Repair,6226000,3
7390,3932,105,116,2023-10-07,Repair,5154000,4
7391,3870,114,89,2025-06-03,Periodic,1037000,4
7392,4898,123,75,2024-04-08,Periodic,705000,5
7393,4898,123,75,2024-08-13,Warranty,128000,5
7394,4717,110,99,2025-12-22,Periodic,1525000,2
7395,1521,113,55,2023-03-16,Repair,7455000,4
7396,3311,110,12,2024-12-14,Warranty,150000,4
7397,5104,130,5,2024-11-03,Body & Paint,10920000,4
7398,5104,130,5,2023-09-22,Periodic,1483000,3
7399,2025,148,64,2024-01-27,Periodic,1537000,4
7400,5098,119,53,2025-06-29,Periodic,1433000,3
7401,5098,119,53,2023-05-04,Repair,2906000,4
7402,2334,124,95,2025-08-16,Body & Paint,10715000,3
7403,2334,124,95,2024-05-21,Periodic,651000,4
7404,2334,124,95,2024-01-08,Periodic,1410000,4
7405,1122,175,18,2025-02-11,Periodic,774000,4
7406,1967,102,18,2025-10-13,Body & Paint,10231000,4
7407,1967,102,18,2025-10-01,Periodic,790000,5
7408,3116,113,48,2024-05-25,Repair,2446000,5
7409,3116,113,48,2023-11-15,Repair,4830000,4
7410,3116,113,48,2024-08-30,Periodic,1692000,4
7411,5043,132,3,2025-07-03,Periodic,1545000,5
7412,5043,132,3,2023-12-13,Periodic,1389000,2
7413,1707,169,75,2024-07-22,Repair,5569000,5
7414,1021,145,46,2025-02-19,Periodic,1208000,3
7415,2327,128,6,2025-10-01,Periodic,2020000,5
7416,1369,174,117,2021-12-08,Periodic,669000,5
7417,3154,109,3,2022-04-11,Periodic,805000,2
7418,3154,109,3,2022-04-11,Repair,3230000,4
7419,3154,109,3,2024-04-27,Warranty,208000,5
7420,2524,108,24,2025-11-13,Body & Paint,8486000,4
7421,1388,138,7,2025-12-23,Periodic,2037000,4
7422,1142,167,66,2022-11-06,Periodic,1944000,5
7423,3202,107,46,2025-03-31,Periodic,1923000,5
7424,2892,115,22,2024-09-08,Periodic,616000,3
7425,2892,115,22,2024-11-05,Periodic,901000,5
7426,2780,139,63,2025-11-02,Periodic,1926000,3
7427,4517,122,19,2023-05-14,Repair,6110000,4
7428,4517,122,19,2023-05-31,Periodic,1077000,2
7429,4517,122,19,2024-05-22,Periodic,949000,4
7430,2794,136,76,2025-11-23,Repair,6461000,5
7431,3602,152,59,2025-03-23,Repair,6268000,4
7432,5450,125,54,2021-09-29,Repair,1990000,5
7433,1716,138,100,2022-09-02,Repair,7521000,4
7434,1716,138,100,2022-08-25,Periodic,1741000,4
7435,5389,115,41,2024-06-27,Body & Paint,7630000,4
7436,1409,108,108,2025-09-24,Periodic,1933000,4
7437,1982,178,46,2024-03-22,Periodic,1785000,3
7438,1982,178,46,2023-04-04,Repair,5300000,5
7439,1222,109,95,2025-05-27,Periodic,999000,4
7440,3294,158,106,2022-03-30,Periodic,776000,5
7441,3294,158,106,2023-06-12,Repair,6935000,3
7442,3294,158,106,2021-08-20,Repair,6849000,3
7443,3345,117,21,2025-12-30,Periodic,1496000,2
7444,3345,117,21,2025-01-17,Repair,7217000,1
7445,3653,101,42,2025-05-21,Body & Paint,6515000,5
7446,3653,101,42,2025-02-21,Periodic,1875000,4
7447,2297,123,60,2024-02-26,Repair,2281000,4
7448,4991,103,48,2024-10-21,Periodic,1270000,5
7449,4991,103,48,2025-04-12,Periodic,1802000,4
7450,1321,117,51,2023-01-27,Periodic,924000,5
7451,1321,117,51,2022-04-21,Body & Paint,4031000,5
7452,1837,114,10,2024-07-22,Periodic,1022000,4
7453,1837,114,10,2025-02-18,Periodic,1188000,4
7454,4641,147,80,2023-12-23,Warranty,336000,4
7455,4641,147,80,2023-09-24,Warranty,132000,5
7456,3136,118,60,2020-10-14,Periodic,1006000,4
7457,2936,177,51,2023-03-21,Periodic,1485000,4
7458,2936,177,51,2024-10-08,Warranty,345000,4
7459,1025,102,19,2025-09-21,Periodic,1495000,4
7460,1025,102,19,2025-12-06,Warranty,463000,5
7461,2536,109,97,2025-05-31,Warranty,200000,5
7462,2536,109,97,2023-12-02,Repair,3534000,1
7463,1549,117,59,2025-11-09,Periodic,1116000,5
7464,4046,165,18,2023-06-13,Repair,1925000,5
7465,4046,165,18,2024-10-17,Periodic,1649000,3
7466,4046,165,18,2021-08-03,Repair,7225000,5
7467,4302,107,60,2025-11-04,Repair,5654000,5
7468,4302,107,60,2025-11-13,Repair,6730000,4
7469,2240,112,58,2023-08-23,Periodic,951000,5
7470,2240,112,58,2025-08-19,Periodic,1628000,5
7471,2240,112,58,2023-09-04,Repair,2631000,5
7472,4854,106,34,2023-09-01,Periodic,1018000,3
7473,4932,117,38,2024-01-31,Repair,2914000,5
7474,1868,130,3,2024-12-31,Periodic,1122000,4
7475,5048,172,65,2022-08-16,Repair,3622000,5
7476,4907,102,18,2024-02-03,Warranty,429000,5
7477,4907,102,18,2024-10-21,Body & Paint,6648000,2
7478,1587,103,20,2021-11-08,Periodic,1165000,4
7479,1587,103,20,2021-10-19,Periodic,1604000,5
7480,1254,101,72,2024-03-12,Repair,5171000,5
7481,3915,131,28,2023-03-06,Body & Paint,5998000,5
7482,3915,131,28,2022-10-01,Periodic,1483000,4
7483,5000,125,94,2024-11-17,Periodic,1474000,4
7484,2582,103,98,2024-02-21,Repair,3156000,4
7485,2582,103,98,2025-07-11,Repair,2064000,4
7486,2582,103,98,2024-08-30,Repair,4224000,3
7487,4084,134,115,2025-09-08,Periodic,1213000,5
7488,4084,134,115,2024-02-02,Periodic,786000,5
7489,4084,134,115,2025-02-14,Periodic,908000,5
7490,3053,119,53,2025-10-25,Periodic,1890000,4
7491,3053,119,53,2023-12-16,Repair,2311000,3
7492,2971,111,39,2023-05-10,Repair,4708000,4
7493,2971,111,39,2023-04-27,Periodic,1092000,1
7494,3353,130,12,2025-06-13,Repair,2082000,5
7495,4156,112,21,2024-10-21,Body & Paint,11281000,4
7496,2978,149,19,2025-01-07,Periodic,1065000,5
7497,4122,177,104,2022-12-28,Periodic,1966000,4
7498,4122,177,104,2023-09-16,Repair,1501000,1
7499,5377,109,87,2024-06-02,Repair,4910000,4
7500,5377,109,87,2023-02-05,Repair,3250000,5
7501,5377,109,87,2023-11-26,Periodic,1596000,3
7502,3219,169,71,2025-04-15,Periodic,1492000,5
7503,4130,138,86,2025-06-01,Repair,3517000,4
7504,5002,104,94,2024-09-29,Periodic,1617000,4
7505,5002,104,94,2025-03-21,Warranty,37000,5
7506,5002,104,94,2023-05-16,Repair,5173000,5
7507,4194,112,97,2023-10-02,Warranty,104000,4
7508,5048,115,80,2024-03-02,Periodic,1356000,5
7509,5048,115,80,2022-09-11,Periodic,1767000,5
7510,3241,116,88,2021-05-08,Periodic,1669000,5
7511,3241,116,88,2023-12-01,Warranty,10000,4
7512,3241,116,88,2021-02-14,Periodic,1809000,4
7513,5483,111,64,2021-03-04,Repair,5759000,5
7514,5483,111,64,2022-12-29,Periodic,1129000,4
7515,1998,113,113,2024-06-26,Repair,7605000,3
7516,2191,121,115,2022-11-21,Periodic,922000,4
7517,2191,121,115,2022-12-04,Periodic,1547000,3
7518,4403,136,77,2024-09-15,Periodic,1077000,4
7519,4403,136,77,2024-09-10,Periodic,938000,2
7520,5392,122,103,2025-03-27,Periodic,1194000,5
7521,3939,101,90,2025-11-18,Periodic,1639000,4
7522,3939,101,90,2025-12-12,Periodic,1509000,5
7523,3736,108,103,2020-10-28,Periodic,1118000,5
7524,3736,108,103,2022-03-07,Body & Paint,10910000,4
7525,3616,129,12,2025-10-11,Periodic,1884000,5
7526,3616,129,12,2024-06-12,Periodic,1658000,4
7527,3297,132,17,2024-07-03,Body & Paint,7015000,4
7528,3297,132,17,2023-07-27,Periodic,764000,4
7529,3297,132,17,2022-11-08,Periodic,1764000,4
7530,2351,105,88,2025-03-04,Repair,4130000,4
7531,1118,108,31,2021-07-10,Periodic,993000,4
7532,1118,108,31,2021-01-26,Repair,5271000,4
7533,1118,108,31,2023-11-30,Periodic,1884000,5
7534,2466,126,36,2024-03-23,Periodic,1728000,5
7535,2466,126,36,2022-02-13,Periodic,1966000,3
7536,2466,126,36,2023-05-22,Periodic,861000,5
7537,2130,144,25,2024-03-24,Periodic,1837000,4
7538,2130,144,25,2024-11-26,Periodic,1630000,1
7539,4229,134,49,2024-05-30,Periodic,801000,5
7540,4667,138,68,2023-12-14,Periodic,1637000,4
7541,4667,138,68,2021-10-04,Warranty,326000,5
7542,3761,130,20,2023-03-02,Periodic,966000,4
7543,3761,130,20,2024-01-22,Repair,2673000,5
7544,3766,104,76,2022-07-05,Periodic,1314000,5
7545,3766,104,76,2023-06-14,Periodic,1930000,5
7546,2475,128,78,2025-12-19,Periodic,1827000,5
7547,2475,128,78,2023-11-30,Repair,2141000,3
7548,2475,128,78,2025-07-30,Body & Paint,11768000,3
7549,3918,115,109,2025-01-16,Periodic,1004000,2
7550,2423,127,107,2025-08-13,Repair,3255000,5
7551,3841,107,120,2025-04-29,Repair,3423000,5
7552,2461,106,4,2024-07-29,Periodic,1914000,4
7553,2461,106,4,2023-10-29,Periodic,1734000,5
7554,2461,106,4,2021-04-10,Repair,4430000,4
7555,5304,136,102,2025-09-11,Warranty,379000,5
7556,4174,113,76,2025-11-15,Repair,5082000,5
7557,4174,113,76,2025-12-06,Periodic,1586000,4
7558,3014,117,32,2022-09-20,Periodic,2000000,1
7559,3014,117,32,2024-07-25,Periodic,1821000,4
7560,1074,138,89,2024-10-09,Periodic,1208000,5
7561,1074,138,89,2024-06-16,Warranty,315000,5
7562,3588,126,11,2024-12-31,Periodic,2154000,5
7563,3588,112,58,2025-01-16,Periodic,1447000,5
7564,3588,112,58,2025-05-03,Body & Paint,6628000,5
7565,3588,112,58,2023-05-23,Periodic,601000,5
7566,3834,125,29,2025-05-28,Repair,6740000,5
7567,3442,139,65,2025-11-12,Periodic,989000,5
7568,2144,114,31,2025-10-04,Body & Paint,6412000,3
7569,2573,149,2,2025-01-20,Repair,4014000,4
7570,2573,149,2,2024-09-08,Periodic,1398000,2
7571,3307,142,15,2025-09-10,Periodic,1038000,3
7572,3307,142,15,2025-01-14,Periodic,1351000,1
7573,3995,110,44,2025-09-01,Warranty,428000,4
7574,3804,112,45,2025-05-02,Periodic,657000,4
7575,3301,138,108,2025-07-31,Periodic,1110000,5
7576,3570,129,108,2024-12-07,Periodic,1670000,5
7577,1897,114,109,2025-02-07,Repair,5491000,1
7578,1897,114,109,2025-06-02,Periodic,1361000,4
7579,1897,114,109,2023-08-19,Body & Paint,8987000,5
7580,3514,105,56,2025-05-19,Periodic,1451000,4
7581,4289,106,47,2024-05-25,Repair,3913000,3
7582,1198,102,35,2022-10-15,Repair,7671000,4
7583,1198,102,35,2021-10-05,Repair,1983000,3
7584,2894,176,44,2023-07-05,Repair,4608000,4
7585,2894,176,44,2023-04-11,Periodic,1130000,5
7586,2002,120,47,2023-08-10,Repair,5744000,4
7587,2002,120,47,2024-12-08,Periodic,1306000,5
7588,2002,120,47,2024-05-30,Periodic,1836000,4
7589,3860,105,89,2024-03-14,Warranty,411000,3
7590,2432,103,25,2024-10-14,Repair,7547000,2
7591,4820,131,110,2022-05-05,Periodic,2122000,5
7592,4820,131,110,2022-10-30,Warranty,476000,5
7593,3632,130,52,2025-11-02,Body & Paint,4580000,5
7594,2815,150,34,2024-09-07,Periodic,1940000,4
7595,2815,150,34,2022-12-21,Body & Paint,9133000,3
7596,5321,106,12,2025-05-21,Periodic,1479000,5
7597,1584,139,49,2024-01-08,Warranty,36000,3
7598,1584,139,49,2022-03-10,Periodic,770000,3
7599,1584,139,49,2024-06-02,Periodic,1915000,5
7600,1560,109,8,2025-04-13,Repair,2134000,5
7601,4303,152,94,2025-02-08,Repair,4152000,5
7602,2360,129,16,2025-03-25,Repair,4215000,2
7603,2360,129,16,2022-10-16,Periodic,1082000,1
7604,2360,129,16,2024-05-09,Repair,4343000,1
7605,2242,165,7,2024-01-08,Periodic,1886000,2
7606,2242,165,7,2024-05-04,Warranty,117000,4
7607,1095,115,101,2023-05-13,Periodic,845000,3
7608,1095,115,101,2023-12-04,Periodic,969000,4
7609,1095,115,101,2024-06-01,Periodic,2032000,1
7610,1672,158,56,2024-04-30,Repair,3016000,3
7611,4260,116,50,2025-10-18,Periodic,2075000,2
7612,4260,116,50,2025-09-01,Repair,6969000,3
7613,2600,113,34,2024-11-17,Repair,2468000,5
7614,3522,111,105,2024-12-04,Repair,2061000,5
7615,3522,111,105,2025-01-17,Periodic,723000,4
7616,1039,131,51,2022-01-19,Periodic,894000,1
7617,1039,131,51,2023-04-07,Periodic,1229000,5
7618,2293,124,49,2025-05-28,Periodic,1636000,5
7619,4131,111,54,2025-03-21,Periodic,1546000,2
7620,1455,104,17,2024-08-09,Periodic,841000,5
7621,1455,104,17,2022-11-21,Periodic,1953000,5
7622,1455,104,17,2022-10-28,Periodic,1067000,4
7623,1451,124,9,2024-10-19,Warranty,452000,3
7624,1451,124,9,2022-09-13,Repair,5549000,4
7625,3560,162,115,2023-04-01,Periodic,1006000,5
7626,2218,118,97,2025-12-14,Repair,3909000,3
7627,2218,118,97,2025-12-15,Repair,1757000,1
7628,1966,101,72,2023-10-29,Periodic,1480000,5
7629,1966,101,72,2025-02-15,Periodic,671000,4
7630,1966,101,72,2025-01-26,Periodic,1208000,5
7631,5063,177,115,2021-10-13,Periodic,1697000,2
7632,5063,177,115,2024-05-04,Warranty,479000,5
7633,5063,177,115,2021-07-28,Periodic,1140000,5
7634,3175,144,39,2023-01-15,Repair,4081000,5
7635,3175,144,39,2024-08-11,Repair,4766000,4
7636,3175,144,39,2022-05-19,Periodic,1918000,5
7637,5140,122,98,2025-12-19,Warranty,237000,4
7638,3384,122,43,2024-08-30,Periodic,2058000,4
7639,3838,113,114,2023-10-26,Periodic,1207000,2
7640,3838,113,114,2025-12-11,Periodic,1411000,5
7641,5013,107,116,2024-04-19,Periodic,2091000,5
7642,5013,107,116,2024-05-19,Periodic,1548000,4
7643,3253,108,97,2025-04-28,Periodic,1062000,5
7644,1743,113,41,2022-07-29,Periodic,2114000,3
7645,1743,113,41,2023-01-16,Periodic,2191000,4
7646,1743,113,41,2022-05-01,Periodic,2086000,3
7647,4642,125,119,2025-03-09,Warranty,336000,4
7648,5298,117,113,2025-12-30,Repair,5550000,5
7649,4788,112,7,2025-02-14,Repair,2860000,5
7650,4788,112,7,2024-05-31,Periodic,1337000,5
7651,4788,112,7,2024-07-16,Warranty,44000,4
7652,5436,106,81,2025-05-23,Periodic,2167000,5
7653,2561,130,2,2025-08-09,Periodic,1777000,5
7654,3640,114,37,2025-09-16,Repair,2545000,5
7655,4689,103,56,2024-09-07,Warranty,368000,4
7656,4689,103,56,2025-09-02,Body & Paint,2929000,4
7657,3354,141,111,2025-08-29,Repair,7141000,5
7658,3354,141,111,2025-05-03,Periodic,1691000,2
7659,5419,122,10,2021-05-30,Periodic,1081000,5
7660,5419,122,10,2023-04-30,Periodic,1072000,4
7661,5419,122,10,2021-06-26,Periodic,1060000,4
7662,2835,141,95,2023-04-03,Periodic,1520000,5
7663,4410,156,47,2025-04-02,Periodic,1991000,5
7664,4410,156,47,2025-09-16,Repair,5316000,5
7665,2385,136,71,2023-07-17,Periodic,1339000,4
7666,2385,136,71,2025-01-06,Periodic,1518000,5
7667,1072,106,97,2025-03-13,Periodic,1729000,5
7668,1072,106,97,2024-08-09,Periodic,1788000,5
7669,4359,162,87,2024-07-27,Warranty,23000,5
7670,3635,109,119,2025-03-02,Periodic,1550000,4
7671,5424,106,107,2025-07-24,Periodic,1571000,5
7672,5100,132,53,2024-09-20,Periodic,1657000,2
7673,4157,110,27,2024-06-16,Periodic,1985000,5
7674,4157,110,27,2025-01-23,Periodic,815000,5
7675,4153,110,108,2022-12-31,Warranty,55000,4
7676,4153,110,108,2025-11-15,Warranty,183000,5
7677,4153,110,108,2024-06-20,Periodic,2028000,5
7678,1437,103,10,2021-06-28,Warranty,158000,5
7679,1437,103,10,2023-09-21,Warranty,320000,3
7680,1437,103,10,2023-07-11,Repair,7797000,5
7681,4251,124,88,2025-01-30,Body & Paint,7423000,4
7682,3601,136,72,2025-01-25,Repair,6500000,4
7683,3518,114,77,2025-01-31,Periodic,758000,5
7684,3175,149,53,2024-04-06,Repair,5338000,4
7685,1418,118,51,2022-07-24,Periodic,1053000,5
7686,4490,176,58,2024-07-10,Repair,7177000,5
7687,3007,109,51,2023-04-29,Warranty,246000,4
7688,3007,109,51,2024-02-19,Warranty,213000,2
7689,3007,109,51,2024-10-17,Repair,2695000,2
7690,3946,111,96,2024-01-10,Repair,2047000,2
7691,3946,111,96,2024-03-14,Warranty,430000,5
7692,3946,111,96,2022-12-07,Periodic,1489000,5
7693,2769,132,91,2024-01-26,Repair,4513000,3
7694,2769,132,91,2024-06-20,Periodic,1835000,5
7695,2874,103,83,2025-12-29,Periodic,1558000,3
7696,2874,103,83,2024-12-19,Repair,4716000,4
7697,2143,116,22,2024-06-24,Body & Paint,4881000,5
7698,2143,116,22,2024-03-16,Warranty,213000,5
7699,4273,129,116,2021-08-01,Body & Paint,7497000,3
7700,4273,129,116,2022-10-26,Repair,2054000,5
7701,4273,129,116,2022-03-03,Periodic,1145000,4
7702,1274,139,47,2024-12-28,Repair,7825000,5
7703,2153,101,34,2025-06-07,Repair,4827000,5
7704,5452,107,110,2025-05-02,Periodic,665000,5
7705,1242,111,100,2025-02-22,Repair,6091000,5
7706,4539,156,66,2025-02-03,Warranty,384000,3
7707,4539,156,66,2025-09-10,Periodic,1549000,4
7708,3728,122,119,2023-04-21,Body & Paint,11747000,4
7709,3728,122,119,2024-07-08,Periodic,1684000,4
7710,4132,124,19,2025-10-15,Warranty,67000,5
7711,4833,123,85,2025-07-18,Periodic,1033000,2
7712,4768,103,3,2022-09-22,Periodic,869000,4
7713,4768,103,3,2024-02-28,Periodic,1454000,3
7714,4768,103,3,2024-05-12,Repair,3897000,1
7715,2298,124,60,2022-03-06,Periodic,754000,4
7716,2977,121,107,2025-06-10,Repair,6622000,5
7717,2947,119,3,2023-05-13,Repair,2417000,5
7718,2947,119,3,2025-07-03,Repair,2482000,4
7719,2945,128,111,2025-02-20,Periodic,828000,5
7720,2945,128,111,2025-03-23,Periodic,1332000,5
7721,4005,132,53,2025-04-18,Warranty,18000,3
7722,4005,132,53,2025-12-16,Body & Paint,5256000,5
7723,3672,104,96,2025-06-13,Periodic,1151000,4
7724,3672,104,96,2025-07-21,Warranty,65000,5
7725,3545,130,100,2025-03-18,Periodic,1580000,4
7726,3545,130,100,2024-03-26,Repair,2987000,5
7727,3545,130,100,2022-09-17,Periodic,2164000,4
7728,5431,149,45,2025-08-15,Warranty,59000,5
7729,4438,125,64,2022-01-04,Periodic,1338000,5
7730,4438,125,64,2023-01-29,Repair,2070000,5
7731,1076,121,99,2024-05-24,Repair,2886000,1
7732,1833,120,100,2021-12-19,Repair,3874000,2
7733,1833,120,100,2022-07-03,Periodic,1638000,5
7734,1707,151,103,2023-04-22,Repair,5388000,5
7735,1707,151,103,2024-06-29,Body & Paint,8300000,3
7736,2455,132,60,2022-01-28,Periodic,1530000,2
7737,2455,132,60,2024-04-24,Periodic,1060000,5
7738,2553,116,83,2024-03-05,Repair,7484000,4
7739,3845,103,83,2024-12-01,Periodic,804000,4
7740,3845,103,83,2024-11-22,Periodic,1017000,4
7741,3965,102,36,2025-04-10,Periodic,1067000,4
7742,3965,102,36,2024-11-10,Body & Paint,5331000,5
7743,5356,116,34,2025-08-15,Periodic,1350000,1
7744,5356,116,34,2024-03-04,Periodic,922000,4
7745,5356,116,34,2025-04-11,Periodic,807000,4
7746,2297,170,30,2021-10-06,Periodic,1131000,4
7747,2297,170,30,2022-08-08,Repair,6933000,3
7748,3118,106,3,2020-10-09,Repair,7014000,3
7749,2463,111,88,2024-11-10,Periodic,1880000,5
7750,3495,157,37,2024-02-27,Periodic,1997000,4
7751,4150,133,19,2025-10-10,Warranty,292000,5
7752,5291,118,48,2024-09-04,Repair,6152000,5
7753,5291,118,48,2025-06-21,Warranty,112000,5
7754,1159,128,111,2021-07-28,Periodic,805000,4
7755,1159,128,111,2021-07-26,Repair,2895000,3
7756,1075,119,118,2024-12-01,Periodic,1421000,5
7757,1075,119,118,2024-03-23,Periodic,809000,3
7758,1133,132,48,2025-12-13,Periodic,2077000,3
7759,2586,173,90,2024-10-30,Periodic,752000,5
7760,2586,173,90,2024-07-19,Periodic,1970000,4
7761,2586,173,90,2024-08-07,Periodic,737000,3
7762,1418,105,53,2025-02-15,Warranty,202000,4
7763,4277,101,96,2025-05-14,Warranty,78000,2
7764,5299,104,59,2025-12-02,Periodic,1299000,5
7765,5126,109,42,2021-02-16,Body & Paint,4337000,4
7766,3015,120,18,2021-08-10,Body & Paint,5345000,4
7767,2974,110,22,2025-05-31,Repair,6845000,2
7768,1386,150,83,2022-03-04,Periodic,918000,2
7769,1386,150,83,2021-10-16,Periodic,1458000,5
7770,4510,103,73,2025-09-29,Periodic,1780000,5
7771,1905,128,24,2023-12-18,Repair,6681000,4
7772,1905,128,24,2025-08-14,Repair,1787000,4
7773,1905,128,24,2023-08-25,Repair,2462000,5
7774,5075,104,88,2025-11-02,Body & Paint,4943000,5
7775,1449,132,20,2025-09-11,Repair,4249000,5
7776,1945,143,68,2025-07-23,Periodic,2130000,5
7777,5050,102,62,2025-07-14,Periodic,721000,4
7778,5050,102,62,2024-02-01,Warranty,452000,5
7779,1117,105,4,2025-11-24,Repair,7192000,4
7780,1117,105,4,2025-08-30,Repair,6628000,4
7781,2178,153,3,2022-09-01,Periodic,1826000,5
7782,2178,153,3,2024-11-11,Repair,7921000,4
7783,2178,153,3,2023-07-13,Repair,2766000,5
7784,4332,135,72,2025-09-30,Periodic,1460000,5
7785,2606,138,3,2025-12-09,Repair,5016000,4
7786,1463,119,82,2024-10-07,Body & Paint,4275000,5
7787,1463,119,82,2024-08-16,Periodic,1569000,3
7788,1276,125,88,2025-12-08,Periodic,1272000,1
7789,1355,139,101,2025-04-02,Periodic,2101000,3
7790,5454,140,38,2023-06-02,Warranty,206000,4
7791,5454,140,38,2025-09-01,Periodic,1134000,5
7792,1963,168,40,2024-03-02,Periodic,1706000,4
7793,5302,129,20,2025-01-08,Body & Paint,6209000,4
7794,1584,123,22,2025-06-19,Body & Paint,2999000,5
7795,4191,112,48,2025-11-28,Periodic,1422000,3
7796,4191,112,48,2023-11-10,Body & Paint,9595000,5
7797,3937,108,54,2025-05-05,Repair,7986000,5
7798,3937,108,54,2022-09-22,Repair,7108000,5
7799,2893,131,26,2025-08-19,Periodic,714000,4
7800,3337,109,111,2025-11-04,Body & Paint,7228000,5
7801,2165,127,36,2025-11-12,Periodic,1305000,3
7802,2165,127,36,2022-12-05,Periodic,1401000,4
7803,2165,127,36,2025-02-01,Periodic,1533000,5
7804,4730,109,45,2022-02-21,Repair,4697000,5
7805,4730,109,45,2022-05-23,Periodic,1279000,4
7806,3705,149,71,2023-06-07,Body & Paint,6441000,4
7807,3705,149,71,2024-06-26,Periodic,2104000,5
7808,1428,110,100,2024-02-17,Periodic,1542000,4
7809,3361,108,38,2025-12-09,Periodic,794000,5
7810,3950,143,116,2023-07-31,Periodic,697000,3
7811,3950,143,116,2023-08-09,Periodic,1673000,5
7812,3201,108,31,2025-05-06,Periodic,1571000,4
7813,1369,106,16,2021-06-13,Repair,6693000,2
7814,1369,106,16,2023-08-26,Periodic,981000,4
7815,1369,106,16,2021-12-26,Periodic,1107000,3
7816,2952,135,56,2025-09-07,Periodic,707000,2
7817,2952,135,56,2025-02-02,Periodic,1741000,4
7818,1718,101,73,2025-07-16,Periodic,1243000,4
7819,1718,101,73,2025-12-28,Repair,3679000,4
7820,4223,133,104,2023-05-08,Periodic,772000,5
7821,4223,133,104,2023-01-23,Body & Paint,4856000,4
7822,3090,103,19,2025-07-07,Periodic,1004000,1
7823,4957,102,113,2023-11-24,Repair,6596000,5
7824,4957,102,113,2024-09-20,Periodic,2183000,2
7825,4971,132,6,2025-09-16,Body & Paint,9569000,5
7826,2795,103,31,2024-10-18,Body & Paint,9225000,5
7827,4082,103,119,2025-11-14,Periodic,1699000,4
7828,1710,107,98,2024-06-02,Repair,5013000,5
7829,1710,107,98,2024-01-07,Repair,2818000,4
7830,1586,123,49,2024-05-24,Periodic,1488000,3
7831,1586,123,49,2025-06-11,Repair,7488000,4
7832,1586,123,49,2024-11-17,Periodic,1262000,5
7833,1661,116,119,2023-01-06,Periodic,824000,4
7834,1661,116,119,2022-10-18,Repair,3970000,4
7835,4436,116,84,2022-10-08,Periodic,1987000,5
7836,4436,116,84,2022-06-28,Periodic,1504000,4
7837,4436,116,84,2021-09-05,Repair,4178000,5
7838,4008,114,89,2025-04-12,Repair,3113000,4
7839,4556,110,55,2023-08-22,Periodic,1832000,5
7840,4556,110,55,2021-11-07,Warranty,59000,5
7841,3365,184,14,2025-04-30,Repair,7821000,4
7842,3365,184,14,2024-06-01,Periodic,2071000,2
7843,2346,101,62,2023-06-01,Periodic,1924000,4
7844,2346,101,62,2021-11-05,Periodic,1905000,5
7845,1957,109,17,2023-07-31,Repair,7809000,4
7846,1957,109,17,2024-03-23,Repair,4179000,5
7847,1957,109,17,2021-10-19,Warranty,16000,4
7848,1651,104,74,2024-10-25,Periodic,1242000,4
7849,1651,104,74,2024-09-28,Periodic,1364000,5
7850,1651,104,74,2023-07-09,Periodic,1485000,4
7851,2749,116,45,2023-01-28,Body & Paint,10923000,4
7852,1904,107,70,2025-12-08,Periodic,2035000,4
7853,4742,120,39,2024-02-15,Warranty,124000,5
7854,1383,110,46,2022-10-07,Periodic,1023000,1
7855,1383,110,46,2023-01-13,Repair,6605000,5
7856,1383,110,46,2023-09-02,Periodic,1481000,3
7857,5458,116,84,2025-11-26,Repair,2563000,4
7858,1488,122,26,2022-02-14,Periodic,1609000,5
7859,1488,122,26,2024-10-18,Repair,2068000,3
7860,4862,140,92,2024-10-04,Warranty,79000,5
7861,1063,157,101,2025-07-09,Periodic,1319000,5
7862,1063,157,101,2024-02-18,Periodic,1284000,4
7863,3779,103,74,2025-05-14,Periodic,755000,5
7864,3779,103,74,2025-10-30,Repair,2691000,4
7865,3839,136,77,2025-11-25,Repair,3879000,4
7866,1572,119,104,2022-12-27,Repair,1910000,3
7867,1572,119,104,2021-01-17,Repair,4692000,5
7868,1572,119,104,2022-04-04,Periodic,1767000,5
7869,5234,136,65,2024-09-29,Body & Paint,3110000,4
7870,3223,123,10,2024-10-29,Warranty,69000,4
7871,3919,116,77,2022-05-14,Warranty,16000,5
7872,3919,116,77,2024-05-19,Repair,6896000,5
7873,3919,116,77,2022-05-30,Periodic,1860000,4
7874,4772,110,12,2025-03-25,Periodic,1209000,3
7875,5157,109,22,2025-12-07,Body & Paint,10680000,5
7876,1382,115,46,2025-12-06,Repair,5489000,3
7877,1382,115,46,2025-12-14,Periodic,1347000,3
7878,1266,124,51,2025-10-11,Periodic,1235000,5
7879,3769,136,80,2024-03-07,Periodic,1235000,2
7880,3769,136,80,2023-08-10,Body & Paint,2210000,5
7881,5203,148,21,2025-11-06,Repair,6137000,5
7882,5203,148,21,2025-08-01,Periodic,1092000,5
7883,2073,122,49,2024-03-13,Periodic,1480000,5
7884,1986,152,49,2024-11-22,Periodic,1697000,3
7885,2211,101,66,2025-08-16,Periodic,1431000,5
7886,2211,101,66,2024-02-23,Periodic,702000,2
7887,3118,131,51,2025-08-03,Repair,5814000,4
7888,2082,108,57,2023-11-10,Warranty,335000,4
7889,2082,108,57,2021-12-23,Periodic,2099000,4
7890,2082,108,57,2024-02-19,Repair,5883000,4
7891,2439,134,63,2023-11-19,Repair,1824000,5
7892,2439,134,63,2024-11-18,Periodic,1637000,4
7893,2439,134,63,2023-08-15,Body & Paint,5304000,4
7894,4967,128,43,2025-11-25,Periodic,1359000,5
7895,3907,131,67,2025-11-15,Periodic,846000,5
7896,5342,105,5,2022-08-12,Periodic,645000,5
7897,5342,105,5,2022-01-31,Periodic,2039000,5
7898,1602,108,95,2023-01-21,Periodic,1469000,5
7899,1602,108,95,2022-06-02,Repair,7704000,5
7900,2936,105,82,2025-06-02,Periodic,647000,5
7901,4623,154,22,2022-12-09,Repair,7623000,4
7902,4623,154,22,2023-04-29,Repair,4178000,4
7903,1776,105,68,2025-01-31,Warranty,62000,5
7904,1776,105,68,2022-11-02,Repair,3572000,4
7905,5012,114,60,2022-08-06,Warranty,415000,4
7906,5012,114,60,2022-10-24,Body & Paint,9724000,3
7907,3032,110,87,2024-10-02,Periodic,2006000,5
7908,3032,110,87,2025-01-08,Body & Paint,4211000,5
7909,4525,106,64,2020-10-29,Periodic,1902000,2
7910,4525,106,64,2022-05-06,Periodic,640000,4
7911,4525,106,64,2023-11-13,Periodic,1089000,5
7912,1105,113,114,2024-08-11,Periodic,764000,5
7913,1105,113,114,2025-12-04,Periodic,1053000,4
7914,1105,113,114,2023-12-13,Periodic,1736000,5
7915,3254,128,68,2025-07-02,Repair,7942000,5
7916,5040,109,73,2024-11-14,Periodic,989000,4
7917,5040,109,73,2024-06-20,Body & Paint,9603000,5
7918,5040,109,73,2024-11-30,Periodic,1948000,5
7919,1170,119,82,2023-09-13,Periodic,1321000,5
7920,3938,124,18,2023-10-23,Warranty,17000,3
7921,1684,109,48,2024-11-22,Periodic,650000,3
7922,2948,140,21,2025-11-29,Periodic,1263000,4
7923,4289,111,12,2025-11-05,Periodic,1834000,3
7924,2913,104,104,2025-09-27,Periodic,977000,5
7925,2913,104,104,2025-03-29,Body & Paint,4337000,4
7926,3012,120,98,2022-03-02,Repair,6287000,5
7927,3012,120,98,2022-06-03,Periodic,1558000,4
7928,4541,144,72,2025-05-25,Periodic,2104000,3
7929,2641,108,55,2025-07-21,Warranty,488000,4
7930,3615,122,77,2024-02-11,Periodic,933000,4
7931,5277,122,98,2024-05-08,Warranty,8000,5
7932,2511,125,5,2023-09-26,Periodic,815000,5
7933,2511,125,5,2024-06-02,Periodic,1417000,4
7934,2774,117,1,2025-10-08,Periodic,1053000,4
7935,5436,105,29,2025-03-28,Warranty,68000,5
7936,5436,105,29,2023-05-19,Periodic,993000,5
7937,5436,105,29,2025-10-30,Periodic,1149000,3
7938,3488,113,97,2025-09-21,Periodic,1289000,5
7939,3488,113,97,2025-03-31,Periodic,1191000,5
7940,2240,112,87,2025-04-16,Repair,4877000,5
7941,2240,112,87,2023-05-20,Periodic,1120000,5
7942,2240,112,87,2024-02-10,Periodic,796000,4
7943,1734,150,21,2025-06-01,Periodic,876000,4
7944,1734,150,21,2024-05-04,Warranty,46000,3
7945,1564,121,27,2024-05-27,Repair,2399000,5
7946,1564,121,27,2023-05-04,Periodic,1029000,5
7947,4600,132,40,2023-08-06,Periodic,1300000,5
7948,4600,132,40,2024-05-14,Periodic,1291000,5
7949,2528,124,96,2024-11-12,Repair,7294000,3
7950,2528,124,96,2025-02-12,Repair,7292000,4
7951,2407,136,1,2023-10-22,Periodic,633000,5
7952,2407,136,1,2023-11-25,Warranty,176000,5
7953,2407,136,1,2024-08-21,Warranty,383000,5
7954,2867,122,99,2025-08-25,Periodic,1073000,5
7955,2867,122,99,2025-01-26,Body & Paint,3554000,5
7956,4217,102,77,2021-05-28,Periodic,1000000,4
7957,4217,102,77,2022-09-10,Periodic,1629000,4
7958,4390,177,81,2025-09-20,Periodic,670000,1
7959,1674,106,52,2025-11-18,Periodic,1554000,4
7960,4643,147,55,2023-11-01,Repair,5487000,3
7961,4021,112,60,2024-06-22,Periodic,1753000,2
7962,2149,110,71,2023-10-10,Periodic,655000,5
7963,2149,110,71,2024-03-22,Periodic,703000,2
7964,2149,110,71,2022-11-06,Periodic,1832000,2
7965,3073,152,10,2025-01-08,Periodic,1337000,3
7966,3073,152,10,2025-03-31,Body & Paint,7958000,5
7967,3073,152,10,2024-05-08,Periodic,1638000,5
7968,1471,144,112,2023-01-29,Periodic,671000,5
7969,1471,144,112,2023-05-01,Warranty,7000,4
7970,2285,147,18,2024-09-13,Repair,3406000,5
7971,2285,147,18,2025-03-27,Repair,6130000,5
7972,1040,109,80,2023-12-23,Periodic,1137000,4
7973,3221,169,88,2024-05-19,Repair,7782000,4
7974,3221,169,88,2024-03-11,Repair,3156000,5
7975,2846,132,23,2024-08-29,Repair,3407000,1
7976,3215,110,79,2024-12-22,Periodic,1402000,3
7977,3215,110,79,2024-10-29,Periodic,1118000,4
7978,5058,103,97,2024-06-15,Periodic,1425000,5
7979,3553,142,10,2021-02-01,Periodic,1661000,5
7980,5390,141,17,2022-07-28,Periodic,864000,5
7981,4598,129,11,2023-03-27,Body & Paint,7687000,4
7982,4598,129,11,2023-05-19,Repair,6055000,4
7983,4598,129,11,2022-09-16,Periodic,1516000,4
7984,3386,125,89,2025-06-02,Periodic,1824000,5
7985,3764,120,27,2022-08-03,Periodic,1099000,5
7986,3764,120,27,2023-12-01,Repair,3167000,3
7987,5356,155,94,2023-10-11,Repair,2065000,3
7988,5434,149,120,2021-10-07,Body & Paint,11683000,5
7989,5434,149,120,2023-06-28,Body & Paint,4956000,5
7990,2877,103,92,2024-08-05,Repair,3364000,4
7991,2877,103,92,2025-09-02,Periodic,1643000,4
7992,3954,128,5,2025-06-01,Repair,7761000,2
7993,1487,121,106,2022-06-24,Periodic,1804000,4
7994,1487,121,106,2023-06-29,Repair,6174000,5
7995,1487,121,106,2023-04-13,Periodic,1705000,3
7996,3624,122,32,2024-04-16,Periodic,1403000,5
7997,3624,122,32,2023-10-20,Periodic,2171000,4
7998,2149,118,116,2025-06-28,Periodic,972000,3
7999,2149,118,116,2025-11-10,Warranty,167000,4
8000,2136,124,33,2023-03-22,Periodic,2047000,4
8001,2136,124,33,2024-03-08,Body & Paint,7524000,3
8002,2251,112,37,2022-04-11,Repair,7476000,3
8003,2251,112,37,2024-03-13,Periodic,1770000,4
8004,2251,112,37,2023-08-12,Periodic,1045000,2
8005,5428,103,6,2025-09-18,Repair,4111000,4
8006,1945,110,67,2024-05-11,Periodic,1883000,1
8007,1945,110,67,2023-03-31,Repair,6172000,3
8008,1945,110,67,2022-05-20,Warranty,364000,4
8009,5256,162,27,2025-01-10,Periodic,2027000,3
8010,1329,138,89,2025-04-07,Periodic,851000,5
8011,2708,115,92,2025-12-19,Body & Paint,7006000,4
8012,4255,172,22,2024-06-10,Repair,4022000,5
8013,4255,172,22,2025-11-12,Repair,3715000,4
8014,3313,128,28,2025-02-04,Periodic,1906000,5
8015,3313,128,28,2022-10-23,Periodic,1694000,4
8016,1586,105,15,2022-06-24,Periodic,1086000,1
8017,1901,112,9,2022-05-13,Repair,7837000,5
8018,1901,112,9,2023-09-17,Periodic,2079000,5
8019,3444,115,107,2023-04-05,Periodic,1750000,2
8020,3444,115,107,2023-07-14,Warranty,44000,4
8021,3863,144,17,2023-04-06,Repair,4879000,2
8022,1084,136,80,2025-11-13,Periodic,955000,5
8023,5252,106,42,2023-09-20,Repair,5000000,4
8024,5252,106,42,2024-10-29,Periodic,1208000,5
8025,4602,104,81,2024-10-01,Periodic,1711000,5
8026,4602,104,81,2023-02-03,Repair,1633000,5
8027,4602,104,81,2023-02-06,Repair,3917000,4
8028,4341,120,36,2025-01-06,Periodic,1780000,5
8029,1126,103,97,2022-04-24,Periodic,1413000,2
8030,2783,110,27,2023-07-19,Periodic,1260000,5
8031,2783,110,27,2022-08-09,Periodic,1092000,5
8032,2783,110,27,2022-09-15,Repair,3405000,4
8033,3630,112,118,2024-12-01,Warranty,241000,5
8034,3630,112,118,2025-11-26,Warranty,191000,4
8035,3630,112,118,2023-06-25,Repair,5559000,1
8036,5233,117,19,2025-06-15,Periodic,863000,5
8037,4351,143,101,2025-07-19,Periodic,1212000,4
8038,4351,143,101,2025-05-26,Periodic,1550000,2
8039,1326,139,104,2025-08-19,Repair,4174000,4
8040,1326,139,104,2024-12-09,Warranty,112000,3
8041,1603,108,83,2025-07-06,Periodic,761000,5
8042,3984,146,9,2024-02-02,Periodic,724000,5
8043,4458,107,57,2023-03-15,Periodic,1802000,4
8044,4458,107,57,2024-11-20,Repair,3115000,5
8045,3142,120,101,2024-10-03,Body & Paint,11885000,5
8046,3142,120,101,2023-03-01,Repair,3900000,4
8047,3142,120,101,2024-03-12,Periodic,1710000,5
8048,1863,106,6,2021-10-17,Periodic,1109000,4
8049,1863,106,6,2022-05-18,Repair,5351000,5
8050,1863,106,6,2021-08-31,Warranty,7000,4
8051,1506,139,83,2024-06-01,Warranty,266000,4
8052,1506,139,83,2024-10-27,Warranty,9000,5
8053,1506,139,83,2025-06-28,Repair,7693000,4
8054,2898,105,37,2025-10-31,Repair,4802000,4
8055,2170,112,1,2025-08-23,Warranty,368000,5
8056,4703,103,29,2025-11-07,Periodic,1591000,4
8057,4703,103,29,2025-08-13,Periodic,1356000,5
8058,5458,103,61,2025-01-26,Periodic,848000,5
8059,5458,103,61,2024-03-08,Warranty,360000,3
8060,5458,103,61,2025-04-26,Warranty,414000,1
8061,5318,123,86,2022-09-19,Repair,5525000,4
8062,1870,129,2,2025-06-12,Periodic,1869000,3
8063,5308,107,8,2024-11-13,Periodic,831000,5
8064,5308,107,8,2024-10-02,Periodic,1087000,3
8065,3602,139,111,2024-04-02,Warranty,402000,4
8066,3602,139,111,2022-04-15,Repair,6817000,5
8067,1703,138,89,2020-12-14,Periodic,963000,4
8068,1703,138,89,2022-07-14,Warranty,427000,5
8069,2359,112,56,2023-08-26,Periodic,1197000,4
8070,4955,129,56,2024-02-19,Periodic,1506000,1
8071,4955,129,56,2024-10-18,Periodic,890000,5
8072,1410,102,118,2025-12-25,Periodic,1843000,4
8073,1705,111,50,2025-07-09,Repair,3827000,5
8074,1705,111,50,2025-12-14,Body & Paint,4671000,5
8075,2737,133,34,2025-03-06,Repair,7839000,3
8076,2737,133,34,2024-11-06,Repair,2201000,5
8077,3244,113,98,2025-03-24,Periodic,701000,5
8078,4151,104,106,2025-06-24,Periodic,1868000,5
8079,4151,104,106,2024-03-23,Repair,2150000,5
8080,4804,129,102,2024-11-08,Repair,7254000,5
8081,3594,101,34,2025-12-27,Body & Paint,4866000,5
8082,5039,109,116,2025-08-25,Body & Paint,11919000,5
8083,2751,132,50,2022-09-05,Periodic,1991000,3
8084,2751,132,50,2022-08-30,Periodic,889000,5
8085,2537,141,73,2022-09-20,Periodic,1143000,4
8086,2537,141,73,2024-10-15,Periodic,2032000,4
8087,2537,141,73,2023-03-06,Repair,4112000,4
8088,2345,141,1,2025-01-03,Warranty,253000,2
8089,2345,141,1,2023-01-29,Periodic,1987000,5
8090,2345,141,1,2024-01-20,Periodic,2039000,5
8091,2979,150,87,2025-06-06,Repair,1935000,4
8092,3813,135,89,2024-12-05,Repair,1740000,4
8093,4013,112,5,2025-12-15,Periodic,660000,4
8094,4497,144,44,2025-10-19,Repair,4169000,5
8095,2905,142,92,2021-08-04,Body & Paint,8482000,4
8096,2905,142,92,2022-02-11,Periodic,1701000,5
8097,2905,142,92,2023-11-16,Periodic,1183000,4
8098,1977,101,66,2024-09-14,Periodic,1944000,5
8099,1977,101,66,2025-11-27,Body & Paint,8373000,5
8100,2993,111,120,2022-07-02,Warranty,351000,4
8101,2993,111,120,2022-09-11,Periodic,1532000,4
8102,2993,111,120,2021-08-01,Periodic,1594000,5
8103,3081,105,8,2022-04-06,Periodic,960000,3
8104,3081,105,8,2023-01-17,Periodic,818000,3
8105,2015,151,67,2022-12-17,Periodic,1184000,5
8106,2015,151,67,2024-04-16,Periodic,1457000,5
8107,2015,151,67,2022-08-24,Periodic,1363000,4
8108,1203,146,30,2025-09-10,Repair,1949000,4
8109,1203,146,30,2025-08-17,Repair,6783000,4
8110,1203,146,30,2025-09-23,Periodic,1116000,3
8111,3419,107,61,2025-12-07,Periodic,1884000,3
8112,3419,107,61,2025-08-12,Repair,1871000,4
8113,1428,118,114,2023-05-19,Periodic,1313000,5
8114,4780,104,66,2024-06-13,Periodic,1826000,3
8115,4780,104,66,2023-11-14,Periodic,1523000,5
8116,4614,167,11,2023-03-20,Repair,2789000,4
8117,4614,167,11,2023-12-02,Periodic,1123000,2
8118,1161,113,104,2025-12-23,Repair,3933000,3
8119,1161,113,104,2025-10-05,Periodic,1438000,5
8120,3046,105,93,2025-09-24,Repair,2196000,5
8121,4028,131,79,2024-03-27,Periodic,1211000,4
8122,2685,129,58,2025-05-11,Periodic,1150000,4
8123,2685,129,58,2025-08-28,Periodic,613000,4
8124,4216,147,72,2023-03-27,Periodic,1703000,4
8125,4216,147,72,2023-09-05,Periodic,1104000,3
8126,4216,147,72,2022-03-09,Body & Paint,11941000,5
8127,2843,133,2,2022-10-02,Periodic,922000,5
8128,3183,129,64,2022-03-18,Periodic,2043000,4
8129,2176,139,103,2023-06-17,Periodic,1924000,4
8130,2176,139,103,2020-12-12,Periodic,1251000,3
8131,2176,139,103,2023-05-12,Periodic,765000,1
8132,4846,112,4,2025-09-10,Periodic,2024000,4
8133,2243,129,68,2025-11-28,Body & Paint,4990000,4
8134,2243,129,68,2025-09-13,Periodic,1113000,4
8135,4750,123,29,2025-05-11,Periodic,1638000,3
8136,2167,134,118,2025-11-18,Periodic,2123000,5
8137,4708,139,23,2023-04-12,Repair,4065000,5
8138,4708,139,23,2023-03-14,Warranty,51000,4
8139,4708,139,23,2025-07-13,Periodic,1094000,5
8140,4745,144,33,2025-12-27,Warranty,136000,5
8141,5001,123,60,2025-09-14,Periodic,1461000,5
8142,3883,119,57,2021-08-12,Repair,4800000,3
8143,4184,103,62,2025-06-06,Periodic,690000,5
8144,4184,103,62,2023-05-17,Warranty,15000,4
8145,2869,107,69,2024-08-29,Periodic,1990000,5
8146,1858,101,59,2025-12-16,Periodic,1776000,4
8147,1858,101,59,2024-06-04,Body & Paint,3831000,3
8148,1317,158,72,2025-06-19,Repair,3493000,5
8149,3758,107,117,2023-04-03,Repair,5482000,5
8150,5321,137,68,2021-12-13,Repair,4405000,2
8151,5321,137,68,2022-09-19,Body & Paint,4064000,4
8152,4421,106,104,2025-02-19,Repair,7498000,5
8153,4421,106,104,2023-06-02,Periodic,961000,5
8154,4421,106,104,2025-08-16,Periodic,834000,5
8155,3350,127,51,2024-05-08,Body & Paint,10118000,5
8156,3350,127,51,2025-11-21,Periodic,2047000,4
8157,3350,127,51,2023-10-19,Periodic,1286000,5
8158,3502,140,24,2024-08-18,Repair,2794000,3
8159,3502,140,24,2024-04-03,Body & Paint,4045000,4
8160,3795,128,78,2025-05-15,Periodic,1768000,4
8161,1408,158,7,2023-08-02,Periodic,1199000,3
8162,1408,158,7,2022-09-04,Warranty,295000,5
8163,1408,158,7,2021-12-29,Periodic,1373000,5
8164,1268,105,92,2024-09-11,Periodic,796000,4
8165,1268,105,92,2025-12-02,Body & Paint,2201000,4
8166,1268,105,92,2024-10-29,Periodic,974000,3
8167,1909,104,97,2025-07-14,Repair,2740000,3
8168,1454,105,28,2024-07-11,Warranty,110000,4
8169,1454,105,28,2024-08-17,Repair,7316000,5
8170,1454,105,28,2024-10-07,Repair,4578000,5
8171,1792,125,58,2025-11-14,Warranty,446000,4
8172,5275,174,29,2023-07-27,Repair,6995000,4
8173,5275,174,29,2023-10-17,Warranty,59000,5
8174,2156,105,27,2021-06-19,Repair,5584000,4
8175,2156,105,27,2021-09-15,Warranty,464000,4
8176,3493,107,118,2023-10-14,Periodic,2077000,5
8177,3717,105,14,2024-12-09,Repair,5371000,4
8178,3717,105,14,2025-08-05,Periodic,2113000,4
8179,3281,128,18,2025-01-09,Periodic,707000,5
8180,5461,115,103,2025-07-18,Periodic,1922000,4
8181,5017,139,3,2025-02-07,Periodic,1303000,5
8182,5017,139,3,2025-03-25,Periodic,1008000,5
8183,4843,118,113,2024-07-27,Periodic,1841000,4
8184,1534,153,90,2024-09-15,Periodic,1396000,4
8185,2137,107,90,2025-01-18,Periodic,1048000,4
8186,2113,108,93,2022-11-30,Body & Paint,7620000,4
8187,2113,108,93,2023-11-21,Periodic,1942000,4
8188,2113,108,93,2023-08-20,Periodic,1856000,5
8189,4765,133,117,2023-09-11,Periodic,2153000,5
8190,4615,109,103,2025-05-16,Periodic,2007000,4
8191,3369,141,88,2022-01-05,Repair,5130000,5
8192,3369,141,88,2022-09-22,Warranty,26000,4
8193,3369,141,88,2023-06-01,Warranty,86000,4
8194,4477,127,107,2024-06-27,Repair,4510000,5
8195,4477,127,107,2024-08-15,Periodic,957000,5
8196,2202,137,37,2024-03-12,Repair,5876000,4
8197,4853,133,8,2025-01-29,Repair,7239000,5
8198,4021,114,61,2024-12-04,Warranty,309000,4
8199,3560,112,55,2020-11-18,Periodic,831000,5
8200,3560,112,55,2022-05-19,Periodic,1112000,5
8201,5284,105,101,2024-06-05,Body & Paint,9217000,3
8202,5284,105,101,2025-06-10,Periodic,1258000,4
8203,4580,154,94,2023-03-24,Repair,6829000,5
8204,4762,115,119,2024-12-05,Repair,4061000,3
8205,4620,154,24,2021-06-07,Repair,7042000,1
8206,4620,154,24,2023-07-12,Body & Paint,7912000,4
8207,2448,150,31,2022-11-14,Body & Paint,4487000,5
8208,2448,150,31,2025-04-25,Periodic,1975000,2
8209,2448,150,31,2022-12-28,Warranty,111000,4
8210,4681,102,63,2024-11-11,Periodic,664000,2
8211,4434,105,57,2025-09-23,Periodic,1689000,3
8212,4254,113,27,2023-01-05,Repair,6978000,5
8213,4254,113,27,2022-12-23,Warranty,277000,4
8214,4254,113,27,2022-08-29,Warranty,436000,2
8215,4300,103,25,2025-07-02,Periodic,856000,3
8216,4300,103,25,2024-09-23,Periodic,1969000,4
8217,3407,136,2,2022-10-04,Periodic,1534000,4
8218,3407,136,2,2024-08-09,Periodic,1357000,4
8219,5033,122,75,2025-06-12,Periodic,1034000,5
8220,5033,122,75,2025-12-25,Warranty,105000,5
8221,4626,129,65,2024-12-27,Periodic,866000,1
8222,1330,174,2,2025-06-15,Warranty,384000,4
8223,1330,174,2,2023-11-12,Periodic,2019000,4
8224,4970,106,12,2025-02-05,Periodic,2199000,5
8225,4970,106,12,2024-09-17,Repair,5199000,4
8226,4240,108,47,2025-10-12,Periodic,1680000,5
8227,4240,108,47,2025-07-10,Repair,2158000,3
8228,3313,125,74,2023-02-10,Periodic,630000,4
8229,3313,125,74,2023-11-16,Body & Paint,3626000,4
8230,5413,103,19,2024-08-17,Periodic,2055000,4
8231,5413,103,19,2023-08-21,Periodic,1287000,1
8232,1990,110,109,2025-12-15,Warranty,62000,2
8233,2119,118,53,2024-03-11,Periodic,1121000,5
8234,4375,166,24,2022-06-25,Periodic,1236000,2
8235,4767,121,55,2025-10-29,Warranty,160000,5
8236,2505,104,76,2022-10-02,Warranty,197000,4
8237,1633,103,76,2023-11-23,Warranty,120000,4
8238,3435,114,74,2025-02-07,Repair,2727000,5
8239,3435,114,74,2024-09-09,Repair,5060000,5
8240,4586,109,70,2024-10-02,Periodic,1236000,5
8241,4494,175,78,2025-07-11,Periodic,1005000,5
8242,3474,120,68,2025-12-25,Repair,6617000,3
8243,4437,112,108,2021-12-16,Body & Paint,10998000,5
8244,4437,112,108,2022-12-15,Warranty,363000,5
8245,4437,112,108,2024-02-17,Periodic,1063000,4
8246,2209,130,31,2022-08-20,Periodic,1976000,4
8247,2209,130,31,2024-01-29,Periodic,1832000,5
8248,5014,135,71,2022-02-21,Repair,3065000,4
8249,2618,108,43,2023-11-16,Periodic,1944000,2
8250,2618,108,43,2023-03-29,Body & Paint,3920000,5
8251,2618,108,43,2022-10-19,Repair,7408000,4
8252,3665,134,51,2025-08-08,Warranty,403000,5
8253,2536,102,82,2025-10-08,Periodic,2173000,5
8254,5207,117,27,2025-07-31,Periodic,2044000,3
8255,4990,140,39,2025-05-21,Periodic,675000,2
8256,3633,121,27,2025-03-25,Periodic,1714000,4
8257,3633,121,27,2023-10-08,Periodic,1751000,5
8258,3687,127,108,2024-10-21,Periodic,2129000,3
8259,1740,108,115,2025-03-23,Repair,1799000,4
8260,4679,129,66,2021-10-17,Periodic,742000,5
8261,4679,129,66,2022-02-11,Body & Paint,8108000,5
8262,4679,129,66,2023-01-26,Periodic,1075000,5
8263,1043,178,14,2025-05-18,Repair,7197000,3
8264,3625,147,67,2025-01-14,Periodic,1613000,5
8265,3625,147,67,2023-06-18,Repair,2552000,3
8266,3522,102,50,2023-01-22,Repair,2158000,4
8267,3522,102,50,2024-01-02,Repair,6797000,5
8268,1311,119,11,2025-08-24,Repair,6548000,4
8269,1311,119,11,2023-09-17,Warranty,478000,5
8270,1311,119,11,2023-09-04,Repair,7386000,5
8271,1808,127,82,2022-07-26,Repair,2285000,3
8272,1808,127,82,2025-03-16,Body & Paint,5990000,5
8273,3908,127,4,2021-07-17,Periodic,1409000,5
8274,3908,127,4,2022-10-09,Periodic,1062000,5
8275,1345,101,87,2024-09-30,Repair,2943000,5
8276,1345,101,87,2022-10-11,Periodic,919000,3
8277,5500,122,80,2022-03-13,Periodic,1726000,5
8278,5500,122,80,2022-09-05,Periodic,1734000,5
8279,5500,122,80,2023-04-04,Periodic,1174000,5
8280,3935,126,8,2025-01-26,Periodic,1067000,4
8281,3935,126,8,2024-12-14,Repair,6509000,4
8282,3787,105,89,2022-08-29,Periodic,2165000,5
8283,3787,105,89,2024-10-13,Warranty,276000,5
8284,1717,105,43,2025-10-23,Repair,5801000,4
8285,2452,105,50,2021-02-11,Periodic,1630000,5
8286,2452,105,50,2022-05-30,Repair,2212000,5
8287,4243,122,24,2022-02-11,Periodic,2015000,5
8288,4044,139,48,2024-07-17,Repair,1907000,5
8289,1617,107,47,2023-12-22,Periodic,2109000,4
8290,1617,107,47,2022-05-01,Repair,7864000,4
8291,1617,107,47,2022-03-18,Warranty,497000,5
8292,5490,123,61,2022-05-04,Repair,2234000,4
8293,5490,123,61,2025-06-10,Warranty,265000,3
8294,5490,123,61,2023-08-14,Repair,5615000,5
8295,5101,108,81,2025-12-27,Periodic,1918000,4
8296,3373,136,59,2025-10-24,Repair,7360000,3
8297,3373,136,59,2025-11-13,Periodic,1517000,4
8298,1656,122,53,2025-06-12,Periodic,1282000,2
8299,2328,125,18,2024-10-19,Periodic,2027000,4
8300,3977,123,88,2023-02-10,Body & Paint,6486000,4
8301,3977,123,88,2025-12-03,Periodic,627000,1
8302,3266,123,89,2025-10-06,Warranty,331000,1
8303,3266,123,89,2025-07-24,Periodic,1452000,5
8304,3266,123,89,2024-05-18,Repair,3740000,2
8305,3570,102,111,2024-04-19,Repair,7670000,4
8306,3270,138,103,2024-07-01,Periodic,1646000,5
8307,3270,138,103,2023-03-01,Periodic,1719000,3
8308,4048,104,18,2025-12-05,Body & Paint,6158000,4
8309,1168,110,30,2023-12-16,Repair,6476000,4
8310,1168,110,30,2023-05-01,Periodic,604000,5
8311,1168,110,30,2025-12-01,Repair,5260000,4
8312,2870,137,7,2023-06-24,Periodic,629000,1
8313,2870,137,7,2025-10-27,Repair,7569000,3
8314,2870,137,7,2025-11-14,Periodic,2087000,5
8315,3493,119,110,2025-09-23,Periodic,802000,4
8316,3493,119,110,2024-04-24,Periodic,2175000,5
8317,3493,119,110,2022-10-18,Periodic,2113000,5
8318,2114,136,56,2025-04-20,Body & Paint,8206000,5
8319,2114,136,56,2024-09-29,Warranty,253000,4
8320,1831,129,64,2025-07-18,Warranty,181000,5
8321,1831,129,64,2024-06-20,Repair,5686000,3
8322,2276,116,97,2025-09-07,Periodic,1787000,4
8323,1602,139,26,2025-11-01,Warranty,266000,5
8324,1602,139,26,2025-10-31,Periodic,815000,5
8325,1602,139,26,2025-05-29,Repair,4706000,4
8326,3541,113,95,2024-08-07,Periodic,1514000,5
8327,5158,178,61,2023-11-18,Warranty,342000,5
8328,5158,178,61,2022-02-18,Periodic,1989000,5
8329,1954,130,106,2023-04-22,Periodic,2040000,4
8330,1954,130,106,2024-05-16,Repair,3366000,5
8331,1954,130,106,2022-07-11,Warranty,404000,4
8332,3480,149,102,2025-02-25,Periodic,1512000,4
8333,3480,149,102,2025-01-03,Periodic,1683000,4
8334,3194,169,117,2025-02-13,Periodic,1474000,5
8335,1406,131,99,2023-06-03,Periodic,1145000,5
8336,1406,131,99,2024-04-08,Periodic,1482000,5
8337,1406,131,99,2023-09-26,Body & Paint,6990000,2
8338,4757,124,23,2024-10-17,Periodic,1220000,5
8339,4757,124,23,2024-01-14,Periodic,1497000,5
8340,3368,122,10,2023-10-13,Body & Paint,4898000,2
8341,3368,122,10,2024-12-07,Body & Paint,11737000,5
8342,1173,114,48,2025-03-17,Periodic,622000,5
8343,1173,114,48,2024-03-22,Periodic,1816000,5
8344,1339,114,47,2025-08-10,Periodic,875000,4
8345,5335,125,89,2023-04-20,Periodic,892000,1
8346,5335,125,89,2021-06-17,Repair,7749000,5
8347,3850,174,120,2023-12-18,Repair,2589000,3
8348,2103,135,10,2025-07-07,Repair,4964000,4
8349,2103,135,10,2025-02-03,Periodic,1393000,4
8350,2103,135,10,2025-07-08,Periodic,1102000,5
8351,1786,107,82,2025-10-26,Periodic,1033000,4
8352,3724,125,107,2025-04-26,Periodic,1822000,5
8353,3724,125,107,2022-08-17,Warranty,451000,5
8354,3724,125,107,2025-02-02,Periodic,1301000,4
8355,1830,132,15,2025-06-25,Periodic,1147000,4
8356,4361,119,48,2022-07-04,Periodic,1811000,5
8357,4361,119,48,2023-10-15,Periodic,927000,5
8358,4361,119,48,2021-12-05,Periodic,1061000,5
8359,1743,110,55,2025-10-13,Repair,2379000,4
8360,2903,106,54,2025-07-29,Repair,3155000,4
8361,3216,112,90,2023-05-06,Repair,6950000,4
8362,3216,112,90,2025-09-16,Repair,6106000,5
8363,2742,101,84,2023-08-22,Periodic,1568000,5
8364,3650,160,28,2025-03-05,Periodic,1708000,4
8365,2102,106,49,2024-05-26,Periodic,1383000,5
8366,2418,142,38,2023-09-06,Body & Paint,3368000,2
8367,2418,142,38,2023-09-21,Periodic,1067000,4
8368,2418,142,38,2023-08-14,Periodic,1327000,3
8369,1749,127,117,2025-09-09,Periodic,1400000,5
8370,4758,116,21,2025-02-13,Periodic,730000,4
8371,4758,116,21,2023-04-11,Repair,1562000,4
8372,4438,114,14,2024-11-13,Repair,5495000,1
8373,4438,114,14,2025-01-21,Warranty,279000,5
8374,2227,185,109,2025-02-16,Repair,7720000,4
8375,5254,148,1,2024-02-07,Periodic,1728000,4
8376,4546,102,5,2022-05-24,Periodic,1974000,4
8377,4546,102,5,2022-08-26,Periodic,636000,3
8378,1739,117,66,2025-07-19,Periodic,667000,5
8379,3942,127,92,2024-05-23,Repair,2783000,5
8380,3264,122,51,2023-04-12,Warranty,213000,3
8381,1382,105,106,2025-04-15,Periodic,1341000,4
8382,2495,172,72,2023-10-30,Periodic,2073000,3
8383,5417,101,60,2023-11-13,Periodic,993000,5
8384,5417,101,60,2024-05-15,Periodic,2171000,4
8385,2141,124,38,2023-09-17,Periodic,1937000,4
8386,2141,124,38,2023-12-31,Periodic,642000,5
8387,2141,124,38,2021-10-09,Repair,3111000,2
8388,2747,103,86,2025-09-16,Repair,4235000,5
8389,2973,129,17,2025-05-12,Periodic,2129000,3
8390,1960,112,87,2023-03-12,Periodic,1139000,3
8391,1960,112,87,2023-05-11,Repair,5522000,4
8392,1960,112,87,2024-03-03,Periodic,2025000,5
8393,1787,133,92,2024-12-06,Periodic,1134000,4
8394,1485,108,39,2024-06-25,Warranty,36000,5
8395,1485,108,39,2023-07-08,Warranty,144000,5
8396,1485,108,39,2025-03-15,Periodic,1873000,5
8397,3030,109,80,2022-03-18,Periodic,1276000,5
8398,3030,109,80,2023-01-26,Periodic,1251000,3
8399,4361,124,21,2025-07-18,Periodic,2110000,3
8400,5465,107,82,2023-08-14,Periodic,1064000,3
8401,3948,151,26,2025-09-17,Repair,7640000,5
8402,3948,151,26,2024-11-29,Repair,2692000,3
8403,3948,151,26,2023-09-09,Periodic,1087000,5
8404,3677,121,68,2023-11-11,Warranty,155000,5
8405,4896,135,68,2023-09-23,Periodic,2150000,4
8406,2102,101,67,2024-05-16,Warranty,191000,5
8407,3134,159,95,2024-02-25,Periodic,1107000,4
8408,4228,105,10,2024-09-03,Periodic,2191000,2
8409,4228,105,10,2023-11-01,Repair,1624000,5
8410,4228,105,10,2025-05-17,Periodic,898000,5
8411,1904,136,100,2023-11-22,Warranty,183000,4
8412,5199,101,58,2022-08-26,Repair,1806000,1
8413,5199,101,58,2023-03-14,Periodic,1346000,1
8414,1772,123,11,2023-04-26,Warranty,247000,5
8415,5292,137,7,2023-05-09,Periodic,2010000,3
8416,2879,115,15,2022-09-30,Periodic,643000,5
8417,1143,136,100,2025-07-14,Repair,7687000,5
8418,2399,109,54,2025-11-15,Periodic,1139000,5
8419,5153,149,21,2023-10-23,Periodic,940000,5
8420,4751,104,31,2025-11-14,Body & Paint,8579000,5
8421,3070,109,58,2022-04-07,Periodic,2008000,2
8422,3070,109,58,2022-11-04,Periodic,627000,3
8423,3070,109,58,2021-02-03,Periodic,1481000,4
8424,4630,127,100,2024-05-05,Periodic,1028000,4
8425,1855,144,17,2024-11-10,Periodic,1021000,4
8426,2106,109,84,2025-09-19,Periodic,981000,5
8427,2106,109,84,2023-05-16,Periodic,2111000,5
8428,2741,118,120,2022-10-20,Repair,4174000,1
8429,2741,118,120,2023-12-30,Periodic,1776000,4
8430,3203,110,116,2021-07-17,Repair,3209000,3
8431,3203,110,116,2023-06-03,Periodic,2114000,2
8432,1570,140,4,2025-03-11,Repair,5414000,3
8433,1570,140,4,2024-12-31,Periodic,1303000,4
8434,3508,112,34,2022-02-25,Periodic,1012000,5
8435,3508,112,34,2024-08-23,Warranty,109000,3
8436,3508,112,34,2023-11-30,Periodic,671000,4
8437,4253,121,50,2025-08-20,Periodic,1411000,5
8438,4253,121,50,2025-09-02,Repair,4714000,4
8439,1800,110,58,2025-06-02,Warranty,216000,3
8440,2232,133,73,2024-03-29,Body & Paint,6216000,3
8441,2232,133,73,2025-04-24,Periodic,687000,4
8442,1901,118,49,2023-10-31,Body & Paint,9222000,4
8443,2297,127,101,2021-04-30,Repair,4804000,3
8444,2297,127,101,2022-04-16,Periodic,1612000,4
8445,2297,127,101,2023-06-17,Body & Paint,7916000,5
8446,4082,150,45,2023-12-19,Repair,5102000,4
8447,4082,150,45,2024-09-17,Periodic,985000,5
8448,5005,102,57,2023-11-28,Warranty,289000,4
8449,2532,104,20,2025-12-26,Periodic,1569000,5
8450,3889,129,26,2023-12-20,Periodic,1906000,5
8451,3889,129,26,2023-12-08,Periodic,2179000,3
8452,3889,129,26,2024-07-14,Periodic,946000,1
8453,4099,161,6,2025-10-20,Repair,4340000,3
8454,4165,103,94,2025-10-10,Body & Paint,7205000,5
8455,1342,105,109,2023-10-24,Periodic,878000,5
8456,1342,105,109,2021-09-16,Repair,1750000,2
8457,2715,164,102,2024-08-25,Repair,4620000,5
8458,2715,164,102,2024-05-24,Periodic,1099000,4
8459,1680,186,73,2021-04-29,Repair,7393000,5
8460,1680,186,73,2022-08-20,Periodic,1197000,4
8461,4138,135,103,2025-01-26,Repair,3155000,5
8462,4835,114,86,2024-02-09,Repair,6300000,3
8463,4835,114,86,2024-12-11,Periodic,1633000,2
8464,2566,124,87,2024-04-22,Periodic,790000,2
8465,2566,124,87,2023-08-23,Periodic,1027000,4
8466,2566,124,87,2023-03-28,Repair,4660000,4
8467,1330,134,66,2023-06-24,Periodic,614000,4
8468,1330,134,66,2024-11-21,Periodic,1363000,2
8469,1330,134,66,2024-11-15,Periodic,2179000,5
8470,1172,105,34,2024-09-18,Periodic,725000,5
8471,2364,115,17,2025-04-20,Periodic,1122000,4
8472,3700,115,67,2025-06-05,Warranty,459000,5
8473,5078,104,19,2023-01-24,Periodic,1707000,5
8474,5078,104,19,2024-06-15,Repair,7378000,4
8475,4763,105,53,2024-09-09,Periodic,634000,1
8476,1086,103,40,2025-07-09,Periodic,1570000,5
8477,1890,175,1,2025-11-27,Periodic,1379000,4
8478,1890,175,1,2024-08-22,Periodic,2028000,5
8479,1981,116,63,2021-11-18,Warranty,488000,1
8480,1981,116,63,2024-05-08,Periodic,1166000,3
8481,2337,118,68,2024-12-24,Warranty,257000,5
8482,4051,107,89,2022-10-28,Warranty,15000,5
8483,4051,107,89,2023-12-08,Periodic,1934000,5
8484,2801,117,113,2022-07-21,Periodic,1759000,3
8485,2801,117,113,2024-10-07,Warranty,79000,5
8486,2801,117,113,2024-11-11,Periodic,691000,3
8487,4194,125,77,2025-12-18,Body & Paint,2530000,4
8488,4194,125,77,2024-07-26,Periodic,913000,5
8489,1546,129,74,2025-10-01,Periodic,2147000,4
8490,1312,175,102,2023-01-03,Repair,6974000,3
8491,1139,108,71,2023-12-02,Periodic,1821000,3
8492,5323,106,116,2023-03-02,Periodic,1107000,5
8493,1007,158,105,2024-02-06,Warranty,78000,4
8494,1007,158,105,2025-12-19,Periodic,1231000,5
8495,5389,111,48,2024-05-04,Periodic,1071000,5
8496,5389,111,48,2025-02-26,Periodic,976000,5
8497,4885,120,24,2025-08-25,Periodic,1272000,5
8498,3348,105,46,2025-04-07,Repair,1701000,5
8499,4984,140,53,2023-05-29,Periodic,2003000,2
8500,4984,140,53,2024-08-22,Body & Paint,4030000,5
8501,3740,150,107,2025-11-29,Repair,3068000,5
8502,3740,150,107,2024-04-25,Repair,6635000,4
8503,5311,107,37,2025-03-02,Body & Paint,7189000,5
8504,4861,103,111,2025-09-28,Repair,5455000,4
8505,3636,106,65,2025-04-16,Periodic,797000,4
8506,2869,157,2,2025-06-19,Periodic,1940000,3
8507,2869,157,2,2024-05-03,Body & Paint,7002000,4
8508,2869,157,2,2025-02-16,Periodic,1698000,3
8509,2962,140,95,2025-12-04,Periodic,1404000,5
8510,1515,117,41,2024-01-19,Periodic,1148000,5
8511,5208,108,81,2025-02-19,Periodic,634000,5
8512,5420,119,53,2025-05-05,Warranty,204000,3
8513,2235,143,107,2024-01-01,Periodic,1525000,2
8514,2235,143,107,2024-03-12,Periodic,1000000,4
8515,2235,143,107,2023-05-06,Periodic,1669000,3
8516,3595,152,5,2025-04-23,Periodic,1792000,4
8517,2512,105,57,2023-03-07,Periodic,1848000,4
8518,2512,105,57,2022-05-29,Repair,5758000,5
8519,2512,105,57,2024-02-10,Repair,7780000,3
8520,1721,104,40,2023-10-03,Periodic,2065000,1
8521,1097,114,6,2022-10-02,Repair,4372000,4
8522,2435,134,68,2025-02-28,Periodic,2089000,5
8523,2435,134,68,2025-04-16,Repair,7720000,5
8524,2435,134,68,2025-05-21,Repair,1521000,5
8525,5300,104,3,2025-04-12,Body & Paint,11975000,4
8526,5300,104,3,2023-07-16,Warranty,440000,4
8527,5300,104,3,2025-10-11,Periodic,642000,2
8528,2582,139,107,2024-11-01,Periodic,2026000,5
8529,2582,139,107,2022-12-01,Periodic,1504000,4
8530,2582,139,107,2022-05-21,Repair,6297000,4
8531,3590,112,56,2025-06-20,Repair,2989000,4
8532,3590,112,56,2024-06-25,Periodic,1584000,3
8533,5186,104,114,2025-07-04,Periodic,1207000,3
8534,5186,104,114,2024-03-08,Repair,4453000,3
8535,5099,105,19,2024-10-19,Periodic,619000,5
8536,2110,112,88,2024-03-14,Periodic,1982000,5
8537,1528,147,25,2022-10-28,Repair,3452000,5
8538,1528,147,25,2022-05-07,Periodic,1119000,4
8539,1528,147,25,2020-10-30,Warranty,432000,4
8540,4218,108,6,2025-05-08,Repair,7516000,5
8541,4218,108,6,2022-11-10,Repair,3210000,5
8542,1540,101,14,2024-01-18,Body & Paint,6981000,5
8543,1540,101,14,2022-08-29,Repair,5780000,5
8544,1540,101,14,2022-12-27,Repair,4908000,5
8545,3851,128,86,2024-08-20,Body & Paint,11601000,4
8546,5347,115,54,2025-02-21,Warranty,182000,4
8547,4217,132,67,2025-05-24,Periodic,1150000,5
8548,1862,115,83,2023-06-03,Warranty,298000,5
8549,1631,182,20,2024-05-15,Periodic,985000,5
8550,1631,182,20,2024-09-11,Periodic,1222000,5
8551,1631,182,20,2023-10-28,Repair,5168000,3
8552,1326,108,19,2021-10-11,Repair,4168000,4
8553,5159,102,100,2024-11-19,Periodic,1426000,5
8554,5159,102,100,2023-04-13,Periodic,1016000,4
8555,3200,125,105,2024-01-12,Repair,6082000,5
8556,5055,120,28,2023-04-04,Periodic,1078000,5
8557,5055,120,28,2024-10-11,Periodic,1148000,5
8558,4593,159,102,2025-02-10,Periodic,1924000,5
8559,2413,112,92,2024-01-03,Periodic,756000,3
8560,2413,112,92,2025-05-08,Periodic,1318000,4
8561,2413,112,92,2024-11-01,Repair,6058000,2
8562,1830,141,14,2025-05-30,Warranty,62000,5
8563,1830,141,14,2025-07-08,Periodic,1085000,4
8564,1459,122,36,2025-01-30,Periodic,1580000,4
8565,1699,166,66,2024-12-29,Repair,5934000,3
8566,2332,117,2,2025-10-12,Periodic,1756000,5
8567,1580,112,15,2024-12-19,Periodic,979000,4
8568,1580,112,15,2024-03-26,Periodic,1208000,5
8569,5199,122,2,2024-12-29,Repair,4317000,3
8570,5199,122,2,2025-06-09,Periodic,2029000,5
8571,1333,112,69,2025-10-13,Body & Paint,5002000,5
8572,1333,112,69,2023-06-01,Periodic,976000,5
8573,2303,130,26,2024-09-23,Periodic,817000,5
8574,2137,105,98,2024-11-06,Repair,5755000,3
8575,1666,159,45,2025-11-14,Body & Paint,6709000,2
8576,2280,105,34,2025-03-17,Periodic,1521000,3
8577,2280,105,34,2023-09-19,Repair,4935000,5
8578,2280,105,34,2023-05-11,Repair,2693000,5
8579,2522,147,67,2025-08-06,Periodic,856000,4
8580,2522,147,67,2025-12-14,Periodic,1753000,3
8581,1085,113,25,2025-09-15,Periodic,1336000,5
8582,2587,104,23,2021-12-05,Periodic,1224000,5
8583,2587,104,23,2021-06-18,Periodic,1635000,3
8584,2201,187,94,2025-09-11,Repair,1809000,4
8585,2324,102,28,2024-07-25,Repair,2255000,5
8586,5236,117,116,2023-02-15,Periodic,789000,4
8587,5236,117,116,2022-12-28,Periodic,1552000,4
8588,5236,117,116,2022-05-03,Repair,7707000,3
8589,3701,119,42,2023-07-20,Periodic,1621000,4
8590,3701,119,42,2021-12-31,Periodic,1952000,5
8591,3701,119,42,2024-07-17,Periodic,1214000,4
8592,1012,125,2,2024-01-08,Periodic,1486000,5
8593,1752,127,68,2025-10-21,Periodic,2024000,4
8594,2117,117,73,2021-04-19,Periodic,1517000,3
8595,2117,117,73,2022-09-07,Periodic,2154000,5
8596,2117,117,73,2023-03-07,Periodic,1866000,4
8597,3478,137,44,2022-05-09,Periodic,710000,2
8598,3478,137,44,2023-11-26,Periodic,1350000,3
8599,3478,137,44,2022-03-06,Repair,7409000,5
8600,2731,104,50,2024-12-23,Repair,3977000,4
8601,2731,104,50,2024-03-13,Periodic,1045000,3
8602,1050,103,101,2023-12-31,Repair,1998000,4
8603,1050,103,101,2023-06-01,Periodic,658000,4
8604,1050,103,101,2023-05-16,Periodic,749000,4
8605,1976,109,82,2023-05-19,Repair,5772000,3
8606,1976,109,82,2024-12-23,Periodic,2054000,4
8607,2114,126,9,2025-03-16,Periodic,1918000,3
8608,2114,126,9,2023-03-04,Body & Paint,7226000,3
8609,2114,126,9,2025-10-22,Periodic,1997000,3
8610,2802,109,62,2025-10-17,Repair,3572000,5
8611,5483,145,75,2024-09-10,Periodic,1506000,5
8612,5483,145,75,2023-01-08,Repair,7358000,5
8613,2905,103,60,2023-03-22,Periodic,2080000,5
8614,1567,108,29,2025-09-06,Warranty,423000,5
8615,1567,108,29,2025-09-02,Repair,7380000,5
8616,5230,140,17,2022-03-12,Periodic,767000,5
8617,1821,135,67,2023-03-25,Warranty,394000,5
8618,1821,135,67,2025-07-29,Periodic,1090000,4
8619,1604,169,104,2025-06-12,Repair,1808000,5
8620,2082,169,20,2024-11-21,Periodic,619000,5
8621,1290,112,50,2024-03-29,Periodic,1970000,4
8622,1290,112,50,2024-02-17,Warranty,101000,5
8623,2636,128,74,2021-06-25,Periodic,1548000,5
8624,2096,162,109,2023-05-19,Periodic,733000,4
8625,3704,179,28,2024-06-30,Repair,7039000,4
8626,3704,179,28,2025-12-10,Periodic,1151000,3
8627,3704,179,28,2025-10-05,Periodic,1402000,2
8628,4903,148,77,2022-05-24,Periodic,1888000,5
8629,4903,148,77,2024-02-09,Periodic,1020000,5
8630,1363,126,14,2020-11-07,Repair,5438000,4
8631,5190,138,24,2025-01-24,Body & Paint,6591000,4
8632,5190,138,24,2024-01-27,Repair,4656000,5
8633,5190,138,24,2024-07-29,Periodic,986000,5
8634,4668,111,11,2025-01-10,Repair,2547000,5
8635,2293,115,70,2024-12-13,Repair,2527000,5
8636,2293,115,70,2025-12-28,Periodic,1160000,1
8637,4521,111,105,2024-12-02,Periodic,920000,3
8638,4521,111,105,2025-09-24,Periodic,1959000,5
8639,1652,167,19,2024-10-17,Warranty,460000,5
8640,4878,112,53,2022-05-12,Periodic,2086000,3
8641,4878,112,53,2023-01-18,Warranty,154000,4
8642,4878,112,53,2023-01-02,Periodic,1915000,2
8643,2742,141,35,2023-07-21,Warranty,363000,3
8644,2742,141,35,2022-11-01,Periodic,1265000,5
8645,2011,131,115,2022-11-22,Periodic,724000,5
8646,2011,131,115,2022-10-17,Repair,3601000,3
8647,2154,130,4,2021-12-11,Warranty,305000,5
8648,1231,140,108,2025-01-23,Periodic,1858000,5
8649,1231,140,108,2025-04-19,Periodic,1867000,3
8650,1231,140,108,2024-05-10,Repair,5457000,4
8651,2721,132,92,2025-07-07,Periodic,1807000,5
8652,2721,132,92,2024-07-31,Repair,6282000,4
8653,4913,101,82,2022-02-06,Periodic,1402000,4
8654,3710,143,45,2025-11-01,Warranty,88000,4
8655,3239,129,78,2024-05-09,Repair,3715000,3
8656,3239,129,78,2023-04-22,Repair,2323000,4
8657,3239,129,78,2023-07-04,Body & Paint,4809000,3
8658,4109,159,77,2023-12-10,Repair,5911000,2
8659,4109,159,77,2025-10-02,Body & Paint,9030000,5
8660,4998,111,70,2023-12-16,Repair,6316000,4
8661,4998,111,70,2023-03-28,Repair,6327000,4
8662,4998,111,70,2024-05-09,Periodic,2110000,4
8663,4054,114,72,2022-04-02,Periodic,1039000,4
8664,4054,114,72,2022-10-24,Repair,4603000,5
8665,1513,115,58,2025-05-24,Periodic,1847000,4
8666,3816,141,77,2024-11-16,Repair,1584000,1
8667,3816,141,77,2025-09-16,Body & Paint,3746000,4
8668,3580,143,30,2024-08-28,Periodic,1458000,5
8669,3580,143,30,2025-03-08,Periodic,924000,4
8670,1890,105,44,2022-02-06,Periodic,2180000,4
8671,1890,105,44,2023-03-09,Periodic,961000,5
8672,1890,105,44,2022-03-01,Body & Paint,3942000,5
8673,2624,107,18,2025-10-16,Periodic,744000,4
8674,5111,158,120,2023-08-26,Repair,5577000,2
8675,5188,129,100,2022-08-17,Periodic,1121000,5
8676,5188,129,100,2023-09-28,Body & Paint,8132000,4
8677,4103,128,22,2022-01-05,Periodic,1468000,4
8678,5242,132,89,2025-06-21,Periodic,690000,4
8679,5242,132,89,2025-04-05,Repair,4026000,4
8680,5408,120,36,2025-03-09,Body & Paint,4611000,4
8681,4040,115,34,2025-09-08,Periodic,656000,5
8682,4040,115,34,2025-07-11,Warranty,165000,2
8683,4040,115,34,2025-09-25,Periodic,621000,5
8684,3776,160,38,2024-01-16,Periodic,2175000,4
8685,1424,113,4,2023-10-12,Body & Paint,11100000,5
8686,4355,103,56,2024-12-24,Repair,2186000,4
8687,4355,103,56,2024-12-18,Periodic,1135000,4
8688,4355,103,56,2025-07-15,Periodic,1961000,5
8689,2256,119,33,2024-06-13,Periodic,2047000,4
8690,2524,117,84,2025-07-24,Periodic,1998000,5
8691,3708,118,62,2024-03-04,Repair,4140000,3
8692,3708,118,62,2025-09-04,Warranty,266000,3
8693,5047,146,117,2021-09-08,Periodic,1969000,5
8694,5047,146,117,2021-01-17,Repair,7047000,3
8695,1622,103,49,2025-06-27,Periodic,956000,4
8696,1622,103,49,2025-04-04,Periodic,866000,2
8697,1729,135,16,2022-04-13,Periodic,1426000,4
8698,1234,126,13,2020-11-02,Periodic,2066000,4
8699,1234,126,13,2024-01-20,Warranty,192000,3
8700,1234,126,13,2023-09-03,Periodic,1049000,3
8701,2512,117,75,2025-09-03,Periodic,662000,4
8702,1121,120,66,2025-02-09,Periodic,1936000,5
8703,1121,120,66,2025-11-21,Periodic,1645000,3
8704,1870,120,14,2023-10-28,Periodic,1639000,5
8705,4414,135,9,2025-05-13,Repair,2941000,3
8706,2464,104,69,2025-12-26,Repair,2594000,1
8707,1229,107,59,2023-03-23,Repair,7603000,5
8708,3195,119,57,2023-12-11,Periodic,1698000,2
8709,2169,165,5,2025-02-24,Periodic,1881000,5
8710,1045,132,42,2023-01-28,Repair,3774000,5
8711,1045,132,42,2022-02-11,Periodic,648000,4
8712,1045,132,42,2021-11-16,Repair,2917000,2
8713,2755,111,24,2022-01-21,Periodic,1064000,5
8714,2755,111,24,2021-09-18,Periodic,2146000,2
8715,2755,111,24,2022-12-08,Warranty,162000,4
8716,1411,117,92,2025-06-09,Periodic,2043000,5
8717,4139,163,62,2022-05-26,Periodic,1043000,4
8718,4139,163,62,2022-06-30,Repair,6076000,4
8719,4582,139,104,2025-06-10,Repair,6331000,4
8720,1960,113,7,2025-10-30,Repair,4390000,3
8721,4819,129,52,2023-11-09,Periodic,1728000,5
8722,4134,106,44,2024-06-30,Repair,2868000,4
8723,4134,106,44,2024-08-15,Periodic,1892000,3
8724,2540,112,68,2025-11-23,Periodic,1221000,4
8725,4521,110,107,2023-08-26,Periodic,720000,4
8726,4521,110,107,2024-01-30,Periodic,1834000,3
8727,4521,110,107,2023-03-14,Periodic,1756000,1
8728,4746,106,25,2024-09-25,Repair,1528000,4
8729,5476,106,84,2025-08-02,Periodic,1151000,4
8730,4398,141,72,2023-07-03,Repair,7627000,4
8731,4398,141,72,2024-09-20,Periodic,1398000,4
8732,1765,147,100,2021-11-11,Repair,7794000,5
8733,1765,147,100,2024-03-05,Warranty,219000,3
8734,5213,175,97,2023-05-18,Periodic,1456000,4
8735,5213,175,97,2024-02-15,Repair,2244000,4
8736,5213,175,97,2021-12-31,Repair,5199000,5
8737,2008,148,60,2022-12-10,Periodic,1419000,4
8738,2008,148,60,2022-10-08,Body & Paint,9835000,4
8739,4052,143,81,2022-09-18,Periodic,2117000,5
8740,3843,119,91,2025-03-26,Periodic,1610000,5
8741,4579,105,68,2024-12-12,Periodic,1363000,4
8742,2013,136,119,2025-07-13,Periodic,1437000,4
8743,2590,113,97,2023-03-03,Periodic,921000,4
8744,2590,113,97,2023-07-31,Periodic,1366000,5
8745,1249,116,115,2025-03-30,Repair,7776000,4
8746,1249,116,115,2025-09-04,Periodic,1959000,5
8747,1249,116,115,2024-12-20,Periodic,1004000,4
8748,4534,102,25,2025-08-27,Periodic,1543000,2
8749,4534,102,25,2024-09-26,Repair,3677000,4
8750,4534,102,25,2025-08-25,Periodic,1360000,3
8751,2928,116,56,2025-09-13,Repair,7574000,5
8752,3626,183,108,2022-02-16,Periodic,618000,4
8753,3626,183,108,2023-09-30,Periodic,886000,2
8754,3626,183,108,2023-05-13,Periodic,1954000,4
8755,4580,101,119,2024-02-02,Periodic,613000,4
8756,4580,101,119,2023-11-07,Periodic,1990000,5
8757,3761,103,19,2025-11-03,Periodic,1488000,5
8758,4968,151,89,2023-07-09,Periodic,905000,4
8759,4968,151,89,2022-08-30,Warranty,63000,3
8760,4726,103,82,2025-06-15,Periodic,1004000,4
8761,3789,114,114,2021-07-22,Periodic,946000,5
8762,3789,114,114,2024-04-25,Repair,4033000,5
8763,3789,114,114,2022-03-22,Periodic,759000,5
8764,4225,107,22,2025-11-26,Repair,7912000,4
8765,1916,114,30,2023-03-06,Warranty,113000,2
8766,1916,114,30,2023-05-04,Periodic,1681000,5
8767,1916,114,30,2025-08-19,Repair,7926000,4
8768,5340,121,99,2023-11-22,Warranty,291000,5
8769,2703,186,80,2021-11-02,Periodic,1354000,4
8770,4966,105,63,2024-04-16,Periodic,1834000,2
8771,4966,105,63,2024-03-18,Periodic,1817000,4
8772,4747,101,114,2023-07-17,Periodic,2023000,5
8773,4747,101,114,2025-01-24,Repair,5024000,4
8774,2758,129,31,2025-12-27,Periodic,1762000,5
8775,3143,105,56,2024-10-26,Repair,4709000,2
8776,3143,105,56,2025-08-11,Warranty,493000,4
8777,4596,102,28,2023-03-15,Warranty,266000,4
8778,4596,102,28,2025-06-05,Repair,5909000,5
8779,1142,120,92,2025-01-16,Repair,3587000,5
8780,1901,117,116,2023-05-03,Body & Paint,10046000,3
8781,4610,123,76,2024-11-23,Repair,4658000,4
8782,4610,123,76,2025-11-22,Periodic,1556000,4
8783,4473,118,41,2022-08-11,Periodic,855000,4
8784,4473,118,41,2024-01-24,Repair,2668000,5
8785,3411,101,30,2021-04-23,Periodic,1552000,5
8786,3411,101,30,2024-01-15,Periodic,2020000,5
8787,3517,110,95,2022-09-25,Body & Paint,3532000,4
8788,3517,110,95,2024-02-29,Warranty,262000,5
8789,3597,120,80,2025-09-28,Body & Paint,2606000,4
8790,3901,160,10,2025-04-28,Periodic,1373000,5
8791,3314,101,83,2024-04-03,Repair,4148000,5
8792,3314,101,83,2024-08-09,Periodic,603000,5
8793,1152,121,43,2023-04-13,Periodic,2145000,3
8794,1152,121,43,2024-01-17,Periodic,1465000,5
8795,1152,121,43,2024-11-09,Periodic,1946000,5
8796,1843,172,115,2024-02-19,Periodic,1998000,5
8797,1843,172,115,2024-09-09,Repair,1991000,5
8798,1843,172,115,2023-12-03,Periodic,1683000,4
8799,3449,123,12,2024-09-21,Periodic,1152000,2
8800,3449,123,12,2024-02-12,Repair,2121000,4
8801,2780,122,44,2024-04-30,Body & Paint,8209000,4
8802,2780,122,44,2023-11-04,Periodic,1544000,5
8803,1915,128,27,2025-05-08,Repair,5527000,4
8804,3577,110,102,2023-08-13,Repair,7412000,5
8805,3577,110,102,2020-11-05,Body & Paint,3472000,3
8806,3577,110,102,2022-07-31,Repair,3693000,5
8807,1194,107,69,2025-09-27,Periodic,1806000,5
8808,1194,107,69,2025-10-04,Periodic,1749000,5
8809,1572,101,59,2024-11-26,Periodic,1840000,5
8810,1572,101,59,2023-07-20,Body & Paint,6939000,5
8811,2253,132,58,2021-08-25,Warranty,43000,5
8812,2253,132,58,2024-03-27,Body & Paint,4147000,2
8813,2253,132,58,2024-03-12,Repair,2692000,4
8814,1216,137,44,2024-03-30,Periodic,2118000,4
8815,1216,137,44,2025-02-17,Periodic,1139000,3
8816,1216,137,44,2023-06-07,Periodic,735000,2
8817,4352,105,20,2025-08-18,Periodic,1075000,2
8818,2701,106,29,2025-01-10,Repair,7240000,5
8819,4782,102,93,2024-04-11,Repair,1648000,4
8820,4782,102,93,2025-01-31,Repair,3177000,2
8821,4782,102,93,2024-09-06,Periodic,1452000,4
8822,3547,108,7,2022-07-14,Periodic,2167000,5
8823,3547,108,7,2021-02-02,Repair,6374000,2
8824,3547,108,7,2022-01-19,Periodic,1645000,4
8825,4952,104,24,2024-06-09,Periodic,1720000,3
8826,4952,104,24,2024-03-16,Repair,1628000,5
8827,3936,118,44,2024-08-31,Repair,7941000,5
8828,5233,116,113,2025-12-25,Repair,4420000,5
8829,3969,180,67,2024-09-10,Body & Paint,8339000,5
8830,1549,123,68,2025-04-14,Repair,4838000,5
8831,1549,123,68,2024-01-27,Periodic,1125000,4
8832,1549,123,68,2025-12-11,Periodic,961000,5
8833,5315,102,78,2024-05-19,Repair,3771000,4
8834,5315,102,78,2024-02-02,Warranty,83000,5
8835,5315,102,78,2025-01-31,Repair,5465000,2
8836,3555,105,70,2024-11-26,Periodic,1577000,4
8837,4751,108,116,2025-10-14,Repair,3857000,4
8838,4735,112,78,2025-05-26,Repair,4310000,5
8839,4321,152,46,2024-08-02,Repair,6494000,4
8840,4379,125,106,2025-12-06,Periodic,2006000,3
8841,5290,143,69,2023-01-25,Periodic,1555000,5
8842,5290,143,69,2023-08-08,Warranty,286000,3
8843,4681,166,96,2023-12-06,Warranty,35000,4
8844,4681,166,96,2024-07-06,Repair,3588000,2
8845,4681,166,96,2023-09-12,Periodic,1251000,5
8846,3821,103,100,2025-07-12,Periodic,1507000,3
8847,3821,103,100,2024-10-09,Periodic,621000,3
8848,3821,103,100,2025-12-19,Periodic,1854000,5
8849,3002,108,102,2025-01-19,Periodic,1242000,4
8850,4986,138,64,2024-03-02,Periodic,2019000,3
8851,4986,138,64,2024-08-20,Repair,2278000,5
8852,4986,138,64,2022-09-28,Periodic,1050000,4
8853,5022,129,112,2025-05-17,Periodic,835000,5
8854,5022,129,112,2024-11-08,Periodic,1435000,2
8855,3966,101,92,2024-11-29,Warranty,231000,5
8856,3966,101,92,2025-11-19,Periodic,1501000,5
8857,3568,107,83,2022-11-16,Periodic,734000,5
8858,5139,171,57,2025-08-23,Repair,5992000,4
8859,4587,127,61,2025-06-21,Periodic,1226000,4
8860,4022,172,14,2022-06-21,Repair,3126000,3
8861,4022,172,14,2022-06-28,Warranty,105000,1
8862,4022,172,14,2023-09-17,Periodic,1733000,3
8863,4697,124,100,2025-01-17,Periodic,1492000,5
8864,5017,116,52,2025-02-01,Periodic,615000,2
8865,5017,116,52,2023-11-21,Repair,2960000,4
8866,5488,104,33,2021-09-06,Repair,4794000,4
8867,5488,104,33,2022-08-08,Periodic,1673000,4
8868,5488,104,33,2023-08-13,Periodic,876000,3
8869,4120,109,93,2025-07-10,Warranty,449000,5
8870,4120,109,93,2025-08-09,Periodic,1972000,5
8871,4120,109,93,2024-09-28,Repair,6491000,4
8872,4398,122,116,2023-02-12,Repair,3193000,4
8873,1208,133,34,2024-12-14,Repair,6133000,4
8874,1208,133,34,2021-11-22,Body & Paint,6670000,3
8875,4369,103,112,2023-11-19,Periodic,1580000,4
8876,4369,103,112,2024-10-17,Periodic,1448000,5
8877,4369,103,112,2023-04-02,Repair,6053000,5
8878,1404,123,111,2025-09-14,Periodic,1756000,4
8879,3636,121,115,2025-07-15,Repair,2898000,4
8880,4863,106,16,2024-08-05,Periodic,926000,4
8881,4863,106,16,2025-04-15,Body & Paint,3593000,5
8882,3780,113,75,2023-09-16,Warranty,117000,5
8883,3780,113,75,2025-11-22,Repair,4818000,2
8884,3780,113,75,2022-11-21,Periodic,875000,4
8885,5199,119,80,2022-06-29,Body & Paint,9357000,1
8886,5199,119,80,2023-06-03,Warranty,133000,4
8887,5199,119,80,2022-12-25,Repair,3856000,4
8888,4225,119,74,2025-11-22,Periodic,796000,2
8889,5393,112,95,2025-06-10,Periodic,2139000,3
8890,5393,112,95,2024-11-26,Periodic,833000,5
8891,5393,112,95,2023-10-10,Periodic,1613000,4
8892,1623,149,44,2022-10-18,Periodic,600000,4
8893,1623,149,44,2022-06-24,Periodic,984000,5
8894,1623,149,44,2023-03-22,Periodic,927000,4
8895,5055,139,41,2025-11-11,Periodic,1434000,5
8896,2840,131,18,2025-06-22,Periodic,1417000,4
8897,5307,137,33,2023-05-25,Periodic,1708000,3
8898,5307,137,33,2025-04-06,Periodic,1689000,4
8899,5307,137,33,2023-05-09,Periodic,1234000,5
8900,1994,133,8,2025-06-04,Periodic,1501000,5
8901,3455,101,19,2025-07-09,Periodic,761000,5
8902,3455,101,19,2023-05-07,Periodic,999000,4
8903,3455,101,19,2025-08-26,Repair,4612000,3
8904,3284,104,48,2024-05-31,Periodic,1922000,4
8905,2765,136,103,2025-05-31,Repair,7110000,4
8906,2765,136,103,2025-06-08,Periodic,2158000,5
8907,3859,131,55,2023-01-11,Periodic,1993000,3
8908,3859,131,55,2022-12-24,Periodic,910000,5
8909,4389,120,64,2024-06-26,Repair,4424000,3
8910,4389,120,64,2022-04-21,Repair,3251000,2
8911,2315,146,72,2024-05-28,Periodic,1343000,1
8912,2269,107,62,2025-01-26,Periodic,1009000,4
8913,2226,118,59,2022-02-01,Repair,1666000,3
8914,2226,118,59,2023-03-05,Periodic,1284000,4
8915,3553,112,8,2023-03-15,Periodic,1470000,4
8916,3553,112,8,2022-06-10,Periodic,1300000,4
8917,2525,140,94,2025-07-06,Periodic,1722000,4
8918,3970,139,85,2024-04-28,Repair,6322000,5
8919,4464,118,52,2025-03-25,Periodic,1391000,5
8920,4464,118,52,2025-10-25,Periodic,1485000,5
8921,4095,139,107,2021-05-04,Warranty,495000,4
8922,2655,107,88,2024-12-22,Repair,3715000,3
8923,2655,107,88,2025-05-06,Repair,2826000,3
8924,2655,107,88,2024-04-17,Repair,6998000,5
8925,3647,124,57,2022-10-05,Periodic,1967000,1
8926,3430,148,80,2021-11-10,Periodic,1579000,4
8927,2375,116,58,2024-05-16,Periodic,1794000,1
8928,2375,116,58,2025-11-06,Periodic,1233000,3
8929,3848,106,53,2025-06-03,Periodic,1313000,4
8930,3848,106,53,2023-08-17,Repair,5673000,5
8931,3848,106,53,2024-02-15,Periodic,975000,5
8932,5372,105,25,2024-04-12,Repair,2033000,4
8933,5372,105,25,2025-08-11,Periodic,609000,3
8934,5372,105,25,2025-10-09,Repair,7571000,5
8935,5268,113,72,2025-05-13,Periodic,1961000,4
8936,5268,113,72,2025-08-02,Periodic,1024000,4
8937,5340,112,89,2024-02-05,Repair,7604000,5
8938,2657,103,37,2024-05-23,Periodic,794000,5
8939,2657,103,37,2023-06-12,Warranty,9000,5
8940,1954,143,20,2024-12-18,Body & Paint,2436000,5
8941,1954,143,20,2025-01-19,Periodic,2010000,4
8942,2187,118,97,2025-10-13,Repair,2868000,5
8943,2187,118,97,2025-10-31,Periodic,1056000,5
8944,3709,107,41,2024-11-12,Periodic,2104000,5
8945,3709,107,41,2025-02-07,Periodic,1847000,5
8946,4826,135,78,2024-03-16,Periodic,1630000,5
8947,2740,127,88,2025-05-19,Periodic,1819000,4
8948,2740,127,88,2025-07-07,Periodic,1879000,5
8949,4176,137,94,2024-02-18,Warranty,290000,4
8950,4176,137,94,2022-03-16,Periodic,675000,4
8951,4203,113,77,2021-08-01,Warranty,176000,1
8952,4203,113,77,2024-01-01,Repair,3101000,4
8953,4203,113,77,2024-05-26,Repair,1936000,4
8954,3390,110,95,2024-04-14,Periodic,1693000,5
8955,3390,110,95,2023-10-16,Periodic,1917000,5
8956,5024,138,58,2025-08-31,Periodic,1493000,2
8957,5024,138,58,2024-07-27,Repair,7113000,5
8958,5345,153,20,2022-11-28,Warranty,224000,2
8959,5345,153,20,2025-08-31,Repair,1516000,5
8960,5345,153,20,2024-06-09,Repair,5762000,5
8961,5028,119,84,2023-10-23,Periodic,1623000,4
8962,5028,119,84,2023-12-02,Periodic,1757000,5
8963,4604,111,96,2024-02-08,Body & Paint,3610000,4
8964,4604,111,96,2025-01-27,Periodic,2048000,3
8965,3615,134,96,2023-05-18,Warranty,405000,5
8966,1936,127,56,2025-11-11,Repair,5766000,3
8967,1936,127,56,2025-08-28,Periodic,1954000,5
8968,3314,147,57,2024-10-27,Periodic,1387000,2
8969,3012,108,42,2024-06-24,Repair,6136000,4
8970,3012,108,42,2024-01-26,Periodic,1063000,5
8971,3012,108,42,2024-09-05,Periodic,1189000,5
8972,2387,126,66,2025-02-24,Periodic,2036000,4
8973,2387,126,66,2025-08-08,Periodic,1290000,5
8974,4042,116,32,2024-12-14,Periodic,1313000,4
8975,1280,153,83,2025-06-30,Periodic,2166000,3
8976,1163,120,75,2023-10-02,Repair,6568000,5
8977,1163,120,75,2023-04-04,Warranty,290000,4
8978,1163,120,75,2025-08-20,Repair,6254000,2
8979,2639,117,46,2023-11-21,Periodic,921000,5
8980,2639,117,46,2025-04-05,Repair,2219000,2
8981,2252,137,63,2025-08-24,Periodic,1954000,5
8982,2011,117,21,2023-11-25,Periodic,1318000,5
8983,3508,147,86,2021-11-16,Warranty,132000,3
8984,3508,147,86,2023-03-09,Repair,5240000,2
8985,3989,104,59,2023-12-10,Periodic,1730000,4
8986,2965,125,118,2024-03-23,Warranty,218000,3
8987,2965,125,118,2024-10-22,Repair,7348000,5
8988,2965,125,118,2022-06-10,Periodic,1722000,4
8989,3488,137,39,2024-06-04,Body & Paint,5549000,5
8990,3488,137,39,2023-06-24,Periodic,1376000,5
8991,3488,137,39,2023-05-21,Warranty,70000,3
8992,3143,137,18,2022-12-21,Periodic,1267000,4
8993,3143,137,18,2022-02-01,Periodic,1432000,3
8994,3143,137,18,2022-01-30,Periodic,1898000,2
8995,3155,105,43,2024-09-06,Periodic,755000,1
8996,3155,105,43,2024-10-05,Periodic,667000,4
8997,2554,116,11,2025-12-06,Periodic,746000,3
8998,3863,150,32,2024-07-12,Periodic,1823000,4
8999,2668,105,36,2025-05-28,Periodic,1817000,2
9000,2668,105,36,2025-07-24,Body & Paint,7597000,3
9001,3948,148,101,2023-12-22,Periodic,840000,2
9002,3948,148,101,2024-08-18,Warranty,470000,2
9003,3948,148,101,2023-08-23,Periodic,846000,1
9004,2267,141,103,2025-12-02,Periodic,1862000,5
9005,2825,105,65,2024-06-03,Periodic,2110000,5
9006,3392,106,99,2021-08-18,Body & Paint,4227000,1
9007,3392,106,99,2021-03-21,Repair,3378000,4
9008,3983,113,97,2025-09-23,Periodic,1645000,3
9009,1150,125,76,2024-03-04,Repair,7431000,5
9010,4747,164,25,2023-01-26,Periodic,646000,5
9011,4747,164,25,2023-04-19,Repair,6187000,2
9012,4747,164,25,2024-10-09,Periodic,653000,4
9013,4182,138,98,2025-08-18,Periodic,2077000,3
9014,2636,101,52,2025-10-18,Repair,3864000,5
9015,5366,106,75,2025-07-18,Repair,7815000,3
9016,1569,102,55,2023-07-13,Repair,1692000,4
9017,1569,102,55,2025-10-30,Warranty,66000,5
9018,4307,105,114,2022-07-13,Periodic,1011000,4
9019,4307,105,114,2025-06-01,Periodic,1230000,5
9020,3819,169,50,2025-04-08,Warranty,143000,4
9021,5291,123,41,2023-10-01,Body & Paint,2832000,5
9022,5291,123,41,2025-11-03,Periodic,1474000,5
9023,4634,128,40,2023-08-01,Repair,1982000,5
9024,4634,128,40,2024-09-05,Warranty,478000,4
9025,4634,128,40,2023-04-15,Repair,1809000,5
9026,4580,117,33,2025-10-17,Periodic,639000,3
9027,2114,102,3,2021-08-27,Repair,2818000,4
9028,2022,102,24,2023-10-02,Periodic,723000,4
9029,2022,102,24,2025-01-25,Periodic,949000,1
9030,2912,131,86,2024-03-20,Warranty,398000,4
9031,4862,101,80,2025-02-07,Repair,5731000,5
9032,1132,109,91,2023-03-08,Periodic,977000,5
9033,1132,109,91,2022-05-16,Repair,3676000,1
9034,1132,109,91,2023-03-27,Periodic,1217000,4
9035,3817,135,94,2025-12-16,Periodic,1120000,5
9036,3817,135,94,2024-06-20,Periodic,712000,5
9037,3053,131,32,2023-09-16,Periodic,1018000,5
9038,3053,131,32,2024-11-21,Repair,4750000,4
9039,4241,142,117,2024-11-19,Periodic,1864000,4
9040,2509,130,40,2022-11-01,Repair,7017000,5
9041,2509,130,40,2023-09-02,Periodic,1676000,5
9042,2509,130,40,2020-10-28,Periodic,1061000,5
9043,3514,131,16,2023-01-10,Periodic,1042000,4
9044,1241,117,71,2025-10-07,Repair,3561000,5
9045,1241,117,71,2023-08-18,Periodic,616000,5
9046,2092,133,37,2023-10-31,Periodic,900000,5
9047,4554,102,2,2021-11-17,Warranty,471000,3
9048,1674,119,45,2025-05-25,Periodic,1827000,4
9049,5189,101,45,2025-01-23,Periodic,1176000,2
9050,4815,103,103,2024-03-31,Periodic,1041000,4
9051,3327,110,96,2022-01-18,Periodic,1520000,3
9052,3327,110,96,2023-08-11,Repair,6002000,4
9053,2151,102,91,2025-05-10,Warranty,167000,3
9054,2746,119,45,2024-03-14,Repair,7852000,5
9055,2746,119,45,2025-12-19,Periodic,1225000,3
9056,1828,131,112,2025-12-08,Periodic,1229000,5
9057,1828,131,112,2025-04-04,Periodic,1716000,4
9058,2447,121,83,2021-07-29,Periodic,1258000,5
9059,2447,121,83,2022-01-03,Warranty,463000,4
9060,2447,121,83,2023-10-13,Repair,5780000,5
9061,2737,105,8,2025-08-17,Repair,6543000,4
9062,2737,105,8,2024-12-11,Periodic,2071000,5
9063,1974,143,84,2023-11-17,Periodic,1472000,5
9064,1974,143,84,2025-09-20,Repair,1584000,5
9065,2779,115,19,2022-05-19,Body & Paint,9032000,4
9066,2779,115,19,2023-05-28,Warranty,399000,5
9067,4047,101,111,2023-12-19,Repair,6955000,5
9068,3783,123,75,2022-09-04,Periodic,724000,5
9069,3783,123,75,2021-05-17,Periodic,1643000,3
9070,3783,123,75,2023-06-01,Periodic,991000,5
9071,1656,118,72,2024-05-02,Periodic,2184000,4
9072,1656,118,72,2022-10-30,Periodic,1318000,5
9073,1656,118,72,2022-07-25,Repair,7199000,5
9074,2496,184,117,2022-07-09,Repair,1501000,4
9075,2496,184,117,2023-01-21,Periodic,2005000,4
9076,2496,184,117,2022-11-11,Repair,6655000,4
9077,4711,117,72,2025-11-19,Body & Paint,4211000,4
9078,3785,120,6,2025-01-23,Periodic,1914000,1
9079,4822,140,120,2025-05-02,Periodic,1803000,4
9080,1871,121,90,2025-06-23,Periodic,1578000,3
9081,3958,126,71,2025-11-22,Periodic,2010000,5
9082,3958,126,71,2025-06-07,Periodic,1856000,5
9083,4262,118,8,2024-02-25,Periodic,1906000,4
9084,4262,118,8,2022-11-11,Periodic,646000,2
9085,4262,118,8,2022-12-26,Periodic,1985000,2
9086,4690,127,51,2024-08-18,Periodic,1804000,5
9087,4690,127,51,2024-10-26,Periodic,770000,5
9088,5112,139,18,2021-07-01,Periodic,866000,4
9089,5112,139,18,2024-07-01,Repair,5390000,4
9090,5112,139,18,2023-10-26,Periodic,710000,4
9091,3512,136,70,2025-09-04,Warranty,24000,4
9092,3512,136,70,2023-08-30,Repair,5491000,5
9093,3512,136,70,2025-03-01,Repair,6197000,5
9094,3680,165,58,2023-03-16,Periodic,2127000,3
9095,3680,165,58,2023-04-15,Periodic,1911000,5
9096,4180,119,71,2022-08-18,Warranty,213000,5
9097,1549,111,51,2024-02-17,Repair,2235000,4
9098,1464,176,115,2024-05-14,Periodic,1806000,5
9099,1464,176,115,2025-05-18,Repair,3101000,4
9100,1464,176,115,2024-03-04,Periodic,2094000,4
9101,3503,130,4,2025-10-18,Warranty,493000,3
9102,3503,130,4,2025-06-30,Repair,2845000,4
9103,1157,120,23,2023-09-04,Repair,1740000,3
9104,1157,120,23,2021-08-30,Warranty,233000,5
9105,1157,120,23,2022-04-30,Periodic,1653000,3
9106,5382,113,32,2025-12-03,Periodic,607000,3
9107,3915,109,49,2025-05-04,Repair,5523000,4
9108,4704,121,75,2022-11-26,Periodic,1738000,3
9109,4704,121,75,2023-01-10,Periodic,2047000,3
9110,4704,121,75,2022-11-20,Repair,6607000,3
9111,3043,106,106,2024-04-21,Repair,5644000,2
9112,5396,111,113,2024-02-27,Periodic,1687000,4
9113,5396,111,113,2025-10-12,Periodic,1956000,5
9114,5396,111,113,2024-08-27,Warranty,20000,4
9115,4474,147,64,2024-10-22,Body & Paint,3974000,5
9116,4474,147,64,2024-09-30,Periodic,1465000,4
9117,2153,115,95,2025-02-27,Repair,2763000,4
9118,3497,149,55,2025-08-31,Body & Paint,5472000,4
9119,4867,110,107,2022-07-16,Periodic,1851000,4
9120,4867,110,107,2023-12-07,Periodic,1672000,4
9121,5404,123,39,2025-05-22,Periodic,1644000,5
9122,1864,153,98,2025-11-03,Periodic,842000,4
9123,1460,139,25,2024-05-29,Periodic,1147000,4
9124,1460,139,25,2024-12-12,Repair,5445000,3
9125,1460,139,25,2023-09-06,Repair,6510000,1
9126,1204,132,63,2025-05-28,Periodic,1687000,4
9127,1204,132,63,2023-01-17,Repair,5843000,3
9128,1204,132,63,2023-08-21,Warranty,473000,5
9129,1272,149,22,2024-10-16,Periodic,1043000,4
9130,5049,107,111,2024-05-20,Warranty,115000,4
9131,5262,107,18,2023-05-20,Periodic,1938000,4
9132,5262,107,18,2023-09-29,Periodic,1793000,4
9133,5262,107,18,2024-11-11,Repair,2883000,5
9134,4385,109,50,2021-09-23,Periodic,813000,5
9135,5208,108,27,2024-12-07,Body & Paint,6679000,4
9136,5208,108,27,2024-10-18,Periodic,652000,3
9137,4390,108,23,2025-11-13,Periodic,1935000,4
9138,5196,145,32,2025-01-21,Body & Paint,2003000,3
9139,2680,129,12,2022-10-10,Periodic,2128000,2
9140,2680,129,12,2023-02-12,Periodic,1294000,5
9141,4308,101,56,2024-05-21,Warranty,165000,5
9142,4288,169,102,2024-09-05,Periodic,2062000,5
9143,4288,169,102,2022-12-11,Periodic,2124000,3
9144,4288,169,102,2022-09-17,Periodic,707000,5
9145,4003,140,119,2024-07-29,Warranty,488000,4
9146,4296,115,24,2025-03-23,Periodic,1897000,4
9147,3724,136,20,2024-01-12,Periodic,745000,3
9148,3724,136,20,2022-03-05,Body & Paint,10404000,4
9149,3119,117,40,2021-07-18,Repair,6396000,4
9150,1887,114,109,2023-06-13,Repair,6412000,5
9151,3884,167,106,2024-01-02,Warranty,36000,4
9152,3884,167,106,2024-07-27,Repair,6242000,4
9153,3884,167,106,2024-03-10,Body & Paint,2624000,3
9154,2562,109,84,2023-09-29,Repair,3409000,4
9155,3262,116,64,2022-05-03,Repair,4670000,4
9156,3628,106,20,2024-10-15,Periodic,1444000,5
9157,3655,125,116,2025-03-20,Warranty,483000,3
9158,2947,130,119,2025-06-15,Body & Paint,11985000,4
9159,2947,130,119,2024-08-14,Periodic,1488000,5
9160,2869,120,11,2025-12-12,Periodic,986000,5
9161,2869,120,11,2025-08-08,Warranty,85000,4
9162,2685,153,48,2024-10-17,Periodic,740000,4
9163,2685,153,48,2024-01-09,Repair,6164000,4
9164,1804,119,24,2024-04-03,Periodic,2085000,4
9165,3430,137,3,2023-06-30,Periodic,1624000,4
9166,3430,137,3,2023-09-27,Periodic,1532000,5
9167,4749,116,72,2024-08-09,Periodic,903000,3
9168,3749,111,90,2024-11-16,Warranty,474000,5
9169,2134,116,29,2025-06-30,Repair,6405000,5
9170,2134,116,29,2024-06-26,Warranty,270000,5
9171,2919,115,73,2023-12-10,Warranty,497000,4
9172,2919,115,73,2024-07-23,Repair,2421000,3
9173,3323,103,29,2023-05-29,Periodic,1465000,5
9174,3323,103,29,2025-02-23,Periodic,1047000,5
9175,3323,103,29,2023-09-23,Warranty,0,4
9176,2522,123,108,2024-12-29,Repair,7850000,2
9177,2601,122,35,2025-05-30,Periodic,1128000,5
9178,5115,118,106,2025-09-13,Periodic,997000,5
9179,5115,118,106,2025-02-13,Periodic,1688000,3
9180,5115,118,106,2024-10-03,Warranty,262000,3
9181,4612,154,30,2024-08-07,Repair,2430000,2
9182,4612,154,30,2023-06-22,Periodic,679000,4
9183,5190,169,106,2024-06-14,Warranty,222000,5
9184,4507,121,1,2024-04-27,Repair,4338000,4
9185,4507,121,1,2025-08-13,Repair,6887000,3
9186,4507,121,1,2025-11-18,Periodic,797000,5
9187,2112,104,108,2023-11-05,Repair,2327000,1
9188,2160,102,2,2025-03-01,Periodic,794000,4
9189,1827,110,88,2021-08-19,Repair,2974000,2
9190,1827,110,88,2024-04-16,Periodic,1734000,4
9191,1827,110,88,2024-03-22,Repair,2432000,5
9192,1003,126,79,2025-05-31,Warranty,76000,5
9193,3335,108,87,2024-12-21,Body & Paint,11220000,5
9194,3335,108,87,2024-12-09,Repair,7050000,4
9195,2239,150,58,2024-02-05,Repair,3156000,5
9196,2239,150,58,2021-04-05,Periodic,1809000,5
9197,2239,150,58,2023-07-26,Periodic,1942000,5
9198,3481,104,103,2021-08-02,Periodic,1193000,4
9199,3481,104,103,2022-07-17,Warranty,240000,4
9200,1762,117,80,2021-08-03,Periodic,1520000,1
9201,1762,117,80,2023-07-08,Periodic,1049000,4
9202,5029,111,116,2025-12-19,Periodic,1731000,4
9203,1990,119,102,2025-03-23,Repair,7698000,4
9204,1990,119,102,2024-05-16,Periodic,1020000,4
9205,4185,108,104,2024-06-24,Repair,6829000,4
9206,4185,108,104,2024-01-15,Periodic,1518000,5
9207,4185,108,104,2023-12-12,Periodic,1496000,3
9208,4564,167,5,2025-06-13,Body & Paint,5270000,5
9209,1206,111,52,2025-12-08,Repair,2545000,4
9210,1206,111,52,2025-06-12,Periodic,2152000,4
9211,5020,115,32,2020-10-28,Repair,5331000,2
9212,5020,115,32,2023-08-07,Repair,3499000,4
9213,4492,132,109,2022-05-27,Periodic,973000,5
9214,4492,132,109,2021-11-22,Warranty,244000,5
9215,4492,132,109,2021-06-28,Periodic,945000,4
9216,2851,112,47,2025-03-05,Repair,4825000,5
9217,2851,112,47,2025-09-17,Periodic,1554000,3
9218,1868,160,3,2023-11-16,Periodic,1222000,1
9219,1868,160,3,2025-03-31,Periodic,1977000,4
9220,4134,105,97,2025-03-15,Warranty,19000,5
9221,3870,110,81,2024-12-14,Periodic,1905000,5
9222,3870,110,81,2023-04-30,Periodic,1428000,2
9223,3870,110,81,2024-04-01,Periodic,1582000,3
9224,3522,107,57,2024-11-04,Periodic,766000,5
9225,3522,107,57,2022-04-12,Repair,2074000,5
9226,3522,107,57,2023-09-26,Periodic,2078000,5
9227,1174,137,50,2024-10-28,Periodic,1556000,3
9228,1174,137,50,2025-08-04,Periodic,1546000,4
9229,1174,137,50,2025-11-01,Periodic,2166000,3
9230,2455,143,76,2022-12-27,Periodic,699000,5
9231,2455,143,76,2023-06-02,Warranty,279000,4
9232,2455,143,76,2025-06-15,Body & Paint,3220000,5
9233,4025,120,63,2023-04-05,Periodic,1631000,5
9234,4807,127,50,2025-06-03,Periodic,873000,3
9235,2504,109,90,2025-05-18,Periodic,1408000,5
9236,1756,140,27,2024-02-28,Periodic,2125000,4
9237,1510,124,83,2023-12-11,Repair,5766000,4
9238,1510,124,83,2025-06-18,Repair,4593000,5
9239,1932,107,56,2020-12-15,Periodic,848000,3
9240,4492,124,14,2025-12-22,Warranty,457000,5
9241,2196,125,75,2025-04-16,Periodic,1818000,5
9242,2196,125,75,2024-11-07,Repair,5680000,5
9243,2196,125,75,2024-12-24,Periodic,1479000,4
9244,4206,104,15,2023-08-03,Periodic,1974000,5
9245,4206,104,15,2023-02-22,Repair,5360000,5
9246,4206,104,15,2023-02-09,Warranty,234000,4
9247,3223,103,61,2023-11-05,Warranty,333000,4
9248,3122,110,95,2024-01-23,Periodic,1770000,5
9249,3295,109,31,2021-12-04,Periodic,910000,3
9250,1604,110,93,2025-02-09,Periodic,2028000,5
9251,4904,126,74,2024-09-09,Periodic,1133000,4
9252,3279,131,41,2025-04-02,Warranty,352000,4
9253,3279,131,41,2025-02-17,Periodic,1892000,3
9254,4586,117,69,2023-06-08,Periodic,1144000,4
9255,2336,144,83,2022-06-04,Repair,7920000,4
9256,4742,111,85,2023-10-23,Periodic,1874000,5
9257,4005,120,80,2023-11-25,Repair,7925000,5
9258,4005,120,80,2023-11-10,Repair,6650000,4
9259,4610,158,19,2024-06-16,Periodic,2155000,4
9260,4610,158,19,2022-10-05,Repair,3295000,5
9261,4610,158,19,2021-11-19,Repair,4772000,3
9262,3549,114,64,2024-05-04,Periodic,2150000,3
9263,3549,114,64,2024-09-18,Repair,3508000,4
9264,3423,120,64,2023-10-26,Periodic,2106000,5
9265,2067,101,52,2025-05-29,Repair,4302000,4
9266,1333,109,84,2024-05-13,Periodic,797000,3
9267,1333,109,84,2024-05-29,Warranty,219000,4
9268,3053,113,8,2025-02-22,Periodic,1777000,3
9269,4955,103,82,2023-11-03,Body & Paint,7875000,5
9270,4955,103,82,2023-11-03,Periodic,1484000,5
9271,2595,108,17,2025-12-15,Repair,3504000,5
9272,5232,104,52,2023-11-10,Periodic,1842000,4
9273,5232,104,52,2024-10-15,Periodic,1565000,5
9274,2594,141,95,2025-11-06,Repair,3971000,4
9275,2594,141,95,2023-12-12,Body & Paint,10820000,4
9276,2620,125,6,2025-06-24,Repair,4741000,3
9277,3563,115,8,2025-12-13,Periodic,1470000,5
9278,3478,115,50,2022-01-05,Periodic,2092000,2
9279,1278,133,89,2025-04-18,Repair,7968000,4
9280,1278,133,89,2025-12-29,Warranty,419000,5
9281,2516,142,119,2024-04-12,Periodic,1998000,4
9282,2516,142,119,2023-04-15,Periodic,1692000,5
9283,4119,118,18,2024-05-31,Periodic,1680000,4
9284,4119,118,18,2022-08-10,Repair,7277000,3
9285,4119,118,18,2023-10-17,Repair,7702000,5
9286,5381,123,102,2022-09-07,Repair,6481000,5
9287,4623,154,50,2023-03-24,Repair,7764000,4
9288,4623,154,50,2024-01-24,Repair,2765000,3
9289,4623,154,50,2023-01-09,Periodic,1565000,4
9290,2941,115,109,2024-08-01,Warranty,234000,3
9291,2941,115,109,2025-11-06,Periodic,715000,5
9292,1179,118,23,2024-06-24,Periodic,1800000,5
9293,5277,144,26,2023-06-22,Body & Paint,4302000,4
9294,1118,133,29,2025-12-17,Periodic,1120000,2
9295,1118,133,29,2023-12-04,Warranty,147000,4
9296,1118,133,29,2025-04-24,Body & Paint,10973000,2
9297,2035,140,89,2025-09-27,Periodic,1931000,4
9298,3709,118,3,2025-01-20,Periodic,1004000,5
9299,3173,126,100,2024-07-26,Periodic,1499000,4
9300,3173,126,100,2023-02-10,Repair,2629000,5
9301,3173,126,100,2024-03-13,Body & Paint,9837000,5
9302,2438,132,72,2025-03-15,Periodic,2117000,4
9303,1541,145,49,2025-02-08,Repair,4726000,4
9304,1541,145,49,2024-09-30,Warranty,321000,5
9305,1541,145,49,2023-12-10,Warranty,147000,5
9306,2339,161,117,2022-10-04,Warranty,50000,5
9307,2339,161,117,2023-12-09,Body & Paint,5292000,4
9308,1046,115,43,2025-11-21,Periodic,1120000,5
9309,2742,133,82,2024-10-02,Periodic,908000,4
9310,2708,114,86,2025-12-06,Periodic,660000,4
9311,2708,114,86,2023-02-26,Periodic,1184000,4
9312,2708,114,86,2024-06-13,Periodic,1360000,5
9313,1214,126,68,2024-09-17,Periodic,1339000,2
9314,1214,126,68,2024-10-27,Repair,3047000,4
9315,4420,101,68,2025-05-18,Periodic,2051000,5
9316,4420,101,68,2025-07-18,Periodic,707000,1
9317,3912,106,93,2024-11-02,Repair,1502000,4
9318,5207,126,41,2022-11-22,Periodic,1443000,5
9319,5207,126,41,2021-12-25,Repair,6475000,2
9320,1225,124,76,2024-12-28,Periodic,1832000,3
9321,1225,124,76,2025-10-03,Warranty,479000,4
9322,1737,125,89,2025-08-12,Periodic,2031000,5
9323,3723,106,60,2024-09-28,Periodic,1232000,5
9324,2976,152,73,2022-06-18,Periodic,769000,3
9325,3308,103,91,2024-08-11,Repair,4515000,2
9326,3308,103,91,2021-12-04,Repair,6412000,5
9327,3308,103,91,2022-10-01,Periodic,2181000,2
9328,1132,131,94,2024-07-25,Periodic,864000,4
9329,1132,131,94,2024-10-04,Repair,3967000,1
9330,2372,118,67,2024-03-02,Repair,2888000,5
9331,2372,118,67,2024-04-21,Periodic,1309000,4
9332,2372,118,67,2024-12-15,Periodic,950000,5
9333,3329,138,3,2022-02-02,Repair,2843000,4
9334,1690,133,70,2024-09-04,Periodic,821000,4
9335,1690,133,70,2023-08-01,Periodic,969000,2
9336,1690,133,70,2024-07-14,Repair,4614000,3
9337,3842,107,1,2022-08-06,Body & Paint,7678000,4
9338,3842,107,1,2021-07-24,Periodic,738000,4
9339,5198,138,93,2023-12-07,Periodic,810000,5
9340,2396,134,50,2024-01-23,Repair,2801000,5
9341,1581,118,57,2025-05-29,Periodic,1641000,5
9342,1581,118,57,2025-03-16,Periodic,797000,4
9343,4322,128,19,2025-04-18,Periodic,1660000,5
9344,4648,101,58,2024-04-21,Periodic,908000,5
9345,4516,110,70,2022-05-29,Periodic,1884000,4
9346,4516,110,70,2021-09-02,Periodic,1066000,4
9347,4516,110,70,2023-02-13,Repair,2754000,5
9348,2174,141,25,2024-08-31,Periodic,2183000,4
9349,2174,141,25,2024-02-26,Periodic,1352000,5
9350,2174,141,25,2025-09-04,Body & Paint,6569000,5
9351,3881,120,113,2022-09-25,Periodic,1749000,4
9352,1509,157,23,2025-09-08,Periodic,1631000,2
9353,1509,157,23,2025-08-01,Repair,5693000,3
9354,2621,115,117,2021-06-24,Repair,4657000,5
9355,1517,103,57,2025-08-26,Periodic,858000,5
9356,1517,103,57,2025-10-16,Periodic,2129000,5
9357,3423,106,29,2022-10-31,Periodic,870000,5
9358,3423,106,29,2023-05-06,Periodic,933000,4
9359,5333,131,106,2024-07-25,Repair,6926000,5
9360,5333,131,106,2024-08-25,Repair,1883000,2
9361,3174,120,42,2025-03-03,Warranty,259000,4
9362,3174,120,42,2025-03-20,Periodic,724000,5
9363,3964,114,1,2024-08-06,Periodic,2186000,4
9364,4750,122,85,2025-03-11,Body & Paint,4342000,5
9365,4750,122,85,2022-05-16,Periodic,1517000,5
9366,4750,122,85,2022-05-09,Periodic,2090000,5
9367,4374,137,65,2024-07-07,Warranty,330000,2
9368,4374,137,65,2024-03-03,Periodic,1968000,5
9369,1890,117,31,2025-12-27,Warranty,402000,1
9370,3066,128,95,2022-01-04,Periodic,823000,5
9371,3066,128,95,2021-04-06,Repair,4382000,5
9372,3066,128,95,2023-05-01,Periodic,1463000,3
9373,2670,101,104,2024-10-14,Periodic,1419000,5
9374,4085,105,14,2024-03-03,Repair,6044000,5
9375,2396,102,60,2023-11-14,Periodic,663000,3
9376,2396,102,60,2025-12-14,Periodic,1944000,5
9377,2358,111,37,2025-12-31,Periodic,738000,4
9378,5206,131,9,2023-12-15,Periodic,1238000,3
9379,3249,104,32,2025-03-21,Periodic,984000,5
9380,1312,141,15,2024-03-26,Periodic,1974000,5
9381,4808,107,34,2023-04-24,Periodic,1767000,4
9382,4808,107,34,2024-05-10,Repair,3455000,5
9383,4808,107,34,2024-06-01,Periodic,638000,1
9384,3867,122,68,2025-03-18,Periodic,2001000,4
9385,3867,122,68,2025-06-27,Repair,1855000,5
9386,3867,122,68,2025-05-31,Repair,3329000,5
9387,2948,159,22,2023-12-12,Periodic,733000,5
9388,2948,159,22,2024-03-06,Periodic,1435000,1
9389,2173,174,54,2024-12-07,Warranty,418000,5
9390,4054,115,70,2023-07-04,Repair,5800000,3
9391,4054,115,70,2023-06-04,Periodic,2071000,5
9392,2927,106,94,2024-06-07,Periodic,1836000,2
9393,2471,140,21,2025-04-28,Repair,7745000,4
9394,2455,113,71,2025-04-19,Repair,3189000,4
9395,5442,133,85,2025-11-13,Body & Paint,6363000,3
9396,5442,133,85,2023-05-14,Periodic,607000,5
9397,1731,143,23,2024-12-19,Periodic,955000,5
9398,1205,109,65,2024-08-06,Periodic,1271000,3
9399,1205,109,65,2022-11-07,Periodic,2069000,5
9400,1707,123,73,2024-06-30,Repair,6254000,5
9401,1707,123,73,2024-09-04,Periodic,967000,5
9402,5028,108,16,2023-03-02,Periodic,1450000,3
9403,5028,108,16,2024-12-12,Periodic,632000,4
9404,5028,108,16,2023-03-23,Repair,7760000,5
9405,3029,103,38,2023-11-26,Periodic,868000,5
9406,3029,103,38,2025-11-28,Warranty,14000,5
9407,3029,103,38,2022-10-23,Repair,6251000,5
9408,2812,106,77,2025-10-06,Periodic,1960000,4
9409,4071,126,118,2024-05-17,Body & Paint,4804000,5
9410,4071,126,118,2025-07-22,Repair,4091000,4
9411,4071,126,118,2024-10-14,Repair,2800000,4
9412,4670,104,85,2025-12-09,Body & Paint,3025000,4
9413,2867,111,33,2022-08-28,Periodic,1669000,4
9414,2867,111,33,2025-08-10,Warranty,477000,3
9415,2867,111,33,2025-05-18,Periodic,1559000,3
9416,5280,152,49,2024-08-18,Warranty,353000,4
9417,1835,130,35,2023-02-19,Warranty,84000,1
9418,1835,130,35,2024-02-19,Periodic,1075000,5
9419,1835,130,35,2024-07-14,Periodic,602000,4
9420,4800,110,15,2024-09-25,Periodic,1644000,3
9421,4800,110,15,2024-12-18,Periodic,1103000,5
9422,2735,106,1,2021-01-16,Repair,2080000,5
9423,2735,106,1,2023-09-21,Periodic,673000,5
9424,2735,106,1,2023-06-30,Repair,7112000,4
9425,3763,180,117,2023-01-21,Periodic,1690000,3
9426,3763,180,117,2024-05-03,Periodic,1179000,5
9427,3763,180,117,2025-04-09,Periodic,1792000,3
9428,3254,108,72,2023-06-08,Periodic,870000,4
9429,3254,108,72,2024-02-01,Warranty,440000,1
9430,1477,127,25,2025-12-20,Periodic,1692000,5
9431,2156,130,91,2024-09-22,Periodic,1504000,5
9432,3348,115,91,2022-11-22,Repair,1949000,5
9433,3348,115,91,2023-05-06,Warranty,141000,5
9434,4229,157,23,2023-07-11,Body & Paint,5243000,4
9435,4229,157,23,2022-11-06,Periodic,680000,4
9436,4229,157,23,2024-06-10,Periodic,1840000,5
9437,4167,115,81,2023-07-26,Periodic,1159000,5
9438,3406,133,106,2025-08-08,Repair,7704000,5
9439,4350,112,73,2023-01-08,Periodic,1041000,3
9440,2232,139,45,2023-05-10,Repair,7789000,2
9441,5258,107,25,2024-01-11,Periodic,906000,3
9442,5258,107,25,2024-02-15,Periodic,1123000,2
9443,2160,115,61,2021-10-14,Warranty,215000,1
9444,5347,129,52,2024-05-06,Warranty,70000,5
9445,5347,129,52,2025-11-13,Body & Paint,7887000,5
9446,1217,151,29,2023-05-02,Periodic,2151000,5
9447,4322,126,3,2025-05-08,Periodic,1263000,5
9448,4322,126,3,2024-08-18,Periodic,894000,4
9449,4322,126,3,2023-03-25,Periodic,1449000,4
9450,2641,115,44,2025-06-28,Periodic,1612000,4
9451,2641,115,44,2025-09-10,Warranty,235000,5
9452,4752,121,44,2024-05-10,Body & Paint,2209000,5
9453,1661,104,114,2022-07-25,Periodic,1866000,4
9454,1661,104,114,2021-09-07,Periodic,1215000,5
9455,4044,107,110,2021-06-29,Warranty,472000,3
9456,4044,107,110,2023-11-15,Periodic,928000,4
9457,4044,107,110,2022-10-28,Periodic,1501000,5
9458,2324,136,26,2021-04-12,Repair,3595000,4
9459,4678,127,111,2022-11-03,Periodic,876000,4
9460,4678,127,111,2021-04-30,Body & Paint,11534000,5
9461,4678,127,111,2020-11-27,Repair,4926000,4
9462,1907,142,16,2023-10-12,Body & Paint,7051000,5
9463,1907,142,16,2023-07-05,Periodic,1978000,2
9464,1907,142,16,2023-01-15,Periodic,1062000,2
9465,1807,138,113,2024-03-16,Periodic,1444000,5
9466,1807,138,113,2024-02-21,Warranty,332000,3
9467,4507,109,72,2023-06-25,Periodic,613000,5
9468,4507,109,72,2023-03-13,Periodic,1660000,5
9469,5192,144,104,2024-11-03,Periodic,948000,1
9470,5192,144,104,2024-05-03,Warranty,345000,5
9471,1163,110,78,2025-11-27,Repair,2487000,4
9472,2935,126,32,2025-08-24,Warranty,445000,3
9473,2935,126,32,2024-05-17,Periodic,1890000,4
9474,4065,182,116,2024-04-06,Periodic,1196000,4
9475,3566,120,37,2023-12-20,Repair,7319000,5
9476,3566,120,37,2022-05-19,Repair,3943000,3
9477,3566,120,37,2023-05-21,Periodic,1684000,5
9478,1671,114,78,2025-12-30,Repair,3971000,4
9479,5248,141,39,2025-04-03,Repair,1654000,3
9480,5248,141,39,2024-09-30,Periodic,1751000,5
9481,5170,117,15,2023-10-06,Repair,6049000,4
9482,5170,117,15,2024-10-07,Repair,3340000,5
9483,1152,103,83,2023-03-27,Repair,6662000,4
9484,1152,103,83,2022-06-10,Periodic,1291000,5
9485,4785,118,83,2025-09-12,Periodic,1312000,5
9486,1699,112,109,2023-10-13,Periodic,925000,5
9487,1699,112,109,2023-08-17,Repair,3960000,4
9488,1057,141,37,2024-08-01,Periodic,1177000,3
9489,1057,141,37,2025-02-08,Periodic,672000,4
9490,1601,123,4,2024-08-31,Periodic,2054000,4
9491,2604,113,63,2024-02-19,Repair,1931000,4
9492,1201,110,66,2024-07-18,Periodic,1804000,4
9493,1201,110,66,2025-12-31,Repair,2180000,5
9494,1057,160,35,2024-02-24,Periodic,1929000,5
9495,1057,160,35,2024-11-10,Periodic,990000,5
9496,3463,107,66,2024-01-22,Periodic,959000,2
9497,3463,107,66,2022-09-23,Repair,6393000,2
9498,3463,107,66,2021-08-19,Periodic,705000,4
9499,3840,135,44,2024-09-19,Warranty,163000,5
9500,3840,135,44,2024-07-27,Periodic,2138000,5
9501,3782,123,59,2025-11-03,Repair,4232000,1
9502,2564,127,27,2025-06-23,Periodic,1609000,3
9503,4284,106,2,2024-01-03,Periodic,1267000,5
9504,4090,120,100,2024-06-02,Periodic,1698000,5
9505,4514,115,86,2023-05-23,Periodic,1471000,5
9506,4514,115,86,2023-10-16,Warranty,37000,5
9507,4514,115,86,2025-07-17,Periodic,1140000,4
9508,3076,161,110,2024-09-22,Warranty,275000,3
9509,2083,111,23,2023-08-16,Periodic,2048000,5
9510,2083,111,23,2022-07-28,Warranty,484000,4
9511,2083,111,23,2024-12-10,Warranty,125000,4
9512,3222,137,72,2025-08-19,Body & Paint,7864000,3
9513,3341,141,25,2024-01-30,Body & Paint,7678000,4
9514,3341,141,25,2025-04-29,Repair,6105000,4
9515,3341,141,25,2024-06-13,Periodic,753000,2
9516,3309,116,54,2025-02-18,Periodic,1563000,2
9517,1507,114,21,2022-09-24,Periodic,876000,1
9518,1507,114,21,2023-09-23,Periodic,2054000,5
9519,1507,114,21,2024-07-02,Periodic,2009000,5
9520,4675,104,15,2025-11-30,Periodic,739000,4
9521,5381,103,17,2024-09-24,Warranty,28000,5
9522,5381,103,17,2021-10-17,Repair,2772000,3
9523,5381,103,17,2023-05-06,Repair,6982000,3
9524,2774,106,25,2025-01-13,Periodic,1203000,4
9525,2774,106,25,2025-01-12,Repair,4167000,4
9526,1823,140,110,2025-11-27,Repair,6406000,4
9527,1177,114,39,2020-09-13,Periodic,664000,4
9528,1177,114,39,2021-09-09,Periodic,675000,4
9529,1177,114,39,2021-01-25,Periodic,1394000,5
9530,3626,118,119,2024-01-09,Repair,5413000,5
9531,3626,118,119,2024-05-08,Periodic,1406000,5
9532,3626,118,119,2023-11-28,Periodic,1098000,4
9533,3963,106,100,2021-09-06,Periodic,1383000,5
9534,1422,110,113,2024-11-25,Warranty,493000,5
9535,2789,145,13,2025-07-24,Warranty,498000,5
9536,1045,117,109,2022-11-22,Repair,4781000,5
9537,1045,117,109,2023-02-19,Warranty,139000,5
9538,4972,125,118,2022-01-31,Periodic,1165000,3
9539,4972,125,118,2021-09-26,Repair,3781000,4
9540,4955,105,88,2025-07-29,Periodic,2106000,4
9541,4955,105,88,2024-11-23,Repair,6317000,4
9542,2247,118,17,2022-02-12,Warranty,340000,5
9543,2247,118,17,2021-10-29,Warranty,74000,5
9544,2247,118,17,2024-09-07,Warranty,97000,3
9545,2662,114,30,2023-05-17,Periodic,1105000,5
9546,4141,144,63,2025-03-03,Periodic,641000,5
9547,2291,165,62,2024-10-08,Periodic,1558000,5
9548,2291,165,62,2025-07-16,Repair,6452000,1
9549,2651,110,15,2024-12-20,Body & Paint,2932000,3
9550,2651,110,15,2024-07-03,Periodic,2032000,4
9551,2651,110,15,2025-01-22,Warranty,380000,2
9552,4866,104,89,2022-11-22,Warranty,466000,5
9553,4866,104,89,2022-08-12,Periodic,2165000,5
9554,1697,125,45,2023-01-23,Repair,4792000,3
9555,1697,125,45,2024-08-18,Periodic,2000000,4
9556,1697,125,45,2022-09-27,Periodic,1225000,4
9557,3432,115,95,2023-12-15,Periodic,790000,4
9558,4265,108,82,2025-11-12,Periodic,939000,4
9559,4841,110,19,2025-11-06,Periodic,1887000,5
9560,5075,128,112,2024-03-24,Periodic,1076000,4
9561,5075,128,112,2025-03-18,Periodic,2192000,4
9562,2424,110,8,2022-11-10,Repair,6469000,4
9563,2424,110,8,2022-03-17,Body & Paint,6694000,5
9564,2424,110,8,2021-12-14,Repair,2534000,4
9565,2814,104,61,2024-10-31,Body & Paint,5569000,5
9566,2814,104,61,2024-09-16,Periodic,957000,4
9567,3287,114,85,2022-10-01,Periodic,1556000,5
9568,3287,114,85,2023-07-20,Repair,6652000,4
9569,4993,122,89,2023-01-01,Periodic,1106000,5
9570,4993,122,89,2025-03-16,Warranty,456000,4
9571,4993,122,89,2022-08-26,Periodic,2122000,5
9572,1441,122,114,2024-09-22,Periodic,1902000,4
9573,1441,122,114,2024-11-10,Periodic,1750000,4
9574,1065,105,102,2024-09-12,Periodic,1435000,5
9575,1065,105,102,2023-10-26,Body & Paint,9795000,2
9576,1065,105,102,2022-12-29,Repair,3050000,5
9577,4026,122,88,2024-08-30,Body & Paint,3832000,5
9578,4026,122,88,2025-07-14,Periodic,1831000,5
9579,5315,108,80,2023-12-25,Body & Paint,2717000,5
9580,5315,108,80,2024-07-01,Repair,6206000,5
9581,2031,134,29,2024-12-14,Repair,1896000,4
9582,3859,141,4,2025-06-07,Warranty,133000,3
9583,3688,119,28,2023-03-06,Repair,3796000,3
9584,3688,119,28,2024-03-05,Periodic,1009000,4
9585,3069,122,90,2025-10-24,Repair,4607000,4
9586,3069,122,90,2025-09-08,Periodic,978000,5
9587,5436,126,70,2023-09-13,Periodic,1193000,4
9588,4624,138,80,2025-04-02,Body & Paint,2687000,5
9589,4624,138,80,2023-10-21,Body & Paint,8684000,5
9590,3747,118,80,2024-11-13,Warranty,298000,2
9591,3747,118,80,2024-10-11,Periodic,605000,4
9592,4053,147,17,2025-08-31,Periodic,1648000,2
9593,2201,121,107,2023-07-03,Repair,3314000,3
9594,2201,121,107,2023-09-07,Warranty,226000,4
9595,2113,101,17,2025-10-23,Periodic,2174000,4
9596,2113,101,17,2024-10-15,Warranty,331000,5
9597,2113,101,17,2025-04-12,Repair,6891000,5
9598,4837,107,84,2025-01-31,Repair,7571000,4
9599,4268,142,115,2023-05-02,Warranty,180000,2
9600,4268,142,115,2023-05-02,Periodic,1461000,5
9601,4268,142,115,2022-06-19,Repair,4281000,5
9602,1834,126,58,2025-10-04,Repair,4541000,5
9603,1834,126,58,2024-01-28,Periodic,1081000,4
9604,4552,140,12,2025-08-13,Periodic,1664000,4
9605,4552,140,12,2024-12-14,Repair,5095000,1
9606,4552,140,12,2025-11-20,Periodic,1663000,3
9607,4640,110,88,2025-04-10,Periodic,2022000,4
9608,4640,110,88,2025-07-05,Periodic,787000,5
9609,2863,104,119,2022-03-28,Repair,2117000,5
9610,2538,105,88,2025-04-24,Repair,7251000,5
9611,2457,116,52,2023-01-19,Periodic,1923000,4
9612,2457,116,52,2023-10-18,Body & Paint,4465000,4
9613,5166,144,108,2022-07-21,Warranty,458000,3
9614,5166,144,108,2023-03-22,Periodic,832000,4
9615,1594,131,79,2025-12-20,Periodic,726000,5
9616,3670,136,106,2025-04-06,Body & Paint,3190000,4
9617,3670,136,106,2025-05-21,Periodic,2126000,4
9618,3158,130,61,2021-11-20,Periodic,1605000,5
9619,2468,101,56,2025-01-06,Repair,5518000,5
9620,2468,101,56,2023-11-23,Repair,6082000,3
9621,2468,101,56,2023-04-17,Body & Paint,9241000,4
9622,3262,113,88,2023-05-03,Warranty,446000,5
9623,3262,113,88,2021-12-01,Periodic,1104000,5
9624,2539,137,4,2024-04-05,Periodic,1378000,4
9625,2587,137,70,2024-05-04,Warranty,476000,4
9626,2587,137,70,2023-12-09,Warranty,426000,3
9627,2202,133,11,2025-01-24,Repair,3375000,5
9628,4837,127,74,2024-06-21,Periodic,1786000,5
9629,4837,127,74,2025-08-11,Periodic,604000,4
9630,3868,115,79,2023-12-12,Repair,2402000,5
9631,1644,107,70,2022-06-07,Periodic,2026000,5
9632,1644,107,70,2020-11-17,Periodic,1004000,4
9633,2743,111,51,2022-12-12,Body & Paint,2152000,4
9634,2743,111,51,2022-04-02,Repair,7979000,4
9635,2743,111,51,2022-10-08,Periodic,1587000,4
9636,4773,120,19,2024-07-17,Repair,6144000,4
9637,4773,120,19,2023-06-22,Repair,6864000,3
9638,1005,121,62,2025-02-08,Periodic,1546000,3
9639,1005,121,62,2025-09-16,Repair,7059000,2
9640,4619,172,97,2025-07-02,Repair,2963000,5
9641,3593,128,70,2023-02-22,Periodic,1517000,5
9642,3593,128,70,2023-11-24,Repair,7421000,4
9643,1214,143,42,2023-04-29,Repair,5290000,4
9644,1214,143,42,2023-01-16,Periodic,1343000,4
9645,4357,113,85,2025-12-25,Periodic,770000,4
9646,1645,114,70,2023-09-19,Periodic,1945000,3
9647,1645,114,70,2025-05-24,Repair,5582000,4
9648,1645,114,70,2024-09-11,Periodic,1102000,5
9649,2602,108,117,2025-06-27,Periodic,1830000,4
9650,2602,108,117,2025-02-18,Repair,7096000,4
9651,2602,108,117,2025-04-23,Periodic,1983000,4
9652,3766,109,54,2025-09-15,Periodic,679000,5
9653,3766,109,54,2025-09-12,Periodic,1730000,3
9654,3766,109,54,2023-07-16,Periodic,1170000,4
9655,2530,115,7,2025-12-22,Repair,3842000,4
9656,1135,130,21,2022-08-12,Repair,4117000,3
9657,1831,104,97,2023-05-21,Periodic,2000000,4
9658,1831,104,97,2024-03-13,Repair,7857000,5
9659,1831,104,97,2023-06-03,Periodic,1116000,5
9660,4743,138,52,2024-12-21,Body & Paint,10792000,5
9661,4743,138,52,2025-03-12,Periodic,1861000,3
9662,4743,138,52,2025-05-15,Repair,3117000,3
9663,1780,145,21,2025-11-24,Periodic,1779000,5
9664,3934,122,15,2024-10-31,Warranty,454000,4
9665,1374,104,50,2023-04-12,Repair,3948000,4
9666,1374,104,50,2023-10-04,Body & Paint,7230000,4
9667,4116,106,19,2025-12-26,Warranty,312000,4
9668,2651,118,12,2025-09-11,Warranty,416000,5
9669,4853,108,98,2023-03-05,Periodic,1429000,4
9670,4853,108,98,2023-09-09,Body & Paint,3753000,2
9671,1652,168,87,2023-01-14,Periodic,2182000,5
9672,4631,120,73,2025-06-20,Periodic,1490000,5
9673,4631,120,73,2024-03-14,Periodic,1216000,4
9674,4631,120,73,2024-02-27,Periodic,1456000,1
9675,2421,102,73,2023-05-02,Body & Paint,4754000,3
9676,2421,102,73,2025-03-09,Repair,4941000,4
9677,1021,120,66,2024-06-30,Periodic,1652000,4
9678,1021,120,66,2024-08-25,Periodic,1211000,3
9679,1021,120,66,2021-11-19,Repair,5144000,2
9680,4930,139,110,2024-05-07,Periodic,2031000,2
9681,4275,115,48,2023-05-22,Periodic,1099000,5
9682,1866,133,75,2025-03-26,Periodic,1650000,2
9683,1866,133,75,2025-04-07,Periodic,900000,5
9684,4384,178,80,2024-04-08,Periodic,1360000,4
9685,4384,178,80,2023-07-16,Periodic,1927000,5
9686,4558,123,98,2024-07-20,Repair,7898000,5
9687,4558,123,98,2022-05-23,Periodic,1643000,5
9688,4558,123,98,2022-05-19,Periodic,1619000,4
9689,3739,144,20,2024-07-21,Periodic,1117000,5
9690,3739,144,20,2023-02-20,Periodic,898000,3
9691,1160,104,27,2025-10-05,Periodic,634000,2
9692,2219,116,9,2022-11-15,Periodic,1043000,4
9693,1075,108,54,2021-06-17,Periodic,1930000,5
9694,1075,108,54,2021-08-14,Periodic,1002000,5
9695,2732,109,93,2022-12-24,Body & Paint,10601000,5
9696,2732,109,93,2023-01-16,Periodic,1938000,4
9697,2732,109,93,2022-12-15,Periodic,2100000,5
9698,3889,136,90,2025-10-20,Periodic,2116000,4
9699,3388,115,63,2025-05-03,Repair,6693000,5
9700,3388,115,63,2025-08-22,Periodic,1931000,5
9701,2887,122,101,2024-02-06,Periodic,1703000,5
9702,2887,122,101,2022-11-05,Periodic,1595000,5
9703,2887,122,101,2024-05-17,Periodic,2108000,5
9704,3887,108,117,2024-02-24,Periodic,2097000,3
9705,3887,108,117,2022-10-04,Body & Paint,6754000,1
9706,1900,145,19,2021-04-24,Periodic,2006000,5
9707,2405,109,30,2023-02-22,Periodic,1538000,4
9708,2405,109,30,2023-02-02,Warranty,377000,3
9709,2405,109,30,2023-04-12,Repair,5410000,5
9710,4826,160,43,2024-10-07,Repair,4816000,5
9711,4826,160,43,2025-11-23,Warranty,261000,2
9712,1569,106,69,2024-10-11,Periodic,1010000,1
9713,4817,117,34,2025-06-09,Periodic,1736000,5
9714,3434,105,71,2025-03-04,Warranty,72000,5
9715,3819,106,35,2025-06-23,Periodic,1732000,5
9716,2967,113,38,2023-02-28,Periodic,1028000,3
9717,2967,113,38,2021-08-14,Periodic,2017000,2
9718,2967,113,38,2022-07-10,Periodic,1461000,3
9719,4340,129,63,2025-05-10,Repair,7569000,4
9720,4076,129,43,2024-08-08,Periodic,1784000,4
9721,4076,129,43,2022-11-08,Periodic,949000,5
9722,3375,131,53,2020-08-28,Repair,7689000,5
9723,1308,101,77,2023-11-17,Periodic,1426000,4
9724,1308,101,77,2022-10-03,Periodic,602000,5
9725,1308,101,77,2024-03-31,Repair,3480000,3
9726,3797,166,114,2022-11-12,Periodic,1741000,5
9727,4470,133,59,2024-11-26,Repair,6098000,5
9728,4470,133,59,2024-11-18,Warranty,318000,5
9729,4470,133,59,2023-12-03,Warranty,96000,3
9730,5352,102,118,2025-07-31,Periodic,1229000,5
9731,5251,110,21,2022-11-27,Periodic,1139000,5
9732,2284,132,119,2024-04-24,Periodic,1355000,5
9733,2284,132,119,2023-09-09,Periodic,1135000,1
9734,2887,127,101,2024-10-26,Repair,4156000,5
9735,3512,101,9,2022-06-26,Warranty,413000,1
9736,3512,101,9,2021-11-07,Warranty,69000,5
9737,3870,128,106,2023-08-14,Periodic,1101000,5
9738,3870,128,106,2022-08-12,Warranty,89000,5
9739,2049,124,63,2025-11-19,Periodic,688000,5
9740,1298,181,49,2024-06-13,Periodic,1164000,3
9741,2210,156,98,2024-02-10,Warranty,174000,2
9742,2210,156,98,2025-01-12,Periodic,2129000,4
9743,2649,125,79,2024-02-09,Periodic,1056000,3
9744,2649,125,79,2024-07-05,Repair,1667000,4
9745,1278,140,11,2025-09-11,Periodic,1567000,5
9746,2443,174,106,2024-10-16,Periodic,1860000,5
9747,2890,128,57,2023-07-04,Periodic,2004000,4
9748,2890,128,57,2024-01-01,Body & Paint,8523000,2
9749,2890,128,57,2023-06-25,Repair,4630000,4
9750,2133,128,13,2024-06-13,Warranty,11000,4
9751,4505,127,84,2025-07-27,Periodic,1089000,4
9752,3234,114,61,2025-04-27,Periodic,2078000,5
9753,3234,114,61,2025-04-08,Repair,2401000,5
9754,3223,116,79,2022-12-17,Periodic,1521000,4
9755,3223,116,79,2022-04-10,Repair,1602000,4
9756,2907,145,33,2024-09-08,Periodic,790000,2
9757,2907,145,33,2025-01-16,Periodic,1358000,5
9758,1894,109,35,2021-01-21,Periodic,655000,5
9759,4126,121,82,2024-11-03,Repair,3007000,3
9760,4126,121,82,2024-08-05,Repair,2955000,5
9761,1728,134,68,2025-09-07,Periodic,2080000,5
9762,1728,134,68,2025-09-05,Repair,5569000,3
9763,3671,137,31,2024-09-14,Periodic,1707000,4
9764,3671,137,31,2024-02-14,Periodic,1555000,4
9765,2519,123,7,2024-07-18,Body & Paint,11862000,5
9766,4457,164,32,2024-10-06,Periodic,1664000,4
9767,4457,164,32,2024-04-15,Repair,4867000,5
9768,4514,121,45,2024-11-11,Warranty,225000,2
9769,2221,131,63,2025-06-05,Warranty,316000,4
9770,5170,103,97,2025-08-28,Periodic,969000,5
9771,2990,123,61,2025-10-02,Periodic,1484000,5
9772,2990,123,61,2022-10-22,Periodic,761000,5
9773,2990,123,61,2024-08-20,Periodic,907000,4
9774,2019,104,53,2023-06-05,Body & Paint,2563000,4
9775,3151,109,50,2022-10-20,Periodic,863000,1
9776,3151,109,50,2022-04-15,Repair,4037000,3
9777,2895,103,15,2024-09-25,Periodic,1673000,5
9778,3732,124,82,2025-08-17,Periodic,1411000,4
9779,4968,109,77,2023-05-22,Periodic,1370000,3
9780,3986,114,6,2023-11-29,Repair,1700000,5
9781,1221,107,49,2025-10-22,Repair,1545000,4
9782,5273,144,84,2025-12-07,Periodic,1363000,5
9783,5273,144,84,2025-01-27,Body & Paint,2247000,5
9784,3473,169,103,2022-12-27,Periodic,2177000,4
9785,4771,162,23,2024-05-26,Periodic,1359000,3
9786,4771,162,23,2024-04-27,Periodic,1448000,3
9787,4771,162,23,2023-04-07,Periodic,1978000,5
9788,1849,121,62,2024-06-18,Periodic,1536000,5
9789,1849,121,62,2024-06-05,Periodic,1515000,4
9790,1849,121,62,2025-09-08,Periodic,2173000,2
9791,5338,131,115,2025-09-02,Warranty,21000,5
9792,3514,104,85,2024-04-12,Warranty,432000,4
9793,2327,118,67,2023-09-01,Periodic,885000,4
9794,3154,109,2,2025-02-11,Periodic,2088000,5
9795,2033,118,32,2024-12-29,Body & Paint,3289000,3
9796,2033,118,32,2025-04-18,Repair,2622000,5
9797,2033,118,32,2025-11-04,Periodic,1155000,4
9798,1590,107,22,2025-04-09,Periodic,1089000,3
9799,4359,104,43,2024-07-25,Repair,2328000,3
9800,4634,106,108,2024-10-28,Periodic,1597000,5
9801,1009,121,59,2025-06-26,Repair,3567000,5
9802,3823,138,22,2021-03-16,Body & Paint,4909000,4
9803,3823,138,22,2021-06-17,Periodic,1083000,4
9804,3823,138,22,2023-07-16,Repair,5566000,5
9805,3552,110,2,2022-06-22,Repair,4984000,3
9806,3552,110,2,2023-03-02,Periodic,1546000,4
9807,4744,125,61,2025-03-24,Periodic,1567000,5
9808,5219,139,5,2024-12-13,Body & Paint,10370000,3
9809,3577,119,14,2025-05-15,Body & Paint,5027000,5
9810,3577,119,14,2023-10-27,Body & Paint,11333000,5
9811,3577,119,14,2024-12-17,Repair,7776000,5
9812,4813,121,94,2024-05-27,Periodic,2165000,4
9813,3536,150,62,2024-05-26,Warranty,96000,5
9814,3536,150,62,2023-03-01,Periodic,634000,4
9815,4215,145,61,2025-01-26,Repair,2260000,4
9816,1518,122,112,2025-01-31,Warranty,388000,5
9817,3099,116,112,2023-05-15,Repair,4394000,4
9818,3099,116,112,2024-03-04,Periodic,705000,4
9819,3099,116,112,2022-06-18,Repair,7119000,3
9820,5217,133,107,2024-09-20,Periodic,816000,3
9821,2078,135,13,2025-08-23,Repair,6247000,5
9822,4530,114,97,2024-04-08,Body & Paint,5888000,4
9823,3830,130,83,2023-04-20,Periodic,2132000,3
9824,3830,130,83,2024-02-13,Periodic,1752000,4
9825,3830,130,83,2025-01-15,Repair,6659000,4
9826,3501,102,119,2022-10-07,Warranty,381000,5
9827,3501,102,119,2023-07-04,Periodic,1962000,5
9828,1538,134,120,2022-06-12,Periodic,2044000,4
9829,1538,134,120,2024-01-26,Periodic,2130000,5
9830,1538,134,120,2023-02-04,Repair,1742000,5
9831,3327,137,111,2023-06-26,Periodic,1096000,4
9832,3327,137,111,2023-02-27,Periodic,1047000,4
9833,2416,108,105,2022-09-27,Periodic,1352000,5
9834,2416,108,105,2021-05-07,Periodic,1307000,3
9835,2008,112,73,2023-11-19,Periodic,1118000,1
9836,1997,117,108,2023-09-10,Periodic,1889000,5
9837,1997,117,108,2022-10-06,Repair,1601000,5
9838,2028,175,30,2025-04-23,Warranty,332000,5
9839,3137,138,65,2022-10-09,Repair,1943000,4
9840,5141,106,27,2024-04-26,Periodic,2101000,5
9841,4903,106,39,2022-06-12,Periodic,1050000,4
9842,4903,106,39,2024-09-09,Periodic,1022000,3
9843,1510,158,108,2024-09-06,Repair,1869000,3
9844,1510,158,108,2025-03-28,Periodic,1534000,3
9845,4371,113,26,2021-12-19,Periodic,1802000,4
9846,4371,113,26,2023-04-21,Periodic,1064000,3
9847,1662,105,20,2023-02-20,Repair,6069000,4
9848,1662,105,20,2023-03-28,Periodic,856000,4
9849,1662,105,20,2021-02-24,Warranty,364000,1
9850,5039,101,36,2021-07-04,Warranty,57000,5
9851,5039,101,36,2023-11-26,Periodic,1142000,5
9852,5039,101,36,2023-06-04,Periodic,1900000,5
9853,3708,116,26,2025-01-28,Periodic,877000,5
9854,2002,107,37,2025-04-07,Periodic,720000,5
9855,3315,125,94,2025-11-27,Periodic,1275000,5
9856,3315,125,94,2024-09-08,Periodic,1643000,3
9857,4986,129,71,2025-01-30,Periodic,1725000,5
9858,4986,129,71,2024-02-24,Periodic,1190000,4
9859,1998,105,6,2025-06-18,Warranty,334000,1
9860,1998,105,6,2024-02-10,Periodic,789000,4
9861,1998,105,6,2023-07-06,Periodic,909000,5
9862,2834,105,70,2024-09-30,Warranty,452000,5
9863,2834,105,70,2023-10-14,Periodic,1172000,4
9864,2834,105,70,2024-02-14,Body & Paint,3200000,4
9865,5115,138,26,2025-03-14,Periodic,1604000,5
9866,5386,104,100,2025-08-14,Warranty,124000,5
9867,3375,131,9,2023-10-18,Periodic,988000,4
9868,3375,131,9,2021-10-16,Periodic,1238000,5
9869,3375,131,9,2023-02-06,Periodic,1991000,4
9870,1030,104,69,2024-08-18,Warranty,224000,5
9871,3625,118,91,2025-12-21,Periodic,2088000,5
9872,4080,105,1,2023-11-01,Repair,1758000,4
9873,4080,105,1,2022-02-23,Periodic,1921000,4
9874,4080,105,1,2024-08-04,Body & Paint,11468000,5
9875,4257,103,44,2022-12-01,Periodic,1415000,3
9876,4065,133,80,2025-07-04,Warranty,334000,4
9877,2140,145,51,2025-12-15,Periodic,952000,4
9878,2140,145,51,2025-03-18,Periodic,1058000,3
9879,4239,121,79,2025-05-04,Periodic,2006000,5
9880,4853,141,99,2024-05-23,Periodic,630000,4
9881,3698,137,24,2025-03-06,Periodic,943000,5
9882,1869,106,20,2025-04-19,Body & Paint,7999000,4
9883,1245,139,24,2023-12-19,Repair,3581000,4
9884,2980,106,113,2024-07-27,Periodic,1667000,5
9885,2980,106,113,2025-11-26,Body & Paint,6625000,4
9886,3271,138,56,2024-12-18,Periodic,1911000,5
9887,3271,138,56,2024-11-05,Periodic,1283000,3
9888,5361,116,39,2025-02-19,Periodic,2062000,5
9889,5361,116,39,2023-07-17,Repair,7197000,5
9890,5361,116,39,2023-06-20,Repair,3804000,5
9891,1551,138,95,2024-05-14,Periodic,1820000,1
9892,3420,110,53,2025-09-24,Repair,2374000,2
9893,3331,103,80,2021-04-21,Periodic,1243000,4
9894,3331,103,80,2023-08-15,Warranty,27000,1
9895,3331,103,80,2021-06-23,Periodic,1011000,4
9896,5308,102,13,2025-10-15,Warranty,450000,5
9897,4350,159,15,2024-04-22,Body & Paint,11374000,4
9898,4350,159,15,2023-10-11,Repair,5558000,3
9899,4350,159,15,2022-11-16,Periodic,1723000,4
9900,3130,139,81,2023-01-02,Repair,5384000,5
9901,2380,166,82,2025-11-30,Repair,3691000,4
9902,4471,107,18,2025-08-25,Periodic,2002000,3
9903,2071,130,102,2025-12-31,Repair,3897000,5
9904,2071,130,102,2025-09-21,Periodic,1328000,3
9905,4517,109,80,2025-04-20,Periodic,1885000,4
9906,4517,109,80,2023-10-31,Body & Paint,8721000,4
9907,4517,109,80,2022-10-13,Periodic,1805000,4
9908,3715,117,17,2025-09-07,Periodic,2002000,4
9909,3715,117,17,2022-11-28,Periodic,1832000,4
9910,3715,117,17,2023-08-28,Body & Paint,7410000,2
9911,2700,111,17,2025-01-10,Periodic,1446000,5
9912,2700,111,17,2025-01-06,Repair,7171000,5
9913,1836,131,63,2025-04-11,Periodic,1920000,4
9914,3331,105,113,2025-02-11,Repair,3992000,5
9915,3331,105,113,2022-07-17,Periodic,1620000,4
9916,3331,105,113,2024-10-06,Periodic,1710000,2
9917,3237,103,34,2025-08-06,Warranty,454000,3
9918,3237,103,34,2025-11-25,Periodic,912000,5
9919,4981,120,41,2022-07-16,Repair,4565000,5
9920,4981,120,41,2021-11-11,Repair,7558000,5
9921,4981,120,41,2023-02-01,Periodic,1254000,4
9922,1541,122,117,2025-05-26,Body & Paint,7988000,5
9923,1541,122,117,2023-05-11,Periodic,823000,4
9924,1541,122,117,2024-02-13,Periodic,1114000,5
9925,5109,132,35,2025-11-23,Warranty,29000,5
9926,1556,118,52,2024-12-14,Periodic,1909000,2
9927,1541,113,6,2025-10-17,Warranty,452000,5
9928,4030,142,41,2022-06-06,Warranty,160000,5
9929,1968,108,119,2023-11-27,Periodic,1530000,5
9930,1968,108,119,2024-04-16,Periodic,1965000,3
9931,1968,108,119,2023-01-01,Repair,5854000,3
9932,2021,110,32,2025-12-30,Periodic,1482000,5
9933,2021,110,32,2025-05-04,Warranty,319000,4
9934,4217,137,94,2025-04-11,Repair,1897000,4
9935,4217,137,94,2024-09-23,Repair,3378000,5
9936,2797,144,75,2024-10-17,Body & Paint,5427000,3
9937,2797,144,75,2025-04-18,Warranty,74000,4
9938,1720,129,98,2025-04-27,Periodic,1481000,4
9939,1720,129,98,2025-04-28,Warranty,346000,5
9940,2638,122,66,2020-11-27,Body & Paint,5798000,4
9941,2638,122,66,2021-08-30,Body & Paint,8849000,3
9942,2638,122,66,2024-02-01,Warranty,258000,4
9943,5338,105,75,2024-05-30,Periodic,1249000,2
9944,5338,105,75,2023-10-21,Repair,2426000,5
9945,5338,105,75,2024-03-27,Body & Paint,5445000,5
9946,2584,156,31,2025-04-19,Periodic,1057000,5
9947,4173,172,85,2023-11-12,Periodic,1686000,4
9948,4173,172,85,2023-08-07,Periodic,1140000,5
9949,3577,115,55,2025-10-04,Periodic,1020000,5
9950,1351,128,91,2025-05-10,Warranty,179000,4
9951,1351,128,91,2025-07-09,Repair,6764000,4
9952,4824,117,120,2023-10-16,Periodic,1101000,5
9953,4824,117,120,2022-06-16,Periodic,877000,5
9954,4824,117,120,2022-10-08,Periodic,2195000,2
9955,1900,119,58,2025-11-13,Periodic,1573000,4
9956,2858,115,120,2023-03-17,Periodic,723000,5
9957,2093,144,9,2025-11-05,Periodic,1708000,5
9958,4400,113,10,2024-03-25,Periodic,2085000,5
9959,4400,113,10,2025-09-16,Periodic,921000,4
9960,3671,125,14,2023-01-21,Warranty,74000,4
9961,3671,125,14,2024-05-04,Periodic,705000,1
9962,3671,125,14,2024-10-09,Repair,6565000,5
9963,2395,116,93,2022-06-20,Periodic,1174000,1
9964,4694,135,33,2024-11-28,Periodic,1053000,4
9965,4694,135,33,2023-10-08,Periodic,720000,4
9966,1579,133,81,2021-10-09,Periodic,1893000,5
9967,1579,133,81,2022-08-09,Warranty,441000,3
9968,5038,154,65,2025-11-28,Repair,6685000,5
9969,1029,126,50,2022-08-05,Periodic,1669000,5
9970,1029,126,50,2024-08-05,Periodic,2073000,5
9971,1012,164,57,2025-01-09,Repair,7193000,5
9972,2528,161,87,2021-03-15,Warranty,480000,4
9973,2528,161,87,2021-07-12,Periodic,1700000,5
9974,1505,116,68,2021-11-25,Periodic,2007000,5
9975,1505,116,68,2023-01-05,Warranty,229000,4
9976,1505,116,68,2023-09-28,Periodic,705000,4
9977,1113,131,32,2023-07-05,Periodic,974000,5
9978,1113,131,32,2025-03-12,Repair,4432000,5
9979,1434,145,70,2025-10-14,Warranty,3000,5
9980,4429,109,11,2025-05-20,Periodic,726000,3
9981,4392,133,27,2024-10-27,Repair,2520000,4
9982,1388,161,9,2025-10-05,Periodic,1460000,5
9983,1277,110,85,2024-02-01,Periodic,1168000,4
9984,1277,110,85,2022-12-05,Periodic,882000,4
9985,1277,110,85,2023-06-22,Repair,7103000,4
9986,2676,109,66,2020-09-10,Periodic,605000,5
9987,3122,117,44,2024-03-17,Periodic,901000,3
9988,3122,117,44,2024-07-15,Warranty,370000,5
9989,1882,149,63,2024-07-21,Periodic,2153000,2
9990,1882,149,63,2024-02-28,Periodic,2085000,3
9991,5374,114,92,2024-09-21,Repair,2601000,3
9992,4719,143,47,2025-02-02,Warranty,344000,3
9993,5364,142,60,2020-09-19,Warranty,245000,4
9994,5364,142,60,2021-06-16,Warranty,25000,3
9995,5364,142,60,2022-03-22,Periodic,1699000,3
9996,3624,166,111,2025-09-20,Periodic,1461000,2
9997,2771,115,32,2024-07-13,Repair,6953000,4
9998,4983,165,109,2024-03-13,Repair,5893000,3
9999,4983,165,109,2022-05-09,Repair,3433000,5
10000,4983,165,109,2024-03-27,Repair,2600000,2
10001,1367,104,78,2022-11-26,Periodic,2148000,4
10002,1367,104,78,2023-10-23,Periodic,771000,2
10003,3075,161,119,2025-09-28,Periodic,2185000,4
10004,4382,151,116,2023-10-28,Body & Paint,11666000,4
10005,4382,151,116,2022-09-20,Periodic,1844000,5
10006,5321,110,23,2024-01-23,Body & Paint,10433000,4
10007,2454,142,14,2023-07-04,Periodic,1883000,4
10008,2158,121,23,2025-05-17,Periodic,1623000,4
10009,2766,109,51,2025-12-23,Periodic,1341000,4
10010,3892,103,16,2022-07-24,Repair,5646000,5
10011,3892,103,16,2023-11-07,Periodic,1111000,5
10012,2763,108,77,2025-11-19,Periodic,1202000,2
10013,2763,108,77,2024-09-25,Warranty,431000,3
10014,2101,119,32,2022-04-17,Periodic,886000,4
10015,3133,102,41,2025-10-26,Periodic,1636000,4
10016,5335,131,100,2024-06-10,Body & Paint,9910000,5
10017,5335,131,100,2024-11-21,Warranty,71000,4
10018,4832,135,36,2025-12-31,Repair,6718000,5
10019,4832,135,36,2024-12-18,Periodic,1466000,1
10020,1774,101,25,2025-07-09,Repair,6002000,3
10021,1774,101,25,2025-05-21,Periodic,602000,4
10022,4474,113,24,2025-03-29,Periodic,1098000,3
10023,2761,105,1,2023-08-28,Periodic,1205000,3
10024,2761,105,1,2023-04-13,Warranty,430000,4
10025,2761,105,1,2023-09-04,Repair,2325000,2
10026,3185,133,23,2025-05-12,Repair,5917000,1
10027,3185,133,23,2023-06-12,Repair,5478000,5
10028,3185,133,23,2025-01-18,Body & Paint,7672000,5
10029,3334,132,23,2020-10-04,Periodic,1768000,5
10030,4735,148,71,2024-02-07,Periodic,707000,5
10031,4156,138,93,2024-03-12,Periodic,1455000,4
10032,4156,138,93,2025-04-26,Periodic,1887000,4
10033,3869,137,26,2025-05-06,Periodic,710000,5
10034,3869,137,26,2023-09-20,Repair,3373000,5
10035,5264,142,115,2024-12-23,Body & Paint,2601000,4
10036,3912,127,59,2025-03-05,Periodic,706000,4
10037,5349,132,92,2023-12-07,Periodic,1317000,4
10038,5349,132,92,2022-12-16,Periodic,1851000,5
10039,5349,132,92,2024-11-29,Periodic,705000,4
10040,4929,127,16,2025-09-25,Periodic,1053000,3
10041,4929,127,16,2025-07-24,Body & Paint,3826000,5
10042,4929,127,16,2025-10-22,Periodic,1441000,5
10043,4125,130,104,2024-03-07,Periodic,1962000,4
10044,4125,130,104,2025-06-26,Periodic,739000,4
10045,4125,130,104,2025-06-24,Periodic,1530000,5
10046,4181,106,90,2024-06-29,Repair,1663000,3
10047,3514,119,96,2025-02-26,Repair,4251000,4
10048,3514,119,96,2025-03-04,Repair,3014000,5
10049,3514,119,96,2023-12-17,Warranty,197000,2
10050,1843,118,66,2025-01-17,Repair,5567000,5
10051,1761,110,98,2022-10-23,Body & Paint,7366000,5
10052,1761,110,98,2023-01-15,Periodic,1533000,5
10053,1761,110,98,2023-09-14,Periodic,1158000,5
10054,1013,183,98,2023-12-17,Warranty,256000,5
10055,1013,183,98,2023-07-08,Repair,4053000,5
10056,3524,115,39,2023-09-13,Periodic,2007000,5
10057,3524,115,39,2023-12-08,Periodic,2022000,5
10058,3524,115,39,2024-04-01,Periodic,940000,2
10059,2141,126,22,2024-12-24,Periodic,2196000,3
10060,4085,131,100,2024-07-19,Periodic,1697000,4
10061,4085,131,100,2023-10-31,Body & Paint,2239000,5
10062,4182,112,48,2023-12-17,Periodic,1938000,3
10063,4182,112,48,2022-10-07,Warranty,273000,5
10064,4182,112,48,2025-06-25,Repair,3904000,5
10065,3267,112,89,2023-01-14,Repair,4346000,5
10066,3267,112,89,2024-10-24,Periodic,2042000,2
10067,2913,132,40,2020-12-12,Periodic,986000,3
10068,2913,132,40,2023-12-12,Body & Paint,10373000,3
10069,2913,132,40,2024-01-18,Periodic,1392000,4
10070,1828,104,63,2024-02-16,Periodic,1162000,2
10071,3541,106,38,2025-03-18,Periodic,1383000,2
10072,1830,113,38,2022-09-26,Repair,6801000,5
10073,1830,113,38,2024-07-07,Body & Paint,7760000,4
10074,1830,113,38,2025-07-31,Periodic,1569000,4
10075,2867,118,113,2025-05-26,Periodic,845000,4
10076,5425,108,105,2025-06-09,Repair,1726000,4
10077,1972,116,28,2025-05-24,Warranty,20000,4
10078,1666,105,77,2023-11-07,Repair,6185000,5
10079,2060,137,119,2024-05-05,Body & Paint,4582000,3
10080,2060,137,119,2023-12-31,Body & Paint,3764000,5
10081,2060,137,119,2024-04-18,Repair,2973000,3
10082,4806,144,44,2024-09-15,Repair,2433000,5
10083,1958,138,11,2025-10-12,Periodic,1389000,4
10084,2468,117,100,2023-08-21,Periodic,1052000,5
10085,2468,117,100,2025-03-29,Periodic,1418000,5
10086,4224,132,84,2025-12-25,Periodic,1173000,5
10087,1377,115,107,2024-05-25,Periodic,1304000,4
10088,1377,115,107,2025-02-22,Periodic,1160000,4
10089,4090,127,107,2023-08-23,Warranty,223000,4
10090,4090,127,107,2023-07-12,Repair,1816000,5
10091,2400,109,63,2024-04-06,Repair,2571000,4
10092,3940,144,16,2024-11-14,Periodic,1801000,5
10093,5330,109,60,2021-12-17,Periodic,1819000,5
10094,5330,109,60,2023-06-11,Repair,4591000,5
10095,5330,109,60,2022-04-28,Periodic,1879000,5
10096,3834,118,114,2022-07-25,Periodic,834000,3
10097,3268,112,4,2025-02-15,Repair,5588000,3
10098,2601,154,57,2025-07-28,Periodic,1796000,4
10099,1566,119,114,2024-12-03,Periodic,2009000,5
10100,1615,103,52,2025-08-28,Body & Paint,7721000,5
10101,2382,113,87,2023-12-06,Periodic,1451000,5
10102,2382,113,87,2024-09-18,Periodic,2011000,4
10103,1419,101,110,2022-05-14,Periodic,1631000,3
10104,1419,101,110,2024-03-29,Repair,7706000,4
10105,1242,115,66,2024-09-27,Warranty,329000,4
10106,1242,115,66,2024-09-12,Repair,4435000,4
10107,1403,105,45,2025-02-27,Periodic,711000,2
10108,1403,105,45,2023-11-27,Body & Paint,8054000,3
10109,1403,105,45,2024-08-04,Warranty,75000,3
10110,1277,106,25,2022-03-31,Repair,7288000,4
10111,1277,106,25,2023-05-13,Body & Paint,9479000,5
10112,1588,143,50,2024-09-27,Periodic,1242000,5
10113,2782,122,32,2024-08-02,Body & Paint,10966000,5
10114,1884,177,9,2025-06-06,Periodic,1239000,5
10115,2824,114,75,2025-09-20,Periodic,1988000,3
10116,1866,120,55,2023-07-24,Warranty,1000,5
10117,1866,120,55,2023-02-02,Repair,2323000,3
10118,1866,120,55,2024-08-25,Repair,3896000,2
10119,1983,107,47,2025-06-04,Body & Paint,6813000,3
10120,1699,108,23,2024-07-15,Periodic,1424000,4
10121,1699,108,23,2024-12-12,Repair,6544000,5
10122,1516,101,57,2025-02-05,Periodic,1112000,4
10123,4407,164,82,2025-01-14,Periodic,2097000,5
10124,4407,164,82,2025-03-14,Periodic,1001000,5
10125,4407,164,82,2024-09-27,Body & Paint,8199000,4
10126,4202,124,18,2025-10-18,Warranty,195000,3
10127,4202,124,18,2024-03-20,Periodic,1792000,5
10128,2774,116,8,2025-10-05,Body & Paint,11527000,5
10129,2774,116,8,2025-06-11,Body & Paint,8292000,4
10130,5006,146,107,2023-09-14,Warranty,418000,5
10131,1566,136,77,2025-04-30,Periodic,1552000,5
10132,2545,123,32,2025-03-01,Warranty,9000,4
10133,4859,134,10,2024-11-07,Periodic,1019000,4
10134,3508,132,2,2025-07-27,Periodic,2148000,4
10135,3508,132,2,2024-10-20,Periodic,1005000,5
10136,1851,113,23,2025-11-14,Warranty,336000,5
10137,1851,113,23,2025-03-10,Repair,3930000,5
10138,3060,110,98,2023-08-30,Periodic,1356000,5
10139,3060,110,98,2023-09-19,Repair,4442000,5
10140,3281,104,118,2021-01-29,Periodic,1952000,5
10141,3281,104,118,2020-09-12,Periodic,1499000,4
10142,3281,104,118,2022-03-12,Repair,3542000,3
10143,1987,116,81,2022-05-22,Periodic,1464000,4
10144,1987,116,81,2024-02-12,Warranty,346000,4
10145,1523,111,85,2024-10-14,Periodic,679000,5
10146,1523,111,85,2022-11-22,Body & Paint,6753000,4
10147,1883,142,117,2025-09-28,Repair,6311000,5
10148,4205,105,13,2025-09-16,Body & Paint,2560000,5
10149,4826,132,86,2022-03-30,Body & Paint,3267000,5
10150,4826,132,86,2022-11-14,Repair,5303000,4
10151,4826,132,86,2022-05-29,Body & Paint,4062000,4
10152,3453,133,47,2022-05-12,Periodic,806000,5
10153,3453,133,47,2023-06-29,Periodic,1251000,5
10154,3140,147,35,2024-08-27,Body & Paint,10567000,5
10155,3140,147,35,2022-09-28,Periodic,1732000,5
10156,3140,147,35,2023-11-03,Repair,5727000,5
10157,4294,110,22,2024-03-07,Warranty,175000,1
10158,4294,110,22,2025-12-03,Repair,6713000,3
10159,4294,110,22,2023-10-26,Repair,7479000,5
10160,4334,126,69,2023-10-29,Repair,2828000,5
10161,4334,126,69,2025-12-28,Periodic,1698000,5
10162,4334,126,69,2025-08-26,Periodic,1988000,2
10163,1313,104,25,2025-01-19,Periodic,1927000,5
10164,1313,104,25,2023-10-26,Periodic,1505000,4
10165,1313,104,25,2025-06-24,Periodic,655000,5
10166,5218,107,6,2025-04-27,Warranty,285000,3
10167,5218,107,6,2025-11-16,Body & Paint,6790000,5
10168,5218,107,6,2025-12-27,Periodic,638000,4
10169,1272,113,40,2025-11-11,Body & Paint,2921000,4
10170,1902,108,99,2025-05-20,Periodic,2071000,4
10171,5495,103,5,2025-05-28,Repair,4851000,5
10172,5495,103,5,2024-05-09,Repair,7788000,5
10173,4278,137,40,2020-12-30,Periodic,640000,3
10174,4278,137,40,2021-08-29,Periodic,1289000,4
10175,3781,137,116,2025-09-27,Periodic,1355000,4
10176,5126,117,102,2022-10-26,Warranty,145000,1
10177,5126,117,102,2024-02-12,Periodic,1017000,4
10178,3804,110,24,2023-09-28,Periodic,925000,3
10179,3804,110,24,2024-05-04,Periodic,1376000,4
10180,1517,144,86,2023-05-28,Periodic,622000,4
10181,1517,144,86,2023-09-19,Periodic,781000,5
10182,1517,144,86,2023-12-03,Periodic,844000,4
10183,3615,103,28,2023-09-19,Periodic,729000,5
10184,3615,103,28,2023-12-31,Repair,5817000,4
10185,2196,146,61,2025-11-28,Warranty,429000,3
10186,2196,146,61,2025-07-27,Repair,5960000,3
10187,5247,116,98,2025-04-26,Repair,1803000,5
10188,2687,121,110,2021-06-21,Repair,3945000,5
10189,4859,113,15,2023-09-11,Warranty,117000,5
10190,4859,113,15,2025-05-02,Periodic,742000,5
10191,4859,113,15,2024-02-03,Periodic,674000,5
10192,3260,120,42,2023-10-24,Periodic,1447000,4
10193,3260,120,42,2024-12-17,Periodic,1449000,4
10194,5432,115,36,2024-07-02,Periodic,1582000,3
10195,5432,115,36,2024-07-18,Warranty,110000,3
10196,2800,102,10,2025-03-12,Body & Paint,9125000,4
10197,4793,110,32,2025-03-21,Periodic,689000,3
10198,4793,110,32,2025-01-04,Periodic,1977000,4
10199,3128,143,79,2023-01-18,Periodic,639000,4
10200,3128,143,79,2024-03-13,Warranty,363000,5
10201,3128,143,79,2022-10-21,Repair,2997000,3
10202,4601,105,85,2025-10-09,Periodic,1936000,3
10203,4601,105,85,2024-08-23,Periodic,1898000,3
10204,4554,131,76,2023-08-16,Periodic,1883000,4
10205,3743,167,32,2023-09-14,Repair,3805000,5
10206,2143,136,64,2024-02-10,Periodic,2004000,1
10207,2143,136,64,2024-01-02,Warranty,323000,4
10208,4512,104,88,2022-12-06,Repair,1745000,5
10209,4512,104,88,2021-07-22,Body & Paint,11997000,5
10210,4512,104,88,2023-08-10,Periodic,968000,4
10211,3207,115,48,2025-10-07,Periodic,1967000,5
10212,3624,127,48,2025-07-19,Repair,2326000,3
10213,3345,108,81,2021-10-10,Body & Paint,7377000,5
10214,4664,139,65,2024-10-25,Repair,4788000,5
10215,4175,105,111,2024-07-13,Body & Paint,2399000,5
10216,4175,105,111,2023-08-22,Periodic,771000,3
10217,4560,104,30,2025-03-04,Periodic,1248000,4
10218,3434,127,63,2023-02-08,Periodic,1706000,2
10219,3434,127,63,2025-03-08,Periodic,2034000,3
10220,3434,127,63,2023-03-13,Repair,4848000,5
10221,4126,144,97,2025-05-05,Periodic,1335000,5
10222,1521,138,118,2023-05-23,Repair,7629000,3
10223,2060,159,100,2024-12-30,Periodic,679000,4
10224,2060,159,100,2025-11-19,Repair,3596000,2
10225,4977,113,88,2025-11-29,Periodic,1564000,5
10226,3276,101,53,2024-01-30,Periodic,2050000,4
10227,3276,101,53,2024-02-29,Periodic,963000,4
10228,3710,179,79,2024-12-09,Periodic,1095000,5
10229,3710,179,79,2025-04-03,Periodic,1423000,5
10230,4650,102,68,2023-04-23,Warranty,345000,5
10231,4650,102,68,2023-03-31,Periodic,1995000,4
10232,4650,102,68,2021-07-20,Periodic,852000,3
10233,2147,111,15,2022-11-19,Warranty,388000,4
10234,2147,111,15,2022-01-05,Periodic,1069000,2
10235,2147,111,15,2023-05-18,Body & Paint,4633000,4
10236,2810,119,68,2023-09-12,Warranty,471000,5
10237,1512,117,38,2025-02-12,Periodic,1531000,4
10238,1512,117,38,2025-05-02,Periodic,1336000,5
10239,3433,128,65,2021-10-14,Repair,4016000,2
10240,3433,128,65,2022-09-20,Periodic,2018000,1
10241,3433,128,65,2023-12-16,Periodic,1065000,4
10242,4432,105,30,2025-11-05,Periodic,1052000,5
10243,2314,123,60,2025-11-02,Periodic,919000,3
10244,4520,114,91,2024-07-24,Periodic,699000,4
10245,2372,114,95,2023-12-22,Warranty,6000,2
10246,2331,115,76,2024-02-25,Repair,5608000,4
10247,2331,115,76,2025-08-11,Periodic,1545000,3
10248,3645,142,110,2024-12-31,Warranty,336000,4
10249,2496,136,79,2024-04-06,Periodic,2056000,5
10250,5416,162,113,2024-02-09,Repair,2302000,5
10251,5416,162,113,2023-11-13,Periodic,744000,4
10252,2710,148,30,2023-05-06,Periodic,966000,5
10253,5230,124,84,2023-10-16,Warranty,182000,4
10254,5230,124,84,2025-12-04,Repair,2805000,5
10255,1703,118,69,2025-03-19,Periodic,1448000,5
10256,1703,118,69,2024-03-13,Body & Paint,11271000,3
10257,1782,148,109,2022-06-17,Repair,5518000,4
10258,1004,104,40,2023-12-31,Periodic,1676000,5
10259,1399,131,94,2021-03-23,Periodic,1833000,4
10260,1399,131,94,2021-06-02,Periodic,1906000,4
10261,1399,131,94,2022-12-20,Periodic,1442000,3
10262,2244,113,63,2024-09-04,Periodic,1811000,4
10263,2244,113,63,2025-10-09,Periodic,2001000,1
10264,1543,117,117,2024-01-05,Warranty,333000,5
10265,4076,114,113,2023-11-04,Periodic,768000,5
10266,3390,129,96,2022-09-04,Periodic,2091000,5
10267,5432,108,74,2025-09-06,Periodic,1210000,5
10268,4802,145,20,2025-03-07,Periodic,968000,5
10269,1973,125,102,2024-12-08,Periodic,1126000,4
10270,1973,125,102,2023-11-22,Periodic,2075000,4
10271,1603,105,69,2024-11-26,Periodic,1449000,3
10272,1603,105,69,2023-04-29,Repair,5777000,5
10273,1603,105,69,2025-03-29,Periodic,1714000,5
10274,4346,108,45,2024-03-03,Warranty,17000,2
10275,4346,108,45,2024-09-02,Warranty,163000,4
10276,1118,131,18,2025-01-04,Periodic,1292000,5
10277,1118,131,18,2025-07-09,Warranty,58000,5
10278,1590,175,85,2025-12-01,Body & Paint,7948000,5
10279,3488,111,71,2024-10-25,Periodic,1683000,2
10280,2533,108,47,2025-08-28,Warranty,122000,5
10281,2533,108,47,2024-07-01,Body & Paint,6606000,4
10282,4251,113,20,2025-03-11,Periodic,1452000,4
10283,1855,159,78,2024-02-03,Periodic,1684000,3
10284,1855,159,78,2025-05-06,Periodic,1780000,5
10285,1855,159,78,2024-05-15,Repair,2056000,4
10286,4165,115,29,2023-05-20,Repair,3714000,5
10287,4165,115,29,2021-06-25,Periodic,1687000,5
10288,4760,109,70,2024-11-28,Periodic,1705000,4
10289,4760,109,70,2025-09-09,Periodic,2039000,5
10290,1464,120,29,2025-08-18,Warranty,381000,4
10291,1162,108,28,2024-07-11,Periodic,2063000,4
10292,1162,108,28,2025-09-30,Warranty,185000,4
10293,5112,111,59,2025-10-26,Periodic,2085000,5
10294,4319,161,108,2022-12-08,Body & Paint,2189000,5
10295,3521,108,99,2025-08-17,Periodic,734000,5
10296,1650,163,25,2024-01-10,Periodic,1931000,5
10297,1650,163,25,2025-12-03,Periodic,1511000,5
10298,2941,108,120,2025-07-20,Periodic,869000,5
10299,1342,119,81,2023-10-08,Periodic,1206000,5
10300,1342,119,81,2025-12-22,Periodic,621000,3
10301,3298,108,92,2025-01-28,Periodic,1413000,5
10302,3298,108,92,2025-03-29,Periodic,2126000,4
10303,3298,108,92,2025-10-08,Periodic,1592000,1
10304,4788,104,35,2023-11-09,Body & Paint,2029000,4
10305,4788,104,35,2025-06-20,Periodic,688000,3
10306,5343,110,113,2025-07-12,Body & Paint,3348000,4
10307,5343,110,113,2025-09-24,Periodic,1485000,3
10308,1581,111,39,2023-10-09,Periodic,1172000,4
10309,1581,111,39,2024-07-20,Repair,5890000,4
10310,1581,111,39,2023-02-12,Warranty,448000,5
10311,5439,107,71,2023-12-28,Periodic,1874000,5
10312,1672,132,78,2025-07-18,Warranty,314000,4
10313,4739,130,10,2024-04-16,Repair,3018000,4
10314,4739,130,10,2022-12-23,Repair,5283000,5
10315,4739,130,10,2023-11-14,Periodic,1186000,5
10316,3271,144,99,2025-05-21,Body & Paint,9472000,4
10317,2742,140,13,2022-06-11,Repair,2581000,5
10318,2742,140,13,2023-02-10,Periodic,1983000,3
10319,2742,140,13,2022-04-17,Periodic,1795000,3
10320,1741,124,110,2025-04-16,Body & Paint,5922000,4
10321,4756,134,15,2025-10-28,Periodic,1758000,5
10322,3376,119,44,2023-12-11,Periodic,2092000,5
10323,3376,119,44,2025-06-30,Periodic,1199000,5
10324,3376,119,44,2024-01-31,Periodic,976000,3
10325,3955,112,106,2025-11-22,Periodic,799000,5
10326,3955,112,106,2024-07-26,Periodic,738000,5
10327,2895,106,48,2025-10-16,Periodic,806000,4
10328,2601,109,43,2024-07-06,Body & Paint,10018000,2
10329,2601,109,43,2023-05-07,Periodic,2063000,3
10330,3516,108,118,2023-11-15,Body & Paint,10017000,4
10331,2146,130,43,2023-09-24,Periodic,1464000,3
10332,4724,104,69,2023-07-27,Periodic,1882000,3
10333,4724,104,69,2023-04-11,Periodic,680000,3
10334,5391,166,120,2024-07-30,Repair,2748000,2
10335,3525,103,30,2023-09-23,Periodic,1144000,2
10336,3525,103,30,2025-12-02,Repair,5886000,1
10337,3525,103,30,2023-04-27,Periodic,2134000,4
10338,3988,148,56,2024-12-16,Repair,1932000,5
10339,3988,148,56,2024-04-30,Repair,1698000,4
10340,1010,108,88,2025-07-14,Periodic,2096000,4
10341,5472,143,78,2024-09-21,Warranty,338000,3
10342,4852,109,4,2025-03-09,Periodic,1990000,3
10343,4852,109,4,2025-08-29,Periodic,838000,4
10344,4852,109,4,2025-12-12,Body & Paint,2254000,4
10345,2845,101,110,2025-03-06,Periodic,1629000,4
10346,3033,134,23,2024-11-01,Periodic,878000,5
10347,2449,117,94,2021-08-21,Repair,6794000,4
10348,2449,117,94,2022-06-01,Periodic,1860000,5
10349,1323,101,65,2022-02-21,Periodic,1350000,3
10350,2852,101,2,2025-05-12,Warranty,104000,3
10351,4073,104,97,2024-10-13,Periodic,1540000,4
10352,1644,101,51,2025-08-17,Body & Paint,3111000,4
10353,3226,124,105,2022-07-31,Periodic,663000,5
10354,3226,124,105,2021-07-02,Body & Paint,5403000,4
10355,3226,124,105,2023-08-05,Repair,1829000,5
10356,5295,104,97,2025-05-10,Periodic,909000,5
10357,5295,104,97,2025-07-01,Periodic,1254000,5
10358,2338,107,68,2023-09-24,Periodic,1288000,5
10359,2338,107,68,2022-05-15,Repair,3791000,5
10360,2338,107,68,2024-01-23,Repair,1790000,5
10361,2127,106,106,2024-09-10,Periodic,2086000,5
10362,4665,127,115,2024-08-29,Periodic,1254000,4
10363,4665,127,115,2021-10-11,Warranty,463000,5
10364,4665,127,115,2022-09-08,Repair,1504000,4
10365,4663,165,76,2025-10-25,Periodic,1182000,5
10366,4663,165,76,2024-05-25,Periodic,1937000,5
10367,3661,115,115,2024-07-16,Repair,2310000,4
10368,3688,110,67,2024-12-01,Repair,1639000,5
10369,3688,110,67,2023-04-29,Warranty,199000,5
10370,3688,110,67,2023-04-03,Repair,3125000,3
10371,4942,110,73,2022-01-07,Periodic,1681000,4
10372,4942,110,73,2021-08-31,Periodic,1080000,1
10373,4942,110,73,2021-05-07,Periodic,1240000,2
10374,3707,140,101,2025-07-22,Periodic,734000,5
10375,4875,123,119,2023-01-29,Warranty,55000,5
10376,4875,123,119,2025-01-21,Repair,3531000,5
10377,4875,123,119,2025-01-05,Periodic,1124000,5
10378,1908,137,14,2023-09-20,Periodic,2108000,3
10379,1908,137,14,2023-11-11,Periodic,1245000,5
10380,1908,137,14,2023-08-18,Warranty,427000,2
10381,5181,125,5,2024-08-15,Warranty,333000,3
10382,1464,108,89,2025-02-04,Periodic,1144000,1
10383,2767,114,118,2023-07-09,Periodic,812000,4
10384,2767,114,118,2025-01-27,Periodic,1379000,4
10385,2767,114,118,2025-02-02,Body & Paint,7668000,3
10386,2703,105,33,2024-05-08,Periodic,1019000,2
10387,2703,105,33,2024-10-31,Periodic,1608000,3
10388,2933,144,15,2021-02-17,Body & Paint,8751000,5
10389,2933,144,15,2022-05-01,Periodic,1576000,2
10390,4653,153,34,2023-08-24,Warranty,227000,5
10391,4653,153,34,2021-11-09,Periodic,948000,5
10392,1344,150,67,2020-10-30,Periodic,1717000,5
10393,4979,101,1,2023-09-21,Periodic,1645000,3
10394,2230,116,44,2025-04-08,Repair,5531000,4
10395,1709,113,95,2023-01-17,Repair,3014000,3
10396,1709,113,95,2023-07-15,Repair,1509000,5
10397,3978,113,96,2024-10-24,Body & Paint,6731000,5
10398,3983,121,7,2025-01-04,Warranty,224000,3
10399,3983,121,7,2024-10-30,Periodic,898000,5
10400,3983,121,7,2024-11-14,Repair,5946000,2
10401,5452,109,57,2022-08-22,Periodic,1011000,1
10402,5452,109,57,2023-08-09,Periodic,1223000,5
10403,5452,109,57,2025-08-11,Warranty,59000,4
10404,3885,139,69,2023-05-28,Warranty,219000,5
10405,3885,139,69,2024-08-31,Periodic,904000,3
10406,2926,116,104,2024-07-24,Periodic,890000,5
10407,1964,103,75,2025-10-09,Periodic,680000,2
10408,1964,103,75,2024-01-27,Body & Paint,7550000,3
10409,1015,124,19,2021-09-09,Body & Paint,4253000,5
10410,1015,124,19,2024-10-15,Periodic,1446000,3
10411,4704,132,84,2024-10-28,Repair,4577000,5
10412,1060,137,100,2023-04-13,Periodic,2023000,5
10413,1060,137,100,2024-11-09,Repair,7121000,4
10414,1060,137,100,2025-12-17,Periodic,1669000,3
10415,2895,114,46,2025-06-15,Body & Paint,4683000,3
10416,2475,109,8,2025-11-18,Repair,6028000,5
10417,1517,114,43,2025-05-11,Periodic,1292000,4
10418,1517,114,43,2024-09-15,Repair,6883000,5
10419,2219,123,5,2024-12-18,Repair,4633000,5
10420,2219,123,5,2025-09-29,Repair,4500000,3
10421,5303,129,28,2025-09-02,Repair,3689000,5
10422,5303,129,28,2025-03-28,Periodic,1495000,4
10423,5303,129,28,2024-08-17,Body & Paint,11206000,3
10424,3984,109,92,2024-02-15,Periodic,1161000,4
10425,2651,104,8,2024-10-05,Repair,3773000,5
10426,1970,106,10,2023-05-21,Periodic,2059000,5
10427,1358,127,29,2025-08-15,Repair,1581000,4
10428,1358,127,29,2025-10-19,Repair,7941000,5
10429,4298,120,6,2023-06-24,Periodic,2045000,5
10430,4497,151,14,2025-08-27,Repair,4820000,5
10431,2743,108,42,2022-10-11,Periodic,852000,5
10432,2743,108,42,2023-04-17,Periodic,1542000,4
10433,2743,108,42,2022-06-10,Periodic,1992000,4
10434,2786,129,81,2025-10-25,Body & Paint,9620000,4
10435,3825,108,26,2022-09-04,Periodic,1063000,3
10436,3825,108,26,2021-06-29,Repair,5222000,5
10437,4032,107,58,2025-02-23,Periodic,1584000,3
10438,3282,107,42,2025-12-19,Periodic,1137000,4
10439,1388,104,14,2022-04-05,Periodic,1253000,4
10440,2461,108,74,2025-05-28,Periodic,902000,3
10441,3626,139,23,2025-06-04,Periodic,1029000,3
10442,3549,131,21,2025-01-14,Periodic,851000,5
10443,1648,147,15,2025-01-08,Periodic,998000,3
10444,4847,153,85,2025-08-29,Repair,3508000,5
10445,4537,107,43,2022-12-09,Periodic,1830000,5
10446,4537,107,43,2022-04-10,Warranty,323000,3
10447,4206,104,98,2023-04-10,Periodic,1408000,4
10448,4206,104,98,2023-06-04,Periodic,1352000,1
10449,2418,102,85,2025-02-04,Repair,5536000,3
10450,2418,102,85,2024-08-11,Repair,4097000,5
10451,2418,102,85,2023-04-26,Periodic,1244000,4
10452,2479,110,14,2023-01-31,Periodic,1172000,5
10453,2479,110,14,2024-10-18,Periodic,1349000,3
10454,2460,120,24,2025-04-22,Periodic,637000,5
10455,2460,120,24,2024-02-24,Periodic,2048000,4
10456,3091,114,90,2023-09-23,Body & Paint,10920000,4
10457,2410,174,103,2023-02-24,Periodic,673000,4
10458,2867,133,78,2024-12-05,Periodic,2106000,5
10459,5378,108,63,2024-02-20,Warranty,198000,3
10460,4995,142,64,2025-01-31,Periodic,1480000,3
10461,4737,111,113,2024-05-08,Body & Paint,4517000,4
10462,4362,106,117,2023-01-29,Periodic,1287000,2
10463,4362,106,117,2024-08-11,Periodic,2012000,2
10464,4543,105,6,2025-03-22,Body & Paint,3095000,4
10465,2231,149,64,2023-10-28,Periodic,847000,4
10466,2231,149,64,2023-10-09,Warranty,266000,3
10467,2231,149,64,2025-04-10,Warranty,218000,4
10468,4634,103,24,2021-12-08,Periodic,1152000,4
10469,4634,103,24,2020-10-30,Periodic,737000,5
10470,4634,103,24,2021-11-23,Periodic,934000,5
10471,1594,105,117,2024-02-23,Periodic,1063000,5
10472,1594,105,117,2024-09-04,Periodic,1988000,2
10473,2924,128,62,2024-09-14,Periodic,703000,1
10474,2924,128,62,2025-05-15,Warranty,214000,1
10475,3249,145,120,2025-12-09,Warranty,254000,5
10476,1977,116,47,2025-07-31,Periodic,2196000,3
10477,3597,110,47,2025-04-05,Periodic,2123000,3
10478,1067,152,17,2025-06-27,Periodic,1871000,5
10479,4489,106,7,2025-08-06,Repair,6061000,5
10480,2117,104,16,2021-12-23,Periodic,1718000,5
10481,2117,104,16,2022-02-27,Warranty,387000,4
10482,5478,108,68,2024-12-02,Periodic,2133000,5
10483,2748,187,19,2023-12-09,Periodic,872000,4
10484,2748,187,19,2021-12-31,Periodic,885000,4
10485,5093,129,62,2025-09-06,Periodic,1331000,4
10486,5093,129,62,2025-11-13,Warranty,237000,5
10487,5093,129,62,2022-12-22,Repair,1706000,5
10488,3887,101,75,2025-09-16,Body & Paint,10003000,4
10489,4190,140,105,2023-09-24,Periodic,1218000,4
10490,4190,140,105,2021-09-02,Repair,3457000,3
10491,4190,140,105,2024-06-11,Periodic,943000,4
10492,4655,102,40,2025-01-27,Repair,3585000,3
10493,3357,154,42,2025-08-05,Repair,2669000,4
10494,1184,140,28,2022-04-04,Periodic,1166000,4
10495,1184,140,28,2023-04-09,Warranty,171000,2
10496,1184,140,28,2021-07-27,Periodic,895000,4
10497,3730,111,1,2025-05-10,Repair,5892000,3
10498,2461,148,15,2024-11-23,Periodic,1461000,4
10499,3206,108,96,2025-11-09,Warranty,343000,3
10500,3206,108,96,2025-06-16,Periodic,1947000,2
10501,2476,150,15,2025-07-17,Warranty,35000,4
10502,2476,150,15,2022-09-15,Repair,3137000,5
10503,2420,129,117,2024-02-01,Periodic,1257000,4
10504,2420,129,117,2023-07-16,Warranty,499000,5
10505,2420,129,117,2022-11-05,Periodic,752000,5
10506,3125,167,27,2022-11-06,Periodic,1493000,5
10507,3125,167,27,2023-03-20,Repair,4368000,5
10508,3125,167,27,2022-05-09,Repair,3381000,4
10509,3533,113,4,2025-01-13,Body & Paint,7780000,4
10510,3533,113,4,2023-07-10,Periodic,860000,5
10511,3533,113,4,2022-02-19,Body & Paint,10952000,5
10512,5104,129,114,2024-02-17,Periodic,1253000,3
10513,5104,129,114,2023-09-22,Periodic,1780000,5
10514,2141,107,78,2022-12-25,Repair,7322000,4
10515,2141,107,78,2021-08-07,Body & Paint,11462000,4
10516,2141,107,78,2021-11-06,Warranty,289000,4
10517,4971,123,92,2025-08-24,Periodic,1697000,5
10518,4224,151,33,2024-07-02,Periodic,2052000,1
10519,4224,151,33,2023-04-19,Periodic,1082000,4
10520,4224,151,33,2025-12-31,Warranty,209000,4
10521,4385,122,25,2025-09-07,Warranty,121000,4
10522,4385,122,25,2024-02-08,Periodic,985000,2
10523,1468,109,102,2023-10-20,Warranty,313000,4
10524,1261,126,31,2025-01-09,Periodic,1919000,5
10525,1154,108,37,2025-03-04,Periodic,705000,5
10526,1730,123,36,2024-11-23,Periodic,744000,3
10527,1730,123,36,2024-08-26,Repair,5225000,3
10528,2454,114,108,2024-02-24,Periodic,657000,2
10529,4938,116,84,2024-03-22,Repair,1836000,5
10530,4784,111,22,2022-10-23,Periodic,1328000,5
10531,4784,111,22,2021-10-24,Periodic,1179000,5
10532,2817,134,17,2024-02-24,Periodic,616000,5
10533,2817,134,17,2025-04-25,Repair,7197000,3
10534,2817,134,17,2022-03-04,Periodic,1824000,4
10535,3155,107,25,2024-09-28,Warranty,282000,3
10536,5156,107,98,2025-10-06,Repair,7407000,4
10537,4177,107,51,2022-02-06,Periodic,1544000,5
10538,2590,117,120,2025-03-18,Periodic,1588000,4
10539,1531,113,6,2025-05-23,Periodic,1471000,1
10540,1531,113,6,2024-05-24,Repair,4672000,5
10541,5384,133,44,2021-12-22,Periodic,1606000,5
10542,5384,133,44,2022-02-19,Repair,6819000,5
10543,5384,133,44,2023-06-28,Repair,6140000,3
10544,4800,130,109,2024-11-24,Periodic,1309000,3
10545,2145,130,16,2024-07-04,Periodic,765000,5
10546,3570,115,31,2023-02-01,Repair,3296000,4
10547,3570,115,31,2020-10-27,Repair,2812000,5
10548,5313,104,110,2024-04-29,Periodic,2102000,5
10549,2674,141,5,2024-09-24,Periodic,1385000,5
10550,2674,141,5,2025-08-17,Periodic,1268000,2
10551,2674,141,5,2022-05-16,Body & Paint,10248000,2
10552,4085,107,63,2023-12-08,Periodic,605000,5
10553,3716,141,93,2024-09-11,Periodic,2060000,3
10554,2830,112,82,2024-05-12,Warranty,38000,5
10555,2830,112,82,2024-04-12,Repair,7184000,4
10556,3129,138,24,2025-09-14,Repair,5988000,4
10557,1543,140,36,2022-10-25,Periodic,1742000,4
10558,1543,140,36,2024-10-18,Periodic,642000,5
10559,1543,140,36,2024-11-06,Warranty,132000,4
10560,4984,137,39,2023-01-25,Periodic,1647000,1
10561,4954,148,113,2021-07-03,Periodic,755000,4
10562,2984,145,110,2025-07-30,Repair,1879000,1
10563,4637,123,34,2024-10-26,Periodic,1923000,3
10564,2035,107,43,2025-01-26,Periodic,1584000,3
10565,2035,107,43,2024-12-18,Periodic,869000,5
10566,4249,104,38,2024-05-12,Periodic,1252000,5
10567,2917,162,98,2022-12-10,Periodic,1713000,4
10568,2917,162,98,2023-08-06,Periodic,723000,5
10569,1850,114,109,2022-07-22,Periodic,2133000,4
10570,1850,114,109,2023-12-05,Periodic,1259000,5
10571,1526,128,34,2023-06-05,Periodic,1345000,4
10572,1307,163,24,2022-10-23,Repair,5413000,3
10573,1307,163,24,2022-12-04,Body & Paint,3357000,2
10574,1307,163,24,2023-07-06,Periodic,622000,5
10575,4919,127,109,2022-01-26,Periodic,747000,3
10576,4919,127,109,2022-10-14,Periodic,1955000,4
10577,4763,111,90,2024-02-23,Warranty,35000,2
10578,4763,111,90,2023-02-18,Warranty,286000,3
10579,4763,111,90,2025-01-11,Warranty,288000,4
10580,2107,114,99,2024-07-28,Repair,6740000,4
10581,2618,127,64,2023-09-26,Periodic,1682000,5
10582,2618,127,64,2023-08-19,Periodic,1160000,4
10583,2618,127,64,2025-07-03,Repair,3189000,4
10584,3636,102,89,2024-06-07,Warranty,84000,5
10585,1479,105,104,2023-08-13,Periodic,614000,4
10586,1479,105,104,2024-05-20,Body & Paint,8684000,4
10587,1479,105,104,2024-06-01,Periodic,876000,5
10588,5025,139,33,2025-12-30,Periodic,1581000,5
10589,3209,106,7,2024-09-15,Periodic,1915000,4
10590,3473,173,51,2025-04-12,Periodic,1703000,4
10591,3473,173,51,2025-07-27,Repair,2202000,4
10592,3473,173,51,2023-01-26,Repair,7787000,4
10593,2444,115,92,2022-06-17,Body & Paint,8995000,5
10594,2444,115,92,2023-08-12,Periodic,1512000,4
10595,2444,115,92,2024-01-05,Repair,2792000,5
10596,3215,105,69,2024-04-24,Repair,5768000,4
10597,2966,117,71,2025-02-22,Periodic,1061000,4
10598,2966,117,71,2025-12-19,Repair,4869000,5
10599,4104,135,57,2023-04-14,Periodic,1442000,4
10600,3923,145,66,2024-09-23,Repair,6217000,3
10601,3923,145,66,2024-06-12,Repair,2506000,5
10602,5421,121,8,2023-12-26,Periodic,1381000,5
10603,5421,121,8,2023-11-30,Periodic,1530000,5
10604,5281,174,119,2022-09-27,Periodic,1826000,4
10605,5281,174,119,2023-10-16,Repair,5658000,5
10606,5281,174,119,2021-02-10,Periodic,1266000,4
10607,4801,107,73,2023-03-21,Periodic,1911000,5
10608,1755,133,82,2024-12-24,Repair,2079000,3
10609,3302,114,40,2023-08-31,Repair,5730000,4
10610,3302,114,40,2024-01-13,Periodic,1877000,4
10611,3755,143,34,2022-11-19,Warranty,232000,4
10612,3755,143,34,2024-04-16,Periodic,852000,4
10613,3591,117,68,2024-05-21,Periodic,867000,5
10614,3591,117,68,2024-06-23,Repair,5665000,5
10615,1265,109,67,2025-07-29,Body & Paint,3547000,5
10616,1265,109,67,2023-05-24,Repair,6040000,2
10617,3167,102,57,2025-11-20,Warranty,210000,5
10618,2837,104,99,2023-11-09,Body & Paint,7244000,4
10619,1588,107,39,2025-04-22,Periodic,709000,5
10620,1588,107,39,2024-06-17,Periodic,982000,5
10621,2775,128,67,2021-05-28,Repair,4942000,5
10622,1910,121,118,2023-09-10,Body & Paint,10013000,4
10623,1910,121,118,2023-06-04,Body & Paint,2139000,4
10624,2564,113,106,2025-07-08,Periodic,1983000,4
10625,2564,113,106,2025-12-03,Periodic,2006000,5
10626,4424,104,113,2025-12-06,Periodic,918000,3
10627,4402,111,16,2025-09-01,Periodic,1769000,2
10628,3029,105,75,2023-09-01,Repair,6515000,5
10629,1374,134,65,2025-04-22,Body & Paint,2223000,4
10630,1374,134,65,2024-12-15,Warranty,354000,3
10631,1374,134,65,2024-05-14,Periodic,1899000,3
10632,1119,120,110,2025-07-09,Periodic,1812000,4
10633,1119,120,110,2023-12-09,Periodic,1251000,4
10634,1119,120,110,2023-09-25,Warranty,379000,5
10635,3445,122,54,2025-07-04,Repair,6950000,4
10636,5363,114,60,2023-11-25,Periodic,1239000,3
10637,5363,114,60,2024-12-14,Periodic,2124000,5
10638,2753,107,100,2023-02-21,Periodic,846000,5
10639,4441,126,1,2024-12-08,Periodic,756000,4
10640,5089,126,37,2025-09-20,Periodic,2192000,5
10641,5089,126,37,2025-01-09,Periodic,1865000,5
10642,2795,164,73,2023-09-20,Periodic,975000,2
10643,2795,164,73,2023-06-30,Periodic,1567000,3
10644,1901,103,110,2025-02-20,Warranty,293000,4
10645,3654,157,69,2025-06-26,Repair,5327000,3
10646,3899,122,49,2025-10-11,Body & Paint,5128000,5
10647,1470,108,17,2023-07-04,Warranty,458000,3
10648,1470,108,17,2025-01-13,Periodic,811000,4
10649,2342,129,18,2023-11-17,Repair,3551000,4
10650,1810,107,72,2023-06-16,Periodic,722000,5
10651,1810,107,72,2023-01-22,Repair,3413000,4
10652,1552,131,80,2023-08-14,Periodic,736000,4
10653,3567,126,76,2025-10-18,Periodic,1291000,4
10654,2915,107,36,2024-04-08,Periodic,609000,2
10655,2915,107,36,2024-04-23,Repair,7615000,3
10656,1247,116,80,2024-12-05,Periodic,1856000,2
10657,1247,116,80,2024-07-19,Periodic,1081000,3
10658,2471,110,23,2024-09-05,Periodic,702000,4
10659,3762,121,74,2025-11-03,Periodic,1574000,5
10660,3762,121,74,2024-07-12,Periodic,2055000,5
10661,2729,164,38,2022-01-22,Repair,3515000,4
10662,2729,164,38,2023-06-08,Periodic,1336000,5
10663,4447,121,30,2023-09-06,Warranty,19000,2
10664,1546,109,9,2023-07-19,Periodic,728000,4
10665,1842,133,22,2024-12-14,Periodic,926000,4
10666,1842,133,22,2023-02-24,Periodic,1584000,5
10667,3875,142,27,2025-02-08,Repair,5775000,5
10668,3875,142,27,2025-01-29,Repair,7853000,5
10669,2484,107,58,2025-09-27,Repair,3408000,5
10670,3210,139,21,2025-04-02,Periodic,1208000,2
10671,4197,116,84,2023-07-07,Periodic,712000,5
10672,4197,116,84,2025-08-22,Body & Paint,3150000,5
10673,4841,104,90,2023-09-11,Periodic,1606000,4
10674,5382,133,6,2023-11-17,Periodic,1098000,5
10675,5382,133,6,2023-05-05,Periodic,1004000,5
10676,3379,170,48,2022-03-11,Periodic,697000,5
10677,3379,170,48,2022-10-04,Repair,3582000,3
10678,2367,123,35,2025-01-07,Periodic,2070000,4
10679,2367,123,35,2025-07-19,Warranty,220000,5
10680,2367,123,35,2024-05-09,Periodic,1597000,5
10681,1347,173,46,2021-04-19,Repair,3791000,5
10682,1347,173,46,2023-04-11,Periodic,668000,5
10683,1347,173,46,2023-08-01,Periodic,703000,5
10684,3942,109,68,2025-08-21,Periodic,1476000,5
10685,2245,138,103,2025-07-06,Warranty,139000,5
10686,3996,120,117,2025-10-23,Periodic,1644000,4
10687,1916,104,63,2024-10-10,Periodic,1179000,1
10688,1916,104,63,2023-07-05,Repair,3504000,4
10689,4685,136,19,2025-12-17,Repair,6463000,4
10690,4161,105,53,2025-07-06,Periodic,1440000,4
10691,3894,104,76,2024-08-31,Periodic,1060000,4
10692,3894,104,76,2024-04-12,Periodic,1451000,4
10693,1969,101,105,2025-09-22,Repair,6957000,3
10694,4661,103,88,2023-01-31,Repair,4801000,5
10695,1310,137,116,2025-03-13,Periodic,1727000,5
10696,1310,137,116,2023-09-24,Body & Paint,4910000,5
10697,2513,139,10,2025-06-05,Periodic,979000,5
10698,2513,139,10,2025-06-24,Periodic,650000,4
10699,3150,106,76,2024-01-01,Repair,4576000,5
10700,3150,106,76,2023-03-26,Periodic,1408000,5
10701,3967,109,120,2025-01-12,Periodic,1731000,5
10702,3967,109,120,2025-05-10,Body & Paint,3608000,5
10703,3528,120,52,2024-12-31,Repair,3384000,3
10704,3528,120,52,2024-02-13,Periodic,819000,5
10705,3858,118,103,2024-09-26,Warranty,351000,5
10706,3858,118,103,2022-12-24,Repair,3742000,1
10707,3858,118,103,2023-11-03,Periodic,1554000,3
10708,2842,137,116,2025-11-23,Repair,2232000,4
10709,2842,137,116,2024-07-31,Repair,2118000,3
10710,4619,104,75,2025-11-03,Periodic,1906000,5
10711,3968,120,47,2024-05-21,Periodic,678000,3
10712,2415,139,93,2024-01-23,Periodic,1291000,5
10713,2415,139,93,2024-12-09,Warranty,34000,5
10714,2415,139,93,2025-03-28,Repair,2658000,5
10715,1797,107,97,2023-10-02,Repair,5849000,5
10716,1797,107,97,2025-11-12,Periodic,618000,3
10717,1797,107,97,2023-10-17,Repair,7304000,5
10718,4668,127,22,2023-05-17,Body & Paint,4472000,5
10719,1910,156,56,2025-03-04,Periodic,901000,4
10720,1910,156,56,2023-02-17,Periodic,610000,5
10721,2725,113,86,2025-04-27,Periodic,2182000,3
10722,2725,113,86,2024-09-09,Periodic,2035000,4
10723,4625,133,2,2023-07-28,Periodic,810000,3
10724,4625,133,2,2025-08-14,Warranty,196000,5
10725,4625,133,2,2025-09-13,Periodic,1119000,3
10726,4616,104,87,2024-08-01,Periodic,1372000,5
10727,4616,104,87,2024-10-30,Periodic,1062000,3
10728,4616,104,87,2025-10-25,Periodic,712000,4
10729,1227,113,104,2025-05-31,Periodic,974000,5
10730,1235,132,97,2025-08-23,Body & Paint,11253000,3
10731,3946,115,53,2025-09-14,Repair,4312000,5
10732,3946,115,53,2024-05-27,Periodic,1790000,5
10733,2222,106,59,2023-08-27,Repair,2164000,3
10734,2222,106,59,2025-03-14,Periodic,1606000,4
10735,2494,107,92,2023-09-08,Periodic,2124000,5
10736,2494,107,92,2023-08-16,Repair,1520000,4
10737,2494,107,92,2023-04-12,Periodic,1315000,5
10738,1021,162,93,2023-09-05,Periodic,1434000,1
10739,4621,148,53,2023-07-27,Periodic,2000000,5
10740,4621,148,53,2023-04-29,Repair,5306000,5
10741,4070,124,73,2024-08-08,Warranty,467000,5
10742,3765,113,55,2023-10-05,Repair,2194000,2
10743,3765,113,55,2024-06-11,Periodic,1981000,5
10744,1170,160,24,2025-02-23,Periodic,1204000,4
10745,3746,173,4,2025-07-14,Warranty,185000,5
10746,2007,101,35,2024-04-01,Periodic,954000,4
10747,1436,133,47,2024-05-05,Periodic,877000,4
10748,3264,115,41,2024-12-29,Warranty,38000,3
10749,3264,115,41,2024-01-02,Warranty,195000,3
10750,1227,141,115,2021-10-22,Repair,6764000,3
10751,1227,141,115,2023-08-05,Repair,4741000,4
10752,2675,119,59,2025-01-30,Periodic,1488000,2
10753,2311,138,80,2025-11-11,Repair,1704000,4
10754,3094,108,87,2025-11-25,Periodic,1901000,3
10755,4908,170,46,2025-10-11,Repair,7843000,2
10756,2407,103,58,2023-12-25,Warranty,303000,4
10757,4353,102,31,2025-03-31,Repair,2841000,5
10758,2064,102,30,2024-10-26,Periodic,1325000,4
10759,2160,145,68,2023-12-20,Body & Paint,4036000,4
10760,2160,145,68,2025-05-28,Periodic,1719000,5
10761,2160,145,68,2025-10-04,Periodic,1196000,4
10762,5263,103,6,2025-04-25,Periodic,1429000,4
10763,5263,103,6,2025-01-16,Repair,2088000,3
10764,1484,107,85,2024-04-02,Periodic,2084000,2
10765,3851,125,76,2023-01-15,Repair,7105000,4
10766,2150,136,9,2022-11-02,Repair,7953000,3
10767,2150,136,9,2021-09-29,Repair,2690000,3
10768,1444,124,34,2021-12-21,Periodic,2088000,5
10769,1444,124,34,2021-11-17,Periodic,1924000,4
10770,4499,145,83,2024-03-24,Periodic,1119000,4
10771,3432,134,120,2021-10-23,Repair,4731000,5
10772,2737,176,107,2025-12-25,Periodic,680000,5
10773,4883,140,19,2022-08-02,Periodic,1185000,4
10774,4883,140,19,2022-01-08,Warranty,18000,4
10775,3000,127,86,2022-12-22,Periodic,1141000,4
10776,3000,127,86,2024-10-16,Repair,7065000,4
10777,3000,127,86,2025-06-23,Repair,2096000,5
10778,3080,145,81,2025-07-25,Periodic,1603000,4
10779,2024,167,85,2023-02-17,Body & Paint,11483000,4
10780,1501,105,65,2022-12-02,Body & Paint,6417000,4
10781,1501,105,65,2023-09-03,Repair,6228000,4
10782,1501,105,65,2022-05-25,Repair,6126000,5
10783,5296,161,28,2025-03-14,Periodic,813000,5
10784,5296,161,28,2025-07-23,Periodic,1438000,4
10785,3489,134,29,2025-04-09,Periodic,1532000,5
10786,3489,134,29,2023-12-24,Periodic,609000,4
10787,1178,133,104,2025-01-22,Repair,1761000,5
10788,4396,116,83,2022-01-18,Body & Paint,5586000,4
10789,4396,116,83,2022-12-27,Periodic,904000,4
10790,1023,159,106,2023-06-21,Warranty,284000,5
10791,1023,159,106,2022-06-10,Body & Paint,3919000,2
10792,4451,163,59,2024-02-15,Body & Paint,7878000,5
10793,2211,133,96,2024-11-20,Periodic,1749000,3
10794,3307,106,14,2025-05-28,Repair,6628000,4
10795,5009,143,38,2024-11-29,Repair,6237000,4
10796,2537,103,28,2022-10-02,Periodic,610000,4
10797,2537,103,28,2023-11-23,Periodic,628000,5
10798,2537,103,28,2023-05-15,Periodic,1599000,4
10799,2838,156,77,2023-04-18,Repair,2744000,5
10800,4960,112,56,2023-10-30,Body & Paint,2889000,5
10801,4960,112,56,2025-09-18,Warranty,103000,5
10802,5122,101,21,2023-09-11,Warranty,176000,2
10803,5122,101,21,2025-06-10,Repair,5414000,4
10804,4832,127,75,2022-04-26,Periodic,1288000,2
10805,4832,127,75,2023-10-31,Repair,6827000,5
10806,4832,127,75,2021-04-25,Periodic,1665000,5
10807,3321,115,65,2025-12-15,Periodic,1952000,4
10808,3321,115,65,2025-11-10,Periodic,1058000,5
10809,4683,110,1,2025-09-17,Repair,2836000,5
10810,2179,102,85,2025-12-28,Repair,5032000,4
10811,4812,126,44,2024-07-13,Repair,5835000,4
10812,4794,104,34,2025-11-02,Repair,7944000,4
10813,4794,104,34,2025-08-14,Repair,7386000,5
10814,1151,108,60,2022-11-15,Periodic,1926000,3
10815,1151,108,60,2024-01-27,Periodic,1056000,5
10816,1151,108,60,2022-12-08,Warranty,261000,4
10817,3413,106,112,2024-08-06,Repair,6198000,1
10818,3413,106,112,2024-08-15,Repair,4674000,4
10819,3413,106,112,2024-05-25,Periodic,909000,4
10820,3487,126,98,2023-09-30,Periodic,1893000,4
10821,3487,126,98,2024-02-04,Repair,2537000,5
10822,4537,176,84,2024-11-25,Repair,7732000,4
10823,4537,176,84,2024-06-23,Warranty,143000,4
10824,4537,176,84,2024-02-04,Periodic,1392000,4
10825,1364,116,55,2024-07-24,Periodic,922000,4
10826,4592,104,15,2022-12-15,Periodic,868000,5
10827,4592,104,15,2023-03-15,Repair,1506000,5
10828,2988,111,31,2024-03-22,Periodic,1937000,5
10829,2584,166,3,2025-07-18,Periodic,1264000,5
10830,3596,125,33,2024-08-30,Periodic,890000,4
10831,3596,125,33,2025-02-21,Repair,1625000,5
10832,5320,130,67,2022-05-01,Warranty,67000,4
10833,5320,130,67,2022-10-10,Periodic,775000,4
10834,5320,130,67,2023-05-05,Warranty,465000,5
10835,2574,181,96,2024-07-01,Repair,5001000,5
10836,2574,181,96,2025-09-18,Warranty,202000,4
10837,2574,181,96,2025-12-01,Warranty,123000,4
10838,3286,107,108,2025-07-10,Periodic,1148000,5
10839,1725,161,92,2023-04-18,Periodic,1068000,4
10840,3215,101,98,2024-03-12,Periodic,983000,3
10841,1014,129,13,2024-03-28,Body & Paint,10837000,2
10842,3123,157,24,2025-07-18,Periodic,1060000,3
10843,3819,119,23,2025-12-14,Repair,1695000,4
10844,2436,116,5,2025-07-13,Periodic,708000,3
10845,3012,102,95,2024-11-21,Periodic,2061000,3
10846,4237,129,108,2024-09-26,Periodic,1174000,5
10847,4405,111,70,2023-12-28,Repair,2306000,3
10848,2702,112,85,2024-01-23,Warranty,189000,4
10849,4492,174,113,2024-08-30,Periodic,756000,4
10850,4492,174,113,2024-04-29,Warranty,258000,4
10851,2676,101,46,2022-01-30,Body & Paint,5901000,4
10852,2676,101,46,2022-05-16,Repair,6105000,5
10853,2676,101,46,2023-05-26,Repair,4559000,2
10854,1944,121,77,2025-05-24,Warranty,36000,5
10855,5029,109,101,2024-02-21,Periodic,1451000,5
10856,5029,109,101,2023-06-14,Periodic,1633000,5
10857,4831,140,2,2023-07-22,Periodic,1077000,3
10858,4831,140,2,2023-01-25,Periodic,950000,4
10859,4694,142,45,2021-06-21,Periodic,710000,4
10860,1126,163,101,2023-03-27,Body & Paint,2440000,5
10861,3465,119,70,2024-10-12,Periodic,1262000,3
10862,2400,109,66,2022-05-15,Periodic,874000,1
10863,2400,109,66,2024-08-04,Repair,3985000,5
10864,2400,109,66,2023-05-29,Periodic,1208000,3
10865,3416,158,18,2025-10-28,Periodic,1671000,5
10866,4608,106,35,2025-09-29,Periodic,812000,4
10867,3878,127,12,2025-04-29,Repair,6330000,5
10868,3878,127,12,2024-07-22,Body & Paint,5105000,4
10869,4606,129,112,2023-07-04,Periodic,1420000,5
10870,4108,101,24,2023-09-29,Body & Paint,3214000,3
10871,4108,101,24,2023-05-04,Periodic,1927000,3
10872,4108,101,24,2025-05-15,Warranty,483000,5
10873,2148,176,73,2025-07-12,Repair,3437000,5
10874,2148,176,73,2025-10-03,Body & Paint,4826000,3
10875,4580,122,61,2022-12-25,Warranty,474000,4
10876,4580,122,61,2025-01-27,Repair,2620000,5
10877,3114,131,57,2024-11-14,Periodic,2092000,4
10878,3925,147,86,2025-02-13,Periodic,1452000,4
10879,3925,147,86,2024-07-13,Repair,5418000,5
10880,3925,147,86,2024-07-08,Periodic,1794000,4
10881,1309,114,25,2023-11-06,Repair,3308000,5
10882,1309,114,25,2024-11-01,Periodic,1531000,5
10883,1309,114,25,2024-01-19,Periodic,1256000,4
10884,4335,128,25,2024-10-08,Periodic,946000,5
10885,1109,121,111,2025-10-25,Periodic,1399000,5
10886,1109,121,111,2025-06-15,Periodic,2141000,5
10887,2430,106,52,2025-11-29,Body & Paint,8673000,4
10888,1084,110,73,2025-05-16,Periodic,1186000,4
10889,4798,124,53,2025-01-19,Repair,2096000,5
10890,2411,101,11,2024-02-05,Periodic,1396000,3
10891,1584,122,5,2024-06-17,Periodic,1912000,5
10892,4769,124,19,2025-11-24,Repair,2213000,4
10893,4430,138,84,2023-07-22,Periodic,767000,3
10894,4430,138,84,2024-07-21,Repair,1974000,4
10895,1644,161,20,2025-04-18,Periodic,696000,4
10896,3328,116,5,2024-05-08,Periodic,1383000,2
10897,1917,112,107,2025-10-12,Warranty,422000,5
10898,1314,116,89,2022-02-23,Periodic,1235000,4
10899,1314,116,89,2021-12-18,Body & Paint,8613000,3
10900,2833,107,9,2023-03-28,Periodic,794000,2
10901,2833,107,9,2025-09-10,Periodic,1973000,4
10902,1492,134,19,2023-06-08,Warranty,234000,4
10903,1492,134,19,2024-10-22,Body & Paint,10520000,4
10904,1492,134,19,2024-09-08,Periodic,1095000,5
10905,5040,116,114,2022-09-21,Periodic,2153000,4
10906,5040,116,114,2023-04-19,Repair,7711000,5
10907,4850,109,34,2023-10-14,Periodic,1575000,5
10908,5112,129,20,2022-05-19,Warranty,457000,5
10909,5112,129,20,2022-09-01,Periodic,1232000,4
10910,5112,129,20,2022-09-12,Periodic,999000,5
10911,4174,111,117,2025-03-10,Periodic,1777000,3
10912,4174,111,117,2025-10-19,Repair,5714000,4
10913,2247,115,21,2025-01-06,Repair,6301000,4
10914,2247,115,21,2023-09-13,Periodic,1565000,4
10915,2247,115,21,2023-09-18,Warranty,470000,4
10916,4763,115,4,2023-07-04,Repair,5579000,5
10917,4763,115,4,2022-11-27,Repair,4583000,5
10918,2924,104,114,2024-06-20,Repair,6283000,3
10919,2924,104,114,2025-05-19,Periodic,1349000,5
10920,3875,110,11,2024-09-09,Repair,2921000,5
10921,3875,110,11,2024-05-29,Periodic,2130000,4
10922,1906,117,5,2025-10-16,Repair,6259000,4
10923,1156,126,72,2024-10-19,Repair,1681000,3
10924,3320,119,64,2024-08-12,Periodic,1819000,4
10925,3320,119,64,2025-07-12,Warranty,145000,5
10926,3320,119,64,2024-07-21,Periodic,1244000,5
10927,4756,107,77,2025-10-12,Periodic,1726000,4
10928,3573,139,46,2023-06-29,Periodic,1286000,2
10929,3573,139,46,2024-01-12,Repair,4750000,3
10930,3873,127,4,2025-09-29,Warranty,295000,5
10931,3873,127,4,2024-11-06,Periodic,873000,5
10932,3873,127,4,2022-12-30,Repair,3785000,2
10933,1310,106,97,2025-04-09,Periodic,1900000,4
10934,5049,115,91,2025-11-08,Periodic,725000,3
10935,5049,115,91,2025-01-10,Periodic,2080000,4
10936,2307,116,6,2025-11-24,Periodic,663000,5
10937,4937,114,22,2025-01-08,Periodic,1633000,5
10938,2282,110,3,2022-01-18,Periodic,619000,4
10939,2282,110,3,2024-12-13,Periodic,1950000,5
10940,5417,108,3,2024-12-21,Periodic,756000,4
10941,5417,108,3,2024-05-24,Periodic,933000,5
10942,5447,110,16,2025-05-05,Repair,7034000,3
10943,3011,141,94,2022-04-01,Repair,5992000,5
10944,3323,106,32,2025-07-12,Body & Paint,3485000,4
10945,3462,103,63,2021-10-13,Repair,1573000,4
10946,4842,169,119,2025-06-16,Periodic,1854000,3
10947,3140,103,113,2024-11-04,Repair,5211000,2
10948,5292,114,120,2023-02-16,Warranty,202000,4
10949,2429,152,16,2024-03-17,Repair,1971000,5
10950,3982,126,113,2022-01-20,Repair,4633000,5
10951,5259,133,41,2023-07-27,Periodic,1197000,4
10952,5259,133,41,2022-04-27,Repair,5318000,3
10953,5259,133,41,2024-11-08,Periodic,948000,4
10954,3486,125,90,2025-11-29,Periodic,811000,3
10955,3486,125,90,2025-07-05,Periodic,2047000,4
10956,3486,125,90,2024-04-28,Periodic,1555000,5
10957,3069,130,63,2024-06-27,Repair,7567000,5
10958,3069,130,63,2023-09-08,Repair,5861000,5
10959,3069,130,63,2024-10-28,Periodic,1168000,3
10960,1515,115,80,2024-03-23,Repair,3140000,2
10961,1515,115,80,2021-08-25,Repair,1731000,5
10962,3175,127,113,2022-11-30,Periodic,1361000,3
10963,3175,127,113,2023-03-15,Periodic,1288000,3
10964,3696,125,43,2021-08-30,Periodic,1172000,4
10965,3696,125,43,2021-06-29,Warranty,315000,5
10966,2405,105,115,2024-01-02,Repair,6473000,4
10967,2405,105,115,2025-07-04,Repair,6810000,4
10968,5436,112,118,2023-03-01,Periodic,1793000,5
10969,5436,112,118,2020-10-30,Periodic,1632000,3
10970,5436,112,118,2023-07-29,Body & Paint,6341000,2
10971,2075,101,91,2024-06-01,Periodic,1543000,1
10972,3354,130,18,2024-08-16,Body & Paint,8980000,5
10973,3354,130,18,2025-08-06,Periodic,2142000,5
10974,3075,124,101,2024-04-16,Repair,1582000,2
10975,3075,124,101,2024-10-04,Periodic,1776000,5
10976,3075,124,101,2022-06-06,Periodic,1003000,5
10977,5480,138,96,2025-07-14,Body & Paint,4260000,5
10978,2546,131,114,2024-08-22,Periodic,888000,5
10979,2546,131,114,2023-12-16,Periodic,1644000,2
10980,2546,131,114,2025-08-23,Periodic,655000,4
10981,2479,108,22,2021-03-22,Warranty,415000,4
10982,2479,108,22,2022-03-20,Periodic,2167000,5
10983,2479,108,22,2022-03-20,Repair,5208000,4
10984,3784,101,111,2024-07-10,Periodic,1580000,4
10985,3784,101,111,2025-01-19,Periodic,1237000,5
10986,3784,101,111,2023-02-02,Repair,3512000,5
10987,4397,151,57,2023-06-17,Body & Paint,11737000,5
10988,4397,151,57,2024-03-29,Periodic,1423000,5
10989,4397,151,57,2023-07-19,Periodic,1068000,2
10990,1621,126,84,2023-05-29,Periodic,2004000,5
10991,3794,140,83,2025-04-30,Periodic,1632000,5
10992,1263,123,11,2022-04-16,Repair,4358000,3
10993,1263,123,11,2022-11-03,Periodic,1397000,5
10994,1263,123,11,2022-06-21,Periodic,877000,4
10995,1357,103,11,2022-09-07,Warranty,44000,4
10996,1357,103,11,2022-01-08,Repair,5726000,4
10997,4596,122,91,2024-02-23,Warranty,112000,2
10998,4596,122,91,2023-07-24,Repair,6351000,2
10999,4484,102,23,2023-08-26,Periodic,1713000,5
11000,4484,102,23,2022-02-15,Repair,1978000,5
11001,3243,133,69,2024-08-01,Periodic,1148000,2
11002,3243,133,69,2025-03-09,Periodic,1650000,5
11003,3243,133,69,2024-05-15,Repair,4644000,2
11004,1742,128,60,2022-01-14,Periodic,1695000,5
11005,1742,128,60,2023-12-02,Periodic,1224000,2
11006,1742,128,60,2022-02-04,Warranty,194000,5
11007,5449,114,97,2023-11-21,Periodic,1773000,4
11008,4381,162,100,2025-02-19,Periodic,1623000,5
11009,1239,104,46,2022-07-23,Periodic,1646000,5
11010,5329,166,9,2022-05-03,Periodic,1659000,4
11011,2959,132,113,2024-05-14,Periodic,877000,5
11012,5482,127,79,2023-02-18,Body & Paint,11249000,4
11013,5482,127,79,2023-05-17,Repair,5757000,1
11014,4133,163,54,2025-04-20,Repair,3778000,5
11015,4704,118,81,2024-02-01,Periodic,1364000,4
11016,4704,118,81,2024-03-05,Warranty,358000,2
11017,3799,112,21,2025-12-14,Repair,4999000,5
11018,1396,127,117,2025-06-28,Repair,3029000,4
11019,2072,116,63,2025-05-01,Periodic,1664000,5
11020,3056,103,43,2025-02-11,Periodic,2174000,3
11021,3056,103,43,2025-09-01,Periodic,2189000,4
11022,1207,112,7,2023-11-26,Repair,7304000,3
11023,1207,112,7,2023-11-24,Periodic,1863000,4
11024,3864,142,81,2024-12-04,Repair,2050000,5
11025,3864,142,81,2024-09-12,Periodic,1543000,5
11026,3658,121,118,2025-01-31,Repair,7940000,4
11027,5105,105,93,2024-11-04,Periodic,1555000,5
11028,5105,105,93,2025-02-22,Periodic,1056000,2
11029,1762,110,36,2025-10-11,Periodic,1344000,3
11030,4963,177,29,2022-12-03,Repair,5280000,4
11031,4963,177,29,2022-08-09,Periodic,1505000,5
11032,5132,134,2,2022-08-11,Warranty,338000,5
11033,5132,134,2,2022-12-12,Repair,3690000,5
11034,2919,111,72,2025-08-27,Periodic,879000,3
11035,4277,108,29,2024-01-25,Periodic,805000,4
11036,3502,121,58,2025-03-08,Periodic,1567000,5
11037,3502,121,58,2024-01-03,Periodic,1395000,5
11038,3502,121,58,2023-07-18,Body & Paint,8823000,4
11039,5275,122,113,2024-12-27,Body & Paint,9171000,5
11040,5275,122,113,2025-12-04,Periodic,1669000,2
11041,2632,110,1,2025-09-12,Periodic,1594000,5
11042,2012,120,51,2024-04-20,Warranty,384000,3
11043,3895,124,96,2024-10-05,Repair,5889000,4
11044,2575,115,34,2025-07-11,Periodic,1455000,5
11045,2813,119,26,2024-11-26,Warranty,238000,4
11046,3093,140,17,2025-02-14,Periodic,809000,5
11047,3093,140,17,2023-06-29,Periodic,1522000,4
11048,2065,103,8,2025-12-21,Repair,3411000,4
11049,1161,133,73,2024-06-04,Repair,6796000,4
11050,1246,103,67,2023-11-16,Warranty,197000,5
11051,1246,103,67,2025-11-29,Periodic,1949000,4
11052,3040,117,32,2025-01-09,Repair,7296000,5
11053,3040,117,32,2024-11-20,Periodic,1429000,2
11054,2326,102,115,2025-06-07,Warranty,408000,2
11055,2642,121,77,2024-05-03,Periodic,994000,4
11056,2642,121,77,2025-05-15,Repair,2870000,4
11057,1890,173,112,2024-08-27,Periodic,695000,4
11058,4798,110,71,2021-12-23,Periodic,1259000,5
11059,3994,106,94,2025-09-19,Periodic,2084000,3
11060,3994,106,94,2023-09-04,Warranty,66000,5
11061,3994,106,94,2022-12-29,Repair,3320000,4
11062,1160,139,4,2024-12-18,Periodic,1293000,3
11063,1160,139,4,2024-06-13,Periodic,770000,2
11064,1160,139,4,2025-01-31,Periodic,852000,1
11065,1847,113,60,2024-12-24,Periodic,1997000,5
11066,2285,162,18,2022-05-06,Warranty,115000,4
11067,1285,134,101,2025-05-24,Warranty,162000,1
11068,2421,115,27,2025-02-11,Repair,5741000,4
11069,2273,136,54,2022-05-12,Periodic,1843000,5
11070,2273,136,54,2022-12-24,Periodic,1712000,5
11071,2273,136,54,2022-09-07,Warranty,56000,5
11072,3495,112,40,2022-08-12,Warranty,269000,1
11073,3495,112,40,2023-12-25,Repair,2296000,2
11074,5149,124,120,2024-12-03,Periodic,1989000,3
11075,2569,112,19,2024-03-04,Periodic,1731000,4
11076,2569,112,19,2025-05-06,Warranty,147000,3
11077,2039,134,35,2023-04-18,Repair,7738000,3
11078,2039,134,35,2024-01-11,Periodic,935000,4
11079,2337,127,89,2025-11-26,Body & Paint,9871000,2
11080,4504,127,89,2025-10-21,Periodic,720000,4
11081,3357,106,91,2024-09-22,Warranty,305000,5
11082,3135,106,108,2022-08-03,Repair,1978000,4
11083,3135,106,108,2024-04-22,Repair,5058000,5
11084,3135,106,108,2023-02-16,Periodic,1475000,4
11085,2962,109,48,2024-11-08,Periodic,1794000,5
11086,3603,106,84,2024-09-14,Body & Paint,10663000,5
11087,1969,130,58,2025-12-30,Repair,4913000,4
11088,2420,108,87,2025-06-27,Periodic,1065000,4
11089,2062,108,62,2022-03-05,Periodic,621000,3
11090,3346,121,13,2022-02-20,Warranty,173000,5
11091,3231,179,8,2022-02-10,Warranty,492000,5
11092,2879,125,24,2023-07-03,Repair,4704000,5
11093,2879,125,24,2023-12-30,Periodic,1550000,5
11094,2879,125,24,2023-06-09,Periodic,1313000,5
11095,2038,128,92,2025-05-17,Periodic,1002000,4
11096,4058,168,45,2024-01-02,Periodic,703000,5
11097,4058,168,45,2022-04-15,Warranty,356000,4
11098,1893,105,66,2025-09-12,Periodic,1776000,5
11099,1893,105,66,2023-03-24,Periodic,2181000,4
11100,1893,105,66,2024-01-13,Repair,6007000,3
11101,4943,115,54,2025-04-21,Warranty,395000,2
11102,4933,164,35,2025-10-01,Periodic,1795000,4
11103,4933,164,35,2023-09-24,Periodic,869000,5
11104,1186,148,1,2022-09-18,Periodic,1503000,3
11105,3570,132,73,2025-05-09,Periodic,2185000,4
11106,3570,132,73,2025-01-16,Repair,2107000,4
11107,5201,140,31,2023-02-03,Periodic,782000,5
11108,5201,140,31,2023-01-10,Periodic,700000,5
11109,5201,140,31,2022-06-19,Repair,4932000,5
11110,3248,145,20,2024-06-08,Periodic,1944000,4
11111,3248,145,20,2023-11-21,Periodic,987000,5
11112,3248,145,20,2022-05-10,Periodic,2132000,4
11113,3317,123,62,2025-02-22,Periodic,1342000,4
11114,2150,107,102,2024-04-22,Repair,3683000,4
11115,1086,109,3,2024-10-29,Periodic,1163000,3
11116,3619,112,66,2025-11-16,Periodic,1399000,5
11117,3619,112,66,2024-11-13,Periodic,668000,5
11118,3619,112,66,2025-11-08,Body & Paint,8430000,2
11119,3060,119,74,2024-10-27,Repair,1851000,4
11120,3060,119,74,2023-09-11,Warranty,339000,3
11121,3060,119,74,2025-09-12,Periodic,1561000,2
11122,4985,140,90,2024-04-12,Periodic,1871000,4
11123,4985,140,90,2024-08-28,Periodic,2200000,5
11124,3787,132,3,2024-08-31,Periodic,1037000,5
11125,3787,132,3,2022-11-10,Periodic,1565000,5
11126,3801,142,116,2023-03-04,Periodic,2118000,3
11127,3801,142,116,2024-05-13,Periodic,1739000,5
11128,3801,142,116,2023-02-25,Periodic,1672000,5
11129,2135,114,81,2025-03-28,Repair,4264000,5
11130,2216,114,83,2024-07-04,Periodic,1255000,5
11131,2216,114,83,2025-05-30,Periodic,1722000,5
11132,2187,106,62,2024-12-31,Repair,7247000,4
11133,3988,145,4,2024-08-25,Periodic,1994000,4
11134,3988,145,4,2025-04-29,Periodic,1060000,5
11135,4537,139,76,2021-05-27,Periodic,694000,5
11136,4537,139,76,2023-01-09,Periodic,1687000,4
11137,4537,139,76,2024-07-09,Periodic,974000,5
11138,4249,124,73,2024-01-17,Periodic,637000,2
11139,4249,124,73,2025-01-08,Periodic,1320000,4
11140,4835,103,85,2025-09-15,Body & Paint,6400000,4
11141,1711,106,14,2024-12-08,Periodic,643000,4
11142,5145,108,120,2023-12-18,Periodic,1321000,5
11143,5145,108,120,2024-12-16,Periodic,906000,2
11144,5145,108,120,2023-11-12,Periodic,1388000,5
11145,4576,110,109,2023-06-17,Repair,6355000,2
11146,4576,110,109,2025-12-14,Repair,4585000,5
11147,4576,110,109,2024-03-31,Periodic,1083000,5
11148,2012,111,43,2023-01-04,Periodic,858000,5
11149,1455,142,48,2024-01-03,Periodic,1200000,5
11150,2721,113,96,2022-01-18,Periodic,2016000,4
11151,2721,113,96,2021-09-17,Periodic,2090000,5
11152,4046,135,71,2025-10-10,Periodic,2031000,4
11153,4524,133,88,2025-03-31,Warranty,71000,5
11154,4524,133,88,2023-12-21,Repair,5549000,4
11155,4524,133,88,2023-10-13,Periodic,1872000,4
11156,1978,156,4,2023-05-02,Repair,5660000,3
11157,1978,156,4,2024-02-15,Warranty,120000,5
11158,3615,129,81,2025-05-14,Warranty,202000,5
11159,3615,129,81,2025-08-28,Periodic,1721000,5
11160,4985,110,12,2024-11-11,Repair,3938000,4
11161,4985,110,12,2025-11-27,Periodic,1267000,4
11162,1161,106,47,2025-06-06,Periodic,2179000,5
11163,2230,130,17,2021-09-21,Repair,4495000,4
11164,2230,130,17,2021-04-16,Repair,3098000,4
11165,4155,103,17,2024-03-21,Repair,4546000,4
11166,4155,103,17,2023-08-30,Periodic,1527000,5
11167,1878,145,87,2023-02-13,Body & Paint,3175000,4
11168,5213,143,116,2024-01-03,Repair,7994000,5
11169,5213,143,116,2022-08-07,Periodic,2021000,4
11170,4897,109,11,2024-06-13,Repair,5504000,5
11171,4718,123,23,2023-03-27,Periodic,1416000,4
11172,3295,102,63,2024-11-07,Periodic,1995000,5
11173,2169,108,9,2025-07-22,Repair,6041000,5
11174,2169,108,9,2024-03-18,Repair,6647000,5
11175,2169,108,9,2023-10-03,Body & Paint,6444000,5
11176,3039,127,97,2024-01-06,Repair,2698000,4
11177,2080,144,110,2022-09-16,Warranty,393000,5
11178,2080,144,110,2022-09-05,Body & Paint,4618000,1
11179,4232,104,116,2021-04-22,Periodic,1547000,2
11180,4501,105,108,2023-12-16,Repair,4287000,3
11181,3381,129,67,2025-03-13,Repair,1635000,4
11182,3381,129,67,2023-09-29,Repair,3567000,3
11183,2183,145,65,2024-05-17,Periodic,2015000,4
11184,2329,113,6,2024-07-19,Periodic,2151000,5
11185,2329,113,6,2024-09-11,Periodic,1532000,4
11186,2329,113,6,2025-06-01,Warranty,294000,5
11187,4435,119,50,2025-03-01,Body & Paint,7413000,5
11188,4435,119,50,2025-06-22,Repair,2024000,5
11189,4435,119,50,2023-02-08,Periodic,705000,5
11190,3527,107,47,2025-08-19,Periodic,1459000,5
11191,3431,115,111,2022-07-07,Body & Paint,9929000,5
11192,4681,107,20,2023-08-12,Warranty,90000,5
11193,1784,111,58,2023-12-09,Periodic,2033000,5
11194,1784,111,58,2025-12-30,Periodic,1279000,5
11195,4312,139,100,2025-04-20,Repair,7716000,5
11196,3199,128,34,2025-10-25,Periodic,755000,4
11197,3199,128,34,2025-05-12,Periodic,619000,5
11198,4364,126,24,2023-08-21,Periodic,1333000,5
11199,3508,157,29,2021-05-15,Periodic,1817000,3
11200,3508,157,29,2021-05-25,Warranty,359000,4
11201,3087,125,93,2025-02-24,Repair,5625000,4
11202,3087,125,93,2025-09-10,Periodic,1907000,5
11203,2037,123,80,2023-04-17,Periodic,1860000,5
11204,2037,123,80,2023-07-27,Periodic,1085000,2
11205,2037,123,80,2023-02-13,Repair,6201000,4
11206,5327,101,63,2025-08-21,Body & Paint,2767000,3
11207,4425,120,90,2022-02-25,Periodic,1594000,5
11208,4425,120,90,2023-07-28,Warranty,52000,4
11209,4900,112,14,2025-06-15,Periodic,1597000,4
11210,3329,122,64,2025-06-18,Periodic,1011000,4
11211,2224,134,34,2025-06-08,Periodic,920000,5
11212,2074,145,79,2024-09-06,Body & Paint,9624000,5
11213,2074,145,79,2023-11-28,Repair,4051000,5
11214,1388,114,91,2023-09-13,Periodic,622000,3
11215,1388,114,91,2024-03-01,Periodic,1141000,4
11216,1388,114,91,2025-08-14,Repair,4619000,4
11217,4672,141,47,2023-04-08,Warranty,418000,4
11218,4672,141,47,2021-09-29,Periodic,1887000,4
11219,5486,112,59,2025-11-23,Periodic,1062000,3
11220,5486,112,59,2024-09-30,Body & Paint,11203000,5
11221,1479,110,36,2025-10-02,Repair,7270000,4
11222,3972,132,15,2025-07-28,Periodic,1094000,3
11223,4522,142,47,2025-03-30,Periodic,757000,3
11224,4902,115,90,2025-07-27,Periodic,1919000,5
11225,4902,115,90,2025-11-24,Warranty,111000,5
11226,5226,147,11,2024-09-23,Body & Paint,5667000,4
11227,2256,105,49,2025-11-09,Periodic,1020000,5
11228,4471,122,35,2023-06-28,Periodic,659000,4
11229,5453,128,90,2024-01-18,Periodic,1277000,4
11230,5453,128,90,2024-01-23,Periodic,994000,4
11231,2475,170,111,2024-05-10,Periodic,1374000,5
11232,1672,186,18,2021-04-16,Periodic,1464000,4
11233,2037,106,20,2023-02-23,Periodic,896000,5
11234,2037,106,20,2025-01-19,Periodic,2140000,5
11235,4241,103,120,2025-09-06,Periodic,1612000,5
11236,1999,115,94,2022-08-02,Periodic,1868000,5
11237,1999,115,94,2024-02-12,Periodic,1614000,5
11238,1999,115,94,2023-03-14,Repair,4404000,5
11239,2644,182,62,2025-06-23,Repair,3464000,4
11240,5458,118,117,2024-01-16,Periodic,1037000,4
11241,5458,118,117,2024-02-01,Periodic,2090000,5
11242,5458,118,117,2023-11-04,Periodic,1346000,5
11243,5262,108,101,2023-12-20,Repair,7285000,5
11244,5262,108,101,2023-12-07,Body & Paint,11940000,3
11245,3099,136,26,2021-11-24,Periodic,1648000,4
11246,3099,136,26,2021-10-24,Body & Paint,4702000,5
11247,3099,136,26,2021-10-03,Periodic,735000,3
11248,4962,119,113,2025-12-05,Periodic,1102000,5
11249,4507,139,45,2023-03-23,Periodic,1540000,3
11250,4507,139,45,2024-11-07,Repair,3507000,5
11251,3008,132,47,2022-10-01,Periodic,1208000,4
11252,1720,107,42,2020-10-01,Warranty,443000,4
11253,2443,101,63,2022-05-31,Repair,6165000,4
11254,2443,101,63,2024-02-18,Periodic,1366000,3
11255,2443,101,63,2021-02-22,Repair,7268000,5
11256,2361,111,75,2024-06-29,Warranty,421000,5
11257,1212,122,98,2024-07-04,Periodic,1508000,5
11258,3379,109,59,2024-07-12,Periodic,1160000,5
11259,3379,109,59,2023-10-01,Periodic,1692000,4
11260,3199,110,7,2024-04-12,Periodic,1011000,2
11261,4864,147,96,2024-11-22,Periodic,788000,4
11262,4864,147,96,2024-02-07,Warranty,76000,5
11263,4864,147,96,2023-08-17,Repair,5530000,4
11264,3278,138,22,2024-06-25,Periodic,1608000,4
11265,3791,125,94,2023-09-19,Repair,1822000,1
11266,2983,115,119,2025-07-15,Repair,2462000,5
11267,2983,115,119,2024-11-10,Body & Paint,8071000,5
11268,2138,107,81,2025-12-25,Body & Paint,8727000,1
11269,2026,106,96,2024-10-17,Periodic,777000,5
11270,1663,114,46,2024-08-06,Repair,4799000,4
11271,3019,118,95,2024-07-14,Repair,4579000,2
11272,2885,132,68,2023-08-23,Body & Paint,11956000,5
11273,2477,145,76,2022-05-26,Warranty,327000,3
11274,2477,145,76,2024-01-14,Periodic,1625000,3
11275,4688,121,82,2024-08-26,Periodic,1108000,2
11276,3285,148,44,2025-09-24,Warranty,262000,4
11277,2142,115,8,2025-06-15,Body & Paint,2276000,4
11278,4378,121,80,2023-09-21,Periodic,627000,4
11279,4378,121,80,2023-05-07,Warranty,217000,4
11280,4744,138,67,2025-02-14,Repair,1940000,5
11281,4744,138,67,2025-04-29,Repair,6534000,4
11282,3121,126,42,2025-03-14,Warranty,197000,4
11283,1425,111,82,2024-09-20,Periodic,646000,5
11284,5455,125,78,2023-12-24,Body & Paint,3917000,4
11285,2351,160,22,2025-08-13,Body & Paint,6834000,5
11286,2077,150,27,2023-12-28,Periodic,1637000,5
11287,3545,103,113,2025-07-04,Periodic,2012000,5
11288,3545,103,113,2025-05-28,Repair,1609000,3
11289,5032,124,11,2023-07-06,Repair,3131000,5
11290,5032,124,11,2022-03-01,Periodic,940000,4
11291,5032,124,11,2024-02-16,Periodic,1291000,5
11292,1375,108,32,2024-12-04,Warranty,286000,5
11293,1375,108,32,2025-10-31,Repair,7502000,5
11294,1375,108,32,2025-07-26,Body & Paint,10022000,5
11295,5293,104,69,2022-07-25,Periodic,1571000,5
11296,2830,105,32,2023-09-09,Periodic,1150000,5
11297,5453,138,87,2023-10-01,Periodic,1644000,2
11298,1306,123,16,2025-09-28,Periodic,1070000,5
11299,1306,123,16,2025-06-15,Periodic,615000,4
11300,3084,114,102,2023-04-27,Periodic,2017000,4
11301,3816,104,91,2024-10-24,Periodic,1514000,4
11302,3816,104,91,2024-02-09,Periodic,1720000,4
11303,2046,103,20,2024-12-27,Repair,6342000,4
11304,3645,138,13,2022-10-17,Periodic,1864000,5
11305,3645,138,13,2022-07-19,Repair,2313000,2
11306,3645,138,13,2023-08-30,Periodic,1824000,3
11307,2368,102,26,2025-04-08,Periodic,1307000,5
11308,2063,178,30,2025-10-24,Periodic,1300000,5
11309,2063,178,30,2025-09-23,Body & Paint,3121000,5
11310,4245,128,119,2023-01-25,Periodic,1037000,4
11311,4245,128,119,2022-09-24,Repair,5159000,2
11312,4245,128,119,2024-11-01,Periodic,970000,4
11313,4752,109,2,2025-03-06,Periodic,1040000,4
11314,4752,109,2,2025-05-24,Periodic,1160000,4
11315,1507,108,87,2021-06-07,Periodic,1390000,3
11316,1507,108,87,2020-10-02,Periodic,1885000,4
11317,3675,132,74,2021-01-06,Periodic,915000,5
11318,3591,163,1,2024-05-23,Repair,3837000,3
11319,3591,163,1,2021-11-14,Repair,5266000,5
11320,5342,113,36,2023-09-30,Warranty,445000,4
11321,5342,113,36,2025-02-28,Warranty,96000,4
11322,5342,113,36,2024-01-13,Repair,7956000,5
11323,2097,140,20,2023-12-28,Repair,3330000,3
11324,2097,140,20,2024-05-02,Warranty,263000,2
11325,2097,140,20,2023-03-14,Periodic,1043000,5
11326,5216,102,59,2023-08-29,Warranty,205000,3
11327,5216,102,59,2023-03-11,Periodic,1005000,5
11328,1800,114,87,2024-02-10,Periodic,875000,5
11329,1045,162,46,2024-11-12,Periodic,1154000,5
11330,1667,106,31,2024-02-15,Periodic,1700000,4
11331,1801,175,15,2023-04-02,Periodic,834000,3
11332,1801,175,15,2024-02-14,Periodic,834000,5
11333,3036,101,15,2025-09-12,Periodic,1557000,4
11334,3265,128,9,2024-11-23,Periodic,1558000,4
11335,2837,129,106,2022-11-12,Repair,3151000,4
11336,5356,133,29,2025-06-01,Body & Paint,2377000,2
11337,5356,133,29,2025-03-09,Periodic,704000,4
11338,4768,139,84,2025-12-12,Repair,3700000,4
11339,2380,141,49,2025-12-02,Periodic,2138000,5
11340,2380,141,49,2025-11-21,Periodic,1061000,5
11341,2380,141,49,2025-07-30,Periodic,1527000,4
11342,3846,129,48,2023-05-21,Periodic,2003000,4
11343,3846,129,48,2022-03-12,Body & Paint,11430000,3
11344,3487,133,116,2025-09-12,Periodic,2089000,4
11345,3487,133,116,2024-07-25,Body & Paint,7570000,5
11346,2325,113,97,2025-07-08,Periodic,1505000,4
11347,2074,126,17,2024-03-17,Periodic,2018000,5
11348,2074,126,17,2024-05-30,Repair,4851000,4
11349,4082,117,15,2023-12-21,Body & Paint,11812000,4
11350,5036,109,117,2024-10-30,Repair,2661000,5
11351,5036,109,117,2023-10-30,Periodic,1965000,5
11352,3170,126,83,2025-06-02,Warranty,489000,5
11353,3170,126,83,2024-01-22,Repair,4247000,5
11354,3105,109,76,2025-06-03,Repair,6492000,5
11355,4030,104,60,2023-02-12,Periodic,1484000,5
11356,4030,104,60,2025-02-07,Periodic,2141000,3
11357,2758,110,66,2025-11-25,Body & Paint,9900000,5
11358,2758,110,66,2025-11-08,Periodic,1936000,5
11359,1243,131,94,2024-09-13,Repair,6070000,5
11360,1243,131,94,2025-03-30,Periodic,1873000,4
11361,1976,136,78,2025-12-09,Periodic,1253000,4
11362,1976,136,78,2025-10-11,Periodic,1014000,5
11363,1605,174,63,2023-11-24,Warranty,66000,5
11364,1605,174,63,2025-03-26,Periodic,1448000,2
11365,1605,174,63,2023-04-27,Periodic,1445000,5
11366,3509,107,85,2024-11-02,Repair,2940000,5
11367,4182,157,81,2024-06-08,Warranty,229000,5
11368,4182,157,81,2022-06-10,Periodic,1746000,5
11369,4182,157,81,2022-10-04,Periodic,1594000,5
11370,1089,116,5,2022-11-21,Warranty,417000,4
11371,1089,116,5,2023-03-24,Repair,2398000,5
11372,1089,116,5,2025-03-14,Periodic,1904000,5
11373,2625,103,4,2024-03-07,Body & Paint,4899000,3
11374,2625,103,4,2023-02-16,Repair,6497000,4
11375,2625,103,4,2023-05-14,Periodic,995000,3
11376,4823,120,37,2022-06-25,Repair,2904000,5
11377,4498,154,68,2024-02-02,Periodic,2018000,5
11378,4498,154,68,2024-02-04,Periodic,1745000,5
11379,4498,154,68,2023-12-10,Periodic,1335000,4
11380,5223,178,2,2024-08-24,Repair,3262000,5
11381,5223,178,2,2024-03-17,Periodic,1947000,3
11382,5223,178,2,2025-03-12,Periodic,2051000,4
11383,3704,132,112,2025-10-28,Periodic,1379000,5
11384,1939,126,50,2025-09-26,Warranty,362000,5
11385,3984,176,90,2024-06-08,Periodic,1459000,2
11386,3804,128,22,2023-05-06,Periodic,687000,4
11387,5431,137,73,2025-09-05,Warranty,428000,5
11388,2512,163,59,2022-05-14,Repair,7628000,5
11389,2600,103,1,2025-04-19,Periodic,779000,2
11390,4744,106,6,2024-07-27,Periodic,1995000,4
11391,4744,106,6,2025-11-05,Periodic,1763000,5
11392,4744,106,6,2023-04-10,Periodic,2125000,4
11393,1139,118,63,2021-06-03,Repair,5383000,4
11394,1139,118,63,2020-09-19,Periodic,2015000,5
11395,1139,118,63,2022-04-03,Repair,3835000,5
11396,3527,121,7,2025-05-05,Repair,5430000,5
11397,3527,121,7,2025-09-02,Periodic,1765000,5
11398,1706,170,98,2025-10-23,Body & Paint,9861000,5
11399,1706,170,98,2025-12-30,Repair,2745000,5
11400,4048,102,58,2024-10-31,Body & Paint,11750000,4
11401,2789,114,41,2024-08-05,Repair,5929000,5
11402,4427,115,69,2022-02-09,Periodic,2147000,5
11403,4427,115,69,2023-01-06,Periodic,1119000,4
11404,4427,115,69,2024-10-21,Periodic,1507000,3
11405,3440,109,79,2025-01-25,Warranty,401000,3
11406,3440,109,79,2025-05-27,Periodic,1077000,4
11407,2526,108,53,2025-08-20,Periodic,1623000,5
11408,4216,103,6,2023-07-28,Periodic,1924000,5
11409,4216,103,6,2024-01-07,Periodic,1375000,5
11410,1993,138,108,2025-06-15,Repair,6157000,4
11411,3201,115,39,2023-05-04,Warranty,110000,4
11412,3166,130,71,2025-05-22,Warranty,305000,4
11413,4769,110,13,2024-04-05,Periodic,1597000,5
11414,3534,116,71,2023-08-18,Periodic,1615000,5
11415,3534,116,71,2022-07-28,Periodic,2042000,5
11416,3534,116,71,2022-08-19,Periodic,875000,2
11417,3872,110,74,2022-06-12,Periodic,1207000,4
11418,4441,117,102,2024-05-09,Repair,3226000,5
11419,4404,103,63,2024-11-25,Repair,7299000,5
11420,4404,103,63,2024-10-16,Periodic,2145000,4
11421,1721,116,88,2025-10-20,Periodic,1738000,3
11422,1915,110,40,2025-09-20,Periodic,878000,5
11423,1915,110,40,2024-08-20,Repair,5577000,5
11424,1915,110,40,2023-05-03,Repair,7849000,2
11425,5410,114,34,2023-05-01,Periodic,2084000,1
11426,5410,114,34,2023-12-10,Body & Paint,10805000,2
11427,5410,114,34,2025-03-20,Repair,5766000,5
11428,3494,136,74,2024-01-23,Periodic,1338000,5
11429,3494,136,74,2024-01-02,Warranty,253000,4
11430,3494,136,74,2025-02-10,Periodic,1735000,3
11431,4197,181,94,2025-05-16,Warranty,403000,4
11432,5049,105,5,2021-04-08,Warranty,102000,4
11433,5049,105,5,2021-07-15,Periodic,657000,5
11434,5049,105,5,2023-10-02,Periodic,1780000,5
11435,3505,136,22,2024-03-17,Repair,7003000,2
11436,3505,136,22,2025-10-27,Periodic,1857000,5
11437,2599,170,11,2022-01-09,Warranty,283000,5
11438,2599,170,11,2022-12-06,Periodic,1151000,4
11439,1917,138,57,2025-04-28,Periodic,1187000,3
11440,3634,128,113,2022-05-04,Warranty,8000,4
11441,5213,107,118,2025-08-28,Repair,5283000,2
11442,1204,117,25,2025-05-30,Body & Paint,4688000,3
11443,3694,139,54,2022-08-12,Periodic,1698000,5
11444,2273,118,38,2022-01-31,Periodic,954000,3
11445,4331,138,85,2025-12-27,Periodic,1460000,4
11446,4903,122,110,2024-03-15,Repair,4988000,4
11447,3122,102,90,2022-09-08,Periodic,1702000,4
11448,3122,102,90,2023-06-21,Periodic,2126000,4
11449,2058,136,95,2024-03-25,Warranty,158000,5
11450,1199,183,93,2025-03-23,Periodic,987000,5
11451,1980,144,46,2024-06-27,Periodic,1615000,5
11452,5134,105,70,2025-10-03,Repair,4060000,5
11453,5134,105,70,2024-05-28,Periodic,815000,5
11454,4039,131,55,2024-05-09,Periodic,1473000,1
11455,4039,131,55,2023-11-29,Periodic,698000,5
11456,5486,105,66,2022-02-14,Periodic,1980000,5
11457,4308,130,81,2025-08-13,Body & Paint,11684000,5
11458,3698,102,111,2022-06-22,Periodic,655000,5
11459,5181,120,47,2025-04-13,Body & Paint,5671000,4
11460,5181,120,47,2023-05-07,Periodic,748000,5
11461,4575,102,25,2023-12-01,Warranty,446000,3
11462,4575,102,25,2025-09-08,Periodic,2200000,4
11463,4108,123,27,2024-07-28,Periodic,616000,3
11464,1017,104,31,2025-05-18,Warranty,168000,4
11465,4850,131,36,2022-05-07,Periodic,855000,5
11466,4850,131,36,2022-09-09,Repair,5117000,5
11467,3653,133,11,2025-07-27,Periodic,1581000,3
11468,3653,133,11,2024-12-08,Periodic,975000,5
11469,1461,115,87,2023-04-16,Periodic,1607000,4
11470,4193,134,44,2025-02-16,Periodic,626000,5
11471,1268,110,47,2023-02-15,Periodic,1560000,2
11472,1268,110,47,2024-02-01,Repair,7349000,5
11473,1268,110,47,2023-06-10,Periodic,1848000,3
11474,4858,109,117,2025-05-19,Periodic,1959000,5
11475,4593,107,3,2025-03-26,Periodic,1297000,3
11476,2729,113,52,2025-11-18,Periodic,1089000,2
11477,4490,160,63,2022-12-10,Periodic,1212000,5
11478,4490,160,63,2021-07-24,Periodic,1864000,5
11479,4490,160,63,2021-10-20,Repair,7612000,3
11480,5373,111,64,2023-08-23,Periodic,1547000,5
11481,5373,111,64,2023-11-22,Warranty,485000,5
11482,4269,162,65,2023-03-08,Periodic,682000,5
11483,2808,135,62,2024-05-04,Periodic,973000,4
11484,3366,135,7,2025-02-07,Warranty,251000,5
11485,3366,135,7,2024-08-16,Periodic,1383000,4
11486,5037,103,6,2024-01-15,Periodic,1391000,5
11487,2266,102,27,2025-08-27,Warranty,36000,5
11488,2266,102,27,2025-02-21,Periodic,664000,1
11489,3848,112,24,2025-10-23,Periodic,2090000,5
11490,1848,107,35,2022-04-26,Body & Paint,2640000,2
11491,3211,146,69,2024-06-02,Periodic,1195000,5
11492,3211,146,69,2023-06-07,Body & Paint,9217000,5
11493,1215,134,113,2025-08-18,Periodic,1199000,5
11494,1865,108,1,2022-07-05,Warranty,3000,4
11495,1865,108,1,2023-01-21,Periodic,1692000,3
11496,1865,108,1,2024-05-06,Body & Paint,7848000,5
11497,5090,137,104,2025-09-11,Periodic,1094000,4
11498,1252,106,77,2021-07-21,Periodic,1994000,4
11499,1252,106,77,2024-02-14,Periodic,1853000,5
11500,1252,106,77,2022-01-18,Warranty,269000,4
11501,5170,110,93,2024-09-27,Periodic,748000,5
11502,4659,104,23,2024-08-02,Periodic,1684000,2
11503,2258,134,32,2022-10-09,Body & Paint,6065000,4
11504,2258,134,32,2024-12-10,Periodic,1081000,5
11505,2258,134,32,2023-03-13,Periodic,1660000,5
11506,1165,108,8,2023-10-13,Periodic,1002000,5
11507,5012,138,88,2023-09-28,Periodic,1225000,5
11508,5012,138,88,2023-04-17,Periodic,1667000,4
11509,5012,138,88,2022-03-05,Body & Paint,4012000,2
11510,1778,137,5,2024-01-12,Warranty,106000,5
11511,1778,137,5,2021-11-07,Body & Paint,2455000,4
11512,1778,137,5,2024-03-31,Repair,2761000,4
11513,1137,134,56,2025-07-13,Repair,6453000,4
11514,1137,134,56,2024-04-12,Repair,3467000,5
11515,5319,102,97,2024-10-08,Periodic,1564000,5
11516,5319,102,97,2025-12-04,Repair,5164000,5
11517,4730,162,96,2023-09-17,Repair,6934000,4
11518,4730,162,96,2023-09-09,Body & Paint,8444000,5
11519,4730,162,96,2023-04-23,Repair,7132000,5
11520,4258,135,19,2025-04-06,Repair,3348000,4
11521,4436,101,59,2022-11-06,Periodic,824000,3
11522,4436,101,59,2023-02-24,Repair,2701000,5
11523,4436,101,59,2022-09-22,Periodic,755000,5
11524,5159,103,103,2024-10-06,Periodic,1886000,5
11525,5159,103,103,2022-11-12,Warranty,180000,4
11526,5159,103,103,2024-11-04,Warranty,329000,2
11527,4673,114,19,2025-12-14,Periodic,1439000,5
11528,1921,133,95,2024-12-20,Repair,6543000,4
11529,1873,120,89,2024-07-01,Repair,6093000,3
11530,5028,117,7,2024-06-23,Repair,2209000,2
11531,1281,133,80,2025-07-03,Periodic,1892000,3
11532,1281,133,80,2024-08-22,Periodic,1559000,5
11533,3996,164,17,2024-10-21,Periodic,1092000,5
11534,3996,164,17,2023-12-20,Periodic,1344000,5
11535,3868,132,19,2023-12-17,Periodic,1930000,4
11536,3868,132,19,2023-01-06,Periodic,1758000,5
11537,3868,132,19,2021-02-28,Repair,7682000,5
11538,4869,134,102,2023-08-26,Periodic,937000,4
11539,3742,103,113,2024-02-21,Repair,5681000,4
11540,3742,103,113,2025-05-05,Repair,5931000,4
11541,2766,127,96,2022-02-25,Periodic,982000,4
11542,4205,112,102,2022-08-11,Warranty,465000,5
11543,1698,114,105,2022-05-18,Periodic,1634000,5
11544,1698,114,105,2022-05-13,Periodic,1388000,4
11545,3414,109,18,2023-12-11,Repair,3816000,3
11546,3414,109,18,2024-02-28,Repair,7615000,5
11547,3414,109,18,2023-06-10,Periodic,1063000,3
11548,1443,144,41,2025-04-23,Periodic,1608000,5
11549,1763,122,116,2024-03-03,Periodic,794000,3
11550,2466,101,72,2025-11-07,Periodic,2137000,5
11551,5021,128,18,2024-12-17,Periodic,1606000,4
11552,5021,128,18,2024-09-03,Repair,5190000,4
11553,5021,128,18,2025-11-09,Periodic,866000,4
11554,4798,105,82,2024-11-26,Periodic,738000,4
11555,4798,105,82,2025-02-03,Repair,6265000,4
11556,4495,181,96,2025-07-25,Periodic,1022000,5
11557,1527,118,25,2022-05-16,Repair,3870000,5
11558,4695,110,65,2024-09-28,Repair,6560000,3
11559,4695,110,65,2025-07-24,Repair,4038000,5
11560,4695,110,65,2025-12-01,Periodic,868000,3
11561,2086,121,39,2025-07-09,Periodic,2184000,2
11562,4353,111,4,2025-07-19,Periodic,1094000,5
11563,4345,113,40,2025-02-18,Periodic,1964000,2
11564,1701,117,112,2023-01-10,Repair,2306000,4
11565,1701,117,112,2023-07-31,Periodic,1281000,5
11566,2827,164,81,2024-07-02,Body & Paint,4247000,5
11567,1039,124,14,2021-05-31,Body & Paint,11691000,3
11568,1039,124,14,2022-12-15,Warranty,281000,4
11569,1039,124,14,2022-09-27,Repair,7069000,5
11570,2413,162,102,2024-09-17,Periodic,1349000,5
11571,2766,117,88,2024-07-08,Periodic,1871000,4
11572,2766,117,88,2023-10-03,Periodic,708000,4
11573,1837,102,98,2025-09-28,Repair,2136000,5
11574,3479,108,85,2025-03-16,Repair,7334000,4
11575,3479,108,85,2025-08-31,Periodic,882000,4
11576,1645,108,91,2024-01-08,Repair,4445000,4
11577,1645,108,91,2024-11-25,Periodic,1823000,5
11578,3199,105,22,2023-07-09,Periodic,2044000,5
11579,3199,105,22,2023-08-24,Repair,6547000,3
11580,2961,134,113,2025-05-05,Repair,4865000,5
11581,1395,104,82,2020-12-19,Warranty,428000,5
11582,5099,125,106,2025-04-08,Periodic,662000,3
11583,4875,103,44,2023-01-06,Body & Paint,7144000,4
11584,1504,135,111,2025-06-15,Body & Paint,8807000,4
11585,4800,132,19,2022-06-01,Periodic,1274000,4
11586,1240,104,95,2025-09-07,Periodic,2114000,4
11587,1875,131,110,2025-09-13,Periodic,1194000,5
11588,2494,146,42,2025-04-28,Periodic,1235000,5
11589,2494,146,42,2022-09-24,Repair,7614000,4
11590,4327,113,4,2024-07-02,Periodic,1074000,4
11591,4327,113,4,2024-02-20,Repair,7593000,3
11592,3407,150,48,2024-08-21,Warranty,276000,4
11593,3407,150,48,2024-07-06,Repair,7934000,4
11594,3407,150,48,2024-06-01,Periodic,1938000,5
11595,4204,128,106,2022-06-08,Warranty,489000,3
11596,4204,128,106,2023-02-01,Warranty,426000,3
11597,3867,118,48,2025-03-18,Periodic,637000,5
11598,4674,114,49,2024-10-09,Warranty,85000,3
11599,4674,114,49,2023-11-10,Body & Paint,7535000,3
11600,4674,114,49,2023-08-22,Body & Paint,3059000,5
11601,4981,126,93,2024-07-05,Warranty,185000,5
11602,1951,134,10,2024-07-21,Periodic,683000,5
11603,2321,114,70,2024-12-13,Periodic,2151000,5
11604,1410,154,107,2024-04-16,Periodic,1436000,5
11605,1410,154,107,2021-12-30,Warranty,216000,4
11606,1410,154,107,2023-04-11,Periodic,1877000,3
11607,2030,157,56,2025-12-22,Periodic,2017000,1
11608,1550,138,51,2024-08-18,Repair,6086000,4
11609,2282,102,41,2025-05-31,Periodic,1229000,5
11610,2282,102,41,2023-12-06,Periodic,1646000,5
11611,4815,111,35,2024-12-20,Body & Paint,5791000,5
11612,3059,105,53,2022-07-02,Periodic,1423000,5
11613,3059,105,53,2024-05-17,Repair,6927000,4
11614,2275,116,112,2023-11-09,Warranty,130000,5
11615,2275,116,112,2021-02-28,Warranty,150000,5
11616,2275,116,112,2021-09-17,Repair,5863000,4
11617,1063,116,46,2024-06-25,Periodic,619000,4
11618,1063,116,46,2023-12-31,Periodic,1310000,5
11619,1063,116,46,2024-12-07,Warranty,43000,5
11620,1145,178,28,2024-04-15,Periodic,1589000,4
11621,1145,178,28,2025-07-27,Periodic,1668000,4
11622,4428,114,86,2022-04-18,Repair,7856000,5
11623,4428,114,86,2023-01-17,Repair,5087000,4
11624,3929,101,47,2025-08-23,Warranty,193000,4
11625,3153,122,106,2025-12-15,Repair,7350000,4
11626,4984,117,104,2021-03-15,Periodic,2090000,5
11627,2493,121,82,2024-12-23,Repair,2253000,4
11628,2896,143,97,2024-05-06,Repair,5210000,5
11629,4284,138,113,2021-12-10,Warranty,293000,5
11630,4284,138,113,2023-01-01,Periodic,1482000,4
11631,1708,105,24,2025-07-29,Periodic,962000,3
11632,4819,140,80,2025-11-17,Repair,1623000,5
11633,5471,111,25,2021-11-29,Body & Paint,8238000,4
11634,5471,111,25,2021-11-09,Periodic,1621000,2
11635,5471,111,25,2024-03-01,Repair,3000000,5
11636,2699,105,58,2024-07-30,Warranty,157000,3
11637,2699,105,58,2023-12-25,Repair,5394000,4
11638,3020,178,46,2024-01-02,Periodic,1642000,4
11639,4481,106,25,2025-12-23,Periodic,1914000,3
11640,4417,101,7,2023-05-03,Body & Paint,4249000,5
11641,3683,136,76,2025-11-18,Periodic,1582000,3
11642,3683,136,76,2024-06-30,Periodic,712000,4
11643,5438,140,86,2024-03-26,Repair,5268000,3
11644,4978,137,5,2022-06-02,Periodic,1090000,5
11645,4978,137,5,2022-11-21,Periodic,1335000,2
11646,4978,137,5,2024-12-24,Body & Paint,2464000,5
11647,4338,110,89,2022-10-15,Periodic,742000,5
11648,4338,110,89,2021-12-11,Periodic,980000,4
11649,4338,110,89,2022-07-17,Warranty,392000,4
11650,3294,136,65,2025-04-30,Periodic,880000,2
11651,3294,136,65,2025-11-12,Periodic,1656000,3
11652,1147,141,8,2025-05-20,Periodic,1991000,5
11653,4973,108,4,2025-05-17,Periodic,680000,4
11654,4955,106,104,2024-03-18,Warranty,232000,4
11655,2447,139,95,2025-12-01,Repair,4305000,4
11656,2447,139,95,2024-06-03,Periodic,667000,5
11657,2447,139,95,2025-12-20,Periodic,2102000,2
11658,5413,108,120,2024-12-24,Repair,6836000,5
11659,5413,108,120,2025-04-05,Periodic,1616000,5
11660,5413,108,120,2025-10-08,Repair,3357000,4
11661,2019,110,70,2025-02-17,Body & Paint,6269000,2
11662,2019,110,70,2022-10-31,Repair,5719000,4
11663,3201,111,105,2023-03-24,Periodic,1967000,5
11664,3201,111,105,2023-07-23,Periodic,1689000,1
11665,3165,124,23,2025-11-07,Periodic,1756000,4
11666,3165,124,23,2024-04-20,Warranty,463000,3
11667,4820,107,16,2023-12-13,Body & Paint,9128000,5
11668,4820,107,16,2025-08-16,Periodic,1542000,5
11669,2527,104,32,2022-03-11,Warranty,218000,5
11670,4733,114,50,2025-12-05,Body & Paint,6238000,4
11671,4488,143,47,2025-05-16,Periodic,608000,4
11672,4488,143,47,2024-08-27,Periodic,1284000,5
11673,2267,105,70,2024-07-07,Body & Paint,11664000,4
11674,2518,126,28,2025-07-19,Periodic,807000,3
11675,4153,109,64,2025-02-21,Body & Paint,7655000,3
11676,4153,109,64,2024-10-13,Repair,6216000,5
11677,1062,118,106,2025-12-26,Repair,6658000,5
11678,1329,118,1,2024-12-10,Repair,2261000,3
11679,1329,118,1,2024-09-20,Periodic,1787000,4
11680,2452,116,79,2024-05-17,Periodic,2002000,5
11681,2452,116,79,2024-07-06,Periodic,1924000,3
11682,2452,116,79,2024-04-07,Repair,6711000,5
11683,4326,111,35,2022-12-19,Periodic,606000,5
11684,3854,111,36,2024-11-19,Periodic,634000,5
11685,3854,111,36,2024-01-22,Repair,7039000,1
11686,4254,140,99,2023-10-24,Body & Paint,2173000,4
11687,4254,140,99,2022-11-02,Periodic,1215000,1
11688,4254,140,99,2021-03-08,Repair,2042000,5
11689,3632,107,74,2024-04-11,Periodic,1773000,5
11690,3632,107,74,2024-10-05,Periodic,1312000,4
11691,3632,107,74,2023-02-11,Warranty,438000,5
11692,1512,106,76,2021-09-12,Periodic,1359000,4
11693,1512,106,76,2023-10-25,Periodic,1958000,1
11694,1512,106,76,2021-11-03,Periodic,1419000,4
11695,3652,161,40,2023-05-10,Periodic,1272000,4
11696,3652,161,40,2024-10-27,Periodic,1606000,4
11697,1247,128,10,2024-07-06,Periodic,1697000,5
11698,3348,120,93,2024-07-13,Periodic,2153000,4
11699,3348,120,93,2025-08-13,Periodic,1561000,5
11700,4266,108,17,2025-09-17,Periodic,842000,2
11701,4266,108,17,2023-11-29,Repair,7583000,4
11702,4266,108,17,2022-12-24,Body & Paint,7173000,5
11703,4030,108,29,2024-10-09,Periodic,971000,5
11704,4030,108,29,2023-10-05,Periodic,801000,5
11705,4030,108,29,2024-11-04,Periodic,991000,5
11706,3702,150,9,2025-04-23,Warranty,177000,4
11707,4492,120,91,2022-09-03,Periodic,1132000,4
11708,1999,125,1,2025-10-04,Periodic,2184000,4
11709,1999,125,1,2025-02-14,Periodic,2089000,5
11710,1999,125,1,2023-11-21,Periodic,1159000,5
11711,3213,114,108,2024-09-19,Periodic,1253000,5
11712,3213,114,108,2025-07-15,Periodic,1473000,4
11713,3024,129,14,2024-07-27,Periodic,1814000,3
11714,3024,129,14,2025-10-13,Periodic,1409000,3
11715,2622,121,42,2023-07-31,Periodic,1380000,4
11716,2622,121,42,2022-03-28,Repair,1946000,4
11717,2477,120,74,2023-05-24,Periodic,613000,5
11718,2477,120,74,2023-12-08,Periodic,884000,4
11719,2515,172,9,2023-11-13,Periodic,1309000,3
11720,2515,172,9,2023-06-01,Periodic,1228000,5
11721,2515,172,9,2023-09-07,Periodic,1517000,5
11722,1233,144,81,2021-11-16,Periodic,2057000,5
11723,3249,105,99,2023-05-22,Periodic,1866000,5
11724,3249,105,99,2020-12-23,Repair,5781000,4
11725,1368,102,113,2024-09-27,Repair,7206000,4
11726,3191,187,105,2025-12-07,Periodic,830000,5
11727,3191,187,105,2025-08-06,Periodic,1689000,4
11728,1381,134,103,2025-02-14,Periodic,1845000,4
11729,3374,105,15,2025-09-20,Periodic,1055000,4
11730,1303,109,75,2022-04-07,Warranty,162000,4
11731,1303,109,75,2021-08-20,Warranty,15000,3
11732,1303,109,75,2023-12-13,Periodic,1057000,5
11733,4434,125,114,2024-10-22,Periodic,1367000,4
11734,4434,125,114,2025-12-21,Warranty,191000,4
11735,4434,125,114,2025-06-18,Repair,2423000,4
11736,1182,132,117,2023-07-12,Periodic,1524000,2
11737,3986,137,76,2024-10-06,Periodic,2018000,5
11738,3986,137,76,2023-06-18,Warranty,395000,5
11739,3986,137,76,2025-07-09,Repair,2442000,5
11740,3993,113,7,2024-09-11,Repair,4338000,5
11741,3993,113,7,2022-09-25,Body & Paint,9736000,5
11742,3993,113,7,2023-07-07,Periodic,1406000,1
11743,5418,147,120,2025-12-25,Warranty,401000,4
11744,5418,147,120,2024-05-06,Repair,5810000,5
11745,5166,101,75,2025-11-26,Periodic,1967000,5
11746,2591,108,107,2023-11-15,Periodic,683000,5
11747,2591,108,107,2024-03-21,Periodic,1157000,5
11748,4063,112,99,2024-08-17,Periodic,976000,5
11749,3564,117,96,2022-03-08,Warranty,381000,4
11750,3564,117,96,2022-11-09,Body & Paint,6877000,3
11751,3564,117,96,2024-02-02,Periodic,1499000,4
11752,5264,113,22,2023-10-12,Periodic,1085000,3
11753,5264,113,22,2024-09-12,Repair,1653000,5
11754,1078,107,89,2024-12-16,Periodic,1453000,5
11755,4309,116,94,2023-08-28,Repair,4561000,5
11756,4309,116,94,2021-10-29,Periodic,2138000,3
11757,4309,116,94,2022-01-08,Periodic,750000,3
11758,4469,118,67,2022-06-04,Periodic,1227000,4
11759,4469,118,67,2022-05-06,Periodic,2000000,5
11760,2033,173,94,2024-08-27,Periodic,1885000,4
11761,2033,173,94,2022-09-12,Repair,2818000,5
11762,5000,132,28,2022-07-23,Periodic,1215000,4
11763,5000,132,28,2021-03-28,Body & Paint,10143000,5
11764,5000,132,28,2024-05-10,Periodic,1289000,5
11765,1454,105,16,2025-01-18,Body & Paint,9160000,3
11766,4877,152,46,2024-12-14,Periodic,1417000,4
11767,4877,152,46,2023-05-16,Repair,4280000,2
11768,4877,152,46,2023-11-23,Periodic,937000,4
11769,5294,172,31,2024-06-15,Periodic,693000,5
11770,5294,172,31,2023-11-08,Periodic,1061000,5
11771,5294,172,31,2025-06-26,Warranty,36000,3
11772,2261,128,70,2025-09-16,Periodic,1453000,4
11773,3343,110,73,2025-09-18,Periodic,988000,5
11774,3343,110,73,2025-02-23,Periodic,1933000,5
11775,1500,181,109,2024-09-10,Periodic,1150000,5
11776,1500,181,109,2023-05-10,Body & Paint,10008000,5
11777,1500,181,109,2025-06-28,Periodic,1215000,5
11778,4003,104,97,2025-09-25,Body & Paint,3781000,4
11779,4355,110,47,2024-11-07,Periodic,1913000,4
11780,1572,156,119,2022-12-12,Warranty,436000,5
11781,1332,129,58,2023-07-12,Repair,4762000,4
11782,2193,128,57,2024-02-17,Body & Paint,2926000,5
11783,2193,128,57,2022-02-08,Warranty,40000,4
11784,2193,128,57,2024-02-09,Repair,4688000,5
11785,2557,103,114,2023-04-03,Periodic,1303000,2
11786,2557,103,114,2021-10-12,Periodic,1677000,3
11787,2557,103,114,2023-11-11,Repair,3500000,5
11788,4989,112,5,2021-02-11,Repair,3031000,4
11789,4989,112,5,2020-11-29,Warranty,449000,5
11790,4989,112,5,2021-02-28,Periodic,1865000,3
11791,4809,115,35,2024-11-14,Warranty,132000,5
11792,4809,115,35,2022-10-05,Periodic,1232000,4
11793,1548,119,5,2022-11-04,Repair,3051000,2
11794,4509,107,50,2022-02-02,Periodic,1518000,5
11795,1061,117,114,2024-01-18,Repair,6134000,5
11796,1234,103,108,2025-10-24,Periodic,654000,5
11797,3985,118,13,2022-11-04,Body & Paint,3613000,4
11798,4665,102,117,2023-05-24,Periodic,1211000,3
11799,4665,102,117,2022-02-16,Periodic,684000,5
11800,1643,147,61,2024-12-01,Repair,7730000,5
11801,1643,147,61,2025-01-26,Periodic,954000,4
11802,3163,108,34,2024-12-23,Repair,7925000,5
11803,4242,167,55,2024-11-05,Body & Paint,2997000,4
11804,4242,167,55,2024-08-14,Repair,2232000,3
11805,3071,138,46,2023-10-12,Periodic,1625000,3
11806,3562,102,107,2025-04-27,Periodic,1558000,4
11807,3562,102,107,2024-04-10,Repair,7590000,5
11808,3562,102,107,2023-06-07,Repair,4911000,4
11809,4479,128,30,2025-08-13,Periodic,1528000,4
11810,4479,128,30,2025-07-11,Warranty,264000,5
11811,2195,104,111,2023-03-17,Periodic,885000,1
11812,2195,104,111,2023-09-15,Periodic,834000,5
11813,2195,104,111,2023-07-16,Periodic,1028000,2
11814,3040,141,119,2022-02-14,Periodic,1015000,5
11815,3040,141,119,2023-04-14,Warranty,14000,5
11816,1800,106,28,2022-03-24,Periodic,707000,5
11817,4843,137,93,2025-07-15,Periodic,1504000,4
11818,1608,122,78,2024-03-17,Repair,7338000,4
11819,1602,136,57,2025-03-27,Periodic,1765000,4
11820,1602,136,57,2024-11-23,Warranty,186000,4
11821,1602,136,57,2024-06-12,Periodic,1175000,4
11822,4055,144,88,2022-03-02,Warranty,363000,4
11823,4055,144,88,2024-08-25,Periodic,1954000,4
11824,4055,144,88,2024-09-13,Repair,7775000,3
11825,5130,106,109,2025-09-16,Periodic,1914000,4
11826,5130,106,109,2025-04-24,Periodic,882000,4
11827,3070,108,52,2025-07-10,Periodic,1588000,4
11828,2190,143,94,2025-01-20,Periodic,1573000,4
11829,5106,104,64,2025-10-25,Periodic,1831000,5
11830,3238,116,22,2023-12-26,Periodic,2032000,5
11831,4108,148,103,2023-08-02,Warranty,454000,5
11832,2294,138,39,2024-02-03,Periodic,893000,5
11833,5423,117,75,2024-03-02,Repair,6043000,4
11834,5423,117,75,2025-04-10,Warranty,353000,4
11835,5106,109,47,2024-12-27,Warranty,326000,4
11836,1309,124,97,2025-09-07,Periodic,738000,1
11837,1241,112,72,2024-08-25,Periodic,936000,4
11838,3025,113,66,2025-07-18,Body & Paint,11894000,5
11839,3069,149,113,2022-12-20,Periodic,2057000,4
11840,3069,149,113,2023-06-15,Periodic,2058000,4
11841,4733,110,25,2025-12-02,Repair,2519000,3
11842,1682,104,42,2022-01-15,Periodic,2168000,4
11843,1682,104,42,2021-01-28,Periodic,1337000,5
11844,3956,144,67,2024-04-06,Periodic,1788000,5
11845,3956,144,67,2025-07-17,Repair,2069000,5
11846,3505,106,48,2025-02-08,Periodic,1048000,4
11847,3990,115,110,2023-11-24,Periodic,865000,5
11848,3990,115,110,2024-02-04,Repair,2933000,4
11849,3289,138,91,2024-12-24,Periodic,1019000,5
11850,3289,138,91,2023-10-07,Body & Paint,9438000,5
11851,3289,138,91,2022-11-21,Repair,5413000,5
11852,3216,124,118,2025-01-16,Repair,5407000,2
11853,4020,126,1,2025-08-14,Periodic,1158000,4
11854,4486,118,60,2021-05-11,Periodic,1578000,4
11855,4486,118,60,2020-07-23,Body & Paint,11942000,3
11856,4486,118,60,2020-12-10,Body & Paint,11435000,5
11857,3057,185,38,2022-06-10,Warranty,108000,5
11858,3057,185,38,2021-02-22,Body & Paint,8986000,4
11859,2172,108,80,2023-12-18,Periodic,1403000,4
11860,2172,108,80,2025-06-13,Periodic,668000,3
11861,1764,113,52,2024-02-26,Repair,6385000,3
11862,1764,113,52,2023-12-14,Periodic,1212000,2
11863,3984,173,6,2024-06-23,Periodic,1280000,5
11864,4454,153,55,2025-11-05,Body & Paint,5507000,5
11865,2109,104,50,2024-05-27,Repair,3695000,5
11866,2109,104,50,2025-08-27,Periodic,1656000,5
11867,4977,108,47,2025-03-13,Periodic,1483000,4
11868,3499,103,34,2025-09-04,Warranty,324000,4
11869,3499,103,34,2024-08-03,Periodic,2173000,5
11870,4781,148,12,2023-06-07,Periodic,2200000,5
11871,4781,148,12,2021-03-08,Repair,2437000,3
11872,4781,148,12,2023-12-29,Repair,2047000,4
11873,1576,109,105,2024-08-31,Periodic,719000,1
11874,1576,109,105,2024-06-04,Repair,1991000,5
11875,2673,120,68,2023-02-01,Repair,4017000,4
11876,2673,120,68,2022-09-14,Periodic,1417000,4
11877,2673,120,68,2023-10-19,Repair,1949000,3
11878,1034,108,62,2024-02-17,Periodic,2178000,4
11879,1034,108,62,2024-11-20,Periodic,1785000,5
11880,1034,108,62,2022-02-24,Repair,4482000,4
11881,2807,129,83,2025-03-14,Body & Paint,6750000,5
11882,2807,129,83,2025-01-16,Periodic,2064000,3
11883,4606,107,14,2024-08-12,Repair,6707000,4
11884,4606,107,14,2025-02-09,Repair,6361000,4
11885,4606,107,14,2024-01-11,Repair,4350000,2
11886,4504,136,120,2023-01-14,Warranty,77000,3
11887,4504,136,120,2023-05-21,Periodic,856000,5
11888,4504,136,120,2024-08-22,Repair,2628000,5
11889,1891,122,79,2022-03-01,Periodic,1095000,5
11890,1891,122,79,2025-03-15,Periodic,904000,5
11891,4071,140,63,2025-12-15,Periodic,1482000,4
11892,4071,140,63,2025-09-26,Warranty,365000,4
11893,3289,140,40,2023-02-27,Periodic,1321000,4
11894,3289,140,40,2024-07-06,Periodic,1380000,5
11895,3112,117,94,2022-05-14,Repair,4581000,2
11896,3112,117,94,2022-04-01,Periodic,1188000,5
11897,3112,117,94,2024-06-18,Warranty,233000,4
11898,3283,159,12,2024-07-27,Periodic,2144000,5
11899,2665,139,113,2023-12-23,Periodic,985000,4
11900,2665,139,113,2024-01-18,Periodic,807000,4
11901,3526,108,58,2024-05-28,Warranty,308000,5
11902,3526,108,58,2024-10-25,Warranty,154000,5
11903,3526,108,58,2024-12-31,Periodic,1514000,4
11904,2070,102,77,2024-10-19,Warranty,302000,4
11905,2070,102,77,2024-04-16,Periodic,1662000,5
11906,3526,127,22,2023-03-30,Warranty,49000,4
11907,5224,121,91,2022-11-11,Body & Paint,8475000,4
11908,5224,121,91,2024-07-20,Repair,6198000,5
11909,5224,121,91,2023-02-09,Periodic,2085000,4
11910,5341,136,101,2025-05-22,Periodic,612000,4
11911,4329,122,20,2022-01-07,Periodic,1215000,3
11912,4329,122,20,2023-01-18,Periodic,796000,5
11913,4329,122,20,2023-01-25,Periodic,1224000,3
11914,4708,102,59,2021-11-26,Periodic,1024000,5
11915,4708,102,59,2024-12-08,Periodic,1543000,3
11916,3336,113,10,2023-10-29,Periodic,2032000,4
11917,3336,113,10,2023-10-11,Repair,3421000,5
11918,1640,146,86,2023-10-27,Periodic,1482000,2
11919,1640,146,86,2021-10-10,Periodic,2057000,4
11920,1640,146,86,2023-07-12,Periodic,940000,2
11921,5348,112,4,2025-04-19,Repair,4222000,4
11922,5348,112,4,2024-04-16,Warranty,370000,5
11923,5282,101,112,2025-10-08,Periodic,1212000,3
11924,5282,101,112,2024-04-04,Repair,5659000,2
11925,2007,106,119,2025-06-20,Body & Paint,3340000,4
11926,1850,103,42,2022-10-21,Repair,1956000,5
11927,3354,102,41,2025-06-01,Periodic,1097000,5
11928,3354,102,41,2023-05-25,Periodic,1163000,4
11929,4085,144,2,2025-09-23,Periodic,1063000,3
11930,4445,115,45,2023-11-11,Periodic,926000,4
11931,4445,115,45,2025-08-25,Periodic,1831000,4
11932,4445,115,45,2024-11-10,Periodic,886000,5
11933,5434,116,43,2024-01-06,Periodic,677000,5
11934,5434,116,43,2022-01-20,Warranty,328000,4
11935,5434,116,43,2021-09-04,Periodic,1541000,2
11936,3623,155,32,2024-02-15,Periodic,1185000,3
11937,3623,155,32,2023-08-13,Periodic,928000,2
11938,3623,155,32,2025-03-02,Periodic,1180000,5
11939,4060,104,29,2024-01-01,Periodic,2073000,5
11940,4060,104,29,2024-03-20,Periodic,1464000,4
11941,4060,104,29,2023-10-13,Body & Paint,10431000,4
11942,5056,147,13,2023-04-13,Repair,7989000,5
11943,1326,109,57,2022-06-03,Periodic,1202000,2
11944,2109,113,45,2023-03-24,Periodic,1005000,1
11945,4144,163,53,2025-11-09,Warranty,64000,1
11946,1147,115,38,2023-03-28,Body & Paint,9605000,3
11947,1147,115,38,2024-06-18,Periodic,1632000,4
11948,2982,110,77,2023-12-23,Body & Paint,6252000,4
11949,2982,110,77,2024-05-14,Warranty,30000,5
11950,3340,109,88,2025-08-22,Periodic,1458000,2
11951,3340,109,88,2024-05-08,Periodic,1906000,5
11952,3340,109,88,2024-05-30,Periodic,1758000,5
11953,3456,104,113,2024-12-01,Periodic,2082000,2
11954,3456,104,113,2025-08-16,Body & Paint,6503000,2
11955,2005,137,34,2023-03-14,Periodic,1152000,5
11956,3562,142,92,2024-03-18,Periodic,1103000,5
11957,3562,142,92,2023-08-29,Repair,7706000,3
11958,3562,142,92,2023-10-18,Body & Paint,3930000,5
11959,5414,125,79,2023-04-02,Periodic,2045000,4
11960,5414,125,79,2025-05-07,Periodic,1492000,4
11961,5414,125,79,2024-01-02,Repair,5549000,5
11962,4506,112,116,2022-08-08,Periodic,737000,4
11963,3436,104,66,2022-09-30,Repair,1774000,4
11964,3436,104,66,2023-08-07,Periodic,687000,3
11965,2549,128,113,2025-09-08,Periodic,1086000,3
11966,3733,106,88,2022-03-09,Periodic,938000,5
11967,3733,106,88,2025-01-30,Repair,4500000,3
11968,3733,106,88,2022-05-28,Periodic,1581000,5
11969,2227,131,89,2022-04-01,Periodic,2026000,5
11970,3134,109,91,2025-09-06,Periodic,2192000,4
11971,3134,109,91,2025-10-30,Periodic,1898000,4
11972,2149,138,71,2022-06-09,Body & Paint,3988000,3
11973,2149,138,71,2024-02-07,Periodic,1260000,2
11974,3066,143,89,2022-08-21,Repair,2454000,5
11975,3066,143,89,2022-08-02,Body & Paint,4388000,4
11976,1374,149,18,2024-11-22,Repair,1750000,5
11977,1374,149,18,2023-01-22,Body & Paint,7029000,5
11978,1167,122,73,2024-10-19,Body & Paint,9716000,4
11979,4790,124,43,2024-06-27,Repair,6151000,5
11980,3198,146,18,2022-10-19,Periodic,818000,2
11981,1967,116,38,2025-06-03,Periodic,1669000,2
11982,1369,168,34,2023-04-10,Periodic,2196000,5
11983,1369,168,34,2023-12-16,Repair,3361000,3
11984,1369,168,34,2025-02-15,Warranty,489000,4
11985,3283,127,34,2025-12-10,Periodic,987000,3
11986,2685,110,63,2025-08-05,Warranty,233000,4
11987,3631,124,73,2024-03-27,Periodic,1566000,2
11988,3631,124,73,2024-02-24,Repair,7092000,1
11989,2731,166,29,2025-04-08,Body & Paint,6313000,3
11990,4716,110,42,2022-09-22,Repair,4944000,3
11991,1599,108,81,2024-12-24,Periodic,1730000,5
11992,3556,135,115,2021-06-08,Periodic,977000,4
11993,3556,135,115,2024-07-12,Periodic,1814000,5
11994,3887,141,116,2025-08-07,Periodic,1579000,5
11995,3887,141,116,2025-05-12,Periodic,2165000,5
11996,3887,141,116,2023-09-17,Periodic,923000,1
11997,3236,128,57,2025-07-05,Periodic,666000,4
11998,3453,128,7,2023-01-13,Periodic,809000,5
11999,5432,125,52,2023-11-20,Warranty,30000,4
12000,5432,125,52,2022-12-16,Body & Paint,8073000,3
12001,2272,106,83,2023-02-03,Repair,4759000,4
12002,2272,106,83,2022-07-19,Repair,2607000,5
12003,2272,106,83,2025-01-15,Body & Paint,9039000,5
12004,5180,151,84,2025-12-09,Repair,3643000,4
12005,2116,128,99,2025-03-03,Periodic,1444000,4
12006,2102,163,107,2022-04-30,Body & Paint,7720000,4
12007,2102,163,107,2021-01-02,Periodic,1561000,4
12008,5134,119,111,2021-05-13,Periodic,2074000,4
12009,2467,106,118,2024-09-20,Repair,7579000,4
12010,2467,106,118,2025-06-17,Periodic,644000,4
12011,2341,103,32,2023-10-07,Warranty,149000,4
12012,2341,103,32,2023-10-16,Periodic,2066000,4
12013,2341,103,32,2024-07-04,Periodic,1879000,4
12014,4710,121,50,2023-01-11,Periodic,1430000,5
12015,2630,150,33,2024-08-25,Periodic,1012000,4
12016,3360,101,104,2022-07-21,Repair,3018000,5
12017,3360,101,104,2023-03-25,Repair,2290000,3
12018,2701,124,38,2023-12-27,Body & Paint,3833000,5
12019,2701,124,38,2021-09-19,Repair,7317000,5
12020,2701,124,38,2023-09-25,Repair,1859000,4
12021,1687,123,73,2023-02-26,Repair,4492000,3
12022,1687,123,73,2023-04-07,Repair,1531000,4
12023,3925,124,92,2023-09-03,Periodic,1742000,5
12024,3925,124,92,2024-03-12,Periodic,857000,3
12025,3925,124,92,2025-05-04,Warranty,277000,3
12026,4454,163,3,2024-12-24,Periodic,2018000,5
12027,1918,128,73,2025-12-07,Repair,4776000,4
12028,2412,162,100,2025-04-26,Periodic,2004000,5
12029,3304,133,1,2024-08-23,Repair,4108000,5
12030,3304,133,1,2024-10-22,Periodic,1764000,4
12031,1997,179,10,2025-02-28,Periodic,2191000,5
12032,2201,107,39,2024-06-19,Repair,5449000,5
12033,2201,107,39,2024-08-02,Repair,7593000,4
12034,1754,136,93,2025-10-03,Periodic,1335000,1
12035,1754,136,93,2022-09-25,Warranty,410000,4
12036,2116,166,36,2022-12-29,Body & Paint,7286000,4
12037,2116,166,36,2021-06-30,Periodic,951000,5
12038,2116,166,36,2022-05-21,Periodic,1641000,5
12039,5413,102,59,2025-07-14,Periodic,1093000,5
12040,4180,106,56,2024-09-19,Warranty,48000,4
12041,4215,111,66,2024-07-22,Periodic,780000,4
12042,3769,130,62,2024-11-20,Periodic,2167000,4
12043,3570,120,77,2025-09-17,Periodic,819000,5
12044,1898,172,31,2023-12-25,Repair,6261000,5
12045,1898,172,31,2021-06-21,Periodic,2117000,4
12046,2310,112,6,2023-05-13,Periodic,1273000,4
12047,2310,112,6,2025-04-16,Warranty,47000,5
12048,4452,124,27,2024-07-19,Repair,6767000,5
12049,4452,124,27,2024-12-12,Repair,2657000,3
12050,3451,130,91,2025-02-28,Body & Paint,10129000,3
12051,3451,130,91,2025-05-17,Periodic,1262000,4
12052,2139,115,105,2022-12-29,Periodic,1268000,3
12053,3239,110,95,2024-04-13,Periodic,971000,5
12054,3234,135,27,2025-10-14,Periodic,2002000,5
12055,3234,135,27,2024-04-01,Periodic,1354000,4
12056,4930,136,114,2024-09-24,Warranty,344000,5
12057,2426,101,12,2025-09-29,Repair,5089000,5
12058,2426,101,12,2024-03-21,Periodic,1859000,4
12059,3190,108,45,2025-09-09,Periodic,1449000,3
12060,3190,108,45,2024-10-06,Repair,2992000,5
12061,3190,108,45,2025-05-25,Periodic,695000,3
12062,5161,122,93,2023-01-28,Periodic,1557000,4
12063,5161,122,93,2022-11-08,Warranty,455000,5
12064,4452,125,89,2022-04-22,Repair,2095000,4
12065,4452,125,89,2022-01-25,Repair,7883000,3
12066,4452,125,89,2021-02-21,Periodic,1326000,4
12067,4328,139,25,2024-06-28,Repair,6508000,4
12068,4328,139,25,2021-08-26,Periodic,1835000,4
12069,4328,139,25,2024-04-24,Repair,6081000,1
12070,3197,138,72,2025-07-04,Periodic,1222000,5
12071,4501,136,10,2021-07-11,Periodic,1190000,3
12072,4501,136,10,2021-12-07,Periodic,1414000,3
12073,4815,155,22,2024-05-26,Repair,3283000,3
12074,4815,155,22,2025-11-20,Periodic,1869000,2
12075,4815,155,22,2024-02-14,Repair,3843000,4
12076,2620,131,66,2023-09-30,Repair,4372000,4
12077,1622,136,6,2025-03-20,Body & Paint,5892000,5
12078,1622,136,6,2024-08-18,Periodic,909000,5
12079,1001,110,26,2021-09-25,Periodic,2113000,3
12080,1001,110,26,2023-06-05,Repair,4716000,1
12081,1001,110,26,2021-10-02,Periodic,2177000,5
12082,2409,121,102,2021-09-26,Periodic,1898000,5
12083,2408,122,68,2024-02-13,Body & Paint,11314000,4
12084,3134,132,32,2024-08-18,Repair,1743000,1
12085,5090,115,74,2022-11-21,Repair,4437000,5
12086,5090,115,74,2023-01-25,Warranty,429000,5
12087,5090,115,74,2022-08-05,Periodic,2124000,4
12088,3286,115,28,2025-06-15,Repair,7029000,5
12089,3401,181,8,2025-06-20,Repair,7805000,3
12090,1656,132,19,2025-06-04,Periodic,2010000,2
12091,1489,110,71,2025-09-28,Periodic,2063000,5
12092,4022,114,115,2025-08-07,Repair,1549000,2
12093,1517,115,117,2025-12-19,Repair,4070000,5
12094,1177,132,69,2024-07-13,Periodic,658000,4
12095,3307,113,13,2024-12-11,Repair,7293000,4
12096,3307,113,13,2023-03-16,Body & Paint,2152000,5
12097,1268,124,14,2021-11-18,Repair,2692000,5
12098,2484,117,38,2024-09-02,Periodic,661000,3
12099,4752,115,96,2023-04-16,Periodic,1139000,2
12100,1380,116,68,2024-07-28,Periodic,1489000,5
12101,1380,116,68,2023-10-01,Warranty,154000,5
12102,1380,116,68,2025-05-05,Repair,6275000,4
12103,4265,109,61,2024-05-09,Repair,7074000,4
12104,3775,104,68,2023-02-26,Periodic,1552000,5
12105,3775,104,68,2022-10-23,Body & Paint,5580000,5
12106,5040,139,69,2024-11-14,Periodic,1567000,5
12107,5040,139,69,2024-10-03,Warranty,168000,4
12108,5040,139,69,2024-07-18,Periodic,1678000,5
12109,1590,105,92,2025-03-24,Body & Paint,4002000,3
12110,1590,105,92,2025-06-29,Periodic,2099000,5
12111,3030,115,90,2021-10-05,Periodic,918000,5
12112,3030,115,90,2022-03-17,Periodic,1359000,4
12113,1992,121,16,2025-04-22,Periodic,838000,3
12114,2658,132,14,2025-11-24,Periodic,927000,4
12115,2658,132,14,2023-09-27,Repair,4049000,2
12116,2993,165,63,2025-09-27,Repair,7350000,4
12117,2993,165,63,2025-08-10,Repair,4138000,5
12118,5438,103,86,2025-07-31,Periodic,1872000,5
12119,3784,108,80,2023-12-31,Warranty,452000,4
12120,3784,108,80,2025-02-20,Periodic,1159000,3
12121,3784,108,80,2023-06-28,Periodic,1140000,3
12122,2192,146,78,2023-06-30,Body & Paint,9195000,3
12123,2192,146,78,2022-06-30,Body & Paint,4537000,4
12124,2192,146,78,2023-09-15,Periodic,1595000,4
12125,5450,131,83,2025-02-28,Warranty,345000,4
12126,5450,131,83,2024-09-19,Periodic,717000,5
12127,2386,105,34,2022-10-04,Periodic,1086000,2
12128,2386,105,34,2025-03-10,Repair,4585000,4
12129,1910,136,41,2020-11-24,Periodic,1868000,4
12130,1910,136,41,2022-09-08,Periodic,938000,5
12131,1910,136,41,2023-05-25,Repair,5386000,4
12132,2095,111,47,2023-01-28,Warranty,270000,5
12133,4251,112,60,2023-10-12,Periodic,1486000,5
12134,1236,132,22,2023-07-21,Repair,6449000,5
12135,1236,132,22,2023-10-09,Periodic,1895000,1
12136,2099,147,100,2024-06-24,Periodic,991000,5
12137,2099,147,100,2024-09-23,Periodic,1328000,4
12138,2861,112,31,2022-05-19,Periodic,1738000,5
12139,2861,112,31,2022-10-15,Periodic,844000,5
12140,1489,120,5,2023-01-13,Periodic,1772000,4
12141,1489,120,5,2022-07-15,Periodic,1051000,4
12142,2934,124,41,2025-08-11,Warranty,64000,4
12143,2934,124,41,2025-07-25,Periodic,1117000,3
12144,3768,109,53,2025-08-06,Periodic,981000,5
12145,3156,108,57,2024-10-02,Periodic,987000,4
12146,2481,124,31,2024-04-29,Periodic,1715000,3
12147,4972,106,30,2025-01-25,Periodic,1923000,5
12148,4972,106,30,2025-02-23,Periodic,1518000,3
12149,4972,106,30,2022-04-20,Warranty,381000,4
12150,1386,134,91,2024-05-18,Periodic,1585000,4
12151,1386,134,91,2023-07-03,Repair,7220000,5
12152,1386,134,91,2025-09-28,Periodic,617000,5
12153,4879,102,63,2021-12-26,Periodic,926000,3
12154,4879,102,63,2021-06-30,Warranty,56000,4
12155,4045,102,113,2023-10-06,Repair,4441000,1
12156,4045,102,113,2023-03-18,Repair,2780000,5
12157,4045,102,113,2021-09-13,Body & Paint,5018000,4
12158,4359,136,52,2023-10-22,Repair,3161000,2
12159,4359,136,52,2025-05-12,Periodic,641000,4
12160,4359,136,52,2024-10-13,Body & Paint,3772000,5
12161,1119,108,23,2024-02-28,Repair,4971000,3
12162,1119,108,23,2023-09-24,Periodic,988000,4
12163,3463,107,35,2025-07-11,Periodic,1252000,4
12164,4578,114,6,2025-06-17,Periodic,1815000,4
12165,4578,114,6,2025-05-28,Periodic,1161000,5
12166,4578,114,6,2025-01-04,Warranty,202000,3
12167,4853,173,2,2024-02-28,Repair,7253000,5
12168,4853,173,2,2025-05-14,Periodic,770000,5
12169,4670,109,107,2025-01-23,Repair,7470000,5
12170,4670,109,107,2025-07-20,Repair,2349000,5
12171,5107,132,112,2024-04-06,Repair,3800000,5
12172,5107,132,112,2022-11-07,Warranty,372000,3
12173,4989,110,60,2022-06-15,Periodic,1329000,5
12174,2678,104,50,2023-02-12,Warranty,112000,3
12175,5489,102,114,2023-09-25,Periodic,982000,5
12176,3276,162,61,2021-11-22,Periodic,1854000,2
12177,1673,123,66,2025-12-12,Periodic,2126000,5
12178,1673,123,66,2024-08-23,Periodic,715000,2
12179,1673,123,66,2024-05-30,Periodic,924000,2
12180,4416,127,99,2023-06-30,Repair,6709000,5
12181,4416,127,99,2025-12-24,Periodic,1277000,3
12182,4416,127,99,2024-09-28,Periodic,800000,2
12183,4809,109,101,2024-12-18,Repair,5874000,5
12184,4809,109,101,2022-09-19,Periodic,1969000,5
12185,2008,103,41,2025-05-04,Body & Paint,8667000,3
12186,2151,101,38,2025-11-18,Periodic,2049000,5
12187,4037,110,13,2021-09-03,Periodic,779000,3
12188,4037,110,13,2022-01-25,Periodic,1213000,5
12189,3121,138,100,2025-03-04,Periodic,1150000,5
12190,3121,138,100,2025-09-04,Repair,7695000,5
12191,4121,128,21,2025-06-17,Warranty,462000,4
12192,4121,128,21,2025-12-23,Periodic,1132000,4
12193,4121,128,21,2024-09-10,Periodic,1185000,5
12194,5417,119,91,2025-12-25,Periodic,1210000,4
12195,5417,119,91,2024-11-08,Warranty,10000,4
12196,2416,107,5,2024-09-27,Periodic,805000,3
12197,4542,143,85,2022-05-11,Periodic,1603000,5
12198,4542,143,85,2022-11-14,Periodic,2013000,5
12199,4059,171,62,2024-04-19,Periodic,1622000,3
12200,4059,171,62,2024-11-05,Body & Paint,8761000,4
12201,2978,164,34,2022-09-17,Warranty,332000,4
12202,1434,124,3,2023-10-23,Warranty,188000,4
12203,2089,137,43,2024-02-20,Body & Paint,9185000,5
12204,1673,104,77,2025-01-10,Periodic,1195000,4
12205,1673,104,77,2024-06-09,Periodic,1539000,4
12206,1136,114,18,2024-04-14,Repair,7113000,4
12207,5422,101,29,2025-12-05,Warranty,399000,2
12208,4678,105,22,2022-06-06,Warranty,46000,1
12209,4678,105,22,2023-06-08,Repair,2908000,3
12210,4678,105,22,2023-10-26,Periodic,1515000,5
12211,3191,142,51,2023-11-05,Periodic,745000,4
12212,4003,103,11,2025-10-24,Repair,1673000,4
12213,4286,104,43,2024-09-04,Periodic,829000,4
12214,4286,104,43,2024-06-23,Warranty,353000,5
12215,4780,104,84,2024-11-24,Warranty,383000,3
12216,4780,104,84,2024-03-15,Periodic,2129000,4
12217,4780,104,84,2025-02-07,Periodic,2044000,5
12218,4815,113,76,2025-12-04,Repair,2617000,4
12219,4815,113,76,2023-11-17,Repair,7665000,4
12220,4645,169,4,2025-12-07,Body & Paint,3927000,5
12221,3153,134,55,2023-07-14,Periodic,1358000,4
12222,3153,134,55,2024-02-20,Periodic,910000,4
12223,4962,130,82,2025-05-18,Periodic,1465000,5
12224,2153,101,43,2024-04-07,Periodic,1264000,4
12225,2153,101,43,2024-05-14,Body & Paint,2625000,4
12226,5047,120,87,2023-08-20,Periodic,1828000,2
12227,5047,120,87,2025-12-15,Periodic,1864000,5
12228,5047,120,87,2023-12-09,Periodic,1922000,4
12229,3294,115,106,2024-12-30,Periodic,1729000,4
12230,3294,115,106,2025-07-06,Periodic,617000,4
12231,4838,101,23,2025-11-28,Periodic,699000,3
12232,4506,128,44,2024-11-01,Periodic,1933000,3
12233,4506,128,44,2025-05-08,Periodic,1022000,5
12234,4506,128,44,2024-12-06,Periodic,1204000,4
12235,5280,110,1,2025-04-30,Periodic,818000,2
12236,5280,110,1,2025-06-25,Periodic,681000,4
12237,4934,145,120,2025-04-23,Body & Paint,4674000,5
12238,4934,145,120,2025-11-21,Periodic,808000,1
12239,3269,179,76,2024-02-04,Warranty,321000,5
12240,5489,123,107,2025-04-02,Periodic,1083000,5
12241,5489,123,107,2024-04-16,Periodic,745000,5
12242,5489,123,107,2025-12-01,Periodic,1687000,4
12243,1789,114,21,2023-12-06,Warranty,104000,2
12244,1789,114,21,2024-01-30,Periodic,726000,4
12245,1789,114,21,2023-06-17,Repair,5467000,5
12246,3874,150,77,2025-04-09,Repair,6068000,4
12247,3874,150,77,2023-02-25,Periodic,753000,3
12248,2032,118,114,2023-10-19,Repair,4901000,5
12249,2032,118,114,2023-07-22,Periodic,724000,5
12250,4520,138,114,2024-06-21,Repair,6247000,4
12251,4520,138,114,2025-03-24,Warranty,56000,4
12252,4520,138,114,2024-10-31,Periodic,1721000,4
12253,2568,137,28,2023-12-28,Periodic,767000,5
12254,2568,137,28,2024-10-27,Periodic,1530000,5
12255,5377,132,57,2024-06-12,Periodic,971000,4
12256,3325,116,102,2023-05-10,Repair,6182000,4
12257,3486,129,35,2025-11-13,Body & Paint,6252000,5
12258,4387,125,117,2025-10-10,Periodic,969000,3
12259,4387,125,117,2025-08-10,Repair,5478000,4
12260,4557,101,27,2025-03-24,Periodic,2097000,5
12261,4557,101,27,2023-10-09,Periodic,1356000,5
12262,4885,109,36,2023-03-15,Repair,7785000,4
12263,4885,109,36,2023-01-16,Periodic,630000,5
12264,4405,122,82,2022-02-20,Periodic,1012000,5
12265,4405,122,82,2023-11-09,Periodic,1272000,1
12266,4405,122,82,2021-08-25,Repair,5901000,5
12267,2207,173,29,2023-12-25,Repair,3429000,5
12268,1693,110,110,2025-11-11,Repair,6964000,2
12269,1693,110,110,2023-07-05,Periodic,877000,3
12270,2771,112,34,2023-02-15,Periodic,1439000,3
12271,2771,112,34,2024-04-12,Periodic,1784000,2
12272,2771,112,34,2024-04-23,Repair,5031000,5
12273,1401,127,8,2024-11-17,Warranty,452000,4
12274,1401,127,8,2023-12-13,Warranty,61000,5
12275,1923,113,40,2023-12-15,Repair,3114000,3
12276,1923,113,40,2024-04-09,Periodic,2145000,3
12277,1923,113,40,2024-11-17,Repair,5234000,4
12278,1626,159,101,2025-03-17,Periodic,1568000,4
12279,4251,136,70,2025-03-17,Periodic,1858000,3
12280,3879,127,59,2023-05-07,Periodic,752000,5
12281,3879,127,59,2021-08-21,Repair,5658000,4
12282,3879,127,59,2022-02-23,Periodic,1198000,4
12283,4729,124,51,2025-06-18,Periodic,1074000,5
12284,5161,134,105,2024-11-05,Body & Paint,9855000,4
12285,4166,106,39,2024-01-02,Periodic,725000,5
12286,4166,106,39,2023-04-10,Periodic,1902000,4
12287,2851,113,66,2025-07-14,Periodic,1177000,4
12288,4065,175,59,2025-06-06,Warranty,9000,3
12289,4065,175,59,2025-07-29,Periodic,895000,5
12290,4065,175,59,2025-12-17,Repair,2765000,4
12291,1663,130,72,2024-11-11,Periodic,1738000,5
12292,5081,122,80,2023-12-14,Repair,5051000,2
12293,5081,122,80,2024-11-11,Periodic,1907000,5
12294,3338,132,31,2021-04-26,Warranty,339000,5
12295,4047,184,118,2025-07-18,Periodic,633000,1
12296,4762,106,92,2023-10-19,Warranty,353000,5
12297,4762,106,92,2021-03-10,Body & Paint,5946000,5
12298,4762,106,92,2021-05-08,Repair,5958000,1
12299,2429,106,100,2021-08-25,Repair,6734000,3
12300,2429,106,100,2024-02-16,Periodic,1296000,3
12301,4296,112,87,2025-04-05,Periodic,1968000,3
12302,5183,107,83,2025-08-12,Warranty,310000,5
12303,5183,107,83,2025-02-23,Periodic,1898000,5
12304,3058,105,31,2025-04-19,Periodic,1268000,2
12305,3058,105,31,2024-12-11,Periodic,1020000,5
12306,3984,127,28,2022-03-01,Repair,1668000,2
12307,3984,127,28,2022-08-05,Repair,1750000,4
12308,3984,127,28,2023-06-15,Periodic,1946000,2
12309,4869,112,78,2025-06-27,Periodic,1846000,4
12310,3644,104,87,2023-12-30,Repair,2874000,3
12311,3644,104,87,2025-01-25,Warranty,180000,4
12312,5305,168,14,2025-02-02,Repair,5706000,5
12313,5305,168,14,2023-03-11,Repair,5036000,5
12314,4617,134,76,2024-07-11,Periodic,1687000,4
12315,3149,131,46,2024-03-17,Periodic,1486000,3
12316,3926,157,17,2025-06-23,Periodic,2063000,5
12317,4225,101,101,2025-07-29,Periodic,1882000,5
12318,4216,105,48,2023-07-26,Body & Paint,5271000,5
12319,3484,144,93,2025-02-11,Periodic,1700000,5
12320,3418,160,70,2025-09-24,Periodic,2128000,3
12321,1404,102,3,2023-04-03,Repair,2882000,5
12322,1404,102,3,2025-10-27,Periodic,1433000,3
12323,1404,102,3,2024-06-22,Repair,4557000,5
12324,4514,103,95,2025-06-30,Periodic,1631000,5
12325,4514,103,95,2024-12-20,Periodic,2059000,5
12326,2062,118,31,2022-12-16,Periodic,2156000,5
12327,2062,118,31,2022-07-16,Warranty,40000,5
12328,1843,132,117,2024-11-22,Periodic,1311000,5
12329,1843,132,117,2024-06-05,Periodic,2059000,2
12330,4429,115,112,2022-08-15,Periodic,1053000,5
12331,4429,115,112,2024-07-06,Repair,7103000,3
12332,4429,115,112,2024-12-02,Repair,1819000,5
12333,1431,110,106,2021-01-12,Warranty,262000,5
12334,1431,110,106,2022-03-04,Periodic,1643000,5
12335,1431,110,106,2022-03-30,Periodic,1067000,5
12336,1375,130,57,2025-01-05,Periodic,1704000,5
12337,5420,144,106,2023-04-07,Periodic,911000,5
12338,5420,144,106,2022-03-18,Repair,4682000,5
12339,5420,144,106,2022-11-06,Periodic,1826000,5
12340,2277,106,29,2024-11-29,Body & Paint,9742000,5
12341,1929,106,117,2025-12-05,Periodic,1981000,2
12342,1960,112,39,2024-01-23,Periodic,2112000,5
12343,5398,125,68,2024-08-05,Repair,2214000,4
12344,5398,125,68,2023-12-31,Warranty,418000,4
12345,4020,119,115,2024-02-13,Repair,2369000,4
12346,4020,119,115,2023-11-14,Periodic,1459000,4
12347,5035,130,72,2023-10-29,Periodic,2176000,5
12348,1935,110,77,2024-12-22,Periodic,1903000,5
12349,1356,116,69,2023-12-19,Periodic,1734000,2
12350,1356,116,69,2025-08-12,Warranty,61000,4
12351,1356,116,69,2024-04-21,Repair,4379000,4
12352,3145,140,30,2025-11-05,Repair,4978000,5
12353,3145,140,30,2025-05-05,Periodic,1726000,2
12354,4607,116,37,2024-05-04,Repair,5002000,4
12355,1271,127,49,2024-02-22,Periodic,1868000,2
12356,1271,127,49,2024-04-27,Repair,3031000,3
12357,1271,127,49,2024-07-03,Periodic,879000,5
12358,5214,126,61,2024-08-31,Repair,5487000,2
12359,4188,141,78,2024-10-29,Repair,2608000,3
12360,2573,124,28,2025-11-10,Periodic,665000,5
12361,3675,135,18,2023-09-24,Repair,1885000,5
12362,3675,135,18,2021-09-13,Periodic,1609000,5
12363,1325,105,116,2022-09-30,Warranty,419000,4
12364,1325,105,116,2025-01-01,Periodic,1761000,5
12365,1285,139,21,2025-02-28,Repair,5680000,4
12366,4716,156,105,2023-11-12,Periodic,2178000,3
12367,4716,156,105,2024-10-03,Body & Paint,4671000,4
12368,2330,110,50,2021-06-09,Periodic,1770000,5
12369,2330,110,50,2021-05-04,Periodic,658000,5
12370,2330,110,50,2023-07-10,Periodic,1254000,5
12371,1488,121,103,2021-07-19,Repair,3045000,4
12372,1488,121,103,2022-02-15,Periodic,664000,4
12373,1488,121,103,2021-03-04,Periodic,1228000,4
12374,2607,127,96,2024-10-14,Periodic,1997000,4
12375,2607,127,96,2024-03-20,Periodic,783000,2
12376,2607,127,96,2024-12-02,Periodic,1373000,5
12377,1940,112,111,2025-07-14,Warranty,21000,5
12378,1920,165,1,2024-11-08,Periodic,650000,4
12379,2038,127,24,2025-02-02,Periodic,1923000,2
12380,2038,127,24,2025-02-21,Repair,4705000,4
12381,1404,104,48,2025-11-06,Body & Paint,5396000,2
12382,1404,104,48,2024-07-27,Periodic,955000,5
12383,3203,141,87,2024-08-28,Periodic,1555000,5
12384,3203,141,87,2024-11-01,Periodic,1235000,4
12385,3203,141,87,2024-08-11,Periodic,1972000,4
12386,1925,180,100,2024-10-01,Periodic,1799000,4
12387,4322,146,46,2024-11-27,Periodic,864000,2
12388,4322,146,46,2024-08-12,Repair,7273000,2
12389,4322,146,46,2024-05-25,Repair,3235000,4
12390,2278,117,115,2025-01-26,Repair,6961000,5
12391,2186,118,86,2025-01-11,Periodic,1379000,5
12392,2186,118,86,2024-07-10,Periodic,1413000,5
12393,2324,114,81,2024-05-05,Body & Paint,2553000,4
12394,2324,114,81,2025-05-21,Body & Paint,3608000,4
12395,2204,106,85,2021-07-21,Periodic,1509000,4
12396,2698,113,70,2023-05-22,Body & Paint,8460000,5
12397,2698,113,70,2023-03-18,Periodic,1855000,3
12398,4819,111,21,2022-11-23,Periodic,885000,4
12399,4819,111,21,2023-07-25,Warranty,277000,4
12400,3946,121,83,2025-08-12,Periodic,1290000,5
12401,5152,103,106,2025-02-01,Periodic,1387000,4
12402,3872,134,80,2024-01-06,Periodic,1308000,3
12403,3872,134,80,2023-12-17,Periodic,1583000,3
12404,3872,134,80,2023-08-04,Repair,6793000,5
12405,3494,110,50,2024-12-26,Repair,6227000,4
12406,3494,110,50,2025-03-15,Periodic,1070000,5
12407,2178,127,52,2024-05-14,Periodic,1739000,4
12408,2178,127,52,2023-05-31,Periodic,642000,4
12409,2178,127,52,2025-06-06,Periodic,1570000,2
12410,2923,109,52,2022-07-13,Periodic,1139000,5
12411,2923,109,52,2023-05-30,Repair,7301000,4
12412,1392,114,43,2025-07-07,Periodic,1621000,3
12413,2246,106,70,2022-12-20,Periodic,937000,3
12414,4056,127,44,2024-09-10,Warranty,396000,5
12415,4056,127,44,2024-12-11,Periodic,1272000,5
12416,1332,113,15,2025-08-05,Periodic,1723000,5
12417,1332,113,15,2024-01-29,Body & Paint,4613000,1
12418,1332,113,15,2025-01-11,Repair,6063000,5
12419,4158,177,79,2023-08-19,Periodic,986000,4
12420,4158,177,79,2025-11-23,Repair,5766000,3
12421,1351,134,33,2024-04-15,Repair,4787000,5
12422,1351,134,33,2024-05-18,Repair,1796000,4
12423,2425,108,113,2024-05-18,Warranty,339000,5
12424,5190,114,39,2023-01-11,Periodic,1340000,5
12425,5190,114,39,2023-05-22,Periodic,1523000,3
12426,1190,126,91,2025-04-19,Periodic,1784000,5
12427,1401,151,35,2024-04-25,Periodic,1815000,2
12428,2258,104,88,2023-06-25,Repair,3745000,4
12429,1768,107,113,2024-11-16,Repair,5792000,3
12430,3317,121,73,2023-12-05,Repair,7386000,5
12431,3317,121,73,2024-02-29,Periodic,1468000,4
12432,2804,133,29,2024-04-30,Periodic,937000,4
12433,2804,133,29,2022-11-01,Periodic,1830000,5
12434,4529,118,78,2025-05-17,Periodic,2190000,5
12435,2654,101,76,2025-12-27,Periodic,1482000,5
12436,3086,167,111,2024-11-17,Periodic,968000,4
12437,1506,176,119,2021-11-28,Periodic,1708000,4
12438,2855,181,35,2023-08-24,Periodic,720000,4
12439,4665,124,113,2024-11-11,Periodic,1904000,4
12440,3970,120,70,2024-02-28,Body & Paint,11209000,4
12441,4639,110,70,2025-04-05,Periodic,1598000,5
12442,2139,119,102,2025-03-15,Repair,4660000,5
12443,2139,119,102,2024-02-17,Periodic,1225000,3
12444,1871,103,43,2022-09-19,Periodic,1214000,4
12445,1871,103,43,2023-12-29,Warranty,492000,3
12446,3430,141,95,2025-06-25,Body & Paint,5384000,5
12447,1295,118,53,2024-01-20,Repair,4268000,5
12448,1295,118,53,2023-03-23,Periodic,1417000,5
12449,1295,118,53,2024-07-08,Body & Paint,10861000,4
12450,3163,141,2,2025-09-30,Repair,6661000,3
12451,2900,130,18,2021-03-25,Periodic,1727000,4
12452,2172,110,34,2023-10-11,Periodic,619000,5
12453,3143,129,57,2025-07-21,Periodic,1920000,4
12454,3143,129,57,2024-05-05,Body & Paint,7261000,4
12455,3143,129,57,2024-12-13,Periodic,1926000,5
12456,4754,116,91,2025-02-15,Periodic,1339000,3
12457,3074,102,60,2025-08-09,Periodic,1839000,3
12458,3074,102,60,2023-08-14,Periodic,2134000,4
12459,3074,102,60,2023-04-13,Repair,3874000,4
12460,3051,127,98,2021-09-24,Warranty,498000,4
12461,2916,138,57,2025-08-12,Repair,3284000,5
12462,5392,136,104,2025-06-24,Periodic,2062000,5
12463,5392,136,104,2023-12-27,Body & Paint,5946000,3
12464,3583,134,55,2024-04-24,Periodic,648000,4
12465,1849,130,105,2022-05-10,Periodic,814000,4
12466,1849,130,105,2021-09-29,Body & Paint,7907000,3
12467,1936,128,28,2025-09-25,Repair,6650000,4
12468,5089,114,15,2024-02-22,Repair,5812000,3
12469,4380,104,103,2025-07-18,Periodic,2018000,5
12470,1580,104,107,2025-08-22,Periodic,1680000,5
12471,1580,104,107,2025-10-31,Periodic,887000,2
12472,4673,162,66,2024-03-24,Periodic,993000,5
12473,4673,162,66,2023-09-14,Repair,5620000,4
12474,1100,136,43,2024-12-31,Periodic,1586000,4
12475,4694,131,3,2023-12-23,Repair,7849000,4
12476,4694,131,3,2025-01-09,Periodic,1226000,4
12477,2905,114,34,2025-12-29,Periodic,1367000,2
12478,2905,114,34,2025-12-28,Periodic,1906000,5
12479,3067,139,7,2023-05-20,Repair,6147000,4
12480,4540,147,81,2024-11-02,Warranty,189000,5
12481,4162,110,86,2025-10-29,Warranty,156000,4
12482,4162,110,86,2024-11-12,Periodic,1413000,3
12483,1703,124,116,2025-06-27,Warranty,138000,3
12484,3440,119,54,2024-09-18,Periodic,1296000,3
12485,1225,167,111,2023-08-22,Periodic,1396000,4
12486,1225,167,111,2023-08-28,Repair,2407000,3
12487,3895,128,107,2023-11-28,Periodic,960000,4
12488,5343,120,90,2022-07-11,Body & Paint,11598000,5
12489,5343,120,90,2023-07-14,Periodic,1486000,5
12490,5343,120,90,2023-11-14,Periodic,1582000,4
12491,5349,162,112,2022-12-23,Repair,1554000,4
12492,5349,162,112,2023-06-07,Repair,3507000,3
12493,2460,112,72,2025-07-08,Periodic,1941000,5
12494,1709,146,97,2023-02-05,Periodic,1174000,5
12495,3607,108,50,2025-02-13,Body & Paint,2221000,4
12496,5210,108,111,2025-03-07,Repair,6456000,5
12497,5210,108,111,2024-06-07,Periodic,706000,5
12498,2827,138,77,2022-03-09,Warranty,397000,3
12499,2118,108,13,2024-04-03,Repair,4498000,5
12500,3154,164,109,2025-03-20,Body & Paint,10220000,4
12501,3154,164,109,2023-07-11,Periodic,675000,4
12502,3154,164,109,2025-07-24,Repair,6070000,4
12503,2431,117,87,2025-07-15,Repair,6490000,4
12504,2431,117,87,2025-04-07,Repair,3403000,4
12505,1206,104,31,2024-12-23,Repair,4540000,5
12506,5188,153,69,2025-04-24,Warranty,18000,5
12507,1557,107,85,2025-10-02,Periodic,1195000,5
12508,3780,129,63,2024-11-15,Repair,5720000,4
12509,1874,150,103,2025-10-06,Repair,2435000,4
12510,1874,150,103,2024-08-15,Repair,6386000,5
12511,4908,113,117,2023-09-11,Periodic,2047000,5
12512,4908,113,117,2023-08-27,Repair,1932000,3
12513,2710,111,25,2023-09-09,Repair,5578000,3
12514,4125,131,38,2021-11-07,Repair,2847000,5
12515,4125,131,38,2020-10-13,Repair,7035000,5
12516,4125,131,38,2022-04-01,Periodic,1834000,5
12517,1231,117,102,2025-04-28,Periodic,1909000,4
12518,3533,156,106,2023-03-30,Periodic,1484000,5
12519,3533,156,106,2023-08-18,Periodic,751000,3
12520,4757,102,24,2023-05-09,Repair,6549000,3
12521,2644,153,26,2021-11-12,Repair,5334000,3
12522,2644,153,26,2023-12-03,Repair,2556000,5
12523,2163,114,69,2025-05-15,Periodic,1631000,3
12524,2163,114,69,2025-10-03,Repair,1754000,4
12525,4382,125,27,2024-04-13,Periodic,1445000,3
12526,4382,125,27,2021-11-04,Periodic,1214000,4
12527,2651,107,10,2025-10-09,Periodic,1967000,3
12528,4422,113,106,2023-07-25,Repair,4542000,4
12529,3954,122,108,2024-10-22,Periodic,703000,5
12530,3954,122,108,2023-08-26,Body & Paint,10326000,4
12531,3954,122,108,2024-11-11,Periodic,927000,5
12532,4667,104,87,2025-10-08,Repair,5589000,4
12533,4667,104,87,2023-08-05,Periodic,1441000,3
12534,4749,109,84,2025-02-02,Periodic,1547000,5
12535,4749,109,84,2023-08-03,Warranty,449000,1
12536,4749,109,84,2023-03-11,Warranty,392000,4
12537,1449,107,64,2023-11-27,Periodic,782000,1
12538,1449,107,64,2022-05-23,Warranty,376000,3
12539,2458,174,96,2025-10-10,Repair,2915000,1
12540,1093,135,63,2021-11-17,Periodic,966000,5
12541,1093,135,63,2022-07-24,Periodic,615000,1
12542,3638,131,49,2023-11-26,Repair,7852000,5
12543,1476,125,55,2023-04-28,Repair,3687000,5
12544,1476,125,55,2024-01-01,Periodic,647000,4
12545,2721,109,90,2024-05-02,Body & Paint,6065000,4
12546,2721,109,90,2025-12-31,Repair,5737000,3
12547,2721,109,90,2024-05-19,Repair,6300000,4
12548,4570,125,93,2025-12-22,Periodic,1514000,4
12549,1436,139,71,2023-03-27,Repair,2672000,3
12550,4552,142,52,2025-01-24,Periodic,1542000,4
12551,3863,105,81,2021-10-13,Repair,5405000,4
12552,3863,105,81,2024-01-28,Periodic,1726000,5
12553,3863,105,81,2022-03-09,Periodic,1660000,4
12554,1091,138,2,2023-01-12,Warranty,428000,3
12555,4996,153,82,2024-07-31,Periodic,2149000,5
12556,4996,153,82,2023-10-07,Periodic,1084000,5
12557,4996,153,82,2024-10-31,Periodic,2113000,4
12558,5453,113,117,2024-06-14,Body & Paint,4314000,5
12559,2241,129,109,2025-09-15,Body & Paint,4594000,5
12560,1020,121,47,2025-10-01,Periodic,2006000,5
12561,2588,137,23,2025-11-07,Periodic,2106000,2
12562,2588,137,23,2025-07-27,Periodic,2179000,5
12563,2588,137,23,2025-02-23,Periodic,1615000,5
12564,4523,109,39,2025-02-22,Periodic,1533000,3
12565,4346,116,59,2025-07-24,Repair,7294000,5
12566,4346,116,59,2024-05-23,Repair,2084000,4
12567,1506,128,62,2023-10-04,Periodic,1409000,4
12568,3004,114,62,2023-09-09,Periodic,1059000,5
12569,5421,103,36,2024-07-17,Body & Paint,10308000,2
12570,5421,103,36,2025-07-14,Repair,2684000,4
12571,5421,103,36,2023-12-07,Periodic,1554000,5
12572,1686,139,36,2025-10-27,Periodic,1186000,3
12573,2284,105,105,2024-07-22,Periodic,2043000,5
12574,2796,107,100,2023-11-24,Repair,2592000,1
12575,2796,107,100,2024-03-14,Periodic,1886000,5
12576,4797,104,48,2022-10-28,Periodic,1781000,4
12577,4797,104,48,2022-09-06,Periodic,1448000,4
12578,4275,115,25,2022-10-29,Repair,6816000,5
12579,4275,115,25,2022-03-03,Body & Paint,10239000,3
12580,4275,115,25,2023-01-12,Periodic,1666000,4
12581,3110,119,60,2023-02-12,Warranty,69000,3
12582,1364,110,12,2024-11-01,Body & Paint,11382000,5
12583,1364,110,12,2022-09-20,Warranty,351000,3
12584,1364,110,12,2025-01-25,Warranty,89000,4
12585,1831,105,62,2022-03-12,Warranty,480000,2
12586,1831,105,62,2022-08-07,Repair,2388000,3
12587,1831,105,62,2023-10-19,Repair,4464000,5
12588,3307,114,110,2022-03-22,Repair,4571000,3
12589,3307,114,110,2023-05-16,Periodic,1306000,5
12590,3307,114,110,2022-12-09,Periodic,1590000,5
12591,3734,112,37,2022-01-21,Periodic,1307000,5
12592,3734,112,37,2020-11-24,Periodic,1312000,5
12593,3235,136,75,2022-07-05,Repair,3891000,5
12594,3235,136,75,2023-06-15,Periodic,1262000,4
12595,3235,136,75,2024-03-13,Body & Paint,2905000,1
12596,1699,118,59,2024-11-20,Warranty,222000,5
12597,1699,118,59,2025-03-05,Periodic,1722000,5
12598,3079,112,20,2024-12-28,Repair,1896000,3
12599,3079,112,20,2024-03-29,Periodic,1830000,4
12600,3525,130,21,2023-12-31,Periodic,1366000,3
12601,3525,130,21,2022-04-17,Repair,7943000,5
12602,3525,130,21,2022-01-06,Periodic,903000,4
12603,4667,133,31,2025-11-13,Periodic,1230000,5
12604,2058,101,4,2023-01-25,Periodic,2028000,4
12605,2058,101,4,2022-12-09,Periodic,907000,4
12606,2058,101,4,2024-08-15,Periodic,1181000,4
12607,1230,167,8,2025-01-06,Periodic,647000,2
12608,1230,167,8,2025-07-14,Warranty,8000,5
12609,2114,107,86,2025-10-31,Periodic,671000,4
12610,2114,107,86,2024-10-25,Periodic,704000,3
12611,2339,150,24,2023-08-11,Repair,2431000,5
12612,2339,150,24,2021-12-07,Periodic,1552000,4
12613,2339,150,24,2021-05-20,Repair,5032000,4
12614,3283,137,61,2025-09-24,Warranty,382000,3
12615,3228,138,3,2025-09-09,Periodic,1611000,5
12616,4904,129,40,2025-05-31,Repair,2943000,2
12617,3159,109,77,2024-09-01,Repair,2214000,4
12618,5078,105,44,2024-01-31,Periodic,795000,4
12619,5078,105,44,2024-04-23,Body & Paint,3476000,2
12620,5078,105,44,2023-07-15,Repair,6691000,4
12621,5294,127,92,2025-12-05,Periodic,2059000,5
12622,1923,111,67,2023-09-29,Repair,3262000,4
12623,5282,165,77,2022-06-02,Body & Paint,11779000,4
12624,2834,183,61,2023-12-07,Repair,2970000,3
12625,3026,159,116,2025-05-04,Periodic,758000,4
12626,1627,108,72,2025-02-18,Periodic,1377000,5
12627,1627,108,72,2022-11-25,Warranty,446000,2
12628,1627,108,72,2025-06-23,Repair,2583000,3
12629,1317,111,84,2025-10-07,Periodic,932000,3
12630,1317,111,84,2025-12-26,Periodic,797000,3
12631,4829,126,91,2024-04-28,Periodic,1789000,3
12632,3848,107,114,2022-11-04,Periodic,1178000,5
12633,3043,157,107,2025-02-12,Periodic,971000,5
12634,3971,124,36,2022-08-30,Warranty,200000,4
12635,2583,108,16,2023-07-19,Warranty,452000,5
12636,4621,116,39,2023-09-02,Periodic,1892000,4
12637,2998,106,32,2022-03-01,Repair,7075000,5
12638,2292,135,96,2024-05-16,Warranty,220000,5
12639,2184,103,5,2023-06-01,Warranty,24000,4
12640,4201,136,28,2025-08-12,Periodic,1219000,3
12641,4201,136,28,2025-06-08,Repair,3129000,4
12642,3737,112,85,2022-06-27,Periodic,1841000,4
12643,3737,112,85,2022-10-29,Warranty,449000,4
12644,1175,102,44,2024-11-11,Repair,3152000,5
12645,2366,103,32,2024-11-15,Periodic,1811000,4
12646,5465,179,88,2024-12-27,Repair,5635000,4
12647,1113,121,92,2024-11-23,Periodic,1856000,4
12648,4630,160,94,2025-08-25,Periodic,1482000,4
12649,4630,160,94,2024-03-06,Periodic,2014000,3
12650,3362,140,61,2025-08-15,Periodic,1024000,5
12651,2263,120,112,2023-12-30,Periodic,2039000,4
12652,1145,111,12,2025-10-24,Warranty,159000,5
12653,1546,121,64,2025-03-05,Periodic,1324000,4
12654,1546,121,64,2025-02-03,Periodic,1560000,5
12655,1546,121,64,2025-05-27,Warranty,323000,5
12656,2062,105,48,2023-05-02,Repair,6854000,3
12657,4414,153,63,2023-05-20,Periodic,2172000,3
12658,3967,104,109,2025-12-22,Periodic,708000,3
12659,2791,164,39,2025-09-24,Periodic,966000,5
12660,1683,111,90,2023-11-24,Periodic,1550000,4
12661,1683,111,90,2023-11-10,Repair,7398000,4
12662,1010,151,18,2024-01-24,Warranty,139000,5
12663,4934,165,64,2024-12-07,Warranty,250000,5
12664,4855,123,79,2025-12-29,Body & Paint,4212000,4
12665,4855,123,79,2025-07-10,Repair,5462000,5
12666,3054,108,100,2023-06-03,Periodic,1140000,5
12667,3054,108,100,2023-06-04,Periodic,1879000,4
12668,3219,111,11,2025-10-06,Repair,5929000,5
12669,3219,111,11,2025-09-10,Periodic,1214000,4
12670,3219,111,11,2025-09-20,Periodic,2017000,3
12671,1781,127,43,2025-03-15,Warranty,470000,4
12672,1781,127,43,2025-05-04,Periodic,2120000,3
12673,4022,120,35,2024-03-16,Repair,4149000,4
12674,4022,120,35,2023-10-28,Periodic,1282000,5
12675,4022,120,35,2023-12-15,Periodic,1036000,4
12676,1869,119,43,2024-05-22,Periodic,1053000,4
12677,1869,119,43,2025-12-18,Periodic,1827000,4
12678,1869,119,43,2024-05-05,Periodic,1003000,3
12679,3719,103,95,2025-03-03,Periodic,2056000,5
12680,3719,103,95,2025-01-03,Periodic,1442000,4
12681,3719,103,95,2023-11-17,Periodic,1380000,5
12682,4959,107,115,2024-07-25,Periodic,1583000,4
12683,4959,107,115,2025-04-24,Warranty,108000,4
12684,3143,113,36,2024-12-07,Warranty,231000,3
12685,4168,148,109,2024-05-14,Periodic,1334000,4
12686,4168,148,109,2025-01-18,Repair,7747000,4
12687,4998,124,91,2023-11-03,Periodic,1003000,5
12688,5331,149,29,2025-11-06,Periodic,962000,5
12689,5331,149,29,2025-12-22,Repair,2376000,5
12690,1852,107,86,2023-12-10,Periodic,2004000,4
12691,1852,107,86,2024-11-30,Repair,3528000,5
12692,1852,107,86,2023-07-04,Repair,3185000,4
12693,4844,109,75,2022-11-06,Periodic,721000,4
12694,3032,107,30,2024-07-20,Body & Paint,3358000,5
12695,3032,107,30,2024-06-08,Body & Paint,11713000,4
12696,4470,107,84,2024-10-23,Periodic,1445000,4
12697,3341,115,95,2022-08-01,Body & Paint,5606000,5
12698,1198,110,73,2024-12-23,Periodic,859000,1
12699,2227,107,30,2025-01-26,Warranty,236000,4
12700,2104,112,79,2023-10-07,Periodic,2069000,4
12701,2104,112,79,2025-02-27,Periodic,1250000,3
12702,3078,107,11,2023-10-28,Periodic,2010000,3
12703,3078,107,11,2024-03-22,Repair,4964000,4
12704,3078,107,11,2022-08-21,Body & Paint,3346000,5
12705,5138,101,115,2023-12-04,Warranty,246000,4
12706,2764,102,26,2025-02-10,Warranty,107000,3
12707,2764,102,26,2025-09-21,Periodic,608000,3
12708,3024,178,87,2023-10-05,Repair,4866000,5
12709,3723,160,106,2023-07-30,Repair,6860000,4
12710,3723,160,106,2024-07-26,Repair,4341000,4
12711,2939,118,53,2024-03-19,Periodic,639000,2
12712,1409,118,65,2021-12-30,Periodic,1162000,4
12713,1409,118,65,2023-06-16,Repair,5412000,5
12714,3338,106,93,2020-12-13,Periodic,1356000,4
12715,3338,106,93,2022-08-10,Periodic,1980000,4
12716,1108,109,69,2024-12-06,Periodic,2038000,5
12717,1108,109,69,2025-01-09,Warranty,17000,3
12718,4565,108,39,2023-12-03,Repair,3121000,4
12719,2442,109,115,2022-11-07,Periodic,2050000,5
12720,2442,109,115,2023-07-29,Repair,6611000,3
12721,1492,131,51,2025-11-21,Repair,3229000,4
12722,4406,118,73,2025-04-10,Periodic,1540000,4
12723,4406,118,73,2024-12-17,Warranty,44000,4
12724,4852,145,37,2023-05-06,Repair,5342000,5
12725,2014,113,102,2025-09-08,Repair,6082000,2
12726,2014,113,102,2025-02-12,Periodic,1528000,5
12727,3478,145,10,2023-12-11,Periodic,2157000,5
12728,3478,145,10,2024-11-24,Repair,2458000,4
12729,3478,145,10,2025-04-03,Periodic,868000,1
12730,1212,133,58,2023-08-23,Warranty,128000,4
12731,1212,133,58,2023-02-09,Repair,6369000,4
12732,4921,115,48,2025-07-13,Body & Paint,2152000,4
12733,4921,115,48,2023-05-11,Periodic,1070000,5
12734,3525,124,104,2022-11-15,Repair,7514000,4
12735,2308,103,9,2025-12-25,Periodic,1924000,5
12736,1837,104,67,2024-12-21,Periodic,1982000,5
12737,4177,112,120,2025-11-20,Repair,7252000,2
12738,4177,112,120,2025-11-25,Periodic,1367000,3
12739,2911,103,65,2025-03-31,Periodic,1680000,5
12740,2612,101,9,2023-10-28,Periodic,1612000,5
12741,2612,101,9,2023-03-09,Periodic,1427000,5
12742,2612,101,9,2025-02-14,Repair,7266000,4
12743,1185,102,82,2024-07-08,Periodic,1336000,4
12744,2095,126,113,2024-09-12,Periodic,1736000,4
12745,2095,126,113,2023-05-16,Periodic,958000,4
12746,2095,126,113,2024-07-23,Periodic,619000,1
12747,4422,112,58,2020-10-08,Repair,2729000,3
12748,4422,112,58,2021-01-21,Repair,1970000,5
12749,3506,125,3,2024-11-07,Periodic,883000,4
12750,3506,125,3,2025-01-27,Periodic,1599000,4
12751,1665,138,9,2025-10-09,Periodic,1580000,3
12752,1662,137,101,2025-09-11,Periodic,1087000,5
12753,4288,108,13,2025-05-23,Periodic,1804000,5
12754,4075,107,31,2024-01-31,Periodic,2036000,5
12755,4075,107,31,2024-08-28,Periodic,1304000,5
12756,4075,107,31,2023-11-09,Periodic,2107000,5
12757,1027,184,40,2024-06-03,Body & Paint,4170000,4
12758,2054,134,19,2025-11-24,Periodic,732000,5
12759,2054,134,19,2025-01-30,Repair,7918000,3
12760,3187,106,103,2023-01-26,Periodic,1374000,1
12761,3187,106,103,2025-07-26,Warranty,232000,3
12762,3374,169,40,2025-10-04,Periodic,793000,5
12763,2866,165,74,2025-08-07,Periodic,1572000,4
12764,1380,174,98,2024-10-31,Periodic,1424000,2
12765,1380,174,98,2024-03-24,Repair,7387000,3
12766,2990,102,7,2025-02-21,Warranty,472000,5
12767,3795,143,42,2025-04-21,Periodic,1689000,5
12768,3259,104,95,2023-11-10,Periodic,981000,3
12769,2682,119,118,2022-12-26,Repair,7318000,5
12770,5235,176,75,2025-01-28,Periodic,724000,5
12771,2663,120,11,2024-10-28,Periodic,830000,5
12772,2663,120,11,2022-05-05,Periodic,770000,4
12773,2663,120,11,2024-09-28,Periodic,1332000,3
12774,4536,101,11,2021-05-06,Periodic,1183000,5
12775,2017,107,48,2021-11-07,Periodic,1213000,4
12776,5045,103,49,2022-03-17,Periodic,811000,4
12777,3282,110,78,2025-02-24,Periodic,697000,3
12778,3282,110,78,2024-01-21,Repair,6190000,4
12779,1236,105,85,2022-02-13,Repair,5253000,3
12780,1236,105,85,2023-07-31,Body & Paint,5271000,5
12781,1236,105,85,2023-04-21,Periodic,1683000,5
12782,3318,102,104,2024-07-29,Periodic,928000,5
12783,3318,102,104,2024-09-12,Repair,6730000,4
12784,2784,104,34,2021-12-11,Periodic,1979000,5
12785,3468,130,11,2023-10-18,Repair,7382000,5
12786,3468,130,11,2023-07-01,Periodic,1403000,2
12787,3004,127,66,2025-06-10,Body & Paint,11189000,4
12788,3004,127,66,2022-11-07,Warranty,83000,5
12789,3004,127,66,2023-10-28,Body & Paint,8255000,3
12790,5229,122,72,2021-12-25,Periodic,1309000,5
12791,1651,151,85,2024-03-22,Periodic,2199000,3
12792,1651,151,85,2024-12-10,Repair,2061000,5
12793,1651,151,85,2024-10-12,Periodic,2065000,5
12794,4278,140,19,2025-12-18,Periodic,1000000,1
12795,5279,115,79,2022-11-16,Periodic,1749000,5
12796,5279,115,79,2025-03-21,Periodic,1190000,5
12797,4679,116,94,2020-12-22,Periodic,618000,4
12798,4679,116,94,2023-01-16,Periodic,1689000,3
12799,3251,117,97,2024-05-23,Periodic,864000,4
12800,2423,121,57,2025-09-05,Periodic,1171000,5
12801,2239,126,85,2022-09-09,Periodic,1492000,5
12802,2239,126,85,2024-05-04,Periodic,2178000,4
12803,2239,126,85,2022-12-28,Periodic,1499000,5
12804,4860,147,53,2025-02-03,Periodic,1121000,5
12805,2055,110,86,2023-06-18,Periodic,1342000,3
12806,1992,120,81,2024-07-08,Periodic,2071000,5
12807,2759,129,47,2023-07-28,Repair,2177000,4
12808,1659,137,47,2022-08-21,Warranty,258000,5
12809,3952,117,21,2024-04-02,Periodic,1635000,4
12810,3952,117,21,2022-07-13,Warranty,353000,5
12811,3952,117,21,2022-05-06,Repair,3513000,3
12812,4178,117,2,2025-07-10,Warranty,182000,3
12813,4178,117,2,2023-10-20,Repair,1601000,4
12814,4178,117,2,2024-10-03,Body & Paint,3824000,5
12815,1341,148,45,2024-10-29,Periodic,737000,4
12816,1341,148,45,2024-04-14,Repair,4590000,5
12817,2403,118,15,2024-06-08,Body & Paint,7850000,5
12818,4105,156,35,2025-02-13,Repair,4332000,2
12819,4105,156,35,2023-05-26,Body & Paint,9219000,4
12820,4254,105,60,2025-10-31,Periodic,938000,3
12821,4254,105,60,2025-06-12,Periodic,645000,4
12822,5073,149,22,2023-10-15,Repair,6064000,5
12823,1415,108,3,2020-10-09,Repair,6954000,5
12824,4318,109,13,2025-07-05,Periodic,1975000,5
12825,4318,109,13,2024-08-19,Periodic,1349000,5
12826,2515,123,4,2021-05-23,Warranty,112000,5
12827,2304,147,18,2025-03-07,Body & Paint,9674000,5
12828,2304,147,18,2025-01-04,Repair,3054000,4
12829,4145,163,5,2025-03-14,Warranty,322000,4
12830,4414,132,64,2025-12-23,Periodic,884000,5
12831,4414,132,64,2023-08-16,Periodic,1829000,5
12832,2796,114,70,2024-04-13,Body & Paint,7843000,4
12833,2796,114,70,2025-02-26,Periodic,2024000,5
12834,2796,114,70,2024-02-17,Repair,3813000,4
12835,1833,139,98,2025-06-14,Periodic,1561000,4
12836,4549,131,77,2025-02-04,Repair,5661000,4
12837,3282,115,56,2021-07-27,Repair,4290000,5
12838,3282,115,56,2021-05-13,Periodic,2004000,5
12839,3282,115,56,2022-06-08,Periodic,1649000,4
12840,4127,111,57,2025-08-26,Periodic,2187000,5
12841,4127,111,57,2022-10-07,Warranty,153000,4
12842,4127,111,57,2023-11-26,Periodic,1013000,4
12843,3877,112,3,2022-10-18,Warranty,77000,5
12844,3877,112,3,2025-02-09,Periodic,1478000,3
12845,3877,112,3,2022-02-02,Repair,2045000,2
12846,5299,117,17,2024-06-27,Periodic,1375000,2
12847,3015,102,101,2022-03-28,Periodic,1270000,3
12848,3239,148,17,2023-10-27,Periodic,1051000,3
12849,3239,148,17,2024-04-24,Periodic,1540000,4
12850,3239,148,17,2021-12-13,Repair,2732000,5
12851,2600,101,3,2025-07-06,Periodic,755000,5
12852,2600,101,3,2023-06-12,Periodic,1684000,2
12853,2600,101,3,2023-11-25,Warranty,323000,5
12854,2757,107,6,2020-12-08,Repair,1555000,4
12855,1929,131,103,2023-03-25,Repair,7124000,2
12856,1929,131,103,2023-11-15,Periodic,1413000,5
12857,1929,131,103,2022-01-01,Repair,6280000,4
12858,3597,140,31,2024-04-26,Periodic,2150000,3
12859,3597,140,31,2024-10-17,Periodic,1489000,3
12860,3597,140,31,2022-11-30,Periodic,1886000,2
12861,5220,103,54,2022-03-04,Repair,7437000,5
12862,2570,138,90,2023-01-19,Periodic,2124000,3
12863,2570,138,90,2022-10-15,Periodic,734000,5
12864,2570,138,90,2022-12-13,Periodic,2016000,4
12865,2092,112,11,2024-12-24,Body & Paint,2252000,4
12866,2727,105,84,2023-12-16,Periodic,688000,5
12867,2727,105,84,2022-01-11,Warranty,434000,5
12868,2727,105,84,2024-03-20,Periodic,890000,3
12869,3696,117,72,2021-01-08,Periodic,1457000,5
12870,3696,117,72,2021-07-10,Periodic,1923000,4
12871,3696,117,72,2020-12-07,Periodic,1952000,3
12872,3903,117,82,2022-03-27,Periodic,1934000,4
12873,4068,114,90,2023-01-08,Repair,3555000,5
12874,5295,134,59,2022-09-22,Periodic,1921000,2
12875,5295,134,59,2022-11-06,Repair,7420000,5
12876,5295,134,59,2022-05-06,Periodic,739000,4
12877,4307,132,11,2024-07-08,Periodic,1905000,3
12878,4328,180,34,2022-12-21,Periodic,1586000,4
12879,4037,113,59,2023-09-25,Repair,6493000,3
12880,4037,113,59,2020-11-18,Warranty,118000,5
12881,5215,163,118,2025-04-27,Periodic,1938000,4
12882,2959,107,37,2023-01-09,Repair,7502000,4
12883,4601,172,95,2024-06-15,Periodic,1953000,5
12884,4783,119,33,2024-01-06,Periodic,628000,5
12885,4783,119,33,2022-06-30,Warranty,114000,5
12886,4586,119,106,2025-12-09,Repair,1772000,4
12887,4586,119,106,2025-03-04,Periodic,1846000,5
12888,2549,110,86,2023-08-05,Periodic,600000,3
12889,2549,110,86,2023-06-15,Periodic,1669000,5
12890,4718,181,26,2022-09-26,Periodic,1524000,4
12891,1543,128,50,2025-04-30,Body & Paint,4343000,5
12892,1543,128,50,2022-10-08,Repair,5730000,5
12893,1543,128,50,2025-02-13,Periodic,2101000,4
12894,1415,116,93,2025-04-28,Body & Paint,3628000,3
12895,2272,111,66,2025-05-11,Periodic,714000,4
12896,2920,148,9,2025-10-20,Repair,5520000,5
12897,2920,148,9,2025-10-24,Periodic,1863000,4
12898,1868,139,2,2025-04-19,Periodic,2110000,5
12899,1868,139,2,2025-05-29,Body & Paint,2769000,5
12900,1868,139,2,2025-07-31,Periodic,1619000,4
12901,4328,103,10,2025-08-14,Repair,2227000,5
12902,3999,102,38,2023-06-10,Repair,5629000,5
12903,2240,106,10,2025-08-24,Warranty,100000,5
12904,2242,115,69,2022-09-20,Warranty,219000,5
12905,2242,115,69,2025-02-21,Periodic,878000,5
12906,1547,128,11,2022-05-13,Periodic,1098000,5
12907,1603,118,107,2025-03-23,Repair,6498000,3
12908,1603,118,107,2025-12-10,Repair,4927000,2
12909,3511,138,93,2025-04-06,Warranty,232000,4
12910,1706,120,22,2025-01-22,Periodic,783000,3
12911,2851,131,2,2024-05-19,Periodic,900000,4
12912,2851,131,2,2023-03-20,Periodic,1386000,5
12913,4802,114,68,2022-11-21,Warranty,129000,5
12914,4802,114,68,2024-04-15,Periodic,798000,4
12915,2177,114,115,2025-12-11,Periodic,2178000,5
12916,2449,102,89,2023-05-02,Periodic,1502000,5
12917,1552,151,22,2025-12-03,Periodic,1718000,4
12918,1452,118,19,2024-08-28,Periodic,1222000,3
12919,1452,118,19,2025-01-01,Periodic,1261000,3
12920,1123,135,106,2024-06-12,Repair,7096000,4
12921,1123,135,106,2021-08-01,Periodic,1782000,4
12922,1123,135,106,2023-04-03,Repair,7670000,5
12923,3479,113,3,2024-06-15,Periodic,609000,5
12924,2162,129,19,2024-10-21,Repair,3175000,2
12925,2747,120,24,2022-09-14,Repair,6031000,5
12926,4913,102,84,2025-12-16,Body & Paint,11916000,4
12927,3976,143,79,2022-04-11,Periodic,1578000,5
12928,3976,143,79,2022-07-14,Periodic,1264000,1
12929,1806,102,19,2025-09-18,Periodic,730000,5
12930,2404,114,67,2025-04-25,Periodic,884000,5
12931,5426,105,34,2023-03-07,Periodic,1661000,5
12932,2695,105,108,2024-06-24,Body & Paint,10938000,3
12933,2695,105,108,2023-06-19,Repair,2289000,4
12934,1641,110,112,2024-11-02,Body & Paint,8191000,5
12935,1641,110,112,2023-12-09,Warranty,69000,5
12936,1602,107,8,2023-05-05,Periodic,2018000,5
12937,2478,120,12,2023-01-21,Body & Paint,4965000,4
12938,2478,120,12,2024-01-07,Repair,5686000,5
12939,2478,120,12,2024-11-01,Body & Paint,3719000,3
12940,2915,125,118,2023-06-20,Repair,3359000,4
12941,2915,125,118,2024-09-23,Periodic,1980000,5
12942,5298,128,1,2023-02-19,Periodic,761000,1
12943,5298,128,1,2023-10-01,Periodic,2016000,3
12944,5393,101,69,2024-01-27,Periodic,2088000,4
12945,5393,101,69,2023-01-19,Periodic,1241000,5
12946,1287,102,106,2023-03-21,Periodic,749000,4
12947,1287,102,106,2022-11-04,Periodic,707000,5
12948,3079,187,7,2025-08-24,Periodic,1599000,2
12949,2683,113,72,2020-11-03,Periodic,759000,4
12950,2683,113,72,2023-01-24,Periodic,1177000,4
12951,2683,113,72,2022-08-21,Warranty,332000,5
12952,4938,122,54,2024-11-29,Periodic,2181000,4
12953,5386,118,72,2022-02-18,Periodic,1374000,5
12954,5386,118,72,2021-04-28,Periodic,1918000,4
12955,1253,137,116,2023-08-04,Repair,6437000,4
12956,3112,129,68,2022-01-28,Periodic,2147000,4
12957,3112,129,68,2022-06-09,Repair,2040000,4
12958,3112,129,68,2022-05-29,Periodic,1736000,2
12959,1450,142,6,2023-07-06,Periodic,1928000,5
12960,1450,142,6,2023-08-02,Periodic,968000,5
12961,4506,115,41,2024-11-05,Periodic,1419000,4
12962,4506,115,41,2024-10-12,Periodic,1647000,2
12963,4063,123,4,2021-12-05,Periodic,1474000,2
12964,3771,139,21,2024-11-17,Periodic,2178000,5
12965,3771,139,21,2024-04-15,Periodic,1333000,5
12966,1387,136,107,2025-04-21,Repair,2091000,5
12967,1928,135,96,2024-01-10,Periodic,2137000,5
12968,4527,117,33,2025-08-28,Repair,3571000,5
12969,4940,132,56,2024-11-08,Warranty,100000,5
12970,1811,121,100,2024-12-01,Repair,1911000,4
12971,3008,113,4,2025-11-14,Periodic,2170000,4
12972,2374,130,38,2024-12-18,Periodic,876000,5
12973,2374,130,38,2025-02-14,Periodic,700000,5
12974,2374,130,38,2024-02-29,Repair,6001000,3
12975,1311,110,52,2024-04-14,Repair,6530000,4
12976,1311,110,52,2024-10-28,Periodic,1916000,4
12977,2194,119,95,2024-11-15,Repair,5733000,5
12978,2194,119,95,2024-07-28,Repair,2129000,4
12979,2907,101,114,2024-12-26,Periodic,1169000,2
12980,3108,157,25,2025-10-21,Periodic,686000,1
12981,3108,157,25,2024-09-21,Repair,6300000,2
12982,2827,106,101,2024-12-30,Repair,2125000,4
12983,2827,106,101,2025-01-07,Repair,3442000,2
12984,1258,102,56,2024-11-29,Periodic,855000,4
12985,1258,102,56,2022-01-05,Periodic,686000,5
12986,1258,102,56,2021-10-22,Periodic,1467000,5
12987,1688,117,49,2025-04-21,Repair,3290000,3
12988,1688,117,49,2025-10-10,Periodic,1183000,5
12989,3031,127,102,2024-06-28,Body & Paint,11573000,3
12990,3031,127,102,2025-06-12,Periodic,2083000,5
12991,3403,109,84,2025-06-23,Warranty,332000,4
12992,5110,104,7,2025-12-21,Repair,4022000,5
12993,5229,106,31,2023-12-11,Body & Paint,2517000,4
12994,5229,106,31,2023-08-11,Periodic,617000,4
12995,4803,109,38,2023-01-30,Body & Paint,11252000,5
12996,4803,109,38,2025-03-27,Periodic,1680000,4
12997,1461,102,68,2024-04-08,Periodic,891000,4
12998,3224,125,33,2023-12-11,Body & Paint,5434000,3
12999,3224,125,33,2023-08-27,Periodic,1114000,5
13000,4939,143,50,2021-05-01,Periodic,1811000,3
13001,4939,143,50,2023-09-13,Periodic,944000,5
13002,2063,117,64,2023-10-27,Periodic,2166000,4
13003,2063,117,64,2024-10-15,Repair,1981000,4
13004,2063,117,64,2024-03-24,Periodic,758000,1
13005,5265,148,114,2024-11-11,Warranty,80000,2
13006,5265,148,114,2024-11-19,Periodic,941000,2
13007,3582,130,51,2024-06-13,Repair,1920000,3
13008,3582,130,51,2024-12-14,Repair,5146000,3
13009,1323,102,11,2022-03-24,Repair,5473000,5
13010,1129,106,86,2025-01-04,Periodic,1064000,5
13011,1129,106,86,2024-03-29,Repair,7600000,2
13012,1129,106,86,2024-01-11,Warranty,476000,5
13013,2741,111,105,2025-03-20,Periodic,1438000,4
13014,2741,111,105,2023-10-30,Warranty,393000,5
13015,4570,126,53,2025-12-13,Periodic,1229000,4
13016,2014,110,67,2024-02-14,Periodic,883000,3
13017,2014,110,67,2024-05-01,Periodic,1158000,5
13018,2014,110,67,2022-02-21,Warranty,203000,2
13019,3199,171,79,2025-12-07,Periodic,621000,4
13020,5455,103,80,2021-10-17,Periodic,2063000,5
13021,5455,103,80,2021-05-14,Periodic,1579000,5
13022,5455,103,80,2021-07-31,Periodic,1123000,3
13023,2422,104,12,2025-09-09,Periodic,1464000,5
13024,4111,108,108,2024-12-06,Repair,4857000,4
13025,4111,108,108,2023-02-26,Periodic,1573000,3
13026,1074,133,37,2023-02-05,Repair,3967000,4
13027,1803,135,59,2024-05-18,Periodic,659000,5
13028,4034,110,46,2023-09-20,Repair,4484000,2
13029,4718,121,55,2024-11-05,Repair,7573000,4
13030,3799,107,73,2023-12-04,Periodic,704000,4
13031,3799,107,73,2023-12-22,Periodic,995000,4
13032,3799,107,73,2025-08-11,Periodic,1418000,4
13033,3986,175,116,2025-08-26,Periodic,1946000,4
13034,3022,109,94,2022-01-29,Periodic,1766000,5
13035,1670,139,78,2024-03-27,Periodic,1430000,5
13036,1670,139,78,2024-05-02,Periodic,873000,5
13037,3320,120,16,2025-02-14,Repair,7815000,5
13038,3320,120,16,2025-07-02,Repair,6914000,5
13039,3320,120,16,2022-11-01,Body & Paint,7496000,3
13040,1023,103,70,2024-09-15,Repair,2746000,5
13041,1023,103,70,2022-10-21,Periodic,748000,4
13042,1023,103,70,2024-02-22,Periodic,2194000,3
13043,2883,108,25,2024-05-22,Periodic,2145000,4
13044,2883,108,25,2025-11-08,Periodic,1710000,3
13045,4640,115,33,2023-02-26,Repair,6679000,4
13046,4640,115,33,2022-03-29,Periodic,739000,2
13047,3044,140,73,2024-10-19,Periodic,777000,5
13048,3044,140,73,2024-07-21,Warranty,341000,4
13049,3044,140,73,2024-05-28,Repair,6293000,1
13050,3593,121,59,2021-02-03,Repair,5275000,4
13051,2575,126,92,2025-03-08,Warranty,9000,5
13052,2861,130,36,2024-09-23,Repair,1653000,5
13053,3597,120,52,2021-04-03,Warranty,172000,5
13054,4675,137,93,2025-08-01,Repair,5405000,5
13055,2523,138,30,2024-01-03,Warranty,436000,5
13056,2523,138,30,2025-06-06,Periodic,657000,2
13057,2523,138,30,2025-08-20,Repair,6744000,5
13058,2728,120,23,2021-08-05,Periodic,1500000,2
13059,2728,120,23,2023-03-27,Warranty,177000,4
13060,4110,154,99,2023-11-06,Repair,4247000,3
13061,4110,154,99,2020-10-28,Body & Paint,11437000,5
13062,4110,154,99,2023-08-27,Body & Paint,5173000,2
13063,2897,105,116,2023-08-24,Repair,4363000,4
13064,3727,110,118,2024-11-03,Periodic,1352000,5
13065,3727,110,118,2023-07-30,Periodic,2082000,5
13066,3043,127,78,2021-03-25,Repair,3046000,4
13067,3043,127,78,2023-09-11,Warranty,157000,5
13068,3043,127,78,2022-02-04,Periodic,1383000,4
13069,5037,119,17,2025-01-20,Periodic,1618000,5
13070,5037,119,17,2025-05-14,Periodic,1841000,4
13071,2981,131,9,2025-11-25,Periodic,748000,4
13072,1728,158,70,2024-11-19,Body & Paint,2802000,4
13073,1728,158,70,2024-01-02,Repair,6387000,4
13074,4944,117,20,2024-08-08,Periodic,2055000,5
13075,4944,117,20,2023-03-16,Periodic,1214000,3
13076,4944,117,20,2022-12-02,Periodic,2068000,2
13077,5239,124,67,2022-04-26,Periodic,627000,4
13078,1365,135,80,2025-09-27,Periodic,726000,3
13079,1365,135,80,2024-02-09,Repair,5660000,4
13080,1365,135,80,2023-01-15,Periodic,2100000,4
13081,1264,139,18,2021-07-09,Repair,5433000,2
13082,1264,139,18,2022-10-05,Periodic,2190000,5
13083,1264,139,18,2022-11-18,Repair,2131000,4
13084,5188,127,45,2024-04-08,Warranty,24000,3
13085,5188,127,45,2025-12-13,Body & Paint,11306000,2
13086,5188,127,45,2025-08-04,Periodic,1638000,2
13087,5209,107,65,2025-11-29,Repair,6592000,5
13088,2383,107,61,2024-10-06,Warranty,296000,5
13089,3531,138,78,2024-06-15,Periodic,628000,5
13090,3531,138,78,2025-07-14,Warranty,365000,4
13091,3531,138,78,2025-09-06,Periodic,1185000,4
13092,4524,137,62,2024-12-20,Periodic,2190000,4
13093,1116,109,45,2024-01-31,Warranty,234000,2
13094,1116,109,45,2024-11-30,Periodic,1452000,3
13095,4982,138,107,2022-01-25,Warranty,58000,5
13096,4982,138,107,2023-03-29,Repair,2853000,5
13097,4982,138,107,2022-04-17,Periodic,1534000,4
13098,5495,120,41,2024-05-27,Periodic,1569000,4
13099,5495,120,41,2024-09-26,Periodic,1406000,4
13100,1801,167,44,2023-09-06,Periodic,901000,5
13101,4042,141,65,2021-10-08,Repair,7683000,4
13102,4042,141,65,2024-12-18,Body & Paint,9772000,4
13103,3732,113,93,2022-12-01,Periodic,1262000,4
13104,3732,113,93,2021-08-13,Periodic,1337000,5
13105,3732,113,93,2024-09-29,Periodic,988000,4
13106,3319,121,21,2024-10-25,Periodic,1656000,5
13107,2651,116,99,2022-09-18,Periodic,2193000,4
13108,2651,116,99,2023-11-17,Periodic,938000,4
13109,4179,107,116,2023-05-11,Periodic,1604000,5
13110,4179,107,116,2024-02-27,Periodic,2056000,4
13111,4410,119,78,2025-07-26,Periodic,1654000,5
13112,3011,147,93,2024-12-05,Warranty,452000,5
13113,3011,147,93,2025-11-04,Repair,3347000,5
13114,2341,131,7,2023-04-27,Periodic,1629000,4
13115,2341,131,7,2022-11-18,Periodic,767000,4
13116,3441,140,51,2023-11-23,Periodic,1475000,5
13117,3441,140,51,2022-02-01,Periodic,1208000,5
13118,3441,140,51,2021-12-30,Repair,7892000,4
13119,4377,101,98,2024-09-24,Periodic,1040000,5
13120,1596,110,41,2022-10-30,Periodic,768000,4
13121,1596,110,41,2023-10-01,Periodic,2011000,5
13122,1596,110,41,2023-01-24,Repair,4086000,4
13123,3300,150,7,2024-06-02,Warranty,66000,3
13124,3300,150,7,2025-07-27,Periodic,1443000,5
13125,3300,150,7,2024-11-21,Warranty,221000,4
13126,2584,152,32,2024-08-08,Repair,4680000,4
13127,1013,138,118,2023-11-08,Periodic,1383000,5
13128,1013,138,118,2024-02-03,Periodic,1736000,4
13129,4262,102,62,2023-09-22,Warranty,346000,5
13130,4262,102,62,2022-11-09,Periodic,1817000,4
13131,4262,102,62,2023-07-11,Repair,5907000,3
13132,3857,105,5,2022-07-23,Warranty,71000,4
13133,1646,135,25,2022-07-04,Warranty,300000,4
13134,1646,135,25,2024-02-09,Warranty,158000,4
13135,1646,135,25,2023-06-14,Periodic,1335000,3
13136,3895,109,89,2023-10-24,Repair,5835000,4
13137,1736,140,81,2021-10-28,Periodic,921000,3
13138,1736,140,81,2024-01-15,Periodic,1246000,5
13139,1736,140,81,2022-06-17,Periodic,1392000,3
13140,2264,152,18,2023-04-30,Body & Paint,11423000,5
13141,2264,152,18,2024-12-30,Periodic,2092000,5
13142,1232,186,2,2023-02-25,Repair,7539000,4
13143,2800,104,63,2024-03-07,Repair,1548000,4
13144,2800,104,63,2024-11-22,Periodic,1140000,5
13145,1198,134,50,2025-04-07,Repair,7260000,4
13146,1198,134,50,2024-05-15,Periodic,2173000,5
13147,1198,134,50,2025-11-13,Periodic,2131000,5
13148,2152,172,76,2024-04-17,Periodic,1348000,4
13149,2152,172,76,2025-12-03,Repair,1933000,1
13150,2585,107,5,2022-12-09,Periodic,1781000,3
13151,2809,108,120,2025-07-15,Repair,2959000,3
13152,2809,108,120,2025-12-17,Warranty,74000,4
13153,4499,145,12,2025-12-10,Periodic,913000,2
13154,3461,110,13,2023-11-19,Repair,4761000,5
13155,3461,110,13,2022-10-04,Periodic,1244000,3
13156,3461,110,13,2023-09-05,Body & Paint,4533000,5
13157,1348,132,118,2025-12-28,Warranty,325000,4
13158,1348,132,118,2024-04-16,Warranty,124000,5
13159,4791,114,50,2025-05-04,Warranty,171000,5
13160,4791,114,50,2025-09-30,Periodic,1123000,5
13161,2709,136,3,2024-02-16,Periodic,1241000,2
13162,3998,107,21,2025-12-07,Periodic,1018000,5
13163,3998,107,21,2024-12-07,Periodic,1119000,5
13164,3998,107,21,2025-02-04,Repair,2140000,5
13165,2843,122,24,2024-04-15,Periodic,1682000,5
13166,2936,125,119,2023-08-10,Warranty,250000,5
13167,2936,125,119,2024-06-07,Periodic,2110000,5
13168,2936,125,119,2025-12-20,Periodic,1830000,4
13169,1541,119,37,2024-02-04,Warranty,229000,4
13170,2663,134,61,2023-01-10,Body & Paint,3588000,5
13171,2663,134,61,2022-11-24,Body & Paint,9059000,5
13172,2663,134,61,2024-01-03,Periodic,1209000,5
13173,1606,104,78,2025-05-28,Periodic,1513000,4
13174,4289,172,84,2024-07-30,Periodic,863000,5
13175,3925,131,43,2025-09-22,Periodic,1346000,5
13176,3925,131,43,2023-11-07,Repair,3480000,4
13177,3925,131,43,2023-11-10,Repair,1618000,4
13178,4445,128,91,2025-06-29,Periodic,906000,4
13179,4445,128,91,2025-01-20,Periodic,2001000,4
13180,4445,128,91,2025-02-07,Periodic,611000,1
13181,1171,140,102,2025-01-08,Repair,3464000,5
13182,1171,140,102,2024-10-29,Repair,7189000,2
13183,3652,101,8,2022-11-22,Periodic,1876000,1
13184,3652,101,8,2020-09-14,Periodic,1141000,1
13185,3652,101,8,2020-10-27,Warranty,468000,1
13186,1333,132,9,2022-01-27,Periodic,941000,1
13187,1333,132,9,2022-09-30,Periodic,636000,3
13188,4626,108,41,2025-02-18,Repair,7297000,2
13189,4850,137,28,2023-08-22,Periodic,1667000,4
13190,4850,137,28,2023-07-08,Repair,4976000,3
13191,3384,173,3,2024-12-17,Periodic,635000,5
13192,2149,110,56,2025-05-30,Periodic,1263000,4
13193,5327,114,120,2023-07-06,Warranty,155000,5
13194,4311,103,23,2025-12-01,Repair,1576000,1
13195,4311,103,23,2025-04-04,Periodic,879000,4
13196,3118,138,40,2025-07-10,Warranty,75000,5
13197,1044,150,42,2025-06-28,Repair,4139000,2
13198,1044,150,42,2025-07-31,Repair,5826000,4
13199,1044,150,42,2025-05-24,Periodic,854000,4
13200,3509,148,3,2021-05-10,Repair,2632000,5
13201,1829,130,63,2023-10-25,Periodic,837000,4
13202,1829,130,63,2023-03-10,Periodic,1911000,5
13203,1829,130,63,2023-12-28,Periodic,1731000,4
13204,3405,148,35,2025-03-18,Periodic,1265000,4
13205,5358,121,88,2025-11-22,Repair,3789000,4
13206,5358,121,88,2024-05-12,Periodic,947000,4
13207,5179,164,100,2025-12-14,Periodic,1408000,5
13208,1827,114,22,2023-11-19,Body & Paint,11854000,4
13209,1827,114,22,2025-03-30,Repair,5275000,4
13210,1827,114,22,2024-03-19,Warranty,339000,3
13211,1930,145,70,2022-07-23,Body & Paint,6366000,4
13212,5278,103,6,2021-04-23,Periodic,1355000,3
13213,5278,103,6,2021-11-23,Periodic,1052000,4
13214,4188,113,27,2025-01-27,Repair,3456000,2
13215,5270,129,48,2025-06-08,Periodic,2061000,4
13216,5270,129,48,2025-06-06,Periodic,1123000,4
13217,4296,107,56,2024-04-22,Repair,6258000,3
13218,4296,107,56,2024-03-02,Warranty,107000,2
13219,4296,107,56,2023-12-28,Periodic,1372000,4
13220,2094,135,42,2024-07-02,Periodic,844000,3
13221,2094,135,42,2024-09-18,Warranty,411000,5
13222,2094,135,42,2023-07-16,Periodic,1077000,5
13223,2950,101,4,2023-05-10,Repair,2367000,4
13224,2950,101,4,2023-03-21,Body & Paint,6220000,2
13225,2366,130,77,2025-11-27,Repair,1528000,5
13226,4380,131,69,2025-09-22,Warranty,248000,4
13227,2906,105,63,2025-12-21,Periodic,1129000,5
13228,5158,116,69,2025-10-15,Warranty,30000,5
13229,5158,116,69,2025-05-10,Periodic,987000,4
13230,1834,142,117,2025-03-04,Repair,6711000,2
13231,3839,110,60,2023-06-12,Periodic,654000,5
13232,2225,135,49,2025-02-02,Periodic,1281000,4
13233,2225,135,49,2023-11-22,Body & Paint,9041000,5
13234,3908,128,57,2024-11-13,Warranty,136000,4
13235,3908,128,57,2025-08-05,Repair,4212000,3
13236,1618,130,65,2023-05-28,Periodic,629000,5
13237,2957,142,29,2025-04-23,Periodic,1028000,3
13238,2957,142,29,2024-04-23,Repair,4292000,5
13239,5383,132,62,2025-08-03,Repair,5243000,5
13240,5383,132,62,2024-08-02,Periodic,1093000,4
13241,2823,118,10,2025-08-18,Periodic,1947000,5
13242,2823,118,10,2024-04-11,Repair,6961000,4
13243,2823,118,10,2025-06-07,Periodic,1045000,5
13244,2794,105,100,2025-08-06,Repair,4145000,5
13245,2794,105,100,2024-12-30,Periodic,2071000,5
13246,2794,105,100,2024-04-09,Periodic,1954000,5
13247,2156,105,55,2021-09-18,Periodic,1361000,5
13248,1432,118,79,2024-06-30,Periodic,1556000,3
13249,3524,138,12,2025-07-22,Repair,7952000,5
13250,3524,138,12,2023-07-21,Repair,4859000,5
13251,4051,173,53,2024-07-04,Warranty,399000,5
13252,4051,173,53,2025-06-16,Periodic,1099000,5
13253,5229,116,81,2021-05-14,Repair,3341000,5
13254,5229,116,81,2023-02-06,Periodic,2062000,5
13255,5229,116,81,2021-01-16,Periodic,848000,5
13256,5319,106,104,2025-10-18,Periodic,2046000,5
13257,1094,105,103,2025-03-30,Repair,7176000,3
13258,1094,105,103,2025-04-17,Repair,4643000,4
13259,4750,111,16,2022-02-13,Periodic,1111000,5
13260,4750,111,16,2023-07-01,Repair,3962000,1
13261,3475,105,54,2021-11-19,Warranty,264000,2
13262,5410,176,104,2023-05-03,Periodic,1799000,4
13263,5410,176,104,2023-04-19,Periodic,1725000,4
13264,2799,146,46,2023-01-18,Repair,3673000,5
13265,4531,124,110,2022-12-24,Periodic,796000,4
13266,4531,124,110,2024-07-07,Periodic,1783000,5
13267,4531,124,110,2022-11-26,Repair,5128000,5
13268,1543,133,55,2024-03-16,Body & Paint,11071000,3
13269,2024,115,106,2025-07-04,Periodic,860000,4
13270,5014,120,85,2025-10-28,Periodic,1336000,2
13271,3990,106,96,2024-03-26,Periodic,894000,5
13272,3990,106,96,2024-07-17,Periodic,1792000,5
13273,3990,106,96,2023-08-05,Periodic,1470000,5
13274,4672,103,112,2024-04-15,Periodic,1960000,5
13275,4705,123,114,2025-12-13,Periodic,2185000,4
13276,4705,123,114,2025-03-13,Warranty,447000,5
13277,4705,123,114,2024-07-20,Periodic,2198000,3
13278,2470,185,26,2024-12-04,Periodic,1284000,5
13279,2470,185,26,2024-04-03,Warranty,145000,5
13280,3167,138,21,2024-10-12,Repair,3918000,5
13281,4235,126,32,2023-08-16,Periodic,997000,3
13282,4235,126,32,2024-01-24,Repair,4510000,5
13283,3945,150,108,2023-09-17,Periodic,1360000,5
13284,3945,150,108,2024-03-13,Periodic,1432000,5
13285,3945,150,108,2022-04-25,Periodic,1379000,3
13286,5073,153,94,2025-01-16,Body & Paint,5003000,5
13287,5073,153,94,2024-05-26,Body & Paint,11581000,3
13288,4290,103,114,2024-02-22,Warranty,12000,4
13289,4290,103,114,2024-03-24,Warranty,287000,2
13290,2854,120,16,2025-06-29,Periodic,1603000,3
13291,3248,150,7,2025-11-12,Repair,6521000,3
13292,3248,150,7,2023-09-14,Periodic,1376000,3
13293,5302,124,91,2024-02-14,Periodic,1783000,4
13294,4677,123,33,2025-01-10,Periodic,1966000,2
13295,4677,123,33,2023-10-23,Warranty,497000,4
13296,4677,123,33,2023-09-07,Periodic,1000000,3
13297,3083,102,85,2024-05-11,Body & Paint,4872000,3
13298,1393,121,88,2024-12-09,Warranty,293000,5
13299,1393,121,88,2024-08-21,Periodic,681000,5
13300,4435,108,28,2024-04-09,Repair,4487000,4
13301,4438,186,81,2024-11-14,Warranty,432000,4
13302,4438,186,81,2025-01-04,Periodic,920000,2
13303,2815,147,46,2022-11-10,Periodic,775000,3
13304,4522,121,107,2024-07-06,Periodic,917000,5
13305,4522,121,107,2024-07-21,Warranty,44000,4
13306,3461,138,73,2024-06-29,Periodic,1341000,5
13307,5076,118,105,2023-08-18,Warranty,36000,5
13308,5435,134,38,2022-08-06,Periodic,1161000,5
13309,3511,135,36,2023-06-14,Periodic,1864000,3
13310,4354,121,67,2022-05-28,Repair,5482000,5
13311,4354,121,67,2025-07-20,Repair,2571000,4
13312,4186,103,38,2024-08-28,Periodic,2138000,5
13313,1750,163,85,2025-12-23,Periodic,672000,2
13314,3916,125,102,2025-09-17,Repair,4440000,4
13315,2335,178,111,2025-04-29,Repair,7307000,5
13316,4197,116,12,2025-06-25,Periodic,756000,4
13317,4197,116,12,2025-07-31,Warranty,401000,2
13318,3613,106,24,2023-07-06,Periodic,1401000,5
13319,3613,106,24,2024-05-18,Warranty,80000,5
13320,2449,116,6,2023-01-31,Repair,4981000,5
13321,2449,116,6,2024-08-11,Periodic,1107000,3
13322,4727,141,34,2023-03-15,Repair,4523000,4
13323,2516,107,88,2024-05-29,Periodic,1646000,5
13324,2516,107,88,2025-05-05,Repair,4577000,4
13325,1491,131,3,2020-11-18,Body & Paint,4819000,3
13326,1297,143,7,2021-10-16,Repair,5073000,4
13327,1297,143,7,2023-02-19,Periodic,1154000,2
13328,1769,117,34,2025-05-02,Body & Paint,11588000,5
13329,1769,117,34,2023-09-20,Repair,7051000,5
13330,2800,130,16,2024-12-22,Periodic,1447000,4
13331,2800,130,16,2024-02-17,Periodic,806000,4
13332,2986,131,78,2024-12-23,Repair,6893000,3
13333,2507,126,35,2025-05-28,Periodic,1916000,4
13334,1570,111,105,2024-11-18,Body & Paint,7142000,5
13335,1474,115,103,2022-08-30,Repair,2057000,5
13336,1474,115,103,2021-11-22,Periodic,1856000,4
13337,2258,124,20,2022-12-22,Periodic,2138000,5
13338,2258,124,20,2024-11-30,Warranty,124000,5
13339,4596,140,84,2023-10-14,Periodic,789000,1
13340,3157,105,96,2023-03-26,Warranty,254000,4
13341,3157,105,96,2024-04-26,Periodic,1725000,3
13342,3157,105,96,2023-09-27,Periodic,1188000,5
13343,3279,136,58,2025-02-15,Periodic,1927000,2
13344,3279,136,58,2024-12-09,Periodic,2034000,1
13345,4182,187,59,2023-02-27,Periodic,1113000,2
13346,4182,187,59,2025-07-15,Repair,4185000,2
13347,4182,187,59,2025-06-12,Periodic,1101000,4
13348,3658,103,44,2025-12-18,Periodic,1069000,4
13349,2370,106,54,2022-08-01,Repair,7270000,5
13350,2370,106,54,2023-09-29,Periodic,1037000,5
13351,2370,106,54,2022-08-06,Periodic,1779000,5
13352,1585,103,17,2023-06-25,Periodic,1256000,4
13353,5263,110,56,2025-06-27,Warranty,361000,4
13354,5263,110,56,2025-07-06,Periodic,1294000,5
13355,4862,128,35,2023-08-27,Periodic,742000,5
13356,4862,128,35,2025-01-13,Periodic,2036000,4
13357,4862,128,35,2023-08-22,Periodic,1956000,5
13358,2026,114,38,2024-06-26,Periodic,1752000,5
13359,2026,114,38,2024-03-15,Repair,6711000,4
13360,2403,102,104,2022-07-15,Repair,2987000,5
13361,2403,102,104,2022-10-17,Warranty,222000,4
13362,3590,126,107,2025-10-07,Periodic,1361000,4
13363,2844,133,37,2025-04-04,Periodic,1896000,4
13364,2844,133,37,2024-04-09,Repair,2792000,5
13365,2844,133,37,2024-07-12,Periodic,2085000,5
13366,2138,145,20,2025-04-06,Periodic,2008000,5
13367,2138,145,20,2024-10-09,Body & Paint,3904000,5
13368,2138,145,20,2024-03-11,Periodic,1989000,5
13369,5312,129,77,2025-03-14,Periodic,724000,5
13370,2579,137,30,2024-03-04,Periodic,1424000,5
13371,2790,138,20,2024-07-01,Repair,3340000,4
13372,2790,138,20,2022-11-03,Warranty,237000,3
13373,2790,138,20,2024-03-17,Periodic,1131000,5
13374,2444,103,66,2025-08-23,Body & Paint,9267000,4
13375,2365,114,21,2025-12-22,Periodic,655000,5
13376,1176,116,94,2025-07-10,Repair,2077000,3
13377,4969,111,13,2023-04-14,Body & Paint,6258000,4
13378,4969,111,13,2023-01-17,Periodic,652000,5
13379,4326,120,111,2024-12-09,Repair,2302000,5
13380,4326,120,111,2025-04-29,Periodic,951000,4
13381,1847,109,25,2022-05-14,Repair,3664000,2
13382,4167,133,79,2023-01-30,Body & Paint,6979000,4
13383,4167,133,79,2021-01-10,Periodic,1603000,4
13384,2368,135,53,2025-07-08,Repair,2776000,4
13385,2266,109,82,2025-10-11,Periodic,728000,4
13386,2266,109,82,2025-04-14,Body & Paint,6483000,5
13387,5372,112,44,2025-11-05,Repair,6054000,4
13388,5372,112,44,2025-04-04,Warranty,397000,5
13389,3865,102,74,2023-08-14,Repair,2532000,5
13390,3865,102,74,2023-01-28,Warranty,230000,4
13391,3865,102,74,2022-06-20,Periodic,617000,5
13392,5158,141,42,2025-02-13,Periodic,2156000,5
13393,3529,112,104,2024-11-27,Periodic,1262000,2
13394,2282,123,53,2024-08-20,Repair,4678000,3
13395,2623,111,14,2022-01-13,Periodic,1522000,4
13396,2623,111,14,2022-06-18,Repair,1526000,3
13397,1480,132,111,2023-10-28,Periodic,1542000,4
13398,4681,111,29,2021-12-25,Warranty,252000,5
13399,4681,111,29,2023-06-05,Repair,2738000,5
13400,4681,111,29,2024-04-15,Repair,7284000,3
13401,5367,143,78,2023-11-16,Periodic,610000,4
13402,1646,144,6,2025-12-28,Periodic,633000,4
13403,3514,148,116,2025-10-08,Periodic,1655000,5
13404,4530,123,3,2025-05-29,Warranty,175000,5
13405,4507,105,63,2024-09-19,Periodic,1095000,3
13406,4841,135,12,2025-02-02,Repair,4339000,4
13407,4841,135,12,2025-07-18,Repair,6382000,2
13408,2285,102,94,2025-02-20,Periodic,2067000,1
13409,2285,102,94,2025-12-11,Periodic,1960000,4
13410,1884,134,33,2025-08-18,Periodic,1237000,3
13411,1884,134,33,2025-06-07,Repair,5308000,2
13412,5408,102,82,2024-07-11,Periodic,1757000,5
13413,5339,124,27,2025-02-08,Periodic,1112000,3
13414,5339,124,27,2024-12-18,Periodic,1163000,5
13415,5339,124,27,2025-07-17,Periodic,2002000,2
13416,2805,101,118,2025-12-02,Warranty,42000,4
13417,2422,137,93,2022-08-22,Body & Paint,10189000,4
13418,2422,137,93,2023-03-01,Periodic,1776000,5
13419,2422,137,93,2024-11-07,Repair,6611000,3
13420,2244,129,32,2023-12-11,Body & Paint,3211000,5
13421,2244,129,32,2024-04-25,Periodic,2162000,4
13422,2244,129,32,2025-05-23,Periodic,855000,5
13423,5190,109,42,2024-12-15,Repair,7489000,5
13424,5190,109,42,2025-12-23,Repair,5506000,4
13425,5190,109,42,2025-06-30,Body & Paint,9876000,4
13426,2300,129,120,2021-12-03,Periodic,1896000,3
13427,2300,129,120,2024-06-18,Periodic,804000,4
13428,2300,129,120,2022-07-20,Body & Paint,6239000,5
13429,5125,127,31,2023-08-17,Repair,3174000,3
13430,5125,127,31,2025-07-14,Periodic,1038000,5
13431,1509,101,61,2023-06-29,Periodic,943000,3
13432,1509,101,61,2024-07-31,Periodic,1370000,5
13433,2402,117,88,2024-06-18,Periodic,623000,5
13434,2402,117,88,2024-02-23,Repair,5317000,5
13435,2402,117,88,2025-07-04,Repair,4158000,3
13436,5079,102,56,2025-09-03,Periodic,1604000,2
13437,2525,103,22,2022-08-20,Periodic,688000,5
13438,2525,103,22,2024-02-19,Periodic,641000,5
13439,1735,117,93,2022-12-19,Body & Paint,3416000,5
13440,5232,115,56,2023-06-28,Repair,7388000,4
13441,4245,146,1,2024-10-21,Periodic,1470000,3
13442,4245,146,1,2023-04-03,Periodic,1428000,5
13443,2359,115,117,2023-05-06,Periodic,1159000,3
13444,3597,126,12,2024-05-19,Warranty,159000,5
13445,3597,126,12,2024-09-01,Periodic,983000,1
13446,2305,103,85,2025-02-14,Periodic,811000,4
13447,3056,103,70,2025-12-09,Repair,4712000,5
13448,3962,159,14,2025-07-06,Body & Paint,7545000,3
13449,2100,137,97,2025-11-20,Periodic,835000,5
13450,3478,136,74,2025-07-16,Periodic,1582000,5
13451,3349,180,25,2024-11-22,Body & Paint,7492000,5
13452,3349,180,25,2023-08-20,Periodic,2007000,4
13453,3349,180,25,2024-11-29,Periodic,1300000,5
13454,2267,144,89,2022-10-20,Periodic,1229000,5
13455,2654,122,15,2023-07-21,Periodic,1184000,3
13456,2654,122,15,2023-11-07,Repair,1544000,5
13457,3449,135,56,2024-05-29,Periodic,606000,2
13458,3449,135,56,2024-09-30,Repair,6907000,5
13459,5180,107,4,2023-10-05,Repair,3651000,5
13460,5028,110,86,2025-02-25,Periodic,1167000,5
13461,5028,110,86,2023-03-11,Periodic,1177000,4
13462,5214,106,37,2025-01-16,Body & Paint,6335000,5
13463,5214,106,37,2023-12-28,Periodic,1780000,5
13464,5214,106,37,2024-09-04,Periodic,925000,4
13465,1240,101,65,2022-12-22,Periodic,1287000,3
13466,1240,101,65,2022-12-13,Repair,3310000,4
13467,1240,101,65,2023-08-30,Periodic,883000,4
13468,3813,106,54,2024-04-28,Repair,2811000,2
13469,3627,173,57,2024-06-09,Periodic,1440000,4
13470,4663,107,12,2023-12-25,Repair,6165000,4
13471,4663,107,12,2023-04-16,Repair,2585000,2
13472,4663,107,12,2024-08-01,Body & Paint,10425000,4
13473,1205,166,83,2023-09-14,Periodic,1964000,4
13474,4154,169,88,2024-06-21,Periodic,846000,4
13475,3812,106,114,2025-06-11,Periodic,2130000,4
13476,4363,118,102,2025-06-10,Repair,2183000,4
13477,4564,134,80,2025-05-26,Repair,5068000,2
13478,4965,114,73,2025-10-23,Periodic,1917000,4
13479,4965,114,73,2025-09-24,Repair,1877000,4
13480,1910,105,111,2024-05-16,Periodic,1962000,5
13481,1910,105,111,2024-03-08,Body & Paint,3896000,5
13482,3184,133,21,2025-12-20,Periodic,2036000,5
13483,3172,109,83,2024-09-16,Periodic,808000,5
13484,1222,114,59,2023-11-28,Repair,2568000,2
13485,2771,114,37,2025-06-24,Periodic,1838000,4
13486,2590,106,16,2024-03-29,Repair,6165000,5
13487,3368,116,88,2025-03-04,Repair,7300000,4
13488,3368,116,88,2024-11-30,Repair,6596000,5
13489,3368,116,88,2025-01-17,Repair,5131000,2
13490,4237,114,83,2025-08-30,Periodic,1478000,5
13491,1018,114,81,2024-12-21,Warranty,155000,4
13492,1018,114,81,2023-05-21,Repair,6818000,4
13493,1018,114,81,2022-06-14,Periodic,1689000,3
13494,2764,156,90,2022-07-30,Repair,5615000,4
13495,2764,156,90,2024-11-24,Periodic,1982000,4
13496,2764,156,90,2024-06-22,Body & Paint,8488000,1
13497,3749,137,68,2025-09-13,Warranty,83000,5
13498,3749,137,68,2022-12-20,Warranty,272000,4
13499,1736,134,8,2024-07-06,Periodic,953000,1
13500,1736,134,8,2024-03-12,Repair,3163000,5
13501,3742,129,117,2024-11-09,Warranty,119000,4
13502,3742,129,117,2024-02-06,Repair,7563000,4
13503,3695,107,120,2022-05-27,Body & Paint,6944000,5
13504,3695,107,120,2021-07-25,Repair,2443000,5
13505,3695,107,120,2021-06-16,Repair,2187000,5
13506,3833,103,88,2024-07-21,Periodic,1684000,4
13507,3833,103,88,2023-06-03,Periodic,2105000,5
13508,3540,112,102,2024-12-21,Periodic,2035000,5
13509,3540,112,102,2025-08-22,Warranty,194000,3
13510,3540,112,102,2023-09-09,Periodic,1515000,4
13511,1343,124,110,2025-11-30,Periodic,769000,4
13512,1343,124,110,2025-04-26,Repair,4213000,5
13513,4661,112,22,2023-01-12,Warranty,323000,4
13514,4661,112,22,2024-06-15,Repair,4583000,4
13515,4661,112,22,2024-07-11,Periodic,2012000,5
13516,4719,111,83,2023-02-17,Body & Paint,11160000,4
13517,4719,111,83,2024-10-16,Body & Paint,5280000,5
13518,4719,111,83,2024-09-23,Repair,5849000,4
13519,2392,135,83,2022-07-03,Periodic,1670000,5
13520,2392,135,83,2021-11-10,Warranty,344000,5
13521,2392,135,83,2023-08-31,Periodic,661000,4
13522,5362,115,18,2025-10-29,Periodic,2160000,5
13523,5362,115,18,2024-11-25,Periodic,1981000,5
13524,5139,150,78,2025-08-17,Repair,5850000,3
13525,2387,105,26,2024-07-04,Periodic,750000,4
13526,2387,105,26,2024-01-25,Periodic,1622000,3
13527,3991,109,11,2024-10-04,Warranty,437000,4
13528,3991,109,11,2025-05-18,Repair,3084000,3
13529,3991,109,11,2023-04-07,Repair,4131000,5
13530,1391,107,119,2022-04-22,Warranty,280000,4
13531,1391,107,119,2022-10-06,Repair,6537000,5
13532,1391,107,119,2020-10-11,Repair,6455000,4
13533,3709,147,99,2023-02-19,Body & Paint,8671000,1
13534,3709,147,99,2022-09-07,Periodic,706000,5
13535,3252,138,110,2025-05-12,Body & Paint,3160000,4
13536,3026,114,17,2024-04-04,Periodic,810000,4
13537,3026,114,17,2025-07-09,Repair,3278000,3
13538,5049,106,67,2021-07-09,Periodic,1406000,3
13539,5049,106,67,2022-06-18,Repair,2640000,5
13540,5049,106,67,2022-11-14,Repair,6504000,5
13541,4329,130,25,2025-02-18,Repair,6316000,5
13542,3976,113,22,2024-10-23,Repair,2816000,3
13543,3196,115,1,2023-12-02,Body & Paint,9303000,4
13544,3196,115,1,2024-09-13,Periodic,1039000,2
13545,2557,133,90,2024-11-17,Periodic,1785000,5
13546,2557,133,90,2024-04-07,Repair,5536000,5
13547,2557,133,90,2025-03-17,Repair,4636000,4
13548,2241,111,59,2023-10-15,Periodic,763000,3
13549,2241,111,59,2025-11-17,Warranty,432000,4
13550,2241,111,59,2023-05-29,Warranty,427000,3
13551,1272,127,74,2022-11-04,Repair,3765000,4
13552,1272,127,74,2021-09-10,Periodic,1670000,3
13553,4524,103,66,2025-09-17,Repair,3730000,4
13554,4524,103,66,2025-03-20,Periodic,1931000,5
13555,3527,126,75,2024-07-12,Periodic,1756000,4
13556,3527,126,75,2024-11-12,Periodic,1026000,4
13557,1345,118,83,2025-03-04,Periodic,1395000,5
13558,3435,136,94,2025-04-11,Repair,6510000,4
13559,1532,109,51,2023-11-29,Periodic,753000,2
13560,1532,109,51,2024-10-31,Repair,7283000,5
13561,1532,109,51,2025-04-10,Periodic,2149000,3
13562,4316,137,6,2021-11-03,Periodic,1746000,5
13563,1304,124,81,2025-12-13,Warranty,179000,5
13564,1304,124,81,2024-08-22,Repair,4474000,2
13565,4624,115,72,2025-10-17,Repair,4473000,5
13566,4443,142,16,2021-01-17,Periodic,1354000,5
13567,5032,124,42,2023-08-09,Periodic,662000,4
13568,5425,116,119,2025-10-20,Periodic,1171000,5
13569,1817,139,120,2021-06-18,Periodic,1663000,4
13570,1817,139,120,2021-02-27,Periodic,994000,5
13571,1817,139,120,2020-11-20,Periodic,1040000,4
13572,4461,111,20,2024-02-29,Periodic,1963000,5
13573,4461,111,20,2024-05-24,Repair,2142000,1
13574,1892,106,51,2025-02-27,Periodic,1258000,5
13575,1892,106,51,2025-05-20,Periodic,1881000,4
13576,3252,104,20,2024-12-27,Body & Paint,5196000,3
13577,3569,122,3,2021-03-28,Periodic,1698000,3
13578,4406,136,101,2023-05-06,Periodic,1590000,4
13579,4406,136,101,2024-11-10,Periodic,1211000,4
13580,4406,136,101,2025-01-13,Body & Paint,10208000,4
13581,1373,159,33,2024-02-23,Periodic,675000,5
13582,3735,109,99,2025-02-12,Repair,6176000,5
13583,3735,109,99,2025-03-15,Periodic,1159000,5
13584,2953,114,96,2024-07-14,Periodic,1823000,4
13585,2653,104,21,2024-03-11,Periodic,1593000,5
13586,2653,104,21,2024-10-19,Periodic,2107000,2
13587,2653,104,21,2024-11-14,Periodic,1071000,3
13588,3891,124,90,2022-04-28,Periodic,1399000,4
13589,4313,148,51,2023-05-14,Repair,3083000,4
13590,4313,148,51,2023-09-04,Periodic,1680000,5
13591,4313,148,51,2025-08-14,Periodic,924000,4
13592,3488,111,23,2023-08-30,Body & Paint,7088000,5
13593,3488,111,23,2022-02-28,Periodic,637000,5
13594,2947,103,20,2024-11-19,Repair,1657000,5
13595,2877,156,10,2024-05-24,Repair,7642000,2
13596,5148,113,54,2022-09-18,Body & Paint,11782000,5
13597,5148,113,54,2025-12-05,Periodic,1426000,5
13598,5148,113,54,2022-09-04,Periodic,2123000,5
13599,2053,111,80,2024-11-21,Periodic,1276000,4
13600,2053,111,80,2025-01-12,Repair,5163000,5
13601,2786,118,76,2023-06-11,Periodic,2159000,4
13602,2786,118,76,2024-01-19,Warranty,162000,5
13603,2786,118,76,2021-09-23,Periodic,1130000,5
13604,5271,160,8,2025-06-17,Periodic,2125000,5
13605,5271,160,8,2023-11-02,Periodic,1026000,4
13606,3132,110,42,2024-02-10,Repair,6221000,4
13607,3132,110,42,2024-10-12,Periodic,1546000,4
13608,3132,110,42,2024-08-21,Periodic,654000,5
13609,4240,168,39,2024-05-18,Periodic,2112000,1
13610,4240,168,39,2022-10-25,Body & Paint,5506000,4
13611,2313,114,20,2025-10-01,Periodic,1763000,4
13612,2313,114,20,2023-10-16,Repair,4478000,5
13613,2313,114,20,2024-07-23,Repair,3461000,5
13614,3757,102,46,2024-08-14,Warranty,90000,3
13615,4832,127,78,2022-01-10,Warranty,374000,5
13616,4832,127,78,2023-01-22,Periodic,1056000,4
13617,1988,126,76,2022-09-02,Repair,3408000,3
13618,1988,126,76,2024-05-27,Body & Paint,6816000,3
13619,1988,126,76,2023-01-25,Body & Paint,4106000,4
13620,1214,111,103,2022-03-02,Repair,3768000,5
13621,4127,117,116,2025-12-26,Body & Paint,8658000,5
13622,4230,130,67,2022-07-10,Periodic,2099000,1
13623,1682,160,49,2025-08-26,Repair,5632000,3
13624,1682,160,49,2023-03-06,Warranty,298000,3
13625,1524,114,96,2021-07-09,Periodic,1340000,4
13626,1588,109,22,2023-08-29,Periodic,1941000,4
13627,2132,118,65,2022-11-15,Body & Paint,2630000,4
13628,2766,108,36,2025-09-25,Warranty,148000,5
13629,1020,136,33,2024-02-08,Warranty,133000,5
13630,1091,109,32,2024-11-20,Periodic,1902000,5
13631,2459,116,15,2025-02-20,Repair,3932000,3
13632,3811,115,1,2025-03-22,Periodic,1555000,4
13633,3811,115,1,2023-12-16,Periodic,878000,5
13634,3811,115,1,2022-07-02,Repair,5003000,5
13635,4829,112,81,2024-10-03,Repair,5572000,4
13636,4829,112,81,2025-05-16,Repair,7333000,5
13637,3651,105,12,2023-02-14,Body & Paint,3203000,5
13638,2293,109,59,2025-09-29,Periodic,1468000,5
13639,2616,122,113,2025-05-31,Periodic,815000,1
13640,2424,114,114,2025-09-08,Warranty,226000,4
13641,2424,114,114,2024-06-29,Body & Paint,2452000,5
13642,3361,127,12,2024-07-22,Repair,5427000,3
13643,3361,127,12,2022-03-12,Repair,3320000,3
13644,3361,127,12,2024-10-16,Periodic,1345000,5
13645,4960,115,54,2022-03-18,Repair,6982000,5
13646,4960,115,54,2020-11-07,Warranty,344000,4
13647,4960,115,54,2023-11-21,Body & Paint,11027000,4
13648,1611,143,82,2025-06-30,Repair,5591000,4
13649,3257,153,69,2025-08-17,Periodic,1643000,5
13650,5492,179,81,2025-08-15,Periodic,827000,4
13651,5492,179,81,2024-02-03,Periodic,1536000,5
13652,3687,104,88,2024-12-17,Periodic,1822000,4
13653,4155,112,99,2025-07-05,Warranty,351000,5
13654,4155,112,99,2024-03-23,Warranty,174000,4
13655,3718,110,76,2024-08-15,Periodic,1949000,5
13656,3718,110,76,2025-04-07,Warranty,378000,3
13657,2057,114,112,2022-11-01,Warranty,77000,3
13658,1099,158,107,2025-09-01,Warranty,342000,4
13659,4895,103,91,2024-03-05,Periodic,1963000,4
13660,4895,103,91,2024-08-15,Body & Paint,4657000,5
13661,4895,103,91,2025-07-11,Periodic,650000,5
13662,2617,118,105,2025-03-26,Periodic,2064000,5
13663,5265,108,84,2024-11-13,Periodic,1133000,4
13664,1257,104,34,2024-06-20,Warranty,314000,4
13665,1257,104,34,2023-06-11,Repair,7585000,5
13666,3301,106,99,2025-10-29,Periodic,1053000,4
13667,1847,106,5,2024-08-17,Periodic,1444000,3
13668,1847,106,5,2025-11-24,Periodic,1189000,2
13669,2426,107,36,2022-07-13,Periodic,1589000,2
13670,2426,107,36,2021-07-26,Periodic,732000,5
13671,5472,115,86,2025-06-21,Warranty,362000,4
13672,5472,115,86,2024-08-24,Repair,5026000,5
13673,4425,134,57,2024-09-30,Warranty,71000,4
13674,4425,134,57,2024-08-17,Periodic,1856000,5
13675,4425,134,57,2023-05-08,Periodic,2122000,3
13676,4831,113,86,2022-11-06,Periodic,2132000,4
13677,4831,113,86,2023-05-15,Warranty,149000,4
13678,5036,111,35,2024-12-14,Repair,4142000,4
13679,3957,111,44,2024-03-31,Periodic,1037000,4
13680,4627,101,58,2023-04-11,Periodic,1580000,4
13681,4627,101,58,2022-10-21,Periodic,1075000,5
13682,3445,142,42,2025-01-05,Warranty,74000,1
13683,3445,142,42,2023-05-13,Periodic,786000,5
13684,3778,108,104,2025-09-11,Periodic,2046000,4
13685,2275,104,6,2024-04-20,Warranty,5000,4
13686,2275,104,6,2024-07-13,Repair,6619000,3
13687,2275,104,6,2025-01-17,Periodic,1813000,3
13688,1092,152,78,2025-12-29,Warranty,247000,5
13689,3710,182,17,2025-08-07,Body & Paint,9193000,5
13690,2682,187,64,2025-10-12,Periodic,625000,4
13691,1201,140,47,2025-09-15,Periodic,1032000,5
13692,1201,140,47,2024-10-25,Periodic,1669000,4
13693,1201,140,47,2024-12-30,Periodic,1220000,5
13694,3913,108,65,2024-12-30,Body & Paint,11277000,5
13695,4786,105,4,2025-02-16,Repair,6032000,4
13696,2572,127,35,2025-02-08,Periodic,1620000,5
13697,3423,154,18,2023-10-19,Repair,4594000,5
13698,1995,127,1,2023-10-02,Periodic,1257000,4
13699,1995,127,1,2021-06-16,Repair,5510000,2
13700,1995,127,1,2021-11-20,Periodic,1672000,4
13701,4909,113,90,2021-10-21,Repair,7558000,5
13702,4909,113,90,2024-07-17,Warranty,258000,5
13703,4909,113,90,2022-04-11,Repair,4871000,3
13704,3239,113,116,2023-11-28,Periodic,1032000,3
13705,3239,113,116,2021-12-08,Periodic,1330000,5
13706,3239,113,116,2022-09-18,Body & Paint,5843000,5
13707,4029,124,77,2025-03-01,Repair,7383000,4
13708,2259,166,47,2022-09-03,Periodic,1699000,3
13709,2259,166,47,2025-03-12,Periodic,2185000,4
13710,1562,119,109,2024-02-22,Repair,3338000,4
13711,1562,119,109,2024-02-01,Periodic,1044000,4
13712,1685,124,112,2025-07-10,Repair,3463000,4
13713,1685,124,112,2024-05-28,Repair,4247000,5
13714,1685,124,112,2023-05-09,Body & Paint,6331000,4
13715,1741,137,50,2025-01-20,Periodic,1545000,3
13716,2412,121,4,2024-08-04,Periodic,1305000,5
13717,3701,103,85,2025-10-08,Periodic,771000,2
13718,2315,121,24,2023-09-25,Periodic,2051000,4
